{"type":"Feature","properties":{"name":"AT+DE+CH"},"geometry":{"type":"MultiPolygon","coordinates":[[[[10.45444,47.5557964],[10.4387193,47.5235235],[10.4405295,47.5134758],[10.4313005,47.5037634],[10.4425962,47.4846349],[10.4637456,47.4827517],[10.4679703,47.4771102],[10.465885,47.4529567],[10.4759458,47.4322233],[10.459196,47.4281326],[10.4561912,47.4192027],[10.4374211,47.412688],[10.4292146,47.3912178],[10.4367645,47.3803634],[10.4197079,47.3846405],[10.4134065,47.3785872],[10.39473,47.3756053],[10.3887561,47.369628],[10.3864718,47.356586],[10.3569007,47.3370375],[10.3458103,47.3219703],[10.3487496,47.3173721],[10.3303332,47.3048155],[10.3165844,47.306745],[10.2956547,47.2999039],[10.2816336,47.2877139],[10.2658093,47.2881085],[10.2595321,47.2814206],[10.2455919,47.2803756],[10.2323656,47.2705777],[10.222434,47.2758352],[10.2012358,47.276902],[10.1740416,47.2702482],[10.172077,47.2790762],[10.1796106,47.2960256],[10.1991314,47.2975423],[10.2159718,47.311064],[10.1995092,47.3264601],[10.2074173,47.3323161],[10.2042369,47.3367531],[10.2169885,47.3543552],[10.2371623,47.3735651],[10.2316784,47.3789694],[10.2361856,47.3819213],[10.227051,47.388895],[10.2125912,47.3803897],[10.181849,47.3924258],[10.1813043,47.3872516],[10.1693975,47.3858299],[10.1695804,47.3712997],[10.1658749,47.3688749],[10.1416871,47.36718],[10.1193354,47.375613],[10.0998516,47.3547618],[10.0828437,47.3938062],[10.0862396,47.3995221],[10.0691405,47.410176],[10.07418,47.4147226],[10.0937374,47.4168811],[10.1055856,47.4287167],[10.0938486,47.4404644],[10.091638,47.4589276],[10.0699906,47.4559503],[10.064681,47.4636357],[10.0534684,47.4668571],[10.0541256,47.4758854],[10.0447745,47.4876222],[10.0007641,47.4821056],[9.9873585,47.4984652],[9.9956949,47.5027787],[9.965262,47.5208928],[9.9683952,47.5280172],[9.9648355,47.538031],[9.9707109,47.5457143],[9.9588525,47.5431711],[9.9636997,47.5347198],[9.9410791,47.5382227],[9.9218947,47.5296364],[9.913579,47.532546],[9.9066603,47.5421716],[9.8812471,47.5481426],[9.8751486,47.543427],[9.8780368,47.5387569],[9.8745052,47.5285372],[9.8502301,47.5416393],[9.8157872,47.5476661],[9.8256191,47.5592156],[9.8207568,47.5708563],[9.8272819,47.579972],[9.8238141,47.5871045],[9.7999863,47.5961014],[9.7769663,47.5954393],[9.7693306,47.5873852],[9.7656021,47.5890994],[9.7619689,47.5809636],[9.7563266,47.5796315],[9.7564395,47.5727671],[9.7480649,47.5705239],[9.7520662,47.5674668],[9.7434285,47.5588072],[9.7470841,47.555687],[9.7351711,47.5466141],[9.7347836,47.5339558],[9.6803596,47.5233576],[9.5587204,47.5418932],[9.5619967,47.4962948],[9.5816705,47.4832853],[9.5951426,47.4633095],[9.6029192,47.4620083],[9.609044,47.4705422],[9.6223413,47.457472],[9.658994,47.4522045],[9.6444766,47.4336636],[9.6516178,47.404626],[9.6740824,47.3901488],[9.6731406,47.3810655],[9.6624091,47.3710805],[9.6244598,47.3661451],[9.6052835,47.3514775],[9.5882928,47.317549],[9.5565198,47.2984176],[9.5461797,47.2800301],[9.5307487,47.270581],[9.5672289,47.2418757],[9.5517691,47.223753],[9.5685593,47.2197899],[9.5848953,47.2053468],[9.5725939,47.1907921],[9.5731328,47.1755934],[9.5646263,47.1702461],[9.5794579,47.1711394],[9.5967665,47.1628904],[9.6087141,47.1477674],[9.6216696,47.1513474],[9.6258533,47.1458871],[9.6247287,47.132625],[9.6350038,47.1280857],[9.6208325,47.1105398],[9.6343754,47.1011664],[9.6335324,47.0834247],[9.6115853,47.0794544],[9.6134454,47.0694836],[9.6070544,47.0607725],[9.6172016,47.0536259],[9.6326718,47.0512522],[9.6450573,47.059775],[9.6818398,47.0620979],[9.6881914,47.0552262],[9.7076239,47.0538077],[9.7070102,47.0480458],[9.718211,47.0433745],[9.7418488,47.042675],[9.7480774,47.0369227],[9.7849142,47.0384853],[9.8075641,47.0235627],[9.8361195,47.012531],[9.8527287,47.0164129],[9.8597449,47.0232098],[9.8774876,47.0206984],[9.8803497,47.0172237],[9.8707338,47.0096536],[9.8887771,47.0007231],[9.8923039,46.9903589],[9.8707312,46.9632091],[9.8787197,46.9570665],[9.8748781,46.9503903],[9.8765706,46.9407057],[9.8807189,46.9400674],[9.8761296,46.9346278],[9.9123097,46.9260554],[9.9372253,46.9133112],[9.9778951,46.9159003],[9.9824336,46.9061986],[9.9901098,46.9024082],[10.0059087,46.8987998],[10.0178184,46.9016148],[10.0519377,46.8767513],[10.0511978,46.8639422],[10.0874505,46.8611963],[10.0926731,46.8581338],[10.0919772,46.8514316],[10.1054563,46.8408629],[10.1230851,46.8484838],[10.169062,46.8506592],[10.1936587,46.8664423],[10.2326652,46.8662925],[10.2348302,46.8846816],[10.2257169,46.8959397],[10.2420114,46.9188282],[10.2405831,46.9313701],[10.2968663,46.9199499],[10.3007876,46.9246539],[10.3160518,46.9251765],[10.3171752,46.9309553],[10.3061823,46.9401424],[10.3077409,46.9472666],[10.3278289,46.9539816],[10.3295077,46.9642765],[10.3465112,46.9895904],[10.372071,46.9906726],[10.3893181,47.0005251],[10.4268035,46.9754181],[10.4220114,46.9607632],[10.426142,46.957465],[10.4555774,46.9528425],[10.4893516,46.9377888],[10.4852822,46.9314418],[10.4862047,46.9154534],[10.4785285,46.9105884],[10.4750778,46.8942849],[10.4646828,46.8842734],[10.4712624,46.8729572],[10.4696512,46.8549096],[10.4787475,46.8590808],[10.4907005,46.8500042],[10.4954663,46.8521446],[10.494062,46.8486881],[10.5210203,46.845423],[10.5553028,46.8485959],[10.5461881,46.8372714],[10.5901545,46.8503285],[10.59554,46.8572784],[10.6491897,46.8655364],[10.6673854,46.8754951],[10.6967701,46.8626264],[10.6941249,46.8521541],[10.7167274,46.8470704],[10.722115,46.8378932],[10.7552364,46.8329744],[10.7635261,46.8234685],[10.7513359,46.8150839],[10.743951,46.8029914],[10.7261027,46.797859],[10.7301056,46.7884475],[10.7574482,46.7851773],[10.7863343,46.7963107],[10.8141084,46.7751316],[10.8254665,46.7731066],[10.8320776,46.7804426],[10.8406642,46.7817996],[10.8530055,46.7740347],[10.8673608,46.7723629],[10.8685586,46.7658199],[10.882964,46.762851],[10.9232552,46.7753452],[10.9748534,46.7725737],[10.9931331,46.7670159],[11.0138578,46.7721304],[11.024751,46.7664193],[11.0360697,46.7938929],[11.0442056,46.8009068],[11.0392751,46.8050342],[11.057021,46.8081289],[11.0833307,46.8222859],[11.0776824,46.8342575],[11.070326,46.8383743],[11.074848,46.8434161],[11.0714403,46.853266],[11.1016173,46.8896465],[11.0970757,46.8913512],[11.0959511,46.9119051],[11.1092843,46.9159927],[11.1095634,46.926007],[11.114937,46.9313904],[11.1388158,46.927506],[11.1641438,46.9399384],[11.1681309,46.9450454],[11.1627168,46.9499312],[11.1644467,46.9658177],[11.1764792,46.9626301],[11.1952993,46.9704547],[11.2070357,46.9624844],[11.2206915,46.9691723],[11.2566435,46.9741692],[11.2635427,46.9807704],[11.2880828,46.9859565],[11.3078452,46.984075],[11.3203456,46.9923799],[11.337007,46.9848758],[11.345739,46.9906851],[11.3586739,46.9905585],[11.3822608,46.9705833],[11.4056144,46.9648163],[11.4403118,46.9751795],[11.4526196,46.9923163],[11.4698665,46.9952271],[11.4700513,47.0025848],[11.4787804,47.0109818],[11.5126325,47.0051409],[11.5385399,46.9840841],[11.581406,46.997132],[11.5812129,47.0020648],[11.5895457,47.0054635],[11.6272105,47.0133005],[11.6349404,47.0031048],[11.6646887,46.9917472],[11.7114655,46.9932355],[11.7276809,46.9723754],[11.7470344,46.9688735],[11.765595,46.9735298],[11.7817896,46.9924638],[11.8362055,46.993008],[11.8449887,47.0016735],[11.8523724,47.0001163],[11.8679977,47.0115857],[11.8927094,47.0163673],[11.9166932,47.0331774],[11.9330469,47.037567],[11.9471987,47.0334663],[11.9557049,47.042978],[11.968476,47.0405329],[11.9793833,47.0500446],[12.0212665,47.0472656],[12.0440859,47.0614393],[12.0766715,47.0588878],[12.0817035,47.0689569],[12.0938339,47.0769556],[12.1189335,47.0732272],[12.1360243,47.0806701],[12.1607468,47.0817163],[12.1859695,47.0921485],[12.226962,47.0821156],[12.240755,47.0691709],[12.216569,47.0586865],[12.216682,47.0450895],[12.2047269,47.026883],[12.1802389,47.0254999],[12.1643736,47.0188983],[12.1474215,47.0249027],[12.1213505,47.0070069],[12.1306545,46.993233],[12.1275175,46.9855167],[12.1382048,46.9819881],[12.1365995,46.9654959],[12.1319284,46.9623229],[12.1582249,46.9505335],[12.1686892,46.9373018],[12.1527863,46.9170917],[12.1438199,46.9137844],[12.1615395,46.9069256],[12.1697405,46.9101393],[12.1903574,46.9061184],[12.1995985,46.8960962],[12.1995887,46.8873761],[12.2154215,46.8740059],[12.2323823,46.880685],[12.2418151,46.8908521],[12.2737093,46.8843939],[12.2782238,46.8790776],[12.2758895,46.8726803],[12.2918557,46.865197],[12.2892688,46.8569939],[12.2956384,46.8437635],[12.3067744,46.8412463],[12.3059077,46.8332417],[12.2829344,46.8149423],[12.2922643,46.8026388],[12.2802601,46.7919228],[12.2839422,46.7829307],[12.309219,46.7849669],[12.3574389,46.774972],[12.3691652,46.7403941],[12.3840655,46.7163391],[12.4426169,46.6884515],[12.4743292,46.6865923],[12.4799037,46.6772584],[12.5164551,46.6784535],[12.5471876,46.6592632],[12.5589292,46.6574022],[12.5612642,46.6525155],[12.6036307,46.6561442],[12.6192191,46.6618737],[12.6310439,46.6613938],[12.6336331,46.6549951],[12.6417216,46.651999],[12.6578937,46.6572592],[12.6906419,46.656976],[12.7159269,46.649209],[12.7313958,46.6342959],[12.7451047,46.6378097],[12.7564233,46.6471932],[12.7759404,46.646697],[12.7954088,46.6424144],[12.8016595,46.6344596],[12.818988,46.6281833],[12.8312711,46.6313045],[12.8372865,46.6272574],[12.8336838,46.609891],[12.852714,46.6046143],[12.8654457,46.6099031],[12.8880795,46.606649],[12.927878,46.610562],[12.9488921,46.6022459],[12.9565485,46.6065035],[12.9871846,46.5994471],[13.0214992,46.6022284],[13.0276253,46.5972221],[13.0466232,46.5953033],[13.0855716,46.6017845],[13.1463337,46.5870975],[13.1686047,46.5889037],[13.1791333,46.5778026],[13.1932291,46.572348],[13.2173526,46.5704978],[13.2323728,46.5589605],[13.2325591,46.5536274],[13.23979,46.5517007],[13.252572,46.5604481],[13.2610421,46.5573076],[13.2694727,46.5612599],[13.28529,46.557088],[13.2975519,46.5602932],[13.3205735,46.5512327],[13.344723,46.570001],[13.3704904,46.5669938],[13.3683952,46.5737781],[13.3722403,46.5792771],[13.4098573,46.5720601],[13.407502,46.5614953],[13.4265844,46.5576034],[13.4747245,46.5573486],[13.5042521,46.5663077],[13.5053889,46.5559271],[13.519886,46.5469057],[13.5426625,46.5536086],[13.5613003,46.5518445],[13.5709177,46.538851],[13.5829296,46.5396897],[13.5920032,46.5461667],[13.6229121,46.5421464],[13.6804148,46.5216896],[13.721468,46.5234613],[13.7374045,46.5170752],[13.7780618,46.5173909],[13.7801576,46.5121111],[13.7944625,46.5053395],[13.8122031,46.5062023],[13.8312998,46.5186698],[13.8552923,46.5138644],[13.8819842,46.5227736],[13.9120536,46.5211288],[13.9887601,46.4928983],[13.9895335,46.4883321],[14.006498,46.4813609],[14.0209275,46.4816406],[14.035978,46.4917001],[14.0507511,46.4931917],[14.1215201,46.4766104],[14.1352019,46.4585696],[14.1350189,46.4509819],[14.1632223,46.4336044],[14.1764899,46.4339612],[14.1910945,46.4439308],[14.2069079,46.4393324],[14.219293,46.443241],[14.2371961,46.4322177],[14.2832033,46.4435026],[14.3015667,46.4383178],[14.3081472,46.4306294],[14.3261652,46.4310081],[14.3440642,46.4373734],[14.4296063,46.4470427],[14.438368,46.4429001],[14.4301403,46.4360969],[14.4421543,46.4280684],[14.4426317,46.4230613],[14.4764295,46.4198099],[14.4788929,46.4135123],[14.4922126,46.412924],[14.5055557,46.4242165],[14.5217621,46.4272596],[14.5398729,46.4115908],[14.5568131,46.3851588],[14.5568609,46.3764966],[14.5641173,46.3722987],[14.5816764,46.3816582],[14.5786589,46.3841061],[14.586135,46.3922513],[14.5893862,46.4095919],[14.5825389,46.4181346],[14.5864251,46.4297466],[14.5959725,46.4368202],[14.6596559,46.4444962],[14.6747946,46.4506781],[14.679299,46.4578126],[14.6756421,46.461805],[14.6832025,46.4678935],[14.6993946,46.4636876],[14.7023782,46.4673174],[14.6975687,46.4744814],[14.7021256,46.4804233],[14.7092395,46.480862],[14.7147636,46.4999596],[14.7284024,46.4903281],[14.7412975,46.5052062],[14.7483348,46.4975993],[14.7600184,46.504535],[14.7768163,46.5046024],[14.7854698,46.4994832],[14.8186088,46.5093839],[14.8176033,46.5219774],[14.8251926,46.529763],[14.822938,46.5355915],[14.8318602,46.5393228],[14.8230581,46.5459024],[14.8322958,46.5485321],[14.8402579,46.5727625],[14.852037,46.5806503],[14.8565175,46.5921406],[14.864772,46.5933024],[14.8704007,46.6072185],[14.9008825,46.6120434],[14.9044858,46.6048734],[14.9138105,46.6063434],[14.9195671,46.6020793],[14.9236225,46.6047484],[14.9228825,46.6208928],[14.9312359,46.6153208],[14.9556718,46.6327173],[14.9710147,46.6239926],[14.979376,46.6014039],[15.0161603,46.6408348],[15.0410367,46.6517696],[15.0650848,46.65201],[15.0824241,46.6451691],[15.0879176,46.6519883],[15.1074934,46.6596856],[15.1285606,46.6500099],[15.1453424,46.659838],[15.1670526,46.6540718],[15.1822619,46.6561441],[15.1973524,46.6457373],[15.2359029,46.6393806],[15.2773673,46.6436182],[15.3010998,46.6532283],[15.31943,46.6478482],[15.3279894,46.6532102],[15.3441964,46.6508452],[15.3537368,46.65499],[15.3722949,46.6497447],[15.4140706,46.655544],[15.4233163,46.6526934],[15.4217095,46.6472343],[15.4393534,46.6398648],[15.4568522,46.6389778],[15.455061,46.6301217],[15.4636692,46.6230213],[15.462113,46.6152523],[15.474742,46.612049],[15.488185,46.6207208],[15.5022692,46.6139078],[15.5371088,46.6339155],[15.5424423,46.6299516],[15.5498331,46.638486],[15.5438654,46.6460858],[15.5535165,46.6514136],[15.5436841,46.6692925],[15.5591975,46.6711031],[15.5775909,46.6831706],[15.5900268,46.6832862],[15.595118,46.6900134],[15.6085462,46.6876732],[15.6053498,46.6811474],[15.6299763,46.6800447],[15.6387016,46.6914185],[15.6536472,46.692098],[15.6499922,46.7057582],[15.6763144,46.7067352],[15.6957757,46.698825],[15.7215553,46.6958318],[15.7684547,46.6990134],[15.8006981,46.7151325],[15.8396929,46.7223886],[15.8713011,46.7209075],[15.9116757,46.7100623],[15.9470675,46.6890612],[15.9983627,46.6805841],[16.0108055,46.6648918],[16.0380813,46.6561372],[16.0425039,46.6858889],[16.0288009,46.7008595],[16.0298175,46.7116107],[16.0035908,46.7171618],[15.9847829,46.7519612],[15.9897569,46.7577867],[15.9923564,46.8030901],[15.998117,46.809228],[15.985371,46.827301],[15.991012,46.8328265],[15.9962508,46.8353987],[16.0076586,46.830636],[16.027346,46.8411264],[16.0323782,46.832705],[16.0429592,46.8407728],[16.0583798,46.8386634],[16.065635,46.8498753],[16.0793024,46.852755],[16.0919316,46.8645806],[16.0992095,46.8603912],[16.110292,46.8688193],[16.1329696,46.8756221],[16.1630109,46.9048724],[16.1792429,46.9066531],[16.1999041,46.9417955],[16.217628,46.9408636],[16.2174589,46.9361158],[16.2220532,46.9355965],[16.2283814,46.9431647],[16.2456579,46.9467296],[16.2427752,46.9559942],[16.2494512,46.9613101],[16.2764371,46.9626383],[16.2757909,46.9840629],[16.2900942,47.0139621],[16.2986133,47.0095024],[16.2985669,47.0013861],[16.3033732,46.9982764],[16.3224695,47.002564],[16.3417487,46.996164],[16.3498297,47.0103972],[16.3672738,47.0062678],[16.3728621,46.9984005],[16.412623,47.0047414],[16.419868,46.996264],[16.4323446,46.9926676],[16.4454751,46.9932088],[16.4460951,47.0025509],[16.4515012,47.00429],[16.4792132,46.99382],[16.4891677,47.0003792],[16.5123446,47.0015764],[16.4926518,47.0100895],[16.4821956,47.0226787],[16.4776919,47.0213286],[16.475108,47.0272838],[16.4636468,47.0322506],[16.4477922,47.0226697],[16.4388931,47.0297151],[16.4450733,47.0387319],[16.5066718,47.0495533],[16.5205761,47.0561924],[16.5204538,47.0615487],[16.5100747,47.0662761],[16.4870387,47.068887],[16.4824778,47.0750182],[16.4729121,47.0735893],[16.4747326,47.0853184],[16.4633499,47.0949728],[16.4746543,47.1051616],[16.484766,47.1026133],[16.4828773,47.1087599],[16.500723,47.1102011],[16.4998813,47.1234162],[16.5293271,47.1272382],[16.5287808,47.1373184],[16.5167749,47.1493285],[16.4542992,47.1423097],[16.4490656,47.1518814],[16.4606163,47.1590826],[16.4643423,47.1681951],[16.4549183,47.1873746],[16.4292721,47.1846768],[16.4194949,47.194925],[16.4189415,47.2106229],[16.4365993,47.2099457],[16.4381661,47.2299101],[16.4427511,47.2337388],[16.44173,47.2486007],[16.4317869,47.2529454],[16.4486808,47.2504692],[16.446579,47.2533683],[16.461078,47.2560232],[16.4671325,47.2528926],[16.479948,47.2625727],[16.4794528,47.2780034],[16.4894219,47.2802867],[16.4645412,47.3338592],[16.4484686,47.3394482],[16.4337197,47.3528283],[16.4523462,47.3571154],[16.4568596,47.3710321],[16.4514082,47.379679],[16.4613946,47.3834846],[16.4506655,47.3929305],[16.445457,47.4072195],[16.4581571,47.4130488],[16.4853411,47.4089007],[16.4906691,47.4056979],[16.4838418,47.3979418],[16.496563,47.3962951],[16.4965697,47.3890498],[16.5099311,47.3964839],[16.5078586,47.4050271],[16.5169091,47.4105951],[16.5757354,47.4063586],[16.5810343,47.4192927],[16.6118053,47.4316307],[16.6203641,47.4307595],[16.6275012,47.4421011],[16.6620322,47.4557137],[16.6597478,47.4614157],[16.6704924,47.4742622],[16.6523387,47.5003255],[16.6624664,47.5090313],[16.6689584,47.5035445],[16.6898176,47.5104226],[16.7055033,47.5229375],[16.7031732,47.5332242],[16.7145237,47.5399337],[16.6981815,47.5456289],[16.6889017,47.5594881],[16.6721712,47.559751],[16.6645567,47.5662605],[16.6751269,47.5787886],[16.6664014,47.5962606],[16.6731434,47.6049581],[16.6595343,47.6061018],[16.6521179,47.622856],[16.6315853,47.6281794],[16.593396,47.617849],[16.572515,47.6198261],[16.5144416,47.6461448],[16.5064854,47.6383877],[16.4969303,47.639336],[16.4873199,47.6417648],[16.4800082,47.6498788],[16.4398585,47.6566843],[16.4215432,47.6652971],[16.443356,47.6741131],[16.4473224,47.6963055],[16.4539869,47.6968378],[16.4619702,47.6826905],[16.4746589,47.6812582],[16.4760169,47.6901214],[16.4845884,47.6914448],[16.4862925,47.6973578],[16.4998365,47.70472],[16.5169186,47.7069254],[16.520629,47.7122541],[16.5411128,47.7121671],[16.5522184,47.7225134],[16.5364648,47.7366327],[16.5487785,47.7431786],[16.54798,47.751544],[16.6091111,47.7603722],[16.6343,47.7590763],[16.6397433,47.7482637],[16.6560139,47.7416628],[16.7209415,47.7353349],[16.7215112,47.7226116],[16.7490282,47.6814296],[16.8283274,47.6827354],[16.8390637,47.7045815],[16.8555211,47.7110747],[16.8669034,47.7216437],[16.8716322,47.6901055],[16.875161,47.6883411],[16.9125396,47.6876875],[17.0930722,47.7082534],[17.070272,47.7282005],[17.0671746,47.7669029],[17.0509772,47.7939831],[17.0744337,47.8082742],[17.0608505,47.8227248],[17.0469132,47.828352],[17.0516099,47.8379073],[17.0099539,47.8583609],[17.0177571,47.8684094],[17.0400344,47.8668249],[17.0777945,47.8775411],[17.0851896,47.8744352],[17.1041555,47.8992602],[17.0955832,47.904294],[17.1126871,47.9273598],[17.0909057,47.934408],[17.1170151,47.9608948],[17.0946624,47.970872],[17.1607728,48.0066643],[17.143822,48.020188],[17.1267451,48.0209378],[17.11006,48.031224],[17.089866,48.019783],[17.067423,48.031428],[17.08779,48.045676],[17.06825,48.055395],[17.086791,48.065356],[17.0722296,48.0704568],[17.078914,48.078236],[17.0715723,48.0809405],[17.0745562,48.0859222],[17.0931398,48.091431],[17.087769,48.096557],[17.0927073,48.0996453],[17.077419,48.10595],[17.072873,48.110292],[17.077065,48.1151054],[17.062786,48.12148],[17.068816,48.124208],[17.0571997,48.1437267],[17.0260727,48.141152],[17.0125866,48.153325],[16.9762313,48.1721643],[16.9764373,48.189369],[16.96178,48.220827],[16.946121,48.235881],[16.957066,48.263818],[16.945578,48.270532],[16.9226772,48.2721084],[16.9075325,48.288423],[16.894541,48.311242],[16.908545,48.32619],[16.871656,48.337952],[16.873438,48.348665],[16.850786,48.348],[16.842703,48.352398],[16.8411617,48.3717164],[16.8332771,48.3812693],[16.8502753,48.3829934],[16.8559114,48.396247],[16.8505075,48.4100352],[16.8636325,48.4193684],[16.8516701,48.4349311],[16.850008,48.449159],[16.863119,48.453035],[16.859476,48.459367],[16.87383,48.467459],[16.8807221,48.4774916],[16.889987,48.47636],[16.896243,48.486257],[16.889953,48.491725],[16.8960647,48.4965462],[16.91698,48.495458],[16.913914,48.511954],[16.92215,48.51343],[16.921267,48.520117],[16.9431781,48.5216327],[16.940435,48.527232],[16.953933,48.54326],[16.942687,48.552416],[16.9446,48.560193],[16.935647,48.571415],[16.939144,48.58313],[16.933595,48.600626],[16.941923,48.606053],[16.9401004,48.6172071],[16.9187277,48.6225109],[16.9283893,48.6384307],[16.919302,48.651282],[16.9233119,48.6695574],[16.9104904,48.6757116],[16.9185529,48.6934773],[16.9020264,48.7179742],[16.8862672,48.716238],[16.879201,48.7229966],[16.8694468,48.7124757],[16.8415095,48.7114996],[16.8342644,48.7165319],[16.822266,48.7103292],[16.8053675,48.7121872],[16.8003328,48.705905],[16.7898668,48.7138481],[16.7757913,48.7119428],[16.7637058,48.7187381],[16.7572906,48.7169795],[16.7472849,48.7321136],[16.7367427,48.7292583],[16.7247482,48.7380313],[16.7011238,48.7365397],[16.6825892,48.7277883],[16.6735319,48.7405814],[16.6808413,48.7500507],[16.6776491,48.766486],[16.6639987,48.7755365],[16.6637463,48.7810087],[16.6418744,48.7858791],[16.6286498,48.78014],[16.5935885,48.7826671],[16.593641,48.7868442],[16.5823667,48.7920671],[16.5651798,48.7935574],[16.5407301,48.8142868],[16.5186339,48.798246],[16.5161439,48.80265],[16.4783441,48.8020508],[16.4604147,48.8090251],[16.4618977,48.8046371],[16.4487003,48.7993759],[16.447911,48.7907685],[16.4357652,48.7781923],[16.4392717,48.7743191],[16.4350029,48.7656278],[16.4192507,48.7591787],[16.4103011,48.7432904],[16.3951903,48.7363531],[16.3887737,48.739063],[16.3780011,48.7284669],[16.359771,48.7280656],[16.3514457,48.733643],[16.3566799,48.7384991],[16.3427322,48.7456221],[16.336232,48.7323023],[16.3298843,48.7312458],[16.2779029,48.7415129],[16.2630597,48.7370072],[16.1539723,48.7487882],[16.1498896,48.7431934],[16.1389411,48.742749],[16.1171718,48.7482529],[16.0941645,48.7466426],[15.9943646,48.7793352],[15.9496301,48.8052493],[15.9583818,48.8230603],[15.9467171,48.8225119],[15.9479149,48.8266819],[15.9418347,48.8277269],[15.9404289,48.8195039],[15.9345717,48.819112],[15.9241722,48.8245605],[15.9309152,48.8335584],[15.9198443,48.8387656],[15.8932393,48.8346358],[15.8928298,48.8433031],[15.8977538,48.838095],[15.9051808,48.8388504],[15.8976366,48.8483732],[15.884597,48.8420123],[15.8768896,48.85953],[15.871359,48.8602619],[15.8749507,48.8549973],[15.8643273,48.8523564],[15.8427465,48.8596044],[15.8521481,48.8671456],[15.8415432,48.8771245],[15.8275827,48.8710458],[15.7795341,48.8748829],[15.753663,48.8521737],[15.7091117,48.8606828],[15.689687,48.8556761],[15.6557186,48.8814378],[15.6389191,48.8872939],[15.6303115,48.8850176],[15.6124358,48.8982547],[15.577999,48.8958612],[15.5586188,48.9045968],[15.5133902,48.9141221],[15.5060695,48.9195848],[15.5020114,48.9359742],[15.4684899,48.9518173],[15.4558922,48.9452864],[15.4505088,48.949797],[15.4247543,48.9516077],[15.3669737,48.981884],[15.3322282,48.9848269],[15.3217322,48.9761307],[15.3120943,48.9807537],[15.3056931,48.9779183],[15.2910273,48.9843191],[15.2936752,48.9890797],[15.2899864,48.9924605],[15.2788737,48.994659],[15.2757795,48.9858381],[15.2813742,48.9793633],[15.2718883,48.9663843],[15.2666958,48.9666419],[15.2690729,48.9582742],[15.2619282,48.957592],[15.2616177,48.9536483],[15.2464009,48.9595127],[15.2244452,48.9601444],[15.2095641,48.957529],[15.1902888,48.9432852],[15.1770125,48.9476945],[15.1602433,48.9416908],[15.1553818,48.9461383],[15.1697853,48.9622538],[15.1594606,48.9721016],[15.1620387,48.9777104],[15.1510859,48.9809471],[15.1575236,48.984831],[15.1562475,48.9932991],[15.1327658,49.0006944],[15.1081558,48.9991301],[15.1025658,48.9938422],[15.0648428,48.9995865],[15.0654261,49.0142211],[15.0408146,49.0114882],[15.0205506,49.0205239],[15.0030296,49.011491],[14.9959183,49.0150866],[14.9904394,49.0096538],[15.0007916,49.0037206],[14.9978219,48.9919621],[14.9845204,48.9865872],[14.976194,48.9710067],[14.9764903,48.9558261],[14.9865209,48.9359238],[14.9790215,48.9280381],[14.9900169,48.9158792],[14.9929179,48.9037114],[14.9889122,48.8910175],[14.9834634,48.8909571],[14.9838233,48.8747459],[14.9729379,48.8746545],[14.9733613,48.8530756],[14.9777331,48.8531254],[14.9845243,48.8423909],[14.9720618,48.8422703],[14.9682833,48.8368424],[14.9697368,48.8239055],[14.9582045,48.8139294],[14.9605077,48.8045259],[14.9553028,48.8013592],[14.9532569,48.7897844],[14.9788989,48.7801734],[14.9795006,48.7722608],[14.9557928,48.7580851],[14.9177191,48.7698425],[14.8880926,48.7700775],[14.8812929,48.7801091],[14.8682676,48.7810506],[14.8571579,48.7757812],[14.8425368,48.7839696],[14.8292839,48.7804892],[14.8255271,48.7838498],[14.8086608,48.7788018],[14.8062837,48.7717198],[14.8114993,48.7614504],[14.8004926,48.7473879],[14.8081323,48.7338828],[14.7943699,48.7298206],[14.7740393,48.7116422],[14.7570452,48.7093303],[14.7553875,48.7032301],[14.7365659,48.6989322],[14.7269676,48.6870691],[14.72701,48.6787272],[14.7123407,48.6500974],[14.7185261,48.6491638],[14.7221544,48.6384352],[14.7140942,48.617448],[14.7211369,48.6023788],[14.7081109,48.5935868],[14.7077162,48.5870516],[14.701529,48.582692],[14.6634582,48.5819592],[14.6537968,48.6043363],[14.6456874,48.6100569],[14.6263686,48.6045086],[14.6104736,48.6281063],[14.5640206,48.6084047],[14.5620564,48.6033296],[14.5465656,48.6145996],[14.5264182,48.6147408],[14.5156319,48.6198518],[14.5032907,48.6173668],[14.4950925,48.6224833],[14.4929996,48.6329217],[14.4765801,48.6394795],[14.4698709,48.6484941],[14.4591387,48.6433281],[14.4437604,48.6434296],[14.4560481,48.6251396],[14.4473037,48.6198083],[14.4422058,48.6002176],[14.435476,48.5980444],[14.4314131,48.5891316],[14.386243,48.5926724],[14.3877366,48.5832368],[14.3935902,48.5786596],[14.3880813,48.5718809],[14.3712645,48.5695497],[14.3658441,48.5758429],[14.3576724,48.5746466],[14.3531214,48.5624723],[14.3332343,48.5518081],[14.327113,48.5540735],[14.3243309,48.5642427],[14.2955995,48.5680678],[14.2715453,48.5813734],[14.2405638,48.57765],[14.2281962,48.5852152],[14.1943855,48.5927286],[14.1635271,48.589236],[14.1544559,48.5958787],[14.1418773,48.5937473],[14.1301889,48.5977588],[14.1158363,48.5891601],[14.0955755,48.5922383],[14.0970844,48.5998368],[14.0722448,48.5998758],[14.066963,48.5948589],[14.0689955,48.6069745],[14.0542382,48.6041322],[14.0421494,48.6128659],[14.0481344,48.6273669],[14.0286927,48.626163],[14.0105583,48.6396542],[14.0228523,48.6455611],[14.024183,48.6526568],[14.0535237,48.6529256],[14.0600526,48.6639651],[14.0594662,48.6738245],[14.0341578,48.6769846],[14.0245561,48.6833936],[14.0286682,48.6853809],[14.0253687,48.6890868],[14.016167,48.6918912],[14.0181702,48.6962424],[14.0099359,48.6953656],[14.0133576,48.6984259],[14.003394,48.7085324],[13.9558864,48.7144143],[13.9536871,48.7207311],[13.9391527,48.7232315],[13.895466,48.7570785],[13.8684066,48.7696228],[13.8432226,48.7725637],[13.8361394,48.7627366],[13.8209882,48.7543909],[13.8190824,48.7318268],[13.7948921,48.715082],[13.8031943,48.7080561],[13.8114278,48.7086832],[13.8140883,48.7009059],[13.8374328,48.7005483],[13.8335366,48.6918645],[13.8135045,48.6918408],[13.8197758,48.6704343],[13.8140866,48.6496654],[13.8239547,48.6421367],[13.8257977,48.6185765],[13.8160116,48.6145665],[13.8073849,48.6049755],[13.8086822,48.5999486],[13.8012792,48.5973942],[13.8072938,48.5844378],[13.800936,48.5735982],[13.7903694,48.5718639],[13.7701003,48.553588],[13.7602764,48.5654557],[13.7540706,48.5635695],[13.746664,48.5524091],[13.7548701,48.5511614],[13.7436701,48.5440488],[13.7489133,48.5380086],[13.7477845,48.5293896],[13.7333223,48.5253038],[13.730522,48.514768],[13.7068162,48.5172723],[13.6641008,48.534169],[13.653746,48.548885],[13.6246433,48.5544573],[13.5997712,48.5693883],[13.589713,48.5685337],[13.5815411,48.5596761],[13.5709044,48.5609764],[13.5276986,48.5871515],[13.5089626,48.5905995],[13.5016506,48.5808953],[13.5069693,48.5777326],[13.5040344,48.5725145],[13.4918882,48.569699],[13.4887984,48.5627978],[13.4744974,48.5623713],[13.4753731,48.5560605],[13.4635543,48.5539753],[13.4499793,48.5639468],[13.4378394,48.5574418],[13.4386567,48.548504],[13.450146,48.537649],[13.4464251,48.52358],[13.4581768,48.5119092],[13.4269976,48.456641],[13.4393132,48.4308398],[13.4219562,48.4047174],[13.4113572,48.3747104],[13.3676606,48.3531801],[13.329798,48.3235141],[13.2562164,48.29356],[13.1808424,48.2949917],[13.128223,48.2784592],[13.0805772,48.2771446],[13.0574829,48.2662386],[13.0216802,48.2578178],[12.9561334,48.209281],[12.8700508,48.2013101],[12.8477105,48.1673748],[12.8360466,48.1653333],[12.8275304,48.1529122],[12.7994023,48.1467763],[12.7869191,48.1237109],[12.7589665,48.1269882],[12.7586685,48.1186952],[12.749244,48.1085127],[12.7594809,48.0751672],[12.8502052,48.016211],[12.8739101,47.9639227],[12.9173263,47.9549968],[12.92261,47.9393554],[12.938171,47.9432828],[12.945895,47.9227613],[13.0036153,47.8493221],[13.0027151,47.8417655],[12.9842464,47.8277876],[12.9641876,47.7999998],[12.9395904,47.7850099],[12.9395022,47.7782142],[12.9296018,47.7729835],[12.9277236,47.7698848],[12.9422359,47.7709804],[12.9448157,47.7644088],[12.935126,47.7579298],[12.9352022,47.7473215],[12.9182359,47.7425822],[12.9052586,47.7234349],[12.924907,47.7102937],[12.9464527,47.7121627],[12.9738047,47.7071526],[12.9914808,47.708646],[13.0045312,47.7151269],[13.0086562,47.7223761],[13.0183382,47.7228752],[13.0460629,47.7126266],[13.0608569,47.6971475],[13.0807484,47.6870338],[13.0780811,47.6668746],[13.0989358,47.6351717],[13.0958947,47.6279971],[13.062619,47.6014623],[13.0706416,47.586978],[13.0436523,47.5833636],[13.0426632,47.573717],[13.0507192,47.563552],[13.0574986,47.5621479],[13.0309363,47.5325623],[13.0472929,47.521496],[13.0432772,47.5199306],[13.0476465,47.4921627],[13.0268945,47.4866965],[13.0036669,47.4633962],[12.9934,47.4717096],[12.9948207,47.4786039],[12.9780077,47.4846889],[12.9734779,47.4832616],[12.9726828,47.474304],[12.9681513,47.474451],[12.9087264,47.4969431],[12.8844722,47.5127584],[12.8828416,47.5206153],[12.8517108,47.5307857],[12.8476923,47.5459785],[12.8177288,47.544902],[12.7943155,47.5570041],[12.7791497,47.5791416],[12.7953337,47.5931666],[12.7928837,47.6005732],[12.8073584,47.6102534],[12.8244836,47.6121071],[12.7897064,47.6332181],[12.7809381,47.6326508],[12.7585755,47.6515501],[12.7784548,47.660917],[12.7840532,47.6715362],[12.7811652,47.6738182],[12.7720703,47.6656349],[12.7572069,47.6630364],[12.7460726,47.6749897],[12.7321173,47.6796706],[12.715232,47.6762902],[12.7051123,47.6811271],[12.6782362,47.6824604],[12.6661134,47.6810368],[12.648313,47.6701181],[12.6300882,47.6762168],[12.6073437,47.6737269],[12.5969025,47.6661084],[12.5750269,47.6323152],[12.536374,47.6364725],[12.5122716,47.625307],[12.4991695,47.6251006],[12.4913477,47.6369024],[12.465113,47.649733],[12.4527426,47.6678963],[12.440743,47.6739052],[12.4400708,47.6952305],[12.3636175,47.6838421],[12.3514538,47.6920989],[12.3361021,47.6918137],[12.3380351,47.697055],[12.2847204,47.6901459],[12.2632436,47.6783215],[12.2552499,47.6794511],[12.2412609,47.6943766],[12.2469234,47.7109573],[12.2649807,47.7325165],[12.2570286,47.7430345],[12.2497055,47.7415525],[12.2267425,47.7181373],[12.2036359,47.7074327],[12.1964516,47.7084799],[12.1835036,47.7004961],[12.1624246,47.701167],[12.1683802,47.680558],[12.1822372,47.668039],[12.1990868,47.6408506],[12.2082498,47.6134704],[12.2039614,47.6067646],[12.1781491,47.6008901],[12.1790043,47.6143898],[12.1290224,47.6056493],[12.1152172,47.6114504],[12.0823518,47.6097453],[12.060719,47.6188294],[12.0512284,47.6148816],[12.0373288,47.6176226],[12.0219093,47.611083],[12.0085326,47.6251781],[11.9809046,47.6188651],[11.976229,47.6129776],[11.9681661,47.6172392],[11.9136975,47.613838],[11.9022567,47.6082267],[11.8549553,47.6023579],[11.8440415,47.5812118],[11.7810482,47.5911967],[11.6603082,47.5838042],[11.6361799,47.5945549],[11.631042,47.5866321],[11.6334888,47.5805894],[11.6195346,47.5843831],[11.6057627,47.5810794],[11.5999481,47.5665075],[11.5868807,47.5547196],[11.5881089,47.5254507],[11.5724166,47.5145064],[11.5337173,47.5088714],[11.5186116,47.5110024],[11.5056645,47.5047271],[11.487603,47.5090036],[11.4493318,47.5072432],[11.44209,47.517917],[11.3908127,47.4821578],[11.3838429,47.4723745],[11.3899958,47.4669484],[11.4094382,47.4667359],[11.4211938,47.4445915],[11.3769449,47.4491734],[11.3645376,47.4448188],[11.3386129,47.4499229],[11.3296715,47.4380969],[11.2910304,47.4270797],[11.290057,47.4072642],[11.2698847,47.3975653],[11.2249594,47.3952524],[11.2240265,47.4015382],[11.2534161,47.4282377],[11.2489708,47.4325754],[11.2069902,47.4339396],[11.198392,47.4276344],[11.1280711,47.4121964],[11.1225528,47.4063541],[11.1238288,47.3996333],[11.114824,47.3954556],[11.028455,47.393369],[11.0231808,47.3970782],[11.0049719,47.3941292],[10.9718964,47.3995575],[10.968792,47.4118666],[10.9716929,47.4172673],[10.9846583,47.4210258],[10.9836122,47.4300177],[10.9295387,47.4702317],[10.9371742,47.4811371],[10.9099244,47.4855481],[10.8814595,47.479178],[10.8700396,47.483255],[10.8719887,47.5003627],[10.918007,47.5136312],[10.9158416,47.5193689],[10.9055145,47.5174765],[10.9009027,47.5210562],[10.890311,47.5373142],[10.853562,47.5346673],[10.8385263,47.5254472],[10.8130268,47.5263646],[10.8126224,47.5200321],[10.7954152,47.521195],[10.777508,47.5139211],[10.7637598,47.5195919],[10.763958,47.5282841],[10.7510481,47.537277],[10.7183807,47.538138],[10.6945958,47.5447809],[10.6910027,47.5587703],[10.6347529,47.559044],[10.6190545,47.5668703],[10.5979477,47.5697413],[10.5803298,47.5556614],[10.5817954,47.5479661],[10.5711058,47.5334723],[10.4889121,47.540403],[10.4723343,47.5511101],[10.45444,47.5557964]]],[[[10.45444,47.5557964],[10.4731526,47.5700777],[10.4707128,47.5797253],[10.4820072,47.584485],[10.4370007,47.5841962],[10.428999,47.5776114],[10.4331329,47.5695363],[10.445211,47.5672392],[10.4502075,47.5553621],[10.45444,47.5557964]]],[[[8.64898681640625,54.909777539554824],[8.5638427734375,54.90030293114211],[8.59130859375,54.8086000512159],[8.6737060546875,54.7246201949245],[8.73687744140625,54.69288437829768],[8.79730224609375,54.624568246881914],[8.7945556640625,54.584796743678744],[8.75335693359375,54.54657953840501],[8.81103515625,54.52905134493475],[8.778076171875,54.48599567367709],[8.79180908203125,54.452476553950206],[8.87969970703125,54.43490795919083],[8.7890625,54.422126065167866],[8.5968017578125,54.401346982784176],[8.536376953125,54.34775234151605],[8.543243408203125,54.267630154326795],[8.658599853515625,54.247575231805506],[8.80279541015625,54.25399386823262],[8.78082275390625,54.220284882124005],[8.784942626953239,54.16484603944897],[8.823394775390625,54.11335801461632],[8.889312744140625,54.07308844572374],[8.80279541015625,54.05455131593229],[8.800048828125,54.00938282974412],[8.872833251953125,53.93426243166255],[8.883819580078125,53.88572576837868],[8.804168701171761,53.86143628079824],[8.724517822265739,53.89948354993688],[8.647613525390625,53.910001150721456],[8.56109619140625,53.880059483052605],[8.50067138671875,53.80227291669384],[8.453979492187386,53.740589360592544],[8.447113037109375,53.65114992539624],[8.4869384765625,53.57456921265326],[8.40179443359375,53.592504809039376],[8.333129882812386,53.632424925588246],[8.268585205078125,53.621837552541365],[8.210906982421875,53.590874614760736],[8.17657470703125,53.599839905016786],[8.139495849609375,53.6373105096091],[8.103790283203125,53.66010242163465],[8.046112060546875,53.71946627930628],[7.988433837890511,53.72921671251272],[7.895050048828125,53.72840426276383],[7.776947021484375,53.715402931509004],[7.598419189453125,53.69264092899041],[7.513275146484375,53.69264092899041],[7.40478515625,53.69508030389493],[7.2894287109375,53.68613523817126],[7.196044921875114,53.66417110963306],[7.098541259765625,53.62020849015501],[7.038116455078239,53.56559856026117],[7.016143798828125,53.525615259225226],[7.0037841796875,53.48150827154005],[6.977691650390739,53.3866046856269],[6.99005126953125,53.341533208558765],[7.03399658203125,53.3284125525758],[7.115020751953011,53.31856941172296],[7.2015380859375,53.30544169165485],[7.211151123046875,53.28410053532493],[7.218017578125,53.25781985776562],[7.212524414062386,53.24138622958715],[7.216644287109375,53.212612189941574],[7.209777832031136,53.18957903509227],[7.222137451171875,53.17888086250648],[7.2015380859375,53.173942344283866],[7.17681884765625,53.140180585580396],[7.183685302734375,53.124525888278804],[7.205657958984375,53.115460035462974],[7.197418212890625,53.0899005263007],[7.211151123046875,53.00899956922623],[7.180938720703011,52.94284534702008],[7.087554931640625,52.850888551064045],[7.09442138671875,52.83844698864907],[7.071075439453125,52.812723127915476],[7.05322265625,52.64722965612817],[7.0367431640625,52.63472980703678],[6.9873046875,52.64389671230341],[6.9158935546875,52.64389671230341],[6.881561279296875,52.65056234595389],[6.801910400390511,52.649729197309426],[6.75384521484375,52.64556321596617],[6.705780029296875,52.62972886718355],[6.730499267578125,52.61639023304539],[6.722259521484375,52.58886646089915],[6.7620849609375,52.56216022339713],[6.725006103515625,52.56049054341193],[6.711273193359375,52.55047112887276],[6.678314208984261,52.552976197007524],[6.70166015625,52.530425435309255],[6.700286865234375,52.484452858289536],[6.777191162109375,52.46019340812783],[6.85272216796875,52.46019340812783],[6.851348876953239,52.45098804923731],[6.943359375,52.435920583590125],[6.99005126953125,52.468560246396606],[7.038116455078239,52.40241887397332],[7.0587158203125,52.40074312027673],[7.073822021484375,52.36134458395732],[7.060089111328125,52.33785640298243],[7.029876708984375,52.30092118457955],[7.02850341796875,52.2723592163169],[7.06695556640625,52.24041522350549],[7.04498291015625,52.232005085482086],[6.988677978515511,52.22779941887071],[6.955718994140625,52.18319485497131],[6.906280517578125,52.175616047410195],[6.882934570312614,52.15708463620445],[6.8719482421875,52.13011607781287],[6.851348876953239,52.12168505384983],[6.7620849609375,52.1191554356042],[6.744232177734261,52.07781801208549],[6.696166992187614,52.06937709602395],[6.689300537109375,52.040666043171306],[6.725006103515625,52.03813182908344],[6.790924072265739,52.00771005263849],[6.82525634765625,51.99502820505106],[6.8280029296875,51.967961587186856],[6.80328369140625,51.959499914870015],[6.775817871093636,51.922249577310254],[6.725006103515625,51.89937609970991],[6.683807373046875,51.91716758909015],[6.554718017578011,51.88412064173134],[6.50665283203125,51.868860004633994],[6.47369384765625,51.85613885029435],[6.450347900390625,51.86037963477381],[6.39129638671875,51.87225170493509],[6.387176513671875,51.865468048540635],[6.408241863348252,51.85349597058354],[6.402766546160635,51.84463235311625],[6.405212964477641,51.827419679980046],[6.383295148565679,51.83318243513766],[6.3639402470823825,51.834769717921645],[6.3604589946396,51.8456105682432],[6.335819259005021,51.85115180330092],[6.3065196789552544,51.849208838899656],[6.2967229742443465,51.867913847055235],[6.272187403565766,51.8748409805036],[6.259460449218864,51.86801203959148],[6.213442869040222,51.86754999281611],[6.18255615234375,51.88412064173134],[6.191261882878365,51.891430986968615],[6.1578369140625,51.90446010157102],[6.116698539652731,51.90078330739823],[6.103272608643891,51.892437516236114],[6.13716356190173,51.885384513124556],[6.146285952259859,51.870124306573274],[6.164887036743352,51.861833775210286],[6.16607666015625,51.84171719308102],[6.141357421875,51.84511093992763],[6.09466552734375,51.84935276370605],[6.06375414833704,51.86509730382268],[6.052117518311903,51.8558274467146],[6.054227429309236,51.852169299977696],[6.035614013671875,51.84341409848528],[6.029165518130782,51.84480826777549],[6.00128173828125,51.832383069996645],[5.983520788878849,51.83070435776365],[5.962963932829155,51.836800543310545],[5.944461497581443,51.823751816080836],[5.958416368518542,51.81650543151208],[5.946754426326088,51.81605100651226],[5.949072017379422,51.81098740921133],[5.9625842664692215,51.806771978376574],[5.977494468882782,51.797370134775846],[5.974306564718717,51.78586485676945],[5.99029541015625,51.78313478108053],[5.982440846144328,51.77447804298167],[5.990429753141655,51.76610963393124],[5.951560944880583,51.749191704137864],[5.95458984375,51.73808497487476],[5.995396576704223,51.73892012326613],[6.043853759765739,51.71596863417754],[6.027374267578125,51.70916142932303],[6.031370829080316,51.67395416005246],[6.080178800186431,51.66191079307349],[6.118269129138355,51.655937215422135],[6.104149737188564,51.633081163973756],[6.09189428300445,51.60530799982797],[6.12165907881322,51.59261194005437],[6.136512372494558,51.576877256623106],[6.156899271026688,51.56654562198307],[6.177169752664355,51.538647136448766],[6.199537164289794,51.52668932485743],[6.212584887084745,51.51270211662505],[6.212976884599243,51.4911680107696],[6.219892664294605,51.484139723442816],[6.223274134284381,51.468721984320794],[6.221063790977183,51.44604696641263],[6.2136142054898755,51.446426394384254],[6.215490474410672,51.43324900428997],[6.205385711725086,51.399869578493586],[6.211282751127911,51.401139392063826],[6.226958044545654,51.39986737736121],[6.214398263688537,51.38955871311286],[6.2163299912187355,51.38863712961241],[6.214594873493596,51.387842670103],[6.226199446315718,51.36031615491545],[6.189735476973027,51.33938620544649],[6.194276969654837,51.334796734499875],[6.188290552929722,51.33508140191131],[6.168597245516139,51.33268345409979],[6.169308069269395,51.32939298777157],[6.163388037216128,51.32503897650029],[6.159614867560613,51.31996257600518],[6.159219939193876,51.31554967813652],[6.154136357665239,51.31116259047248],[6.153877790287201,51.307446991908364],[6.145268635728264,51.29805610212489],[6.128545756394729,51.28578140732553],[6.124495498239952,51.27507519151457],[6.084826440566488,51.24748006732614],[6.072571164271494,51.24221078770093],[6.085808644644089,51.22236764552972],[6.068068859777213,51.221191796817],[6.074014017184879,51.18262828763892],[6.0821929098669045,51.171915896493246],[6.100949626764773,51.170295029698856],[6.117724624526431,51.17923534523541],[6.165476940522666,51.19462950525588],[6.180417998432887,51.18668182163649],[6.139984130859375,51.1733163190672],[6.175594115900935,51.1584370182138],[6.163585399692849,51.15258342793025],[6.162806425254331,51.149215871481644],[6.124916958888377,51.1449671049384],[6.120314771781523,51.140613679875905],[6.0917233753456514,51.13464515419852],[6.084115979210466,51.12425148752752],[6.059994256944833,51.115101614898364],[6.037100223531176,51.09631915395783],[6.0170136255595,51.09412997158097],[5.980803867888454,51.07212305183124],[5.970808505321713,51.060479106491115],[5.968570468797665,51.04479796879852],[5.95671713855112,51.03545530884247],[5.938258077851714,51.03525084105669],[5.9137213998042455,51.0663348557768],[5.891553173586971,51.05245890561291],[5.866412368666317,51.05135004719069],[5.868752906621239,51.044908273723706],[5.87802946155017,51.0365975864007],[5.874507413727741,51.02870237616678],[5.8839761315851575,51.01353586899144],[5.89531622096667,51.011251424529604],[5.895426568578728,51.004810799490414],[5.905604389417192,51.00187738499265],[5.904416012781468,50.98720924122884],[5.8927429794599675,50.980262417730884],[5.8970922323625246,50.97458911343473],[5.903812501057246,50.97445235037101],[5.918044333289686,50.97766589673416],[5.9334516328267455,50.98533552813359],[5.9536840380418425,50.98827725941382],[5.967190437083673,50.97951271125786],[5.981298794103196,50.982703045016876],[6.027058944887017,50.983402521086674],[6.015294171561962,50.96106917316902],[6.005507635347357,50.9564271072263],[6.015602382090336,50.952285741422926],[6.01857547523673,50.934185547625574],[6.050999737968041,50.929948677959544],[6.0561337415157865,50.92196978349337],[6.075120111305477,50.921347209520476],[6.094106481095167,50.92072463554759],[6.080601456736474,50.90747792483938],[6.075800675662322,50.89036403967685],[6.088973164888358,50.87246942998014],[6.076271597675586,50.86015307076496],[6.075439453125114,50.84583876895451],[6.055830581128504,50.851474293085474],[6.057586669921761,50.85710981721644],[6.019134521484375,50.84497165243032],[6.016554207019695,50.83336546992088],[6.024656372949977,50.82750642190091],[6.0254304553517954,50.813539929438484],[6.002841378046099,50.801455749376856],[5.9852208434392935,50.81012703781278],[5.974816511485955,50.79797662123106],[6.0277928649236685,50.774195805289644],[6.018387093629185,50.76313939030369],[6.020455097573542,50.75483552764186],[6.041793823242183,50.73781314845488],[6.037330627441401,50.725209289368735],[6.035614013671871,50.71716712471356],[6.042480468749996,50.71129764699394],[6.045913696289058,50.720644986910195],[6.074752807617184,50.713254221233115],[6.115951538085934,50.7149933297752],[6.137924194335933,50.687594874659005],[6.169509887695309,50.654086132358124],[6.176204681396479,50.64842645215217],[6.187019348144527,50.64483437835294],[6.184015274047846,50.641840773740235],[6.186590194702145,50.64113316660207],[6.186504364013667,50.63960905350061],[6.182126998901363,50.63754053523084],[6.169424057006831,50.635852992370886],[6.185817718505855,50.62480081098745],[6.179037094116207,50.619791084986936],[6.184444427490237,50.61679588519512],[6.197147369384768,50.626488750623636],[6.210536956787112,50.624092947300454],[6.2194633483886745,50.62507306341435],[6.234226226806642,50.61930097443721],[6.244869232177737,50.61930097443721],[6.253452301025393,50.61951880197873],[6.26100540161133,50.620825746041454],[6.265640258789065,50.62017227855005],[6.267700195312503,50.620281190429196],[6.26877307891846,50.61987276958203],[6.26976013183594,50.61960048704674],[6.270618438720706,50.618701943495886],[6.271433830261233,50.618429654182115],[6.272120475769046,50.617939529444826],[6.271991729736331,50.61679588519512],[6.272163391113277,50.611621909000704],[6.267013549804684,50.60519449347391],[6.258773803710933,50.59985580296527],[6.250019073486324,50.59658691801718],[6.252079010009761,50.59070235297685],[6.2483024597167915,50.58438107484853],[6.243066787719728,50.57980306779036],[6.227703094482424,50.583236614805855],[6.222896575927738,50.57626025689923],[6.218175888061525,50.57189950843213],[6.208734512329104,50.568955775007694],[6.205730438232424,50.562031825113976],[6.198434829711916,50.559687265065484],[6.1919975280761745,50.558869367840735],[6.188650131225589,50.5560884111094],[6.1841869354248065,50.55434341330775],[6.180496215820315,50.552271144516624],[6.177577972412113,50.550526005406105],[6.176977157592776,50.5491080323124],[6.1810111999511745,50.54676282937666],[6.180582046508792,50.53448951654643],[6.189165115356447,50.533725738197234],[6.194744110107424,50.53028858259353],[6.200752258300783,50.528815439247126],[6.199207305908199,50.52374092675938],[6.1941432952880815,50.523577223722285],[6.190109252929683,50.51964818046849],[6.194658279418948,50.513972318285916],[6.20092391967773,50.51440894729975],[6.206846237182613,50.51380858136459],[6.210365295410152,50.51446352564251],[6.210708618164059,50.510206225412055],[6.21465682983398,50.508022845602625],[6.212081909179683,50.50649441966126],[6.214828491210934,50.504856765537504],[6.21740341186523,50.502236400806375],[6.222209930419917,50.49786880314912],[6.225814819335934,50.492845566530875],[6.223068237304683,50.49066138399982],[6.229763031005855,50.48716648191526],[6.233024597167964,50.48989689625793],[6.254653930664057,50.49623084989985],[6.257743835449215,50.49251794558849],[6.26632690429687,50.492736359802535],[6.272163391113277,50.496667642986544],[6.281433105468745,50.494702042289475],[6.286582946777339,50.49295477300679],[6.2979125976562464,50.49077059552457],[6.306152343749996,50.49164427863471],[6.311988830566402,50.49361000656099],[6.331901550292964,50.48509126149052],[6.338768005371089,50.48159594740326],[6.352844238281246,50.4809405472316],[6.344261169433589,50.47657098048729],[6.3432312011718714,50.46936031221704],[6.3391113281249964,50.46695651172778],[6.344947814941403,50.4634598565045],[6.343917846679683,50.45515426411379],[6.359367370605464,50.44859618727138],[6.3693237304687464,50.44531680795536],[6.372413635253902,50.447065838539416],[6.378593444824215,50.43788270676074],[6.378250122070308,50.42322973654648],[6.369667053222651,50.41207294331722],[6.372070312499995,50.40113235969953],[6.367950439453121,50.393472448227335],[6.360397338867182,50.38690582464737],[6.359710693359371,50.38165187099257],[6.347694396972651,50.374426734320934],[6.346321105957027,50.371799139044754],[6.354560852050776,50.36720049714252],[6.364173889160153,50.363696470837716],[6.37172698974609,50.3498968522326],[6.389579772949214,50.34420060214433],[6.402969360351559,50.33631235861484],[6.403999328613277,50.32886114796157],[6.411209106445309,50.328203632095565],[6.406059265136714,50.315489870402224],[6.3926696777343714,50.31373598121291],[6.384773254394526,50.31395522089997],[6.375846862792964,50.306281230316564],[6.363830566406245,50.306500504377425],[6.361770629882808,50.3029919980806],[6.365890502929684,50.298386690775416],[6.348381042480465,50.30693904946608],[6.344947814941403,50.311324277931085],[6.3391113281249964,50.3097894939688],[6.333961486816403,50.316147562167345],[6.320915222167963,50.31176277853574],[6.3088989257812464,50.312639767613135],[6.310615539550777,50.30386914891956],[6.299972534179682,50.30123764787253],[6.289672851562496,50.285006840816344],[6.288986206054683,50.276889360907326],[6.294136047363276,50.270306604174266],[6.278343200683589,50.258674842995255],[6.258430480957028,50.25823585298919],[6.21242523193359,50.245503383040976],[6.193889772341546,50.2372548593267],[6.17462327343247,50.234772997477165],[6.176376342773434,50.226837581826466],[6.165033891788819,50.22153087714117],[6.1779942859350525,50.216251369574664],[6.187340960179678,50.20491865909391],[6.18332542851473,50.19163875018501],[6.190275486627793,50.18748422297823],[6.186664953238941,50.18398919787468],[6.192923450652437,50.181430490361656],[6.184727664784523,50.17849772208456],[6.1616429004548525,50.177297255752094],[6.1584269394208295,50.17133237361857],[6.147625971634364,50.17774530044522],[6.144217399212007,50.173472161064055],[6.147045902273471,50.17038463021833],[6.139888177481335,50.16906145708441],[6.147866521851807,50.16095980167597],[6.14234936944555,50.15571906902343],[6.131616102334983,50.154694926017825],[6.141813537710428,50.1478775550813],[6.148514304622461,50.151814889234544],[6.15327007043751,50.14987245458322],[6.151870002469618,50.14775921633292],[6.1546899124458,50.14153453143754],[6.14718838796065,50.13616664347829],[6.139162363207158,50.13494496098434],[6.137517369121464,50.129534795137474],[6.136894226074219,50.12365981377181],[6.131057739257699,50.121678733524895],[6.1296844482421875,50.11551484842231],[6.136894226074219,50.11375359262906],[6.128997802734375,50.108249250710514],[6.135520935058594,50.10362511455642],[6.126251220703125,50.101863421448584],[6.132087707519531,50.09327423971961],[6.120414733886719,50.093494494383805],[6.116981506347656,50.07432855106039],[6.130027770996094,50.07410820831213],[6.120071411132926,50.065514051349126],[6.1159515380859375,50.067277080898286],[6.112861633300668,50.06088579045132],[6.118354797363281,50.05669793151598],[6.1228179931640625,50.06154699791961],[6.121101379394531,50.05317102992865],[6.131401062011719,50.042147791563075],[6.131401062011719,50.03046039466325],[6.146507263183594,50.02296132138001],[6.137580871582031,50.01700534087497],[6.127281188964844,50.01965253447933],[6.1392974853515625,50.01038671874375],[6.151657104492301,50.009504166914994],[6.1475372314453125,49.99935365599501],[6.137237548828125,49.9975881309457],[6.170196533203125,49.98390311354472],[6.164703369140625,49.973747197046386],[6.183242797851676,49.952987135788035],[6.18255615234375,49.966239272192034],[6.192169189453125,49.96844760696572],[6.200408935546875,49.94945261668548],[6.20452880859375,49.95431251357478],[6.21826171875,49.95033627078014],[6.2271881103515625,49.935753904950985],[6.219635009765625,49.924703719314344],[6.2347412109375,49.91497746013836],[6.227874755859489,49.91055578459883],[6.2354278564453125,49.89905753082207],[6.269416809082031,49.8787077521734],[6.288642883300781,49.87583154812349],[6.299285888671875,49.866095432384455],[6.3095855712890625,49.870521182846346],[6.324348449707031,49.850602112192306],[6.318511962890625,49.84329639528395],[6.3246917724609375,49.83621100922978],[6.336021423339844,49.838646727799755],[6.339454650878906,49.848166995907725],[6.364860534667969,49.84993800173619],[6.370353698730469,49.846395925188446],[6.3947296142578125,49.82602394766416],[6.4098358154296875,49.817828449766886],[6.425628662109375,49.8158347403617],[6.429405212402344,49.81140398092213],[6.4414215087890625,49.81317633337614],[6.4537811279296875,49.81184707512046],[6.4716339111328125,49.822037122094414],[6.4867401123046875,49.81184707512046],[6.505279541015625,49.81007467398775],[6.513519287109375,49.80076850316847],[6.5238189697265625,49.814505555123134],[6.529998779296875,49.80387075888756],[6.507339477538949,49.79146054329162],[6.5196990966796875,49.78303751411044],[6.508026123046875,49.77638671963695],[6.5169525146484375,49.770621959313935],[6.521759033203125,49.760864648909966],[6.5004730224609375,49.753767189605355],[6.5032196044921875,49.7315809334801],[6.5128326416015625,49.72669859556309],[6.517467498779297,49.723757859639896],[6.514806747436523,49.721593808116225],[6.510686874389762,49.72059498257234],[6.504850387573242,49.72525599265219],[6.50141716003418,49.72658762763041],[6.496868133544808,49.72597729946628],[6.496438980102539,49.723535910076635],[6.503047943115234,49.71887473485885],[6.507167816162109,49.716211005254856],[6.506137847900391,49.71260363850872],[6.502704620361328,49.711882133005474],[6.496438980102539,49.70888499541716],[6.48991584777832,49.704000374937806],[6.47944450378418,49.696228375564154],[6.47068977355957,49.693119227733064],[6.460475921630859,49.69145353100214],[6.453008651733398,49.683401858713154],[6.447515487671012,49.67784820424385],[6.436271667480355,49.67107188677643],[6.430091857910156,49.66751671971829],[6.426572799682731,49.663516846190085],[6.427860260009879,49.660683403466635],[6.4324951171875,49.66051672522669],[6.4400482177734375,49.65740529327822],[6.4263153076171875,49.62850392384226],[6.416015625,49.615603931907366],[6.403656005859375,49.60448050792379],[6.387176513671875,49.60003042758964],[6.3741302490234375,49.58979370145392],[6.381683349609375,49.576883462436605],[6.3720703125,49.577773933420914],[6.361083984375,49.57243086378991],[6.373443603515625,49.56307908438638],[6.381683349609375,49.55461640694068],[6.3576507568359375,49.53011091518525],[6.3686370849609375,49.49355263168322],[6.367811942136186,49.46948001715482],[6.389896590756074,49.4641371417625],[6.4254786014323315,49.47719680227058],[6.443035156628902,49.4666337027292],[6.465365826706588,49.465636726503476],[6.485173644631459,49.4522710115288],[6.524034554525215,49.43948787194835],[6.5555180575198335,49.41998847679326],[6.534816501921597,49.40571889728611],[6.582659823769944,49.38653280909749],[6.583775176289485,49.36905806703962],[6.6011208239869035,49.36599446189235],[6.588403538571917,49.35007755198055],[6.576142970345625,49.357736684756205],[6.562406920739846,49.35578504306932],[6.578769202177327,49.3349613753264],[6.593372577367834,49.3342042255426],[6.590270176001148,49.320946846731275],[6.66595458984375,49.278556648075146],[6.662839137467159,49.25461655523046],[6.677927855669083,49.25662068500472],[6.688154034963318,49.24797024105221],[6.69210941839259,49.2183720500651],[6.720806448245895,49.220139949043876],[6.731379089743982,49.206573021813156],[6.70912227054302,49.18649939475025],[6.737490321162028,49.16495278063573],[6.782706734313223,49.16631797556829],[6.833087332293559,49.15079830015102],[6.847044568734404,49.1551020529931],[6.8462469913769155,49.17339721726249],[6.861963872148181,49.178272721380296],[6.838949366701513,49.213045063839175],[6.86370849609375,49.221185044221336],[6.893920898437386,49.208626117966396],[6.92138671875,49.22297891606676],[7.03125,49.19067925930702],[7.042236328125,49.11702904077932],[7.062835693359375,49.11163570081922],[7.088928222656136,49.132306986382275],[7.083435058593636,49.151173244278],[7.109527587890625,49.154766002922],[7.11090087890625,49.14219020768315],[7.13287353515625,49.14129181445139],[7.15484619140625,49.122421794365344],[7.174072265625,49.1314084139986],[7.20428466796875,49.119725490868085],[7.24273681640625,49.13050982532791],[7.294921875,49.11702904077932],[7.31689453125,49.14219020768315],[7.36083984375,49.14398694528847],[7.364959716796761,49.17182804827916],[7.447357177734375,49.1843963201528],[7.437744140625,49.169134431937806],[7.488555908203011,49.169134431937806],[7.50640869140625,49.151173244278],[7.488555908203011,49.14129181445139],[7.5311279296875,49.0918551039516],[7.57232666015625,49.07836381286786],[7.59979248046875,49.08196184888935],[7.628631591796875,49.07206662261101],[7.63824462890625,49.05407025156395],[7.678070068359261,49.046869878327136],[7.694549560546875,49.05677012268616],[7.7288818359375,49.05047019529436],[7.734375,49.045969758350786],[7.772827148437386,49.04867006939826],[7.79754638671875,49.06486885623368],[7.8662109375,49.032466003388876],[7.88818359375,49.045969758350786],[7.919769287109375,49.04056869631684],[7.930755615234261,49.05677012268616],[7.97332763671875,49.041468914058086],[7.977447509765625,49.026162996368946],[8.009033203125,49.027063474829326],[8.0584716796875,49.011753124756915],[8.076324462890625,48.996438064932285],[8.1298828125,48.982920865356135],[8.19854736328125,48.97390736160892],[8.199920654296875,48.96849847697763],[8.221893310546875,48.97571019275402],[8.235626220703011,48.967596939155555],[8.197174072265625,48.95858066440977],[8.12713623046875,48.88277959345126],[8.1024169921875,48.813194201165274],[8.062591552734375,48.78967599441185],[8.031005859375,48.78786644480696],[8.017272949218636,48.76343113791796],[7.97607421875,48.75981008089207],[7.965087890625,48.72902055540812],[7.892303466796875,48.66012869453836],[7.837371826171875,48.64107616118319],[7.801666259765511,48.58841747596737],[7.801666259765511,48.50932644976633],[7.76458740234375,48.49112712828191],[7.74810791015625,48.42646676081821],[7.730255126953125,48.39456162202509],[7.746734619140625,48.33343022631068],[7.697296142578125,48.30512072140391],[7.667083740234375,48.22284281261854],[7.643737792968636,48.206371336358906],[7.598419189453125,48.15600899174947],[7.59979248046875,48.13493370228957],[7.576446533203125,48.12485115686402],[7.583312988281136,48.095508859658345],[7.57232666015625,48.08358376568458],[7.568206787109375,48.034937455397866],[7.6190185546875,47.98256841921405],[7.61627197265625,47.958663127446556],[7.581939697265625,47.92738566360356],[7.580566406249886,47.89977218436005],[7.559967041015625,47.88135501149263],[7.55859375,47.85648143832491],[7.55035400390625,47.82053186746053],[7.527008056640625,47.77625204393233],[7.55035400390625,47.73932336136857],[7.546234130859375,47.71807749987609],[7.510528564453125,47.703292658431074],[7.521514892578125,47.66261271615866],[7.5645260728546475,47.63406338310222],[7.574309192016031,47.615151799666066],[7.592926025390625,47.60153331738691],[7.589035968739324,47.589777999444514],[7.6025390625,47.58625231278527],[7.604670108307289,47.578266845687956],[7.619553099860752,47.577156748411575],[7.645696329269697,47.59690318115471],[7.674019359464552,47.59161685974883],[7.681973368930983,47.59822389019931],[7.6943652241419045,47.60067569164334],[7.683563232421875,47.59551406038282],[7.671738158454502,47.58538198982365],[7.679443359375,47.583473468887405],[7.683512532309777,47.575552317467924],[7.689056396484375,47.57235661809739],[7.6849365234375,47.56540738772852],[7.68218994140625,47.57050358015324],[7.678070068359261,47.56448075401425],[7.664203521910139,47.56595158915933],[7.648862284221167,47.559834877449184],[7.635834483614445,47.56396148226267],[7.633334364124309,47.56112664672417],[7.645396820611666,47.5520722540317],[7.658843994140625,47.5459446373605],[7.66571044921875,47.53621055123139],[7.691802978515625,47.53203824675999],[7.7158355712890625,47.540846055746044],[7.752227783203125,47.5459446373605],[7.7941131591796875,47.55753047866126],[7.8119659423828125,47.570966845786124],[7.817459106445199,47.58856790334661],[7.8339385986328125,47.58532604787685],[7.848358154296875,47.58069447747099],[7.8600311279296875,47.58810479342969],[7.886810302734375,47.589494110887394],[7.9135894775390625,47.569577036593756],[7.9053497314453125,47.56077405523746],[7.9163360595703125,47.54733507355602],[7.9492950439453125,47.54455416428098],[7.9602813720703125,47.557067094186735],[7.99530029296875,47.55614031294337],[8.016586303710938,47.5510427230903],[8.041305541992188,47.55567691617457],[8.06671142578125,47.56448075401425],[8.086624145507812,47.55753047866126],[8.098983764648324,47.5626274374099],[8.107223510742188,47.58301031389572],[8.139495849609375,47.584399766577576],[8.147048950195312,47.59458795938034],[8.161468505859489,47.59366184198747],[8.180694580078125,47.60292227835496],[8.2012939453125,47.619124098197325],[8.215713500976562,47.62097541515849],[8.227386474609375,47.60477416894759],[8.238372802734261,47.611255269744255],[8.259658813476562,47.61449551898437],[8.266525268554688,47.60894068308017],[8.278884887695312,47.61264397257417],[8.29742431640625,47.607551881912855],[8.294677734375,47.5913464767971],[8.324203491210938,47.5714301073211],[8.387374877929688,47.56587069843866],[8.395614624023551,47.57606249728773],[8.435440063476562,47.568187190520135],[8.493804931640625,47.5820839916191],[8.488311767578011,47.58810479342969],[8.466339111328125,47.584399766577576],[8.459472656249886,47.5996813120644],[8.475265502929574,47.611255269744255],[8.510284423828125,47.618661258713864],[8.519210815429688,47.63300737749619],[8.545303344726562,47.62745450827172],[8.573455810546875,47.61356975397398],[8.562469482421875,47.5996813120644],[8.578948974609375,47.59551406038282],[8.605728149414062,47.61403263852783],[8.598861694335824,47.62745450827172],[8.597488403320312,47.64272347900328],[8.607101440429688,47.6524377737497],[8.612594604492188,47.64642437575518],[8.60504150390625,47.63763431783611],[8.624267578125,47.638559656739545],[8.631134033203125,47.65475043477393],[8.609848022460938,47.66400005467766],[8.606414794921875,47.67093619422418],[8.598175048828239,47.67093619422418],[8.582382202148551,47.663537612601345],[8.562469482421875,47.67047381359744],[8.541183471679688,47.66538735632654],[8.53912353515625,47.65660048985082],[8.527450561523438,47.661225340769356],[8.527450561523438,47.64549917614882],[8.495864868164062,47.643648727772906],[8.4759521484375,47.649662445325035],[8.47320556640625,47.642260848473],[8.4649658203125,47.65336285044984],[8.44573974609375,47.65336285044984],[8.405914306640625,47.67001142887409],[8.419647216796875,47.68203210030427],[8.405914306640625,47.700520033704954],[8.453979492187386,47.72823964536174],[8.472862243652344,47.766560801839226],[8.54736328125,47.78201978299012],[8.559379577636605,47.77740564293292],[8.576545715332031,47.78017417610847],[8.562469482421875,47.803239552900614],[8.573455810546875,47.80208652719499],[8.619461059570312,47.800702862566204],[8.618087768554688,47.779020638534774],[8.632164001464844,47.759637380334595],[8.646926879882812,47.78109698773946],[8.65413665771473,47.799319161084114],[8.682975769042855,47.78548011929362],[8.690185546875,47.75917578613811],[8.696365356445312,47.75848338716458],[8.716964721679688,47.76425309705425],[8.743057250976562,47.74809629679189],[8.722801208496094,47.74648034083308],[8.713874816894531,47.73539814842237],[8.7176513671875,47.724544549099676],[8.735160827636719,47.715536653750945],[8.727951049804688,47.69451217425039],[8.793525695800668,47.6750974355193],[8.801078796386719,47.69243236930309],[8.810691833496094,47.69381891515127],[8.799018859863281,47.69774726151598],[8.794898986816406,47.70306161200279],[8.770179748535156,47.70791337194979],[8.770179748535156,47.71715357016648],[8.78631591796875,47.727084955938714],[8.800048828125,47.72777777266438],[8.798332214355469,47.73355088699622],[8.805885314941406,47.73793802588284],[8.811721801757699,47.7303180218142],[8.806915283203125,47.724313596879625],[8.824424743652457,47.71784651898466],[8.822021484375,47.712071663900744],[8.84674072265625,47.711147627695155],[8.849830627441406,47.70514099299205],[8.873176574707031,47.70398579157171],[8.875236511230469,47.69451217425039],[8.863563537597656,47.69335673729817],[8.865623474121094,47.69705404542752],[8.853607177734375,47.695898664798875],[8.850860595703239,47.682956652635696],[8.867340087890625,47.68018294648414],[8.876953125,47.65706299337809],[8.896179199218636,47.64873730307524],[8.959350585937386,47.66168780332917],[9.0252685546875,47.68480570814145],[9.104232788085938,47.67602211074509],[9.134445190429688,47.663537612601345],[9.157791137695312,47.66538735632654],[9.174270629882926,47.65475043477393],[9.25872802734375,47.65983792850961],[9.449615478515625,47.5941249027327],[9.519653320312386,47.53481981995956],[9.550607532969408,47.53719979223425],[9.562781525776387,47.50441909613149],[9.621715737041285,47.51445635009642],[9.731420233613932,47.534199301013466],[9.7393798828125,47.5394554474239],[9.75311279296875,47.56355410390806],[9.77783203125,47.5913464767971],[9.7998046875,47.59505101193038],[9.81353759765625,47.58764167941513],[9.82452392578125,47.55428670127958],[9.849243164062498,47.53203824675999],[9.87396240234375,47.5264746577327],[9.88494873046875,47.5394554474239],[9.91790771484375,47.53389264528655],[9.964599609375,47.53203824675999],[9.98382568359375,47.49679221520181],[10.016784667968748,47.47823216312885],[10.046997070312498,47.48194469821279],[10.07171630859375,47.45780853075031],[10.09368896484375,47.44666502261753],[10.077209472656248,47.41136166853917],[10.09368896484375,47.364873807434094],[10.1348876953125,47.368594345213374],[10.167846679687498,47.3704545156932],[10.18157958984375,47.37975438400816],[10.228271484374998,47.37975438400816],[10.22003173828125,47.34812813983327],[10.20904541015625,47.31648293428332],[10.198059082031248,47.29599652002003],[10.18157958984375,47.284818765649284],[10.18707275390625,47.266183925231],[10.23651123046875,47.27177506640828],[10.2777099609375,47.27922900257082],[10.316162109375,47.301584511330795],[10.35186767578125,47.32579231609051],[10.382080078125,47.359292508710716],[10.42327880859375,47.381614160856806],[10.4425048828125,47.41136166853917],[10.47821044921875,47.43366127871628],[10.4644775390625,47.48008846346322],[10.45623779296875,47.49493650511712],[10.43701171875,47.49493650511712],[10.43701171875,47.5264746577327],[10.4425048828125,47.54501765940571],[10.4425048828125,47.557993859037765],[10.4315185546875,47.57837853860192],[10.46722412109375,47.585789182379905],[10.4644775390625,47.56355410390806],[10.47821044921875,47.54687159892238],[10.53314208984375,47.537601245618134],[10.5743408203125,47.537601245618134],[10.5963134765625,47.56355410390806],[10.64849853515625,47.55614031294337],[10.70068359375,47.55243302404593],[10.74462890625,47.5394554474239],[10.777587890625,47.519055620971265],[10.8489990234375,47.52091047852614],[10.89019775390625,47.535746978239125],[10.9149169921875,47.517200697839414],[10.87646484375,47.49864785970502],[10.87646484375,47.487513008956554],[10.92864990234375,47.48194469821279],[10.986328125,47.42251265435723],[10.9808349609375,47.39277144427804],[11.0577392578125,47.40392636603371],[11.1181640625,47.39834920035926],[11.13739013671875,47.41322033016902],[11.2445068359375,47.429945332976125],[11.241760253906248,47.39463076190644],[11.285705566406248,47.402067376409036],[11.29119873046875,47.42622912485741],[11.337890625,47.43737696208075],[11.39007568359375,47.44480754169437],[11.4312744140625,47.44480754169437],[11.40106201171875,47.46523622438362],[11.38458251953125,47.48008846346322],[11.4202880859375,47.506069781910846],[11.43951416015625,47.5153457091302],[11.483459472656248,47.50978034953473],[11.557617187499998,47.5079250985124],[11.59332275390625,47.517200697839414],[11.5850830078125,47.56355410390806],[11.64276123046875,47.58764167941513],[11.708679199218748,47.5820839916191],[11.7938232421875,47.589494110887394],[11.8487548828125,47.5820839916191],[11.854248046875,47.59505101193038],[12.00531005859375,47.622826666563675],[12.0245361328125,47.60986653003798],[12.06024169921875,47.619124098197325],[12.10418701171875,47.60986653003798],[12.1563720703125,47.611718174784926],[12.183837890625,47.60616304386874],[12.20306396484375,47.6080148197327],[12.2003173828125,47.635783590864854],[12.16461181640625,47.702368466573716],[12.205810546875,47.71345768748889],[12.25250244140625,47.74117041801028],[12.268981933593748,47.743017409121826],[12.25799560546875,47.719001413201916],[12.25250244140625,47.69682297134991],[12.25799560546875,47.68388118858139],[12.29095458984375,47.68942806015855],[12.3486328125,47.69127688626756],[12.38433837890625,47.68942806015855],[12.44476318359375,47.69127688626756],[12.45574951171875,47.66723703450518],[12.50244140625,47.63023101663225],[12.56561279296875,47.635783590864854],[12.6123046875,47.66168780332917],[12.691955566406248,47.68203210030427],[12.74139404296875,47.68757916850813],[12.752380371093748,47.67278567576541],[12.777099609375,47.669086647137576],[12.76336669921875,47.646886969413],[12.799072265624998,47.63023101663225],[12.8375244140625,47.60986653003798],[12.79083251953125,47.60060732292067],[12.782592773437498,47.570966845786124],[12.81829833984375,47.55614031294337],[12.859497070312498,47.5394554474239],[12.90069580078125,47.50978034953473],[12.952880859375,47.48380086737799],[12.980346679687498,47.48008846346322],[13.00506591796875,47.47266286861342],[13.02978515625,47.489368981370724],[13.040771484374998,47.51349065484327],[13.04351806640625,47.543163654317304],[13.040771484374998,47.57281986733871],[13.062744140625,47.589494110887394],[13.06549072265625,47.60986653003798],[13.08746337890625,47.63023101663225],[13.08746337890625,47.67648444221321],[13.0462646484375,47.71345768748889],[13.00506591796875,47.711609647845975],[12.94464111328125,47.71345768748889],[12.90618896484375,47.71530566159559],[12.91168212890625,47.73193447949174],[12.94189453125,47.76517619125415],[12.91717529296875,47.77625204393233],[12.980346679687498,47.81499895328108],[12.996826171875,47.85003078545827],[12.9364013671875,47.94394667836214],[12.90069580078125,47.96050238891509],[12.8704833984375,47.97153658265933],[12.83477783203125,48.03769224746972],[12.768859863281248,48.065232067568],[12.752380371093748,48.11476663187632],[12.76611328125,48.12943437745315],[12.79083251953125,48.13493370228957],[12.821044921875,48.15509285476017],[12.85400390625,48.180738507303836],[12.87872314453125,48.20820176205911],[12.97210693359375,48.213692646648035],[13.0517578125,48.26125565204099],[13.194580078125,48.295985271707636],[13.265991210937498,48.30146673770983],[13.33740234375,48.328865239704655],[13.40057373046875,48.372672242291294],[13.4307861328125,48.41097247934197],[13.44451904296875,48.44742209577055],[13.433532714843748,48.469279317167164],[13.46099853515625,48.51842366030161],[13.433532714843748,48.542068763606466],[13.45001220703125,48.558431982894355],[13.47198486328125,48.56206753526866],[13.51043701171875,48.59114254808809],[13.57086181640625,48.567520373908295],[13.590087890625,48.569337856144415],[13.64776611328125,48.54752375797609],[13.68621826171875,48.52933815687993],[13.73016357421875,48.5147849720974],[13.74664306640625,48.53661318127798],[13.75762939453125,48.56388521347092],[13.78509521484375,48.567520373908295],[13.83453369140625,48.62383195130112],[13.82080078125,48.65287143545865],[13.82354736328125,48.68370757165364],[13.812732696533203,48.691526973439345],[13.817710876464844,48.69401986075905],[13.82577896118164,48.6932266827277],[13.834190368652344,48.69243349220036],[13.83779525756836,48.700818017016374],[13.82680892944336,48.70047813100718],[13.817882537841797,48.7000249460914],[13.81204605102539,48.70183766127341],[13.811187744140625,48.704443324975855],[13.811016082763672,48.70784181403163],[13.802947998046873,48.708748039019284],[13.794364929199219,48.71509115697363],[13.80105972290039,48.71848892693363],[13.810157775878906,48.72766175952657],[13.817882537841797,48.732983500344034],[13.819770812988281,48.738757518095376],[13.821659088134766,48.75528339249263],[13.828182220458983,48.75901793986824],[13.836936950683592,48.763544291743514],[13.839683532714844,48.76807023571851],[13.839561805339569,48.771591968570526],[13.812561035156248,48.77565027807589],[13.8043212890625,48.780627593814906],[13.812561035156248,48.79600890414036],[13.794708251953125,48.81816779335053],[13.789901733398438,48.829469576885984],[13.765182495117188,48.83353759505566],[13.74664306640625,48.87555444355432],[13.73291015625,48.88639177703194],[13.712997436523438,48.87871557505334],[13.687591552734375,48.88052184622007],[13.671798706054688,48.882328052158506],[13.669052124023438,48.89000369970676],[13.656005859375,48.89587251760159],[13.634033203125,48.92655972351346],[13.624420166015625,48.939190153702484],[13.629226684570312,48.94820993324199],[13.624420166015625,48.95046462340883],[13.607254028320312,48.94099424002801],[13.588714599609375,48.95407191575548],[13.592147827148438,48.96218736991556],[13.578414916992188,48.97120299264308],[13.568115234375,48.967596939155555],[13.564682006835938,48.96939999849952],[13.554382324218748,48.968047710104116],[13.53240966796875,48.97390736160892],[13.511810302734375,48.968047710104116],[13.507690429687498,48.95452280895973],[13.51043701171875,48.943249256234296],[13.493957519531248,48.94099424002801],[13.479537963867188,48.953170117120976],[13.453445434570312,48.96444142841345],[13.4088134765625,48.984723370514985],[13.40057373046875,48.99283383694351],[13.4088134765625,49.004997061308316],[13.40057373046875,49.018057956916444],[13.404693603515625,49.02661323763608],[13.392333984375,49.04011858133582],[13.396453857421873,49.04912010698239],[13.380661010742188,49.05632015434902],[13.360061645507812,49.071616792760054],[13.336715698242188,49.09320403146426],[13.292770385742188,49.11702904077932],[13.280410766601562,49.11927609269998],[13.245391845703123,49.11568076076249],[13.225479125976562,49.11747845930749],[13.18359375,49.13500260581219],[13.17329406738281,49.14623277568679],[13.174667358398438,49.17093019244911],[13.16436767578125,49.17541930876382],[13.132781982421875,49.196064000723794],[13.106002807617188,49.2023454582315],[13.116302490234375,49.22028808387943],[13.088150024414062,49.2279117278821],[13.08265686035156,49.24853451474659],[13.073043823242186,49.2476380508951],[13.060684204101562,49.2525684006494],[13.055191040039062,49.26601230654394],[13.033218383789062,49.264668080750134],[13.025665283203125,49.279004601275915],[13.03596496582031,49.29468040012548],[13.02978515625,49.30632205307832],[13.00575256347656,49.30721745093609],[12.99201965332031,49.32154160369879],[12.962493896484375,49.33720387637876],[12.941207885742188,49.34480946815268],[12.880783081054688,49.351072014081716],[12.88490295410156,49.333624367631096],[12.866363525390623,49.33496671391723],[12.84576416015625,49.34391475365921],[12.829284667968748,49.341230512564564],[12.7935791015625,49.34391475365921],[12.78053283691406,49.34794084076264],[12.779159545898438,49.36180595252358],[12.76611328125,49.36627773550062],[12.755126953125,49.377008355425446],[12.75787353515625,49.392206057422044],[12.738647460937498,49.40650548304018],[12.718734741210938,49.41410035944022],[12.710494995117186,49.42392727883298],[12.674789428710938,49.42928658731564],[12.661056518554688,49.43464531038392],[12.6507568359375,49.46857029629673],[12.635650634765625,49.47838630522649],[12.641830444335938,49.49221461538685],[12.64251708984375,49.51317266871793],[12.645263671875,49.52520834197442],[12.633590698242188,49.53278483880742],[12.625350952148438,49.52788253376435],[12.589645385742186,49.536795449984666],[12.594451904296873,49.53902342510091],[12.575225830078125,49.563969807227494],[12.575912475585936,49.58578744112235],[12.562179565429688,49.60003042758964],[12.56011962890625,49.62049743433884],[12.536773681640625,49.6191628914999],[12.528533935546875,49.620942273829705],[12.534713745117188,49.624500843559666],[12.525787353515625,49.62850392384226],[12.529220581054686,49.640955847889444],[12.519607543945312,49.64495757594919],[12.527160644531248,49.65518272008055],[12.52235412597656,49.66096119926445],[12.5299072265625,49.66673899228791],[12.517547607421873,49.68851066059996],[12.489395141601562,49.68673374692359],[12.481155395507812,49.69606181911566],[12.43927001953125,49.70405588474761],[12.426223754882812,49.73024943547763],[12.410430908203125,49.73335620733158],[12.40081787109375,49.76042108813716],[12.476348876953125,49.787914183203085],[12.465362548828125,49.79677959658098],[12.466735839843748,49.81317633337614],[12.473602294921873,49.82070810722465],[12.477035522460938,49.8393109933889],[12.490081787109375,49.84152514611125],[12.499008178710936,49.83975383204511],[12.500381469726562,49.85613601113005],[12.507247924804688,49.85923471774692],[12.520980834960938,49.87251263825472],[12.528533935546875,49.887998932871014],[12.54638671875,49.898172936240364],[12.547073364257812,49.92205129776332],[12.496948242187498,49.93442801644479],[12.473602294921873,49.937079756975294],[12.477035522460938,49.95563785488378],[12.501068115234375,49.97021420183543],[12.490081787109375,49.98037086399746],[12.478408813476562,49.981695487970676],[12.46124267578125,49.99449830610663],[12.437210083007812,49.985227640260874],[12.42828369140625,49.990525382419904],[12.435150146484375,49.99714673955337],[12.427597045898438,50.0028845116],[12.405624389648438,50.00509116466678],[12.399444580078125,50.013916763992015],[12.379531860351562,50.01347552251671],[12.367172241210938,50.01700534087497],[12.3486328125,50.035973672195496],[12.333526611328125,50.03641470705322],[12.328033447265625,50.033768437140964],[12.314300537109375,50.055375373799976],[12.2772216796875,50.05757961640731],[12.259368896484375,50.05978375775201],[12.273101806640625,50.07653192285459],[12.249069213867188,50.09459575251885],[12.229843139648438,50.09503624868612],[12.22503662109375,50.10208363663026],[12.205123901367188,50.10428573276831],[12.199630737304688,50.122339102717106],[12.196884155273436,50.1408257416039],[12.208557128906248,50.160624929999365],[12.215423583984373,50.169861746007314],[12.205123901367188,50.16942193810324],[12.203750610351562,50.1861317930619],[12.190704345703125,50.193605362377454],[12.19757080078125,50.19844057810049],[12.182464599609375,50.20195679106085],[12.176284790039062,50.21162504127143],[12.161178588867188,50.21206446065373],[12.155685424804688,50.22963791789675],[12.147445678710938,50.233151832472245],[12.130966186523438,50.229198660367516],[12.104873657226562,50.24281376239237],[12.095260620117188,50.24896124371442],[12.100067138671875,50.25861996946575],[12.096633911132812,50.26476541187554],[12.139205932617188,50.27573744417743],[12.135086059570312,50.2867069484263],[12.122039794921875,50.29460342621637],[12.1234130859375,50.30425289732485],[12.1014404296875,50.31828499756704],[12.104873657226562,50.3217923756109],[12.117919921874998,50.315215829481396],[12.178344726562498,50.3231075756565],[12.20306396484375,50.30600713631876],[12.201690673828123,50.27222666890162],[12.25799560546875,50.26608218923894],[12.268981933593748,50.25071752130677],[12.249755859375,50.2546689092265],[12.24151611328125,50.24457026654082],[12.28065490722656,50.2270023120296],[12.29095458984375,50.21953397103998],[12.284088134765625,50.21030675884515],[12.29095458984375,50.20767008473418],[12.279281616210938,50.19536367929798],[12.29095458984375,50.18041592143885],[12.320480346679688,50.17162093714734],[12.341766357421875,50.169861746007314],[12.325973510742188,50.18261441454758],[12.337646484375,50.195803248410634],[12.327346801757812,50.208109540535936],[12.32666015625,50.22216998962196],[12.33489990234375,50.219973317586145],[12.333526611328125,50.241057193511956],[12.352066040039062,50.2406180411774],[12.360305786132812,50.24500938246365],[12.350006103515625,50.257741984396894],[12.363052368164062,50.28231945008158],[12.397384643554688,50.293726104506696],[12.404937744140625,50.30118282338593],[12.400131225585938,50.32135396750838],[12.429656982421875,50.324861119106465],[12.442703247070312,50.3454604086048],[12.466049194335938,50.35334713295602],[12.485275268554686,50.34940393451923],[12.496948242187498,50.36035645494996],[12.488021850585938,50.37174439592903],[12.513427734375,50.39713841743867],[12.547760009765623,50.4006399740463],[12.585525512695312,50.40589182397226],[12.60406494140625,50.40851753069726],[12.621231079101562,50.41551870402678],[12.652130126953125,50.40895513434],[12.671356201171875,50.41551870402678],[12.702255249023438,50.39845153147863],[12.711181640625,50.39801383084027],[12.709808349609375,50.40895513434],[12.73040771484375,50.423393787429745],[12.734527587890625,50.433454488702594],[12.791519165039062,50.4478856743724],[12.81074523925781,50.42951794712287],[12.80731201171875,50.44613667409073],[12.820358276367188,50.45968973545269],[12.897262573242188,50.42995535679469],[12.902069091796875,50.42208136445241],[12.912368774414062,50.421643882044705],[12.9364013671875,50.41245581799453],[12.9364013671875,50.40764231128779],[12.949447631835938,50.401515322782366],[12.942581176757812,50.409392733941374],[12.951507568359375,50.41464361393782],[12.986526489257812,50.42033141057554],[12.99957275390625,50.43520395767996],[13.02154541015625,50.44919738216061],[13.020172119140625,50.47673484653018],[13.0352783203125,50.50949663804864],[13.0462646484375,50.50949663804864],[13.062744140625,50.501199132933344],[13.100509643554688,50.501635880077636],[13.132095336914062,50.518229278906055],[13.13690185546875,50.51167994970682],[13.137588500976562,50.50512971183553],[13.15681457519531,50.50862328511521],[13.199386596679688,50.50381955521706],[13.193206787109375,50.51517303835635],[13.2110595703125,50.52870631568803],[13.223419189453125,50.54529020047422],[13.229598999023438,50.553579956456524],[13.224105834960938,50.56274062263236],[13.239898681640625,50.56928286558243],[13.2330322265625,50.58062060169053],[13.254318237304688,50.59544275464843],[13.281784057617188,50.592827419653545],[13.29071044921875,50.57538813950031],[13.321609497070312,50.58062060169053],[13.321609497070312,50.605902641613284],[13.359375,50.618538570096796],[13.375167846679688,50.62812218290114],[13.371734619140625,50.65207267042477],[13.391647338867186,50.64423567268727],[13.412246704101562,50.617667235717185],[13.465805053710938,50.60285208139405],[13.493957519531248,50.63160664876761],[13.528289794921875,50.63901028125873],[13.524856567382812,50.6503312283444],[13.514556884765625,50.65337870962132],[13.533096313476562,50.6677427443026],[13.541336059570312,50.6686131506577],[13.544769287109375,50.68949806239989],[13.526229858398438,50.70385104825872],[13.555755615234375,50.71428682471218],[13.602447509765625,50.712112896185104],[13.62648010253906,50.71646065241738],[13.62579345703125,50.72298153061673],[13.662872314453125,50.73167462346925],[13.681411743164062,50.72472027822819],[13.712997436523438,50.71689540585991],[13.710250854492186,50.725154955049604],[13.73291015625,50.73210923577103],[13.752136230468748,50.72558962783843],[13.767242431640625,50.73558598902108],[13.80706787109375,50.73341304848225],[13.822174072265625,50.726024296594694],[13.855819702148438,50.72819757988811],[13.8592529296875,50.740800635025714],[13.899078369140625,50.73949702795903],[13.897705078125,50.74992486841667],[13.891525268554686,50.767733723505344],[13.899078369140625,50.784667565037346],[13.899765014648438,50.79161300845443],[13.9251708984375,50.79074488445764],[13.945083618164062,50.79551936692376],[13.954696655273438,50.80333110444795],[13.957443237304688,50.80983988820981],[13.98834228515625,50.818083045912985],[14.006881713867188,50.80983988820981],[14.023361206054688,50.80897210276759],[14.037780761718748,50.80463293374479],[14.044647216796873,50.81157541073272],[14.074859619140623,50.81157541073272],[14.07966613769531,50.82111963202577],[14.114685058593748,50.83196297053503],[14.140777587890625,50.838901385494296],[14.170989990234375,50.8480064897561],[14.198455810546875,50.84930707388861],[14.21630859375,50.85884358291],[14.226608276367188,50.859277014261586],[14.236907958984375,50.87921050161489],[14.234848022460938,50.88830773807348],[14.255447387695312,50.88700824161983],[14.271926879882812,50.896537040473284],[14.297332763671875,50.88397594225127],[14.311752319335938,50.888740895502316],[14.348144531249998,50.89177288472538],[14.348831176757812,50.89913546547204],[14.382476806640625,50.89913546547204],[14.388656616210936,50.904331880498745],[14.387283325195314,50.91558879022659],[14.400329589843748,50.92294760545582],[14.400329589843748,50.93593091109999],[14.385223388671873,50.941123218673084],[14.371490478515623,50.93852713736125],[14.339904785156248,50.94934318659514],[14.319305419921875,50.952371229454116],[14.311065673828125,50.954533996431394],[14.315872192382812,50.95669666276118],[14.300765991210938,50.965346321637696],[14.313812255859375,50.972264889367494],[14.328918457031252,50.972264889367494],[14.324798583984373,50.98566668190682],[14.305572509765625,50.981343945663866],[14.292526245117188,50.97788546686277],[14.26025390625,50.9865311808553],[14.265060424804688,50.99733605932478],[14.261627197265625,51.00813842240311],[14.281539916992188,51.01375465718821],[14.284286499023436,51.02887190910807],[14.27398681640625,51.03923517590972],[14.2877197265625,51.0400986768664],[14.30145263671875,51.05261763229727],[14.311752319335938,51.05477573092765],[14.335784912109375,51.03966692839972],[14.360504150390625,51.045279344649146],[14.383163452148436,51.03664457647833],[14.385223388671873,51.025848853062705],[14.42024230957031,51.01634653617314],[14.449081420898436,51.033190218589574],[14.468994140624998,51.03232658888211],[14.488906860351562,51.022393690441405],[14.49371337890625,51.045279344649146],[14.504013061523436,51.04312080348012],[14.501266479492188,51.022393690441405],[14.543151855468752,51.01418664707926],[14.534912109374998,51.001657306391756],[14.565811157226562,51.00813842240311],[14.599456787109373,50.98393763571006],[14.594650268554688,50.96145417441552],[14.569244384765625,50.932036299921904],[14.558258056640623,50.9212162242195],[14.580917358398438,50.914290054964695],[14.643402099609375,50.92900693240737],[14.657821655273436,50.906929870532174],[14.617996215820312,50.86317771513582],[14.640655517578127,50.8549425194522],[14.669494628906248,50.84713941352264],[14.696273803710938,50.834998654005766],[14.710693359374998,50.83846776477957],[14.716186523437498,50.82372226295971],[14.748458862304688,50.830228205617445],[14.770431518554688,50.82111963202577],[14.789657592773438,50.8232885012118],[14.797897338867186,50.822420965626726],[14.80682373046875,50.84583876895451],[14.821700516664947,50.863284675735784],[14.825319193981016,50.86798564216106],[14.823387954214807,50.87044064652089],[14.8260498046875,50.887441411132265],[14.880981445312386,50.92727577667011],[14.91668701171875,50.9930144097952],[14.98260498046875,51.084547222263666],[15.004577636718636,51.18106473752023],[15.03753662109375,51.253320526331336],[15.03204345703125,51.2928411273273],[14.97161865234375,51.35634643388431],[14.9798583984375,51.37178037591737],[14.96612548828125,51.4163381064004],[14.96337890625,51.46085244645549],[14.92218017578125,51.47967237816338],[14.815063476562386,51.51045188624856],[14.72991943359375,51.536085601784755],[14.7161865234375,51.570241445811234],[14.76837158203125,51.60437164681676],[14.74639892578125,51.67255514839674],[14.66400146484375,51.735533641609564],[14.644775390625,51.78993084774129],[14.62554931640625,51.793328497122566],[14.600830078125,51.82219818336938],[14.60357666015625,51.84935276370605],[14.65301513671875,51.86970795368951],[14.694213867187386,51.90869633027845],[14.7216796875,51.951036645095904],[14.70245361328125,51.97134580885172],[14.71893310546875,52.00179230422271],[14.74639892578125,52.032218104145294],[14.754638671874886,52.07781801208549],[14.696960449218636,52.10313118589299],[14.67498779296875,52.13685974852633],[14.7052001953125,52.16550896167102],[14.688720703125,52.19750685699392],[14.710693359375,52.217704193421454],[14.70794677734375,52.25470880113083],[14.57611083984375,52.283282143126186],[14.58160400390625,52.303440474272755],[14.5623779296875,52.331982407533786],[14.5404052734375,52.3923633970718],[14.5513916015625,52.43257155802881],[14.633789062499886,52.49950372242746],[14.6063232421875,52.52958999943304],[14.617309570312614,52.549636074382256],[14.64202880859375,52.57301159428889],[14.59808349609375,52.6130549393468],[14.45526123046875,52.671385903202584],[14.3536376953125,52.75624323962823],[14.29046630859375,52.76621560598258],[14.227294921875,52.81438319143107],[14.120178222656364,52.83098033990201],[14.161376953125,52.8757609818473],[14.14215087890625,52.96518371955126],[14.24652099609375,52.996603366272716],[14.34814453125,53.05772343915075],[14.3865966796875,53.143475584594526],[14.370117187500114,53.15994678846807],[14.381103515624886,53.20274235350723],[14.45526123046875,53.26849833145892],[14.41680908203125,53.28163740806336],[14.3975830078125,53.35055131839989],[14.37286376953125,53.44553530620064],[14.35089111328125,53.49294782332984],[14.326171875,53.50438429010248],[14.306945800781364,53.5517310815021],[14.316879815406395,53.617731835314004],[14.284331189499625,53.63383747539515],[14.28499481678331,53.65894371821858],[14.270454717759968,53.664076814791926],[14.281140394650407,53.671663843907886],[14.283544326913841,53.68345232722741],[14.268495159982507,53.697766676409984],[14.273576110595343,53.74391312149769],[14.26704562852575,53.75288451877164],[14.282499863827297,53.77274176773494],[14.207980489745253,53.86345960068033],[14.215887314631544,53.88034030734422],[14.211705816824917,53.900444998350615],[14.205179540933017,53.91043265175186],[14.185830979201285,53.912406692744646],[14.188816003440934,53.9153009427006],[14.207437961631229,53.915984794781096],[14.238050188116944,53.93554698950079],[14.21520449225153,53.94207566267126],[14.197082519531136,53.948812433153115],[14.168243408203011,53.97466657389324],[14.131164550781136,53.99969748380847],[14.073486328124886,54.03358633521085],[14.025421142578239,54.061805960803696],[13.9691162109375,54.07953420368011],[13.934783935546875,54.10450206317112],[13.85101318359375,54.14071899775583],[13.830413818359375,54.18172660239092],[13.800201416015625,54.18815548107151],[13.71917724609375,54.18895902062141],[13.673858642578125,54.183333915776664],[13.627166748046875,54.16243396806779],[13.568115234374886,54.15358850331774],[13.48297119140625,54.13830552010698],[13.450012207031136,54.15198003388238],[13.42803955078125,54.178511788181325],[13.366241455078125,54.20582974353425],[13.4307861328125,54.21787604366902],[13.440399169921875,54.24917998455609],[13.436279296875,54.28046018644136],[13.45550537109375,54.29809495917476],[13.48297119140625,54.304505731895844],[13.5406494140625,54.303704439898084],[13.56536865234375,54.3197273165176],[13.594207763671875,54.31091550638434],[13.60931396484375,54.29248471412206],[13.6614990234375,54.27885665086437],[13.698577880859375,54.25800500877966],[13.742523193359375,54.26602611945041],[13.731536865234261,54.28286537279382],[13.7384033203125,54.308511957926754],[13.786468505859261,54.32773641556515],[13.778228759765625,54.34615142602754],[13.726043701171761,54.374158445055734],[13.68621826171875,54.40854093377361],[13.62579345703125,54.41413535660238],[13.590087890625,54.446887364029756],[13.6175537109375,54.482804559582554],[13.690338134765625,54.50513712914144],[13.701324462890625,54.56489641957533],[13.6614990234375,54.59275415276928],[13.6175537109375,54.59514107238643],[13.53515625,54.5832050753224],[13.436279296875,54.59195848180958],[13.401947021484489,54.63410762690361],[13.443145751953125,54.6436447697515],[13.456878662109375,54.665095162842086],[13.448638916015625,54.693678076405675],[13.3978271484375,54.69288437829768],[13.308563232421875,54.690503190824515],[13.234405517578125,54.676213131578194],[13.194580078124886,54.640465970694336],[13.20281982421875,54.60468735199844],[13.168487548828011,54.58718412962424],[13.154754638671875,54.61820741719788],[13.12591552734375,54.61264087543258],[13.088836669921989,54.59434544805755],[13.0792236328125,54.56410020448973],[13.055877685546875,54.53462931400306],[13.031158447265625,54.46125802526705],[12.959747314453125,54.456468365360344],[12.869110107421875,54.45966153424004],[12.772979736328125,54.456468365360344],[12.64251708984375,54.457266680933856],[12.557373046875,54.47163369907525],[12.560119628906364,54.48838884582756],[12.536773681640625,54.50354235020605],[12.4859619140625,54.48519791849952],[12.446136474609375,54.42691974266456],[12.403564453125,54.40054757700074],[12.36236572265625,54.36135760559306],[12.284088134765625,54.290080089394316],[12.215423583984489,54.26602611945041],[12.146759033203125,54.22751055441583],[12.072601318359375,54.19619017375832],[11.9915771484375,54.19136954556109],[11.873474121093864,54.160021756077484],[11.775970458984375,54.16404203127826],[11.674346923828125,54.16484603944897],[11.6015625,54.1278454916423],[11.5301513671875,54.11174798232063],[11.484832763671761,54.06825347040998],[11.460113525390625,54.04245742542455],[11.384582519531136,54.02471335178857],[11.35711669921875,54.002119031589814],[11.33514404296875,53.98355023169903],[11.284332275390625,53.95527747164856],[11.27197265625,53.99727579515571],[11.203308105468636,54.02067955159995],[11.130523681640625,54.02955339563476],[11.019287109375,54.02552006488194],[10.919036865234261,53.97870483500941],[10.88470458984375,54.00292618287952],[10.803680419921875,54.01987274461683],[10.8050537109375,54.061805960803696],[10.890197753906136,54.081145486784855],[11.02203369140625,54.13508733112155],[11.105804443359261,54.192976484097294],[11.097564697265625,54.334943271492],[11.1456298828125,54.36615838796701],[11.185455322265625,54.39415176985187],[11.3323974609375,54.38375645641211],[11.311798095703125,54.452476553950206],[11.263732910156136,54.50354235020605],[11.061859130859375,54.55295156056188],[11.00830078125,54.53462931400306],[10.971221923828239,54.49875763994263],[10.976715087890625,54.45087972039684],[11.07147216796875,54.409340183768315],[11.0577392578125,54.38695529486881],[11.011047363281136,54.39335222384589],[10.938262939453125,54.394951300276965],[10.8819580078125,54.3845561894001],[10.803680419921875,54.33734527614333],[10.713043212890625,54.32132926107913],[10.655364990234375,54.36375806691923],[10.531768798828239,54.38535590680546],[10.421905517578011,54.42851751056349],[10.317535400390625,54.44768586644478],[10.215911865234375,54.42771863440133],[10.229644775390625,54.44928282456209],[10.1788330078125,54.48041106058599],[10.118408203125,54.497162612031794],[9.976959228515625,54.49078187790788],[10.04150390625,54.533832507944304],[10.053863525390625,54.57285771526084],[10.051116943359261,54.69526542604806],[10.012664794921875,54.73017140973485],[9.982452392578011,54.7816821000196],[9.900054931640625,54.8086000512159],[9.84649658203125,54.76742416272956],[9.784698486328239,54.8086000512159],[9.7283935546875,54.81809622556344],[9.635009765625,54.84103609890123],[9.613037109375,54.852896436614586],[9.63226318359375,54.87581653814485],[9.6075439453125,54.88450696185534],[9.5855712890625,54.87739675458312],[9.540252685546875,54.863172576039666],[9.515533447265625,54.84894337808563],[9.437255859375,54.826007999094955],[9.41253662109375,54.840245285755714],[9.38507080078125,54.835500081451656],[9.34661865234375,54.80385112692028],[9.23126220703125,54.813348417419284],[9.2449951171875,54.852896436614586],[9.13787841796875,54.87344609731539],[9.05548095703125,54.86712424019824],[8.97308349609375,54.89872361296002],[8.865966796875,54.89714423283752],[8.830261230468636,54.901882187385006],[8.7615966796875,54.892405720815276],[8.706665039062386,54.90030293114211],[8.64898681640625,54.909777539554824]]],[[[8.562469482421875,47.803239552900614],[8.576545715332031,47.78017417610847],[8.559379577636605,47.77740564293292],[8.54736328125,47.78201978299012],[8.472862243652344,47.766560801839226],[8.453979492187386,47.72823964536174],[8.405914306640625,47.700520033704954],[8.419647216796875,47.68203210030427],[8.405914306640625,47.67001142887409],[8.44573974609375,47.65336285044984],[8.4649658203125,47.65336285044984],[8.47320556640625,47.642260848473],[8.4759521484375,47.649662445325035],[8.495864868164062,47.643648727772906],[8.527450561523438,47.64549917614882],[8.527450561523438,47.661225340769356],[8.53912353515625,47.65660048985082],[8.541183471679688,47.66538735632654],[8.562469482421875,47.67047381359744],[8.582382202148551,47.663537612601345],[8.598175048828239,47.67093619422418],[8.606414794921875,47.67093619422418],[8.609848022460938,47.66400005467766],[8.631134033203125,47.65475043477393],[8.624267578125,47.638559656739545],[8.60504150390625,47.63763431783611],[8.612594604492188,47.64642437575518],[8.607101440429688,47.6524377737497],[8.597488403320312,47.64272347900328],[8.598861694335824,47.62745450827172],[8.605728149414062,47.61403263852783],[8.578948974609375,47.59551406038282],[8.562469482421875,47.5996813120644],[8.573455810546875,47.61356975397398],[8.545303344726562,47.62745450827172],[8.519210815429688,47.63300737749619],[8.510284423828125,47.618661258713864],[8.475265502929574,47.611255269744255],[8.459472656249886,47.5996813120644],[8.466339111328125,47.584399766577576],[8.488311767578011,47.58810479342969],[8.493804931640625,47.5820839916191],[8.435440063476562,47.568187190520135],[8.395614624023551,47.57606249728773],[8.387374877929688,47.56587069843866],[8.324203491210938,47.5714301073211],[8.294677734375,47.5913464767971],[8.29742431640625,47.607551881912855],[8.278884887695312,47.61264397257417],[8.266525268554688,47.60894068308017],[8.259658813476562,47.61449551898437],[8.238372802734261,47.611255269744255],[8.227386474609375,47.60477416894759],[8.215713500976562,47.62097541515849],[8.2012939453125,47.619124098197325],[8.180694580078125,47.60292227835496],[8.161468505859489,47.59366184198747],[8.147048950195312,47.59458795938034],[8.139495849609375,47.584399766577576],[8.107223510742188,47.58301031389572],[8.098983764648324,47.5626274374099],[8.086624145507812,47.55753047866126],[8.06671142578125,47.56448075401425],[8.041305541992188,47.55567691617457],[8.016586303710938,47.5510427230903],[7.99530029296875,47.55614031294337],[7.9602813720703125,47.557067094186735],[7.9492950439453125,47.54455416428098],[7.9163360595703125,47.54733507355602],[7.9053497314453125,47.56077405523746],[7.9135894775390625,47.569577036593756],[7.886810302734375,47.589494110887394],[7.8600311279296875,47.58810479342969],[7.848358154296875,47.58069447747099],[7.8339385986328125,47.58532604787685],[7.817459106445199,47.58856790334661],[7.8119659423828125,47.570966845786124],[7.7941131591796875,47.55753047866126],[7.752227783203125,47.5459446373605],[7.7158355712890625,47.540846055746044],[7.691802978515625,47.53203824675999],[7.66571044921875,47.53621055123139],[7.658843994140625,47.5459446373605],[7.645396820611666,47.5520722540317],[7.633334364124309,47.56112664672417],[7.635834483614445,47.56396148226267],[7.648862284221167,47.559834877449184],[7.664203521910139,47.56595158915933],[7.678070068359261,47.56448075401425],[7.68218994140625,47.57050358015324],[7.6849365234375,47.56540738772852],[7.689056396484375,47.57235661809739],[7.683512532309777,47.575552317467924],[7.679443359375,47.583473468887405],[7.671738158454502,47.58538198982365],[7.683563232421875,47.59551406038282],[7.6943652241419045,47.60067569164334],[7.681973368930983,47.59822389019931],[7.674019359464552,47.59161685974883],[7.645696329269697,47.59690318115471],[7.619553099860752,47.577156748411575],[7.604670108307289,47.578266845687956],[7.6025390625,47.58625231278527],[7.589035968739324,47.589777999444514],[7.584441797227555,47.57522202281643],[7.567070194850459,47.57761006935448],[7.556407781613004,47.572270958027175],[7.557817063390836,47.565508085777054],[7.5168070422972555,47.54547752418327],[7.508839817972245,47.54532801006901],[7.496803867111808,47.53737094188582],[7.502261161601211,47.52890872424488],[7.511766168929412,47.529060090765874],[7.51887893757808,47.53446098397638],[7.529876496830681,47.531439800899065],[7.531006071527969,47.52639997795097],[7.523198444555817,47.51473981495491],[7.517134877580503,47.51794864605706],[7.504193624401751,47.51550261721151],[7.498047087152997,47.52131435955449],[7.499115732769212,47.51525132410398],[7.508471435711016,47.509291305632786],[7.510650422612599,47.49747304291325],[7.48675611362934,47.4821215548197],[7.471533669861344,47.48071344471964],[7.433978610928335,47.49782106071774],[7.420721902283191,47.48128234803264],[7.43986500622745,47.47964117087892],[7.457213931162727,47.47274524464254],[7.446172289522146,47.461993489024174],[7.428989305134774,47.458538250436334],[7.4282529616750566,47.45366773439876],[7.4187064692095745,47.4449379178441],[7.402282290537585,47.4358038472737],[7.368880376973806,47.433046744869515],[7.333534769481929,47.441111084073064],[7.306122753529131,47.43868645819489],[7.293762379811643,47.43393445827535],[7.282598125432472,47.43464376287189],[7.246313943298844,47.41978126208945],[7.234414100037981,47.438077285711806],[7.196803727590122,47.435575278886056],[7.170334392687948,47.443309462372774],[7.19032424651499,47.488265043526056],[7.202988128057768,47.49068113386362],[7.200636263980243,47.494019727085295],[7.16761971698142,47.48938007413197],[7.129493758624591,47.503275569375745],[7.114450604111596,47.495386568165145],[7.093574388188728,47.49507356316206],[7.077622558084428,47.48841406614639],[7.063958860599989,47.4947689153901],[7.023448830036784,47.504966181174495],[6.985004904831015,47.49384376541325],[6.987792603021674,47.47289550250757],[7.000334505684016,47.46442061849821],[7.002410888671875,47.455022875083706],[6.99253744733727,47.44869282039866],[6.972198486328125,47.447593738482304],[6.961212158203125,47.43366127871628],[6.94061279296875,47.43366127871628],[6.939239501953125,47.40671472747142],[6.914520263671875,47.4053205652024],[6.9138336181640625,47.38998234483188],[6.886367797851449,47.37603463349758],[6.8795013427734375,47.35510614717034],[6.887054443359375,47.35371061951363],[6.8987274169921875,47.357897091768734],[6.9275665283203125,47.35603647843866],[6.978378295898324,47.36068788874812],[7.0017242431640625,47.36580396648149],[7.0127105712890625,47.372314620566925],[7.0333099365234375,47.368594345213374],[7.036056518554574,47.364873807434094],[7.05047607421875,47.36068788874812],[7.05047607421875,47.34929120512817],[7.061805725097656,47.343940892562685],[7.054595947265511,47.33603074146188],[7.05596923828125,47.3339366795608],[7.045326232910156,47.32672316405057],[7.03399658203125,47.32835210850964],[7.007217407226449,47.32299967378833],[7.0154571533203125,47.31555190588103],[7.007904052734375,47.301584511330795],[6.9934844970703125,47.29506513071765],[6.97357177734375,47.296462208519344],[6.973228454589844,47.291339409457294],[6.941986083984375,47.287613425713516],[6.951942443847543,47.26804770458176],[6.949195861816293,47.24987305653909],[6.956062316894531,47.24404652858924],[6.943359375,47.23682074383089],[6.941986083984375,47.23192529747055],[6.928253173828011,47.22726254715105],[6.9248199462890625,47.22166670529949],[6.879844665527344,47.20044377215564],[6.8740081787109375,47.18644598356959],[6.84173583984375,47.17104415159213],[6.8602752685546875,47.16497553655583],[6.815643310546875,47.136957558964724],[6.7401123046875,47.10799013117133],[6.7462921142578125,47.09630525444073],[6.738739013671761,47.09116309620141],[6.725006103515625,47.09163058564968],[6.7037200927734375,47.081344869872034],[6.707153320312386,47.077136504604255],[6.692047119140625,47.068251086353435],[6.7181396484375,47.05141149430736],[6.694793701171875,47.03643850299412],[6.6831207275390625,47.0378423994542],[6.6542816162109375,47.02473792939154],[6.64398193359375,47.003670432765695],[6.6117095947265625,46.99196267665314],[6.5979766845703125,46.99289939154502],[6.5643310546875,46.98072081733128],[6.504592895507699,46.96666516842385],[6.497039794921875,46.97556750833867],[6.4565277099609375,46.94276208682137],[6.4324951171875,46.92869646304893],[6.4620208740234375,46.89445467836727],[6.4606475830078125,46.85079989251277],[6.4414215087890625,46.831542955607],[6.44073486328125,46.81603845633046],[6.431121826171761,46.81133924039194],[6.4359283447265625,46.799589404058295],[6.4592742919921875,46.78830714664984],[6.4524078369140625,46.77514152351191],[6.436614990234375,46.76244305208004],[6.396789550781136,46.748800618513776],[6.3892364501953125,46.74127228017599],[6.3919830322265625,46.73844888224751],[6.3700103759765625,46.729977801371696],[6.3727569580078125,46.725741761939965],[6.361083984375,46.72291755083757],[6.3343048095703125,46.707852594536355],[6.2821197509765625,46.69042849603031],[6.269073486328125,46.68194987446882],[6.266326904296875,46.675354470982896],[6.212768554687386,46.643308202357474],[6.109771728515625,46.5782147398224],[6.156463623046875,46.54563867035857],[6.149597167968636,46.53949896024682],[6.1516571044921875,46.53666501370254],[6.1447906494140625,46.528162286622035],[6.1379241943359375,46.530760483351166],[6.1138916015625,46.510916559054614],[6.097412109375,46.48231911886259],[6.07269287109375,46.466004754186365],[6.075096130371094,46.454179694684484],[6.084022521972656,46.44731998341687],[6.085395812988281,46.44329837168911],[6.075439453125,46.43241487490761],[6.0651397705078125,46.417032314661775],[6.067886352538949,46.41537547235898],[6.099472045898324,46.409457767475764],[6.10565185546875,46.39975134143323],[6.1138916015625,46.39619977845332],[6.112861633300668,46.4004616262897],[6.149940490722656,46.37725420510028],[6.159210205078125,46.379149058330746],[6.162300109863281,46.37417492835702],[6.169853210449219,46.36683133695191],[6.159553527832031,46.357354276167015],[6.158180236816406,46.35095633080133],[6.1516571044921875,46.34669061776568],[6.139984130859375,46.33886927924262],[6.137237548828125,46.334602622976156],[6.131744384765625,46.32488288538415],[6.123847961425781,46.31682130510615],[6.120758056640511,46.312315787003286],[6.119041442871094,46.30116896429923],[6.121101379394531,46.2999829985154],[6.118011474609261,46.29476444388206],[6.115264892578011,46.29429000516299],[6.102561950683594,46.28503762859978],[6.103935241699219,46.27863122156088],[6.113548278808594,46.27246138084736],[6.109428405761719,46.27056282856689],[6.119384765625,46.26462942880333],[6.1241912841796875,46.25157368856837],[6.108741760253906,46.23993959249809],[6.10015869140625,46.23851483974427],[6.087455749511719,46.24658794952197],[6.072349548339844,46.24183920528805],[6.064109802246094,46.24468850115533],[6.0472869873046875,46.23234048363967],[6.032867431640625,46.23803991393845],[6.016387939453125,46.231390521040886],[6.00128173828125,46.221177384644655],[5.9909820556640625,46.22260258751594],[5.992698669433594,46.21571376423945],[5.978622436523324,46.21642644120982],[5.970039367675781,46.20834889395228],[5.972099304199219,46.203359227150635],[5.963859558105469,46.19718091651456],[5.991668701171761,46.18672373121336],[5.994071960449219,46.18268292219694],[5.987548828125,46.17079646832833],[5.983085632324219,46.17341170863143],[5.978279113769531,46.163425576585695],[5.964202880859375,46.144637225509136],[5.965919494628906,46.137976523476574],[5.95733642578125,46.13345630246953],[5.95733642578125,46.12893571042332],[5.97381591796875,46.13250462971521],[5.983085632324219,46.13845231463026],[5.983085632324219,46.14344787353021],[5.994071960449219,46.14439935716893],[6.015357971191293,46.14225849585642],[6.028747558593636,46.13987966342405],[6.035270690917969,46.134645870286704],[6.043510437011719,46.14178273759234],[6.046600341796875,46.1408312087306],[6.051750183105469,46.151297121751725],[6.075782775878793,46.1489186798803],[6.088829040527344,46.151297121751725],[6.0919189453125,46.15105928218962],[6.099815368652344,46.14392361740515],[6.1255645751953125,46.14154485691861],[6.133460998535156,46.14059332394566],[6.142730712890625,46.1470158523825],[6.148223876953125,46.1470158523825],[6.155433654785156,46.152724137540936],[6.18804931640625,46.16627894216698],[6.187019348144531,46.17935497410555],[6.195945739746094,46.18387142626913],[6.206932067871094,46.191952572573186],[6.2203216552734375,46.19908200916708],[6.2347412109375,46.20644812194458],[6.244697570800781,46.205022499775325],[6.2450408935546875,46.20692332111272],[6.249504089355355,46.20526010603945],[6.258430480957031,46.2114375081839],[6.2779998779296875,46.21523864112077],[6.293792724609375,46.22474032245462],[6.3095855712890625,46.24421362878723],[6.307182312011719,46.25181109340944],[6.309928894042855,46.2565589744287],[6.301689147949219,46.25442247883765],[6.295166015625,46.25727112112845],[6.295166015625,46.264392079453856],[6.2848663330078125,46.255846818480315],[6.285552978515625,46.25442247883765],[6.276283264160156,46.25252330176688],[6.2683868408203125,46.248012492636065],[6.260490417480469,46.25204849722289],[6.260833740234375,46.254897262829054],[6.2491607666015625,46.262493247664075],[6.2422943115234375,46.27317332099715],[6.238861083984261,46.27673288302042],[6.238861083984261,46.28195315575793],[6.2519073486328125,46.29025711009907],[6.247444152832031,46.3023549043942],[6.219978332519531,46.31207864419623],[6.252593994140625,46.36043450124008],[6.334991455078125,46.403302673251105],[6.425285339355469,46.415848861010865],[6.520385742187386,46.45583535762056],[6.68243408203125,46.45441622104292],[6.8218231201171875,46.4279188831682],[6.801910400390511,46.38720145098313],[6.807403564453011,46.379622761364125],[6.79229736328125,46.36730514683829],[6.7737579345703125,46.36493605630856],[6.7710113525390625,46.35593257526045],[6.7874908447265625,46.33080976014871],[6.796417236328125,46.33318033024091],[6.8025970458984375,46.320378031062354],[6.812896728515625,46.320852243721966],[6.8314361572265625,46.30567539999591],[6.8314361572265625,46.30093177319756],[6.849288940429574,46.29001987172955],[6.8561553955078125,46.29239220918418],[6.866455078125,46.28052949433555],[6.859588623046875,46.27198674894286],[6.85546875,46.254897262829054],[6.8396759033203125,46.24540080200012],[6.8314361572265625,46.234002878622505],[6.820449829101449,46.231153027822046],[6.821136474609375,46.221177384644655],[6.80328369140625,46.204072064441746],[6.8122100830078125,46.18078126223906],[6.791610717773324,46.16176104498355],[6.790924072265625,46.15319980124842],[6.7984771728515625,46.13607331774968],[6.8067169189453125,46.135597506039915],[6.815643310546875,46.12988744484639],[6.8396759033203125,46.1322667089571],[6.852035522460824,46.1279839595552],[6.899414062499886,46.1241767916318],[6.883621215820199,46.095138483907725],[6.8904876708984375,46.076564991185734],[6.878814697265625,46.068466896242725],[6.8753814697265625,46.052267141590704],[6.889801025390625,46.04178241461432],[6.8987274169921875,46.04750160330395],[6.914520263671875,46.05322019990778],[6.9248199462890625,46.06465561687544],[6.9358062744140625,46.065132041186985],[6.936492919921875,46.05560277374621],[6.94610595703125,46.05083752327744],[6.950225830078125,46.05179060626465],[6.9646453857421875,46.02986553649432],[6.985931396484375,46.00697792659972],[7.0058441162109375,45.99982360564013],[7.021636962890625,45.97835509159471],[7.0113372802734375,45.97167430006619],[7.020263671874886,45.96021963947196],[7.0374298095703125,45.95464478829993],[7.036454354145363,45.9378846326932],[7.044150069975359,45.92258673523031],[7.060089111328125,45.91055540605009],[7.065582275390625,45.897654534346906],[7.0786285400390625,45.89000815866184],[7.0868682861328125,45.88140472759939],[7.096481323242074,45.87184379699793],[7.10540771484375,45.86084669314834],[7.126007080078125,45.86132487333675],[7.1376800537109375,45.87184379699793],[7.1575927734375,45.87853662114514],[7.1665191650390625,45.86945330731374],[7.189178466796875,45.85845573051733],[7.19879150390625,45.863237552964364],[7.200164794921875,45.87423418386832],[7.2173309326171875,45.88905228767691],[7.23724365234375,45.89000815866184],[7.254409790038949,45.891919851282076],[7.25921630859375,45.88714049635727],[7.288742065429574,45.920587344733654],[7.31964111328125,45.917243566677804],[7.323760986328125,45.90768880475299],[7.3450469970703125,45.91533274588853],[7.356719970703125,45.908644354968246],[7.384185791015625,45.89717666670996],[7.4027252197265625,45.91055540605009],[7.414398193359375,45.91055540605009],[7.444610595703125,45.930139885994556],[7.4604034423828125,45.93443799290722],[7.475509643554574,45.9353930825417],[7.4713897705078125,45.95067227963381],[7.4988555908203125,45.96117428498824],[7.5167083740234375,45.95831029909359],[7.5421142578125,45.95735560423149],[7.5400543212890625,45.976446376256575],[7.548980712890511,45.98598929501943],[7.5798797607421875,45.98646639778119],[7.5867462158203125,45.97119706983072],[7.6251983642578125,45.97024259702345],[7.6471710205078125,45.97071983548312],[7.659530639648324,45.975491993915114],[7.679443359375,45.95544616516134],[7.7062225341796875,45.95449142095327],[7.706909179687386,45.93061746987842],[7.72613525390625,45.923930921285205],[7.7405548095703125,45.92870710966921],[7.7501678466796875,45.940168283978565],[7.776947021484375,45.93300532761351],[7.80303955078125,45.916765867649005],[7.823638916015625,45.92631906688105],[7.8607177734375,45.920587344733654],[7.870330810546875,45.919154321669474],[7.878570556640625,45.92727429633322],[7.8710174560546875,45.93587062119052],[7.870330810546875,45.94780775093224],[7.875823974609375,45.94971745318209],[7.877883911132699,45.96165160157818],[7.8792572021484375,45.97406038956237],[7.895050048828125,45.976446376256575],[7.9108428955078125,45.99743862638977],[7.9850006103515625,45.99696161820381],[8.002853393554688,46.01079318614809],[8.013153076171875,46.01413132237831],[8.013153076171875,46.02986553649432],[8.035125732421875,46.044642082970135],[8.023452758789062,46.072754270993904],[8.034439086914062,46.1022804698085],[8.075637817382812,46.106089150705124],[8.109970092773438,46.112277695957935],[8.115463256835938,46.131315015646564],[8.147735595703125,46.13607331774968],[8.150482177734375,46.163187789440116],[8.164215087890625,46.17887953650578],[8.152542114257812,46.198844376182535],[8.136749267578125,46.226877974151705],[8.123703002929688,46.23067803830134],[8.109283447265625,46.248724750319965],[8.079757690429688,46.25964487666549],[8.101730346679574,46.275783689088],[8.1243896484375,46.29476444388206],[8.139495849609375,46.3023549043942],[8.161468505859375,46.2957133089894],[8.208847045898438,46.30567539999591],[8.223953247070312,46.33223211453405],[8.265151977539062,46.34692761055676],[8.263778686523438,46.36067143443812],[8.274765014648438,46.36730514683829],[8.287811279296875,46.36398839132818],[8.314590454101449,46.380096460287824],[8.315277099609375,46.39667333354005],[8.310470581054688,46.4023556740354],[8.2891845703125,46.4056700993737],[8.306350708007812,46.4250791183536],[8.322830200195312,46.42413249720715],[8.365402221679688,46.45299704748289],[8.383941650390625,46.45015858941525],[8.439559936523438,46.464349400461124],[8.465652465820312,46.443534945303284],[8.455352783203125,46.432651495778465],[8.459472656249886,46.41845242514014],[8.466339111328125,46.4141919827505],[8.46221923828125,46.4023556740354],[8.471145629882812,46.395252655951154],[8.462905883789062,46.38720145098313],[8.470458984375,46.36019756701459],[8.463592529296875,46.3540369165138],[8.462905883789062,46.33080976014871],[8.440933227538949,46.31895536842305],[8.433380126953125,46.301880531438854],[8.427886962890511,46.30093177319756],[8.453979492187386,46.26486677712518],[8.441619873046875,46.25204849722289],[8.463592529296875,46.244451065485094],[8.471145629882812,46.230203044669985],[8.492431640625,46.22735299655779],[8.515090942382812,46.220702308799446],[8.532257080078125,46.218801964311396],[8.540496826171875,46.19599270020596],[8.554916381835938,46.1893382140708],[8.567276000976449,46.18125668339498],[8.576202392578125,46.16176104498355],[8.583755493164062,46.160809861457125],[8.601608276367074,46.155102414967125],[8.592681884765625,46.14321000005104],[8.613967895507812,46.130839162824415],[8.61328125,46.123224958538096],[8.647613525390625,46.12274903582433],[8.662033081054574,46.11132565729796],[8.669586181640625,46.10894548869913],[8.67645263671875,46.10989756847276],[8.686065673828125,46.10132825847029],[8.714218139648438,46.09942378645679],[8.722457885742074,46.11132565729796],[8.743057250976562,46.12132124301515],[8.75885009765625,46.10085214663405],[8.77532958984375,46.098471525781505],[8.797988891601562,46.09561464508116],[8.807601928710938,46.0998999106273],[8.852920532226562,46.07227791246786],[8.85498046875,46.057985244793024],[8.844680786132812,46.05083752327744],[8.83575439453125,46.05083752327744],[8.832321166992188,46.04178241461432],[8.822021484375,46.02271417608516],[8.803482055664062,46.02128379298403],[8.784255981445312,45.991714256768006],[8.821334838867188,45.988851849909835],[8.842620849609375,45.98264946055033],[8.881072998046875,45.95640089292073],[8.895492553710938,45.9587876403564],[8.894119262695312,45.93396044192156],[8.907852172851562,45.916288164507876],[8.9208984375,45.913421859301565],[8.925704956054688,45.89000815866184],[8.936004638671875,45.869931413475676],[8.943557739257699,45.867540841540254],[8.925018310546761,45.85462997645187],[8.914031982421875,45.83119148947943],[8.953857421874886,45.841716113258904],[8.972396850585824,45.832626782661535],[8.991622924804688,45.836454050187726],[8.997116088867188,45.82114340079471],[9.031448364257812,45.82114340079471],[9.040374755859375,45.84649937512838],[9.05548095703125,45.8766244679252],[9.076080322265625,45.8876184503559],[9.089813232421875,45.900999492657384],[9.080200195312386,45.900999492657384],[9.07470703125,45.91103315853962],[9.053421020507812,45.92154267288144],[9.041061401367188,45.92631906688105],[9.021835327148438,45.92822950933618],[9.019088745117188,45.93969078234],[9.012222290039062,45.944943074191265],[9.017715454101562,45.95067227963381],[9.016342163085938,45.95831029909359],[8.990936279296761,45.97071983548312],[8.995742797851562,45.98312659209629],[9.012222290039062,45.980263741139915],[9.009475708007812,45.98837476770814],[9.026641845703125,45.99362244576694],[9.018402099609375,46.02033018369074],[9.009475708007812,46.034155908665014],[9.019088745117188,46.05083752327744],[9.07470703125,46.06608487747521],[9.08843994140625,46.0856143970306],[9.072647094726562,46.118941506107056],[9.119338989257812,46.13607331774968],[9.13787841796875,46.155102414967125],[9.157791137695312,46.162236630580146],[9.160537719726562,46.17174747919073],[9.180450439453125,46.16936992120204],[9.197616577148438,46.17983040759436],[9.193496704101449,46.19551740648851],[9.203796386718636,46.2088240766772],[9.219589233398324,46.214050815339526],[9.22027587890625,46.229253045075275],[9.235382080078011,46.23305294479828],[9.246368408203125,46.23210299453147],[9.251861572265625,46.268189545732],[9.260787963867188,46.27910579592009],[9.283447265625,46.296187735377686],[9.287567138671875,46.31184150036163],[9.2999267578125,46.326068311712596],[9.29718017578125,46.347875571446274],[9.28070068359375,46.36114529775181],[9.276580810546875,46.38199121488583],[9.28070068359375,46.41513877649199],[9.24774169921875,46.433124734438216],[9.249114990234375,46.44637374854379],[9.276580810546875,46.45772748219606],[9.282073974609375,46.495556167319506],[9.371337890625,46.50784482789971],[9.371337890625,46.49082901981415],[9.4097900390625,46.4662412291809],[9.42626953125,46.494610770689384],[9.460601806640625,46.50595444552049],[9.456481933593636,46.419872498633765],[9.46746826171875,46.40093514439044],[9.46197509765625,46.379149058330746],[9.4976806640625,46.35924981983804],[9.5416259765625,46.308047059262954],[9.559478759765625,46.30140615437332],[9.60205078125,46.29381556233369],[9.630889892578125,46.28717293114449],[9.674835205078011,46.29761098988109],[9.70916748046875,46.29096881904223],[9.7283935546875,46.31848113932307],[9.721527099609375,46.32417161725691],[9.72564697265625,46.34218755951396],[9.743499755859375,46.3507193554773],[9.77508544921875,46.336498955749924],[9.8382568359375,46.36114529775181],[9.87396240234375,46.36588370484979],[9.902801513671875,46.37820163993491],[9.930267333984375,46.36493605630856],[9.935760498046875,46.374411801963404],[9.953613281249886,46.37820163993491],[9.963226318359375,46.36588370484979],[9.99755859375,46.34882351589622],[9.9810791015625,46.319429593412906],[9.998931884765625,46.31373862226742],[9.99481201171875,46.2881219277807],[10.05523681640625,46.26913887119721],[10.059356689453125,46.24350131252777],[10.042877197265625,46.22545288226939],[10.0689697265625,46.21595132425726],[10.09368896484375,46.22640294763494],[10.149993896484375,46.23210299453147],[10.17608642578125,46.25394769073575],[10.15411376953125,46.29381556233369],[10.10467529296875,46.32891323009468],[10.108795166015511,46.357354276167015],[10.133514404296875,46.36304070990861],[10.130767822265625,46.379149058330746],[10.162353515625,46.38767508415227],[10.160980224609375,46.41513877649199],[10.12664794921875,46.42933871009928],[10.086822509765625,46.417979059090115],[10.040130615234375,46.44448122948704],[10.052490234375,46.47380788661107],[10.042877197265625,46.50973514453876],[10.053863525390625,46.52202060029237],[10.040130615234375,46.54091587805394],[10.084075927734375,46.568302354495195],[10.086822509765625,46.57679879569826],[10.103302001953125,46.58812531342674],[10.100555419921875,46.604167162931844],[10.1129150390625,46.60699758458517],[10.185699462890625,46.6239770088969],[10.21728515625,46.61831779233193],[10.237884521484261,46.63529366744315],[10.259857177734375,46.61077125007589],[10.2447509765625,46.59001283632443],[10.246124267578125,46.57019056757178],[10.269470214843636,46.57585481240773],[10.287322998046875,46.56735822330717],[10.2996826171875,46.5503610518162],[10.331268310546875,46.5503610518162],[10.3436279296875,46.54280504427768],[10.355987548828011,46.557916007595786],[10.394439697265625,46.543749602738565],[10.4205322265625,46.549416608392264],[10.456237792968636,46.53335855579562],[10.47821044921875,46.55130547880643],[10.4864501953125,46.613601326659726],[10.44525146484375,46.63717954716511],[10.40679931640625,46.63435070293566],[10.383453369140625,46.68618935159652],[10.40130615234375,46.705027447019],[10.4150390625,46.717268685073954],[10.40130615234375,46.73515473113437],[10.441131591796875,46.7549166192819],[10.424652099609261,46.79253827035982],[10.449371337890625,46.80475964822951],[10.469808251168445,46.85496216372534],[10.47271728515625,46.9052455464292],[10.49468994140625,46.937136280659246],[10.43426513671875,46.95588666908011],[10.41229248046875,46.97837846572259],[10.36834716796875,46.9933677428342],[10.338134765625,46.98399993718925],[10.3216552734375,46.95776134668866],[10.318908691406248,46.92588289494367],[10.2447509765625,46.92963428624288],[10.228271484374998,46.87145819560722],[10.1019287109375,46.84516443029276],[10.08270263671875,46.862069043222895],[10.04974365234375,46.869580496513265],[10.016784667968748,46.89023157359399],[9.942626953125,46.914627144654055],[9.8712158203125,46.931509883369316],[9.8876953125,46.98962081759436],[9.876708984375,47.010225655683485],[9.86297607421875,47.02333368818491],[9.80255126953125,47.02707824931892],[9.70916748046875,47.04954010021555],[9.64874267578125,47.060767479833494],[9.626878495403105,47.051362724946614],[9.607543945312498,47.06062806303748],[9.603544868905864,47.06180428489402],[9.600005629305851,47.05913721919434],[9.59179419236888,47.057048860503],[9.58209705870351,47.05281858100555],[9.576188451872724,47.05325636753619],[9.565098319949485,47.05098157258844],[9.559954621004323,47.048489727695994],[9.557418823242188,47.04871533817632],[9.554439910075274,47.05050033323293],[9.55305379145409,47.05742212548697],[9.549219691181236,47.060920305477694],[9.544630893426756,47.0624913834944],[9.539651027960431,47.06507362452187],[9.531007735035558,47.06291810218944],[9.516662635758962,47.06017559986148],[9.513750868349632,47.057114214476435],[9.50312332514605,47.056252612233486],[9.499850442065167,47.057008171173756],[9.498529862909578,47.053639895499366],[9.493432460946082,47.056572427109046],[9.491253574904249,47.05613801427056],[9.485451583872418,47.04891785466413],[9.481743480119704,47.05264338491292],[9.482121298655983,47.05613030474931],[9.478860700678105,47.05557673405758],[9.476534027796035,47.0539096802063],[9.476782899466833,47.05207093963561],[9.47596990810726,47.051679158277544],[9.471027124803697,47.06431392108174],[9.492497573404421,47.073840431267584],[9.515206840085881,47.085748144362846],[9.519883304400196,47.10185993425323],[9.507821317040396,47.14188721929892],[9.499893557449994,47.149722740868114],[9.491262310034557,47.16288042686528],[9.485902912134348,47.18141998050923],[9.489731851574916,47.19714253268577],[9.499804245463935,47.21131021479144],[9.501390331273967,47.22004208635694],[9.507637023925781,47.2288945564232],[9.520426525789944,47.24377173503659],[9.530402076354193,47.26258891857858],[9.530100610080837,47.27065164618086],[9.5635986328125,47.30530951077587],[9.60205078125,47.327653995607115],[9.6240234375,47.36115300722623],[9.66522216796875,47.372314620566925],[9.678955078125,47.387193097780425],[9.656982421875,47.41507892620101],[9.657625580206,47.45078398579886],[9.621223781373729,47.45806916481525],[9.607702729989882,47.46965036821205],[9.600794792641352,47.46077044673981],[9.564446067904072,47.49292226522306],[9.562781525776387,47.50441909613149],[9.550607532969408,47.53719979223425],[9.519653320312386,47.53481981995956],[9.449615478515625,47.5941249027327],[9.25872802734375,47.65983792850961],[9.174270629882926,47.65475043477393],[9.157791137695312,47.66538735632654],[9.134445190429688,47.663537612601345],[9.104232788085938,47.67602211074509],[9.0252685546875,47.68480570814145],[8.959350585937386,47.66168780332917],[8.896179199218636,47.64873730307524],[8.876953125,47.65706299337809],[8.867340087890625,47.68018294648414],[8.850860595703239,47.682956652635696],[8.853607177734375,47.695898664798875],[8.865623474121094,47.69705404542752],[8.863563537597656,47.69335673729817],[8.875236511230469,47.69451217425039],[8.873176574707031,47.70398579157171],[8.849830627441406,47.70514099299205],[8.84674072265625,47.711147627695155],[8.822021484375,47.712071663900744],[8.824424743652457,47.71784651898466],[8.806915283203125,47.724313596879625],[8.811721801757699,47.7303180218142],[8.805885314941406,47.73793802588284],[8.798332214355469,47.73355088699622],[8.800048828125,47.72777777266438],[8.78631591796875,47.727084955938714],[8.770179748535156,47.71715357016648],[8.770179748535156,47.70791337194979],[8.794898986816406,47.70306161200279],[8.799018859863281,47.69774726151598],[8.810691833496094,47.69381891515127],[8.801078796386719,47.69243236930309],[8.793525695800668,47.6750974355193],[8.727951049804688,47.69451217425039],[8.735160827636719,47.715536653750945],[8.7176513671875,47.724544549099676],[8.713874816894531,47.73539814842237],[8.722801208496094,47.74648034083308],[8.743057250976562,47.74809629679189],[8.716964721679688,47.76425309705425],[8.696365356445312,47.75848338716458],[8.690185546875,47.75917578613811],[8.682975769042855,47.78548011929362],[8.65413665771473,47.799319161084114],[8.646926879882812,47.78109698773946],[8.632164001464844,47.759637380334595],[8.618087768554688,47.779020638534774],[8.619461059570312,47.800702862566204],[8.573455810546875,47.80208652719499],[8.562469482421875,47.803239552900614]]]]}}