{"type":"Feature","properties":{"name":"Burgenland"},"geometry":{"type":"Polygon","coordinates":[[[15.9962508,46.8353987],[15.9965256,46.8352093],[15.9965536,46.8351854],[15.9966124,46.8351351],[15.9967467,46.8350195],[15.9969039,46.8349779],[15.997228,46.8348921],[15.997404,46.8348278],[15.9975214,46.8347013],[15.9977729,46.8345102],[15.998104,46.8341798],[15.998236,46.8340588],[15.998526,46.8337364],[15.9985959,46.8336511],[15.9986312,46.8336226],[15.9988214,46.8334199],[15.9991275,46.8330858],[15.9991787,46.8330354],[15.9994293,46.8327735],[15.9996083,46.8326345],[16.0001684,46.8322866],[16.0006676,46.8319327],[16.0010058,46.8317672],[16.0014842,46.8315331],[16.0019468,46.8313957],[16.0024304,46.8312933],[16.003199,46.8312882],[16.0032946,46.8312436],[16.0035848,46.831256],[16.0042564,46.8312587],[16.0045976,46.8313424],[16.0046886,46.8313273],[16.0049179,46.8312616],[16.0051155,46.8311977],[16.0052514,46.8311352],[16.0053438,46.8311142],[16.0054654,46.8310865],[16.0057017,46.8310369],[16.0058375,46.8310013],[16.0059669,46.8309478],[16.0061549,46.8308944],[16.0062014,46.8308855],[16.0063172,46.8308632],[16.0065851,46.8308468],[16.0070522,46.830811],[16.0072435,46.8307783],[16.0074114,46.8307348],[16.0074841,46.8307074],[16.0076586,46.830636],[16.0076789,46.8306738],[16.0079767,46.8307416],[16.0079268,46.8308207],[16.0080329,46.8310153],[16.0080845,46.8311099],[16.0079503,46.8311827],[16.0081466,46.8314579],[16.0079462,46.8316052],[16.0079956,46.8316035],[16.0083291,46.8317681],[16.0085213,46.8317354],[16.0085671,46.8317161],[16.0086157,46.8317188],[16.0086701,46.8317548],[16.0087497,46.8318363],[16.0088359,46.8318785],[16.0088652,46.8319248],[16.0089484,46.8320201],[16.0090317,46.8320784],[16.0090623,46.8321338],[16.0091555,46.8322089],[16.0092418,46.8323641],[16.0093324,46.8324204],[16.0095872,46.8326626],[16.0097304,46.8327739],[16.0098318,46.8328138],[16.009928,46.8328963],[16.0099802,46.8330583],[16.010039,46.8331428],[16.010135,46.8332417],[16.0102681,46.8334073],[16.0103674,46.8335488],[16.0104618,46.8337022],[16.0104918,46.8337249],[16.0105231,46.8337485],[16.0105894,46.8338758],[16.0107047,46.8339807],[16.0107074,46.8340544],[16.0107857,46.8342794],[16.0109203,46.8343939],[16.0110439,46.8345029],[16.0112149,46.8345911],[16.0113412,46.8346175],[16.0114065,46.8346642],[16.011474,46.8346703],[16.0115296,46.8347032],[16.011561,46.8347227],[16.0116605,46.8347085],[16.0117074,46.8347406],[16.0117677,46.8347138],[16.0118853,46.8347488],[16.0119599,46.8348127],[16.0120354,46.8348297],[16.0122364,46.8349165],[16.0124679,46.8350207],[16.0131384,46.8355528],[16.0135119,46.8358974],[16.0139511,46.8360855],[16.0141267,46.8361107],[16.014386,46.8361479],[16.0144607,46.8361153],[16.0151017,46.8362528],[16.0152122,46.8362765],[16.015409,46.836284],[16.0157325,46.8360775],[16.0161481,46.836062],[16.0162049,46.8360737],[16.0165951,46.8361924],[16.0170651,46.836352],[16.0178002,46.8363637],[16.0181158,46.8363183],[16.0183373,46.8363377],[16.0186078,46.8365533],[16.0183848,46.8367302],[16.0183761,46.8367618],[16.0184989,46.8367782],[16.018626,46.836838],[16.0187748,46.8368666],[16.0189604,46.8368834],[16.0190717,46.836879],[16.0192926,46.8368213],[16.0193453,46.8368576],[16.0193619,46.8368704],[16.0193684,46.8368754],[16.0194279,46.8369211],[16.0194988,46.8369387],[16.0195072,46.8369408],[16.019552,46.8369781],[16.0195903,46.8369864],[16.0196044,46.8370029],[16.0197456,46.8371685],[16.0198466,46.8372464],[16.0198604,46.8372842],[16.0199102,46.8373242],[16.0199396,46.8373478],[16.0199509,46.8373569],[16.01999,46.8373816],[16.0200139,46.8373878],[16.020079,46.8373763],[16.0202896,46.8374234],[16.020305,46.8374472],[16.020247,46.8375392],[16.0201545,46.8375824],[16.0201476,46.8376077],[16.0202148,46.8376407],[16.0202449,46.837664],[16.0202647,46.8377292],[16.0203388,46.8377627],[16.0203796,46.8377877],[16.0204029,46.837802],[16.0204088,46.8378854],[16.0204434,46.8379065],[16.0204724,46.8380126],[16.0205303,46.8380461],[16.0205811,46.8381184],[16.0205829,46.8382072],[16.0206371,46.8382647],[16.0207128,46.8382956],[16.0208094,46.8383121],[16.0209284,46.8383017],[16.0209766,46.838213],[16.0210855,46.8381944],[16.0211547,46.8381645],[16.0212333,46.8381677],[16.0213984,46.8382615],[16.0215214,46.8382782],[16.0215536,46.8382955],[16.0214747,46.8383797],[16.0215129,46.838445],[16.021572,46.838483],[16.0215822,46.8385398],[16.0216617,46.8385741],[16.0217925,46.8385042],[16.0218805,46.8384841],[16.0219371,46.8384354],[16.021961,46.8384425],[16.0219775,46.8384589],[16.0220422,46.8385226],[16.022213,46.8384851],[16.0223324,46.8385099],[16.0225439,46.8386184],[16.0226697,46.8385998],[16.0227221,46.8385746],[16.0227255,46.8385576],[16.0226883,46.8385245],[16.022689,46.8385048],[16.0227514,46.8384678],[16.0227795,46.8384698],[16.0228853,46.8385745],[16.0230355,46.8385687],[16.0231574,46.8385972],[16.0232779,46.838641],[16.0233672,46.8387138],[16.023429,46.8388029],[16.0234187,46.838933],[16.0234399,46.8389756],[16.023459,46.8389803],[16.0235865,46.8390459],[16.0235727,46.8391469],[16.0235945,46.8391995],[16.0236895,46.8392666],[16.0237146,46.839324],[16.0236036,46.8394722],[16.0236119,46.8395052],[16.0235877,46.8395768],[16.0236502,46.8395787],[16.0236831,46.8396387],[16.0238038,46.8396747],[16.0239676,46.8395959],[16.0240332,46.8395987],[16.0240654,46.8396897],[16.0241631,46.8397504],[16.0241589,46.8398131],[16.0240808,46.8398286],[16.0240885,46.8398881],[16.0241696,46.8399332],[16.0241883,46.8399436],[16.0242135,46.8399774],[16.024252,46.840004],[16.024419,46.8399745],[16.0244735,46.8399757],[16.0245711,46.83993],[16.0246712,46.8399484],[16.0248028,46.8399516],[16.0249263,46.839967],[16.0251065,46.8399316],[16.025135,46.8399312],[16.0252103,46.8399301],[16.0253439,46.8399048],[16.0254303,46.8399711],[16.0255537,46.8399928],[16.0256124,46.8400124],[16.0258053,46.8399105],[16.0259618,46.8399651],[16.0260281,46.8400347],[16.0261005,46.8400319],[16.0261498,46.8399713],[16.0263496,46.8399763],[16.0263916,46.8400224],[16.0264147,46.8400313],[16.0266023,46.8401032],[16.0267254,46.8401135],[16.0267606,46.8401635],[16.0268617,46.8401702],[16.026915,46.8401113],[16.0269776,46.8401222],[16.0271549,46.8403252],[16.0272259,46.8403709],[16.0273544,46.8404115],[16.0273629,46.8404308],[16.0274226,46.8405681],[16.0273616,46.8407351],[16.0273539,46.8408919],[16.0272955,46.8410856],[16.0273335,46.8411252],[16.027346,46.8411264],[16.0281023,46.8409027],[16.0283195,46.8407668],[16.0286126,46.840632],[16.0290998,46.840396],[16.0294457,46.8403106],[16.0295661,46.8401887],[16.0298718,46.8399462],[16.0302635,46.8396],[16.0304234,46.8394318],[16.0306877,46.8392338],[16.0308801,46.8390103],[16.0311464,46.8388067],[16.0313685,46.8385908],[16.0316821,46.8382613],[16.0317533,46.8380708],[16.0317617,46.8380014],[16.0318852,46.8377322],[16.0319594,46.8375749],[16.0319956,46.8375455],[16.032152,46.8374278],[16.0322705,46.8373396],[16.0319814,46.8371674],[16.0322224,46.8369196],[16.0324805,46.8365923],[16.0325181,46.8365113],[16.0326572,46.8363074],[16.0332584,46.8359587],[16.0333104,46.8358474],[16.0334802,46.8357519],[16.0335638,46.8356352],[16.0336378,46.8355758],[16.0338006,46.8355053],[16.0338528,46.8354695],[16.0337242,46.8353178],[16.0336254,46.8352506],[16.0336206,46.8352483],[16.0334581,46.8351698],[16.0329375,46.8350515],[16.0328353,46.8350448],[16.0327856,46.8350238],[16.0327294,46.8350256],[16.0322307,46.8348711],[16.0322516,46.8344069],[16.0321905,46.8340467],[16.0321774,46.8338802],[16.0322666,46.8334788],[16.0323946,46.8332934],[16.0323603,46.8331099],[16.0323532,46.8329214],[16.0323782,46.832705],[16.0325414,46.8327798],[16.0327534,46.8328893],[16.03286,46.8329405],[16.0331807,46.8330812],[16.0334082,46.833198],[16.0335696,46.8332697],[16.033732,46.8333612],[16.0340139,46.8335146],[16.0344164,46.8336698],[16.0347229,46.8338376],[16.0353315,46.8340813],[16.0352452,46.8341328],[16.035094,46.8343734],[16.0350135,46.8344507],[16.035001,46.8344729],[16.035093,46.8346512],[16.0351386,46.8349212],[16.0352939,46.8349639],[16.0354074,46.8349951],[16.0360595,46.8348466],[16.0364991,46.8348654],[16.0369411,46.8350274],[16.0373258,46.8352635],[16.0375611,46.8353968],[16.0379762,46.8356319],[16.038391,46.8359776],[16.0387489,46.8360282],[16.039202,46.8358997],[16.039923,46.8361255],[16.039863,46.8361898],[16.039963,46.8363129],[16.039898,46.8365207],[16.040034,46.8367652],[16.0400257,46.8369976],[16.0400277,46.8370103],[16.040091,46.8374009],[16.0401148,46.837456],[16.0400398,46.8375186],[16.0399943,46.8375982],[16.0399984,46.837616],[16.040002,46.8376961],[16.0401212,46.8377884],[16.0401556,46.8378067],[16.0402412,46.8378381],[16.0402324,46.8380183],[16.0401606,46.8381156],[16.0404557,46.8382453],[16.0404196,46.8383118],[16.0403128,46.8384172],[16.0403611,46.8384658],[16.040503,46.8384822],[16.040539,46.8384864],[16.0405587,46.838492],[16.0406406,46.8385529],[16.0406352,46.8386529],[16.0406343,46.838669],[16.0405736,46.8387701],[16.0405829,46.8387873],[16.0406299,46.838874],[16.0409447,46.8389513],[16.0408134,46.8391097],[16.0409663,46.8391857],[16.0409086,46.8393887],[16.0407417,46.8396365],[16.0409372,46.8396575],[16.0409991,46.8398011],[16.0410854,46.8398599],[16.0409961,46.8400148],[16.0411732,46.8400521],[16.0412628,46.8400099],[16.0413716,46.8400382],[16.0414976,46.8400948],[16.0418278,46.8402953],[16.0423202,46.8405487],[16.0428807,46.8407131],[16.0429592,46.8407728],[16.0432288,46.8407594],[16.0433662,46.8408095],[16.0436574,46.8408136],[16.0437142,46.8407511],[16.0437692,46.84076],[16.0438094,46.840683],[16.0438919,46.8406832],[16.0444902,46.8403748],[16.0446524,46.8397494],[16.0448711,46.8393561],[16.0450425,46.8391529],[16.0451395,46.839147],[16.0452647,46.8391429],[16.0459674,46.8390639],[16.0461635,46.8392398],[16.0467743,46.8389494],[16.0472358,46.8389124],[16.0479171,46.8390787],[16.048248,46.8390109],[16.0485085,46.8388028],[16.0486687,46.8386772],[16.0490604,46.8383522],[16.0491028,46.8383169],[16.0493861,46.8380832],[16.0500998,46.8377252],[16.0508437,46.8376426],[16.0508808,46.8376443],[16.0509473,46.8375977],[16.0510307,46.8375747],[16.0510166,46.8374604],[16.0510617,46.8372926],[16.0510909,46.8372927],[16.051101,46.8372927],[16.0512039,46.8372531],[16.0512419,46.8372721],[16.0512554,46.8372921],[16.0512199,46.8373866],[16.0514096,46.8378225],[16.0516239,46.8379257],[16.0516392,46.8379322],[16.0516886,46.8379533],[16.0516481,46.838023],[16.0516737,46.8380651],[16.0517221,46.8381026],[16.0519625,46.8382484],[16.0519492,46.8383256],[16.0519892,46.8384178],[16.0521168,46.8385176],[16.052072,46.8386459],[16.0522234,46.8387166],[16.0523213,46.8387624],[16.0525504,46.8388137],[16.0526651,46.8388818],[16.0528175,46.8391822],[16.0528188,46.8392095],[16.0528208,46.8392496],[16.0530571,46.8394455],[16.0531121,46.839543],[16.053245,46.8396227],[16.0533139,46.839679],[16.0534423,46.8397842],[16.0534766,46.839828],[16.0538888,46.8400499],[16.0540364,46.8401293],[16.0540537,46.8401889],[16.0541576,46.8402638],[16.0542742,46.8403457],[16.0543838,46.8403252],[16.0544068,46.8403208],[16.05448,46.8403217],[16.054564,46.8403616],[16.0545739,46.8404635],[16.054623,46.8405079],[16.0546311,46.8405465],[16.0568692,46.8393195],[16.0576221,46.8389067],[16.0583798,46.8386634],[16.058679,46.8389003],[16.0588811,46.838969],[16.0589631,46.839003],[16.0590323,46.8390531],[16.0591356,46.8391509],[16.0592327,46.8392692],[16.0594134,46.8394003],[16.0597686,46.8398032],[16.0599026,46.8399715],[16.0599793,46.8401457],[16.05995,46.840254],[16.060161,46.8408164],[16.0602015,46.8410592],[16.0606808,46.8416844],[16.0611874,46.8423322],[16.0613687,46.8425582],[16.0615556,46.8427359],[16.0616497,46.8427987],[16.061824,46.8429082],[16.0621509,46.8430943],[16.0623771,46.8432163],[16.0626644,46.8433913],[16.0628864,46.8435325],[16.0630221,46.843631],[16.0631331,46.8437213],[16.0632781,46.8438642],[16.0634061,46.844025],[16.063569,46.8442591],[16.0637779,46.8446051],[16.0638457,46.8446001],[16.0640922,46.8446101],[16.0643869,46.8446192],[16.0645084,46.8446799],[16.0644781,46.8448246],[16.0645752,46.8449574],[16.0648207,46.8451553],[16.0654921,46.8456239],[16.0656404,46.8457274],[16.0657806,46.8458572],[16.0659547,46.8460609],[16.0659831,46.8462541],[16.0659826,46.8464319],[16.0658791,46.8466564],[16.0658643,46.8467951],[16.0659126,46.8470187],[16.0660663,46.8473411],[16.0661757,46.8475924],[16.0662168,46.847931],[16.0661524,46.8484038],[16.0660349,46.8486265],[16.0659584,46.8489767],[16.065713,46.8496195],[16.065635,46.8498753],[16.0657213,46.849893],[16.0659327,46.8499646],[16.0663637,46.8499973],[16.0667966,46.8499898],[16.0671372,46.8500408],[16.0677376,46.8500945],[16.0678628,46.8501057],[16.0683407,46.8503372],[16.0685938,46.8504372],[16.0689217,46.8505667],[16.0690529,46.8506826],[16.0693071,46.8508174],[16.0695864,46.8509081],[16.0699241,46.8511612],[16.0699981,46.8514004],[16.0701413,46.85152],[16.0703524,46.8518191],[16.070659,46.8521794],[16.070736,46.8524542],[16.0708834,46.8527118],[16.0709602,46.8528066],[16.0709668,46.8528148],[16.0714554,46.8530819],[16.0714689,46.8530838],[16.0715895,46.8531012],[16.0719643,46.8530888],[16.0721552,46.8530572],[16.0722103,46.8530482],[16.0723305,46.8530368],[16.0735201,46.8530055],[16.073837,46.8529669],[16.0740378,46.8529354],[16.0742692,46.8528775],[16.0744592,46.8528105],[16.0746163,46.8527719],[16.0747177,46.8527608],[16.0747678,46.8527585],[16.0748951,46.8527719],[16.0750988,46.8528372],[16.0751743,46.852866],[16.0753196,46.8529213],[16.0755619,46.8530128],[16.0757625,46.8531075],[16.075946,46.8531831],[16.0760224,46.8532084],[16.0760376,46.8532134],[16.0761774,46.853232],[16.0762606,46.8532267],[16.0764279,46.8532004],[16.0765977,46.8531776],[16.076849,46.8531439],[16.0771555,46.8529867],[16.0775565,46.8529008],[16.0777001,46.8529255],[16.0778441,46.8529341],[16.0779773,46.8529315],[16.0783247,46.8528486],[16.0784881,46.8528094],[16.0785032,46.8528039],[16.0786029,46.8527672],[16.0786985,46.8527188],[16.0788134,46.8526487],[16.078894,46.8526251],[16.0789691,46.8526135],[16.0790985,46.8526552],[16.0792353,46.8527237],[16.0793024,46.852755],[16.0795665,46.8529958],[16.0796159,46.8530528],[16.0796662,46.8531266],[16.0797106,46.8532341],[16.079804,46.8533706],[16.0799148,46.8534687],[16.0801171,46.8536311],[16.080272,46.8537647],[16.0804749,46.853902],[16.0806786,46.8540446],[16.0808645,46.8541839],[16.0809337,46.8543723],[16.081008,46.8546783],[16.0810504,46.854829],[16.0811032,46.8549439],[16.0812626,46.8551286],[16.0813723,46.8553413],[16.0815208,46.8554917],[16.0817614,46.8557287],[16.0818591,46.8558494],[16.0819014,46.8558779],[16.081948,46.8559073],[16.0820167,46.8559352],[16.0821458,46.8559755],[16.0822109,46.8559979],[16.0823056,46.856016],[16.0824436,46.8560236],[16.0825523,46.8560121],[16.0829828,46.8559996],[16.0833481,46.8559972],[16.0837772,46.8561576],[16.0839729,46.8562313],[16.0847223,46.8568815],[16.0852674,46.8572316],[16.0858076,46.8575693],[16.0859524,46.8577302],[16.0863461,46.8583239],[16.0865374,46.8584966],[16.0869625,46.858899],[16.0874265,46.8590738],[16.0878608,46.8593849],[16.0879582,46.8595621],[16.088085,46.8598309],[16.0880786,46.8602091],[16.0880893,46.8603278],[16.0881955,46.8605603],[16.0890163,46.8618181],[16.0892217,46.8621042],[16.0893341,46.8622887],[16.0894106,46.8627384],[16.0894449,46.8629485],[16.0897027,46.8633005],[16.0901699,46.8636849],[16.0906428,46.8639233],[16.0914233,46.8642655],[16.0915936,46.864357],[16.0919316,46.8645806],[16.0919725,46.8645743],[16.0921856,46.8645178],[16.0924554,46.8645209],[16.0927722,46.8645736],[16.0929175,46.8646025],[16.0932932,46.8645621],[16.0932918,46.8645175],[16.0934948,46.8645434],[16.0936763,46.8645698],[16.0941049,46.8646141],[16.0942706,46.8646138],[16.094379,46.8645963],[16.0945436,46.8645572],[16.0946908,46.8645143],[16.0947012,46.8645116],[16.0949083,46.8644737],[16.0949359,46.8644612],[16.095078,46.8644323],[16.0953217,46.8643462],[16.0956398,46.8642384],[16.0956461,46.8642363],[16.0958015,46.8641956],[16.0959456,46.8641369],[16.0960382,46.8640838],[16.0961869,46.8639924],[16.0961977,46.863983],[16.0962825,46.8638877],[16.0963033,46.8638662],[16.0964379,46.8635981],[16.0964709,46.863461],[16.0965785,46.863239],[16.0966993,46.8629759],[16.0967324,46.8628912],[16.0968007,46.8627372],[16.096943,46.8624917],[16.0970234,46.8623255],[16.0970815,46.8621155],[16.0971346,46.8619848],[16.0972102,46.8618562],[16.0973068,46.8616996],[16.0973633,46.8616102],[16.0975356,46.8613109],[16.0976416,46.8611148],[16.0976862,46.8610405],[16.0978214,46.8608251],[16.0979376,46.8606996],[16.0979509,46.8606853],[16.0980675,46.8605681],[16.0980889,46.8605522],[16.0982528,46.8604664],[16.0983579,46.8604259],[16.0985194,46.8603649],[16.0985992,46.8603518],[16.09872,46.8603524],[16.0989329,46.8603531],[16.0991158,46.8603703],[16.0992095,46.8603912],[16.0992982,46.8604343],[16.0994266,46.8605058],[16.099515,46.860543],[16.0998105,46.860644],[16.099978,46.8607106],[16.1000377,46.860757],[16.1001239,46.8608517],[16.1002168,46.8610184],[16.1002825,46.861126],[16.1003896,46.8613212],[16.1004303,46.861409],[16.1005697,46.861861],[16.1007693,46.8623588],[16.1008243,46.8624566],[16.1010585,46.862684],[16.1012229,46.8628089],[16.1013102,46.8628574],[16.1014102,46.8628985],[16.1015026,46.8629294],[16.1018176,46.8630263],[16.1019059,46.8630627],[16.1020015,46.8631164],[16.1021116,46.8631908],[16.102195,46.8632618],[16.1022823,46.8633223],[16.1023495,46.8633672],[16.1025978,46.8635219],[16.1027212,46.8635862],[16.1028496,46.8636425],[16.1029996,46.8637101],[16.1031265,46.8637819],[16.1032348,46.8638637],[16.1033277,46.8639239],[16.1034248,46.8639728],[16.1035535,46.8640227],[16.1040798,46.8641591],[16.1043085,46.8641912],[16.1044462,46.8642094],[16.1045772,46.8642369],[16.1047165,46.8643084],[16.1048878,46.8643901],[16.1050429,46.8644764],[16.1051611,46.8645398],[16.1053226,46.8645922],[16.1053383,46.8645973],[16.1054745,46.8646503],[16.1057318,46.8647304],[16.1059204,46.8648098],[16.1062424,46.864946],[16.1065199,46.8650827],[16.1067129,46.865188],[16.1067539,46.8652127],[16.106815,46.8652607],[16.1068371,46.8652782],[16.1069012,46.8653771],[16.1069534,46.8655097],[16.1070132,46.8657094],[16.107086,46.8658921],[16.1071596,46.8660921],[16.1071794,46.8661685],[16.1071964,46.8661955],[16.1074009,46.8664463],[16.1075153,46.8665686],[16.1075937,46.8666524],[16.107705,46.8667676],[16.1077413,46.8667948],[16.1078428,46.8668536],[16.1080604,46.8669383],[16.1081995,46.8669698],[16.1083403,46.8669874],[16.1086444,46.867212],[16.1088803,46.867507],[16.1091112,46.8678284],[16.1091901,46.8678947],[16.1092717,46.8679547],[16.1093971,46.868027],[16.109729,46.8682536],[16.1097497,46.8682679],[16.1098333,46.8683807],[16.1098939,46.8684553],[16.1100179,46.8685862],[16.1100651,46.8686326],[16.1102398,46.8687806],[16.1102577,46.8687939],[16.110292,46.8688193],[16.1103805,46.8688508],[16.1106283,46.8689273],[16.1108353,46.8690172],[16.1110798,46.8691119],[16.1113457,46.8691976],[16.1114102,46.8692001],[16.1117923,46.8692367],[16.1122086,46.8693021],[16.1126994,46.8692273],[16.1133207,46.8691432],[16.1138866,46.8690592],[16.115498,46.8703096],[16.1160401,46.8704568],[16.1164114,46.8705684],[16.1174722,46.8707859],[16.1178887,46.8711868],[16.1184632,46.8715787],[16.1186659,46.8718383],[16.1187239,46.8719126],[16.1191997,46.8718666],[16.1192477,46.871862],[16.1199451,46.8719412],[16.1208611,46.8723723],[16.1218218,46.8725756],[16.1224498,46.8724614],[16.1237158,46.8719555],[16.1237292,46.8718627],[16.1239947,46.871853],[16.1244032,46.8722978],[16.124644,46.8728408],[16.1249263,46.8732883],[16.1260238,46.8732881],[16.1264115,46.873276],[16.1264978,46.8732812],[16.1267408,46.8733287],[16.1279223,46.8740405],[16.1285012,46.8742591],[16.1289171,46.8745504],[16.1290603,46.874683],[16.129195,46.8747928],[16.1301848,46.8751525],[16.1314584,46.8752114],[16.1316561,46.8752072],[16.1318403,46.8752373],[16.1319816,46.8752839],[16.1323781,46.875451],[16.1328178,46.8755448],[16.1329696,46.8756221],[16.1331628,46.8757566],[16.1334363,46.8760183],[16.1337367,46.8762808],[16.133818,46.8763842],[16.1338574,46.8766234],[16.1338708,46.876869],[16.1338419,46.8770615],[16.1338216,46.8775455],[16.1338788,46.8777473],[16.1339298,46.8778646],[16.1339667,46.8779196],[16.1340574,46.878017],[16.1343101,46.8782262],[16.1348276,46.8787367],[16.1350955,46.8789612],[16.1351267,46.8789894],[16.1353675,46.8790866],[16.1356346,46.8792449],[16.1357846,46.8794203],[16.1361204,46.8795908],[16.1363022,46.8797182],[16.136526,46.8799421],[16.1365767,46.8800714],[16.136591,46.8801846],[16.1365217,46.8804226],[16.1364779,46.8805973],[16.1364723,46.8806948],[16.1365784,46.8808943],[16.136746,46.8811209],[16.1367274,46.8811391],[16.1368145,46.8812262],[16.136925,46.8813355],[16.137013,46.8813975],[16.1370908,46.8814507],[16.1372544,46.8816762],[16.1375979,46.8820102],[16.1376354,46.8821194],[16.1377096,46.882313],[16.1377305,46.8826158],[16.1377063,46.8829039],[16.137886,46.8833867],[16.1379184,46.8836056],[16.1381436,46.8840576],[16.1383427,46.8844451],[16.1387806,46.8851705],[16.1389342,46.885331],[16.1392459,46.885444],[16.139639,46.8856115],[16.139726,46.8856406],[16.1397703,46.8856484],[16.1398115,46.8856511],[16.1398565,46.8856511],[16.1399539,46.8856453],[16.1402853,46.885549],[16.1407292,46.8855031],[16.1411641,46.8854321],[16.1413293,46.8854009],[16.1415507,46.8853431],[16.1417552,46.8852767],[16.1422809,46.8850462],[16.1429038,46.8852717],[16.1434708,46.885399],[16.1445032,46.8859176],[16.1451354,46.8860435],[16.1452056,46.8861181],[16.1452621,46.8863784],[16.1453292,46.8864408],[16.1453234,46.8865256],[16.1454901,46.8866314],[16.1455223,46.8866974],[16.1456376,46.8867432],[16.1456055,46.8868213],[16.1458598,46.8869735],[16.1461479,46.8872867],[16.1463689,46.8875685],[16.1464909,46.8878499],[16.1466524,46.887989],[16.1469785,46.8882253],[16.1470807,46.8883197],[16.1472237,46.8884031],[16.1474708,46.888641],[16.1475919,46.8888068],[16.1477781,46.8891059],[16.148027,46.8895312],[16.1481602,46.8897342],[16.148383,46.8900737],[16.1485093,46.8902869],[16.1484581,46.8907111],[16.1485108,46.89107],[16.1485415,46.8912918],[16.1484808,46.8914927],[16.1485345,46.8916175],[16.1485076,46.8918134],[16.1485559,46.8920022],[16.1484754,46.8922057],[16.1485541,46.8922544],[16.1486685,46.8926364],[16.1486578,46.8927684],[16.1487537,46.892861],[16.1487268,46.89306],[16.1493631,46.8930849],[16.1499239,46.8931869],[16.1504306,46.8932208],[16.1508772,46.893392],[16.1514176,46.8934851],[16.1521729,46.8934667],[16.1526995,46.8934966],[16.1529706,46.8935749],[16.1533326,46.893635],[16.1536103,46.893653],[16.1539794,46.8936612],[16.1539283,46.8937252],[16.1539578,46.8940184],[16.1538318,46.8941724],[16.1537747,46.8943819],[16.1539156,46.8944611],[16.1538506,46.8945335],[16.1537299,46.8945848],[16.1538425,46.8946416],[16.1537325,46.8949239],[16.1537283,46.895057],[16.1536065,46.8951457],[16.1536735,46.89534],[16.1535931,46.8955782],[16.1536353,46.895587],[16.1535279,46.8956713],[16.1534725,46.8958082],[16.1535019,46.8959265],[16.1534026,46.8961042],[16.1534509,46.8961757],[16.1533678,46.8962985],[16.1533641,46.8964015],[16.1537026,46.8964776],[16.1542417,46.8964248],[16.1547151,46.8964616],[16.1552293,46.896422],[16.1554662,46.8963896],[16.155824,46.8963978],[16.1571672,46.8966988],[16.1577844,46.8968216],[16.1579021,46.8969363],[16.1579587,46.8970093],[16.1580591,46.8971289],[16.1581375,46.8971553],[16.1582524,46.8971718],[16.1583293,46.8972123],[16.1583623,46.8972226],[16.1584839,46.8972839],[16.1584769,46.8973193],[16.1583091,46.8973366],[16.1581962,46.8974222],[16.1583087,46.8975669],[16.1582418,46.8976194],[16.1581264,46.8976609],[16.1581603,46.8977627],[16.1581148,46.8978815],[16.1582143,46.8979034],[16.1582773,46.8979041],[16.1582878,46.897966],[16.1582137,46.8979878],[16.1581707,46.8980395],[16.1582029,46.8980876],[16.1582251,46.8981284],[16.1582054,46.898217],[16.1582301,46.8982505],[16.158346,46.8983389],[16.1582619,46.898408],[16.1582536,46.8984562],[16.1582882,46.8985746],[16.1583746,46.8986128],[16.1583134,46.8986658],[16.15838,46.8987006],[16.1584305,46.8987807],[16.1584273,46.8988117],[16.1585523,46.8988917],[16.1587344,46.8989085],[16.1587886,46.8990394],[16.1587288,46.8992053],[16.1588206,46.8993839],[16.1587443,46.8995215],[16.1587453,46.8997046],[16.1587882,46.8997218],[16.1587981,46.8997736],[16.1587626,46.8998431],[16.1588799,46.8999372],[16.1587816,46.9000292],[16.1589982,46.9002949],[16.1590219,46.9003324],[16.158986,46.9004706],[16.159067,46.9005609],[16.1591148,46.9005435],[16.1591446,46.9006022],[16.1593047,46.9006397],[16.1593395,46.900669],[16.1594079,46.9007635],[16.1594177,46.9008018],[16.1594415,46.900846],[16.1597768,46.9012617],[16.1598654,46.9013912],[16.159999,46.9014501],[16.160006,46.9015038],[16.1601195,46.9015473],[16.1601173,46.9015839],[16.1601651,46.9016035],[16.1602376,46.901707],[16.1602401,46.9018934],[16.16044,46.901978],[16.1605287,46.9019222],[16.1606155,46.9019707],[16.1609706,46.9019013],[16.1609847,46.9019529],[16.1611126,46.9019666],[16.1612232,46.9019227],[16.1612736,46.9019557],[16.1612529,46.9020066],[16.1614224,46.9020952],[16.1615311,46.9020725],[16.1615552,46.9021742],[16.1615981,46.902143],[16.161692,46.9021504],[16.1618587,46.9022367],[16.1619857,46.9022163],[16.1620641,46.9022857],[16.1620259,46.9024289],[16.1620662,46.902625],[16.1621439,46.9026781],[16.1620931,46.9027283],[16.1622056,46.9028706],[16.1621261,46.9029505],[16.1620983,46.9030722],[16.1621468,46.9030921],[16.1620426,46.9031916],[16.1620153,46.903303],[16.162151,46.9033069],[16.1622097,46.9034103],[16.162325,46.9034671],[16.1624557,46.9036234],[16.1624309,46.9036677],[16.162498,46.9039848],[16.1625999,46.9040159],[16.1625539,46.9042572],[16.1625999,46.9043934],[16.1624712,46.9044246],[16.1626133,46.9045089],[16.1626549,46.904609],[16.1628078,46.9045767],[16.1629849,46.9045936],[16.1628768,46.9047638],[16.1629075,46.9047887],[16.1630109,46.9048724],[16.163233,46.9048072],[16.1635967,46.9047517],[16.1636626,46.9047472],[16.1638655,46.9047332],[16.1639293,46.9047288],[16.1641847,46.9047482],[16.1642346,46.9047302],[16.1650306,46.9044427],[16.1654316,46.9043496],[16.1658458,46.9041656],[16.1664677,46.9036219],[16.1667046,46.9035008],[16.1677061,46.9031955],[16.1680157,46.9035301],[16.1682165,46.9037246],[16.1682384,46.9037489],[16.16871,46.9042743],[16.1692836,46.9039397],[16.1697422,46.9037247],[16.1700158,46.9034465],[16.1705714,46.9034625],[16.1706492,46.9035046],[16.1708075,46.903457],[16.171185,46.9034762],[16.1713883,46.9035838],[16.1716042,46.9039844],[16.1716326,46.9040775],[16.1716068,46.9041387],[16.1719644,46.9046475],[16.1720869,46.9046958],[16.172157,46.9047579],[16.1722787,46.9047764],[16.1723618,46.9048222],[16.1723806,46.9048891],[16.1724772,46.9049505],[16.1724798,46.9049881],[16.1725469,46.905011],[16.1725885,46.905087],[16.1726177,46.9050793],[16.1726502,46.9051283],[16.1727105,46.905164],[16.1727159,46.9052126],[16.1728654,46.9053335],[16.172969,46.90539],[16.1729728,46.9053536],[16.1730258,46.9053839],[16.1732297,46.9053783],[16.1732051,46.9054431],[16.1732976,46.90546],[16.1733323,46.9055385],[16.1734734,46.9055774],[16.1735388,46.9056651],[16.1736786,46.9056832],[16.1737204,46.9057403],[16.1738437,46.9057495],[16.1739081,46.9058283],[16.173946,46.9058963],[16.1741183,46.9058933],[16.1742487,46.9060097],[16.1743696,46.9059935],[16.1746713,46.9059751],[16.1753706,46.9057814],[16.1756873,46.9054462],[16.1768557,46.9057912],[16.1773119,46.9058633],[16.1778455,46.9060042],[16.1780911,46.9061443],[16.1784326,46.9062687],[16.1785576,46.9064084],[16.1787273,46.9065294],[16.1792429,46.9066531],[16.1791331,46.9068398],[16.1791192,46.9070428],[16.1790257,46.9073254],[16.1791723,46.9077653],[16.1793062,46.9080824],[16.179477,46.9082718],[16.1796197,46.908503],[16.1797731,46.9087595],[16.1799669,46.909235],[16.180119,46.9095194],[16.1802527,46.9099847],[16.1802936,46.9103142],[16.1802931,46.9104162],[16.1802649,46.9109077],[16.1805077,46.9116982],[16.180457,46.9120888],[16.1804701,46.9124606],[16.1813511,46.9135467],[16.1815363,46.9139492],[16.1816446,46.9147783],[16.1816975,46.9148394],[16.1817831,46.9149496],[16.1819117,46.9150483],[16.1821556,46.9153406],[16.1823923,46.9157065],[16.1826747,46.916177],[16.1828731,46.9164734],[16.1831272,46.9168342],[16.1833249,46.9170651],[16.1835285,46.9173447],[16.1836841,46.9178005],[16.1839362,46.9185009],[16.1842915,46.9187901],[16.1846908,46.9190783],[16.1849455,46.9193685],[16.1850906,46.9195968],[16.1853196,46.9198476],[16.1855435,46.9200236],[16.1858744,46.9202002],[16.1862774,46.9204478],[16.1866571,46.9207355],[16.1868846,46.9210467],[16.1869383,46.9213985],[16.1866931,46.9217256],[16.1871918,46.9220227],[16.1874239,46.9222595],[16.1876881,46.9223012],[16.1876713,46.9229832],[16.1876976,46.9230813],[16.1877711,46.9232372],[16.1878824,46.9233696],[16.1881936,46.9237525],[16.1883813,46.9245237],[16.1885071,46.924857],[16.1886192,46.9256429],[16.1888615,46.9257761],[16.1890787,46.9259873],[16.1891136,46.9261558],[16.1895957,46.9266184],[16.189649,46.926747],[16.1896191,46.92685],[16.1895731,46.9272238],[16.1896569,46.9273283],[16.1897573,46.9275144],[16.1897391,46.9276275],[16.1899238,46.9276509],[16.1903166,46.9277347],[16.1903076,46.9277844],[16.1901458,46.9278848],[16.1900594,46.9280956],[16.1900897,46.9281718],[16.1901274,46.9285554],[16.1901087,46.9286653],[16.1901578,46.9287766],[16.1902608,46.9294393],[16.1903193,46.9295038],[16.190462,46.929538],[16.1905539,46.9297216],[16.1905748,46.9297828],[16.1905537,46.9298372],[16.1905245,46.9300164],[16.1908351,46.9300933],[16.1910119,46.9301296],[16.1913791,46.9301867],[16.191483,46.9302068],[16.1916827,46.9302453],[16.1917488,46.9302674],[16.1918042,46.9304228],[16.1919139,46.9306569],[16.1920349,46.9308391],[16.1926,46.9314507],[16.1926396,46.9316863],[16.1926428,46.9317747],[16.1925891,46.9319288],[16.1926053,46.9323819],[16.1926062,46.9324074],[16.1926338,46.9324711],[16.1927073,46.932569],[16.193233,46.9330785],[16.1932963,46.9332086],[16.193573,46.9341197],[16.1935716,46.9342139],[16.1934596,46.9344307],[16.1934551,46.9345277],[16.1934563,46.9346383],[16.1935019,46.934835],[16.193643,46.9352228],[16.1936691,46.9353483],[16.1936711,46.9354208],[16.1936546,46.9354898],[16.1933652,46.9356457],[16.1933918,46.9357007],[16.1934339,46.9357389],[16.1934821,46.9357662],[16.1935478,46.9358378],[16.1936079,46.9358839],[16.193686,46.9359368],[16.1937781,46.9360086],[16.1937971,46.9360378],[16.1938251,46.9361288],[16.193857,46.936174],[16.1940582,46.9365127],[16.1944049,46.9368493],[16.1946786,46.9370909],[16.195083,46.9374571],[16.1953106,46.9376699],[16.1947014,46.9378486],[16.1947904,46.9379094],[16.1948582,46.9379823],[16.1949925,46.9380933],[16.1950618,46.9381785],[16.1951309,46.9382588],[16.1952053,46.9383342],[16.1952362,46.9383481],[16.1953717,46.9384957],[16.1954028,46.9385347],[16.1954937,46.9385995],[16.1956308,46.9387592],[16.1956772,46.9388413],[16.1957655,46.938978],[16.1958647,46.9390441],[16.1959442,46.9390971],[16.1960542,46.9391403],[16.1961028,46.9391594],[16.196223,46.9391636],[16.1963375,46.939161],[16.196425,46.9391404],[16.1964801,46.9391275],[16.1966405,46.9390897],[16.1968626,46.9390672],[16.196962,46.9390663],[16.1974499,46.9390617],[16.1975224,46.939061],[16.1976153,46.9391965],[16.1977796,46.939479],[16.1976829,46.9397252],[16.1975496,46.939955],[16.1975456,46.9400064],[16.1976457,46.940213],[16.1978109,46.9404029],[16.1981822,46.9404222],[16.1984161,46.9403468],[16.1986276,46.9403056],[16.1988156,46.9402107],[16.1989493,46.9402107],[16.1992328,46.9404642],[16.1993032,46.9407361],[16.1993107,46.9408689],[16.1992615,46.9409428],[16.19927,46.940981],[16.199305,46.9410095],[16.199386,46.9410814],[16.1994964,46.9411644],[16.1995369,46.9412],[16.1995808,46.9412672],[16.1996465,46.9414384],[16.1997962,46.9417091],[16.1999041,46.9417955],[16.2031097,46.94219],[16.2031913,46.9421953],[16.2033724,46.9421408],[16.2036214,46.9419544],[16.2037092,46.9420311],[16.2035414,46.9422497],[16.2059284,46.9425471],[16.2062965,46.9420535],[16.2056414,46.9414851],[16.2056839,46.9414596],[16.2057169,46.9413873],[16.2058259,46.941307],[16.2058748,46.9413071],[16.2059608,46.9412963],[16.2061301,46.9413367],[16.2062945,46.9413804],[16.2065923,46.9414978],[16.2066769,46.9414519],[16.2067149,46.9413098],[16.2067883,46.9411673],[16.206837,46.9410153],[16.2068456,46.9408414],[16.206865,46.9407368],[16.2068582,46.940642],[16.2068886,46.9405502],[16.2068926,46.9404529],[16.20686,46.9403727],[16.2067821,46.9402973],[16.2066292,46.9402263],[16.2065765,46.9401248],[16.2065418,46.9401018],[16.2063578,46.9400307],[16.2062962,46.9400167],[16.2062865,46.9400099],[16.2064282,46.9398915],[16.206498,46.9398006],[16.206723,46.9396582],[16.2068847,46.9394593],[16.2069027,46.9393925],[16.2071755,46.9390581],[16.2075378,46.9388962],[16.2076663,46.9388793],[16.2076937,46.9388757],[16.2081673,46.9389266],[16.2082111,46.9389699],[16.2082527,46.9389978],[16.2083626,46.9391727],[16.2084609,46.9393867],[16.2084693,46.939405],[16.208703,46.9396022],[16.2087644,46.939654],[16.2088744,46.9397193],[16.2090117,46.9397458],[16.2092174,46.9398538],[16.209396,46.9400324],[16.2094678,46.9400723],[16.2093851,46.9402012],[16.2100655,46.9404856],[16.210175,46.9402917],[16.2101948,46.940208],[16.2103732,46.940266],[16.2105309,46.9403796],[16.2106022,46.9405201],[16.2106199,46.9406089],[16.2106309,46.9407187],[16.2106201,46.9408763],[16.2105742,46.9409465],[16.2105407,46.9410095],[16.210453,46.9410782],[16.2102857,46.9411675],[16.2102049,46.9411925],[16.2100723,46.9412718],[16.2099934,46.9413005],[16.209906,46.9413427],[16.2096697,46.9414127],[16.2096059,46.9414043],[16.2095763,46.9414371],[16.2095238,46.941474],[16.2095197,46.9415297],[16.2094728,46.9416178],[16.2093588,46.9419175],[16.2093114,46.9421659],[16.2095595,46.9422451],[16.2098984,46.9424068],[16.2100323,46.9424993],[16.2101667,46.9424656],[16.2102883,46.9424181],[16.2106908,46.9421227],[16.211023,46.9418093],[16.2109457,46.9417341],[16.2108068,46.9415829],[16.210712,46.9414217],[16.2106991,46.9413791],[16.2108718,46.9413163],[16.2110117,46.9412702],[16.2116063,46.9411328],[16.2115418,46.9409372],[16.2115175,46.940825],[16.2114868,46.9406471],[16.2114985,46.9405482],[16.2115125,46.9405274],[16.2115827,46.9403962],[16.2117678,46.9402611],[16.212039,46.9401678],[16.2122353,46.9401864],[16.2124329,46.9402604],[16.2132158,46.940547],[16.2134467,46.9406077],[16.2136049,46.9406365],[16.2138494,46.9406593],[16.2138594,46.9406677],[16.2139368,46.9404617],[16.2138967,46.9402695],[16.2137781,46.9400666],[16.2137532,46.9399906],[16.213751,46.9399202],[16.2137425,46.939884],[16.2137666,46.9398163],[16.2137671,46.9397574],[16.2137741,46.939749],[16.2139685,46.9397538],[16.2140105,46.9397795],[16.2140653,46.9398052],[16.2141895,46.9399425],[16.2143236,46.9400378],[16.2144546,46.9401109],[16.2145599,46.9401975],[16.2146403,46.9403025],[16.2147147,46.9403491],[16.2147274,46.9403756],[16.2148862,46.940167],[16.2149836,46.9400705],[16.2150289,46.939955],[16.2150702,46.939928],[16.2151086,46.9398703],[16.2151019,46.939836],[16.2150991,46.9398225],[16.2151181,46.9397722],[16.2151881,46.9396732],[16.2153691,46.9394873],[16.2155473,46.9393043],[16.2156514,46.9392345],[16.2159102,46.9391195],[16.2160934,46.9390857],[16.2161804,46.9390708],[16.2164049,46.9390849],[16.2165113,46.9391066],[16.2166108,46.9391565],[16.2170839,46.93972],[16.2170092,46.9400958],[16.2170137,46.9402273],[16.21702,46.9404125],[16.2170751,46.9405786],[16.2171016,46.9406361],[16.2172144,46.9408529],[16.217332,46.9408993],[16.2175234,46.9408919],[16.217628,46.9408636],[16.217703,46.9408234],[16.2177494,46.9407986],[16.2178565,46.9407306],[16.2179483,46.9406182],[16.2179958,46.9405165],[16.2180238,46.9404511],[16.2182112,46.9400142],[16.218227,46.9399774],[16.218231,46.93987],[16.2181902,46.9393902],[16.2180175,46.9390482],[16.2180007,46.939027],[16.2179654,46.9388679],[16.2179889,46.9386274],[16.21811,46.9383974],[16.2182264,46.9382044],[16.2182602,46.9381226],[16.2182535,46.9380583],[16.21814,46.9378726],[16.2181241,46.9377909],[16.2181381,46.9376514],[16.2181958,46.9375158],[16.2181148,46.9375038],[16.2179528,46.9374612],[16.2178319,46.9374333],[16.2176672,46.937361],[16.2176164,46.9373022],[16.2176133,46.9372023],[16.217541,46.9369818],[16.2175247,46.9368048],[16.2175802,46.9367282],[16.2176304,46.9367137],[16.2177281,46.9367125],[16.2177899,46.9366699],[16.2178092,46.9366246],[16.2178435,46.9364797],[16.2178203,46.9364365],[16.2177707,46.9364158],[16.2177217,46.9364017],[16.2176448,46.936393],[16.2176125,46.9363867],[16.2175768,46.9362795],[16.2174589,46.9361158],[16.2178006,46.9360432],[16.2180442,46.936025],[16.2183753,46.9359843],[16.2186721,46.9359308],[16.21883,46.9359119],[16.2190494,46.9359011],[16.2190713,46.9358941],[16.2192389,46.9358619],[16.2195642,46.9358316],[16.2198041,46.935811],[16.2199711,46.9357896],[16.2201211,46.9357855],[16.2202298,46.9357744],[16.2203325,46.9357776],[16.2206476,46.935756],[16.22089,46.9357135],[16.2209753,46.9357044],[16.221231,46.935651],[16.2215082,46.9355719],[16.2215917,46.935586],[16.2217622,46.9355698],[16.2218114,46.9355569],[16.2218571,46.935549],[16.2220103,46.9355991],[16.2220532,46.9355965],[16.2221488,46.9356426],[16.2222018,46.9356985],[16.2222581,46.9357709],[16.2223178,46.9358952],[16.2222466,46.9360979],[16.2221486,46.9362004],[16.2221426,46.9363095],[16.22214,46.9363311],[16.2222768,46.9365381],[16.2227779,46.9369918],[16.2229294,46.9371913],[16.2231026,46.937509],[16.2231198,46.9377559],[16.2231308,46.9379003],[16.2229661,46.9382305],[16.2228471,46.9383891],[16.2227471,46.9384846],[16.2227439,46.9385495],[16.2227421,46.9385575],[16.2227618,46.9385793],[16.2227361,46.9386323],[16.2229197,46.9389139],[16.2231501,46.9392935],[16.2232253,46.9393641],[16.223311,46.9394198],[16.2234942,46.9395173],[16.2236153,46.9395578],[16.2237099,46.9395719],[16.223727,46.9397694],[16.2237575,46.9398625],[16.2238266,46.9399584],[16.224094,46.9402282],[16.2242039,46.9402027],[16.2247643,46.940138],[16.2248952,46.9400874],[16.2250911,46.9398257],[16.2254197,46.939907],[16.2258431,46.9400099],[16.2259608,46.94005],[16.2260041,46.9400689],[16.226226,46.9401464],[16.2262665,46.9401533],[16.2263063,46.9401725],[16.2264183,46.9402199],[16.2264451,46.9402364],[16.2265889,46.9403925],[16.2267272,46.9404631],[16.2268484,46.9405289],[16.2269789,46.9406233],[16.2271171,46.9407629],[16.2271143,46.9407717],[16.2271783,46.9408446],[16.2270972,46.9409085],[16.2269858,46.941005],[16.2269281,46.941066],[16.2269049,46.9411102],[16.2268788,46.9411559],[16.2268751,46.9412069],[16.2268854,46.9412575],[16.2269007,46.9412996],[16.2269345,46.9413665],[16.2269859,46.9414116],[16.2270308,46.9414393],[16.2271268,46.9414742],[16.2271999,46.9414904],[16.2272803,46.9414907],[16.227459,46.9414752],[16.2283967,46.9414135],[16.228607,46.9413948],[16.2288338,46.9413729],[16.2290992,46.9413324],[16.2290987,46.941393],[16.2290761,46.9414381],[16.229038,46.9414631],[16.2289228,46.9415548],[16.228805,46.9416901],[16.228624,46.941919],[16.2285536,46.9420274],[16.2284986,46.9421332],[16.2283696,46.9424221],[16.2283424,46.9425402],[16.2283317,46.9426221],[16.2283241,46.9428064],[16.2283397,46.9429912],[16.2283814,46.9431647],[16.2286482,46.9431176],[16.2287735,46.9430894],[16.2289173,46.9430644],[16.2291261,46.943033],[16.2298142,46.9429104],[16.2302373,46.9428354],[16.2303149,46.9428893],[16.2305276,46.9429354],[16.2306151,46.9429723],[16.2308846,46.9429687],[16.2312208,46.9429378],[16.2313016,46.9429029],[16.2314232,46.9428737],[16.2317228,46.942819],[16.2319885,46.9427533],[16.2321185,46.9426745],[16.2321713,46.942483],[16.2321485,46.9422122],[16.2322067,46.9420713],[16.2322471,46.9419815],[16.2323667,46.9419108],[16.232453,46.9419079],[16.2325143,46.9419081],[16.2326537,46.9419344],[16.2326997,46.9419404],[16.232738,46.9419692],[16.232966,46.9420566],[16.2330744,46.9421113],[16.2332052,46.9421966],[16.2334188,46.9425285],[16.2334717,46.9428995],[16.2334866,46.9430042],[16.2334655,46.9431025],[16.2334546,46.9432771],[16.2334573,46.9433258],[16.2334258,46.9434233],[16.2333857,46.9435107],[16.2333163,46.9436957],[16.2333689,46.943871],[16.2334473,46.9439752],[16.2334971,46.9440666],[16.233546,46.944183],[16.233598,46.9443953],[16.2336945,46.9446227],[16.2337829,46.9447821],[16.2339188,46.9449564],[16.2340745,46.9450738],[16.2342512,46.9451797],[16.2343721,46.945244],[16.2345211,46.945305],[16.2348037,46.9454102],[16.2350362,46.9454768],[16.2351987,46.9455075],[16.2353219,46.9455352],[16.2355181,46.9455637],[16.2356965,46.9455676],[16.2358569,46.9455642],[16.2360929,46.9455334],[16.2363335,46.9455446],[16.2364132,46.9455591],[16.2365271,46.9455789],[16.2366293,46.9456103],[16.236787,46.9456587],[16.2369043,46.9457082],[16.2369676,46.9457534],[16.2370417,46.9458088],[16.2371647,46.9459036],[16.2371721,46.9459148],[16.2373082,46.9460871],[16.237324,46.9461202],[16.2373605,46.9461797],[16.2374573,46.9464303],[16.2374589,46.9466497],[16.2375202,46.946812],[16.2375349,46.9468632],[16.2375562,46.9468708],[16.2376322,46.946937],[16.2378301,46.9470033],[16.2380102,46.9470412],[16.2382253,46.947078],[16.2384336,46.947135],[16.2385702,46.9471725],[16.2389647,46.9472433],[16.239179,46.9472735],[16.2391955,46.9472699],[16.2393367,46.9472709],[16.2395993,46.9472404],[16.2396861,46.9472214],[16.2397745,46.9471953],[16.2402256,46.9470386],[16.2403331,46.9469907],[16.240475,46.946928],[16.2405325,46.946902],[16.2406556,46.9468487],[16.2407066,46.9468315],[16.240825,46.9467936],[16.2409427,46.9467566],[16.2410657,46.9467171],[16.241261,46.9466547],[16.2413095,46.9466398],[16.2414523,46.9466016],[16.2414946,46.9465914],[16.2415481,46.9465798],[16.2417459,46.9465377],[16.2418612,46.9465184],[16.241991,46.9464971],[16.2420899,46.9464951],[16.2421113,46.9464973],[16.2422539,46.9464853],[16.2423944,46.9464602],[16.2424539,46.9464651],[16.2428857,46.9464483],[16.2430425,46.946442],[16.2431488,46.9464408],[16.2432175,46.9464288],[16.2434958,46.9463477],[16.24363,46.9463082],[16.2437223,46.9462804],[16.244216,46.9461212],[16.2442698,46.9461249],[16.2443174,46.946125],[16.244364,46.9461216],[16.2444457,46.9461366],[16.2446892,46.9462282],[16.244772,46.9462483],[16.2448263,46.9463124],[16.244977,46.9463893],[16.2451202,46.9464583],[16.2455366,46.9466477],[16.2456579,46.9467296],[16.2456993,46.9467889],[16.2457118,46.9468869],[16.2457206,46.9469341],[16.2456811,46.9470834],[16.2454894,46.9473899],[16.245447,46.9476694],[16.2454545,46.9478448],[16.2454485,46.9479035],[16.2454355,46.9480171],[16.2454244,46.9481062],[16.2453635,46.9482356],[16.2452278,46.9483788],[16.2449555,46.9486415],[16.244974,46.9486964],[16.244976,46.9489342],[16.2450032,46.9490613],[16.2451617,46.9492029],[16.2452831,46.949299],[16.2453795,46.9493668],[16.2455542,46.949456],[16.245736,46.9495317],[16.2460035,46.9495627],[16.2460912,46.9495677],[16.2462332,46.9495733],[16.24639,46.9495617],[16.2465446,46.9495403],[16.2466886,46.9494479],[16.2467102,46.9493731],[16.2468713,46.9492622],[16.2469151,46.9492191],[16.2469623,46.9491685],[16.2470271,46.9490833],[16.2470561,46.9490824],[16.2466214,46.949746],[16.2461876,46.9503973],[16.2461476,46.9504647],[16.2461345,46.9504868],[16.2460601,46.9506142],[16.2460269,46.9506709],[16.2459246,46.950816],[16.2452687,46.9518394],[16.2450988,46.952102],[16.2451041,46.9522586],[16.245103,46.9522604],[16.2450777,46.9523028],[16.2450394,46.9523671],[16.244399,46.9533715],[16.2442151,46.9536603],[16.2439102,46.954131],[16.2436918,46.9544723],[16.2427813,46.9559449],[16.242775,46.9559584],[16.2427725,46.9559732],[16.2427752,46.9559942],[16.242782,46.9560036],[16.2428074,46.9560339],[16.2428398,46.9560599],[16.2428872,46.9560965],[16.2432942,46.9564157],[16.2445656,46.9574146],[16.2474939,46.9597405],[16.2486124,46.9606376],[16.2494512,46.9613101],[16.2496431,46.9613014],[16.2499317,46.9614481],[16.2553234,46.9642086],[16.2565945,46.963779],[16.2579007,46.9638771],[16.2591994,46.9639311],[16.2593437,46.9642058],[16.2593531,46.9642152],[16.2595991,46.9641714],[16.2597436,46.9641451],[16.259972,46.964108],[16.2605909,46.9640206],[16.2614206,46.9639151],[16.2619642,46.9638333],[16.2624297,46.9637494],[16.2625424,46.9637289],[16.2628756,46.9636621],[16.2631366,46.9636083],[16.2634494,46.9635358],[16.2639726,46.9634085],[16.2642243,46.963344],[16.264432,46.9632843],[16.2648357,46.9631677],[16.2650352,46.9631046],[16.2652686,46.9630302],[16.2654517,46.9629693],[16.2656941,46.9628862],[16.2658806,46.9628219],[16.2660345,46.9627646],[16.2663749,46.9626375],[16.266773,46.9624753],[16.2669239,46.9624146],[16.2671227,46.9623281],[16.2672721,46.9622621],[16.2679167,46.9619669],[16.2683563,46.9617331],[16.2693247,46.9611934],[16.2719886,46.9623554],[16.2721857,46.9622031],[16.27223,46.9621521],[16.272357,46.961931],[16.2727275,46.9619322],[16.2728758,46.9619327],[16.2731047,46.9619262],[16.2733385,46.9619196],[16.2743692,46.961888],[16.2752732,46.9622311],[16.2755334,46.9623299],[16.2764158,46.9626733],[16.2764139,46.9626282],[16.2764371,46.9626383],[16.2765236,46.9633931],[16.2765637,46.9636726],[16.2766249,46.9640231],[16.2766605,46.9642166],[16.2769116,46.9652955],[16.2770157,46.9657111],[16.2770614,46.965867],[16.2771718,46.9661659],[16.2771528,46.9661706],[16.2772296,46.9663641],[16.2773295,46.9669373],[16.2774232,46.9672816],[16.2774373,46.9674352],[16.277499,46.9682452],[16.2775209,46.9686284],[16.2775237,46.9686772],[16.2775009,46.9693695],[16.277447,46.9705991],[16.2772408,46.9712668],[16.2770624,46.9715744],[16.2769056,46.9719635],[16.2768969,46.9721448],[16.2768877,46.9723456],[16.2768716,46.9723986],[16.2768846,46.9729768],[16.2768818,46.9731814],[16.2768097,46.9735877],[16.2767744,46.9739118],[16.276844,46.9741978],[16.2768901,46.9742883],[16.2769792,46.9745467],[16.2771388,46.9749138],[16.2771162,46.9752033],[16.277053,46.9753569],[16.27694,46.9753857],[16.2767491,46.9757996],[16.2766201,46.9759774],[16.276546,46.9761779],[16.2765469,46.9762545],[16.2765478,46.9763257],[16.2765485,46.9763867],[16.2765777,46.9765907],[16.2765883,46.9767908],[16.2765594,46.9769317],[16.2765496,46.9770385],[16.2765525,46.9771093],[16.2765849,46.9771896],[16.2765936,46.9772389],[16.2765945,46.9773565],[16.2766268,46.9774858],[16.2766153,46.9775277],[16.2766117,46.9776558],[16.2765583,46.9778025],[16.2765479,46.9779344],[16.2765376,46.9779823],[16.2765383,46.9780758],[16.2765784,46.9782241],[16.2765481,46.9783176],[16.2765262,46.978358],[16.27652,46.9783903],[16.2764978,46.9784826],[16.2764411,46.9786685],[16.2764416,46.9786882],[16.2763912,46.9788992],[16.2759915,46.9804224],[16.2759363,46.9805879],[16.2758984,46.9807108],[16.2758309,46.9809836],[16.2757967,46.9812185],[16.2757099,46.9821598],[16.2756824,46.982733],[16.2756886,46.9829896],[16.2757295,46.9836285],[16.2757564,46.9838296],[16.2757909,46.9840629],[16.2758474,46.9842598],[16.275898,46.9843926],[16.2760165,46.9846078],[16.2760879,46.9847454],[16.2761818,46.9848867],[16.2762867,46.9850727],[16.2765463,46.9856337],[16.2767062,46.9861912],[16.2768765,46.9869063],[16.2770697,46.987765],[16.2784444,46.9882148],[16.2791101,46.9887425],[16.2795459,46.9891738],[16.2799742,46.9897667],[16.2800912,46.9899656],[16.2802444,46.990354],[16.2803997,46.9906763],[16.2804865,46.9909326],[16.2805823,46.9911679],[16.2808792,46.991809],[16.2811862,46.9925221],[16.2813704,46.9929815],[16.2815726,46.9934829],[16.281933,46.9942938],[16.2821401,46.9947689],[16.28247,46.9955121],[16.2826223,46.9958225],[16.282665,46.9959146],[16.2827611,46.9961474],[16.2828602,46.9963595],[16.283024,46.9967211],[16.2830882,46.9968504],[16.2832938,46.9971775],[16.2834649,46.9975116],[16.2834012,46.9975553],[16.2831496,46.9976991],[16.2830157,46.997786],[16.2828132,46.998013],[16.2827291,46.9980959],[16.282565,46.9983134],[16.282493,46.9983969],[16.2823487,46.9985604],[16.2819522,46.9989391],[16.2818871,46.9993065],[16.2818803,46.9995268],[16.2818508,46.9996902],[16.2818314,46.9998429],[16.2818337,46.9999387],[16.2818904,47.0002689],[16.2819447,47.0003883],[16.2820211,47.0006072],[16.2821076,47.0007777],[16.2821512,47.0008937],[16.2821645,47.0009052],[16.2822115,47.0009557],[16.2822397,47.0009974],[16.2822951,47.0010894],[16.282331,47.0011576],[16.2823496,47.0011993],[16.2823807,47.0012743],[16.2824243,47.0013991],[16.2824628,47.0015255],[16.2825007,47.0016568],[16.2824866,47.0025609],[16.2826255,47.003381],[16.2826583,47.0040974],[16.2826646,47.0041674],[16.2827763,47.004371],[16.2834889,47.0053433],[16.2838016,47.005879],[16.2839159,47.0060441],[16.284384,47.0064508],[16.2846253,47.0067398],[16.2848764,47.0070926],[16.2854116,47.0078801],[16.285758,47.0084455],[16.2859615,47.0088292],[16.28627,47.0095219],[16.2863775,47.0098372],[16.2865406,47.0103998],[16.286676,47.0106576],[16.2867882,47.0108261],[16.2871454,47.0112712],[16.2872542,47.0113193],[16.2876797,47.0116187],[16.288632,47.0124742],[16.2887226,47.01263],[16.2889066,47.0130378],[16.2889135,47.0130967],[16.289308,47.0134278],[16.2896235,47.0136017],[16.289775,47.0137571],[16.2900942,47.0139621],[16.2906231,47.0140448],[16.291947,47.013965],[16.2925924,47.0139471],[16.2926519,47.013594],[16.292771,47.0131297],[16.2930752,47.0127723],[16.2932254,47.0127507],[16.2933517,47.0127893],[16.2935078,47.0128102],[16.2939877,47.0126655],[16.2944013,47.0126231],[16.2944292,47.0125875],[16.2949091,47.0124511],[16.2954278,47.011833],[16.2959658,47.011238],[16.2967394,47.0103745],[16.2974185,47.0100671],[16.2986133,47.0095024],[16.2994418,47.008396],[16.2988672,47.0064441],[16.2987435,47.006075],[16.2987171,47.0058357],[16.2987962,47.0056392],[16.2991079,47.0053002],[16.2992443,47.0051902],[16.2993769,47.0050132],[16.2989541,47.0049155],[16.2988314,47.0048688],[16.2985875,47.0047227],[16.2985063,47.0046531],[16.2984746,47.0046222],[16.29845,47.0045673],[16.2984656,47.0044274],[16.2984449,47.0043998],[16.2984967,47.0042607],[16.2985067,47.0041733],[16.2984877,47.004145],[16.2984555,47.0038034],[16.2984626,47.0037407],[16.2984593,47.0035691],[16.298445,47.0032687],[16.2984308,47.0026719],[16.29842,47.002587],[16.2984029,47.0025221],[16.2983816,47.0023972],[16.2983771,47.0023257],[16.2983916,47.002217],[16.2985175,47.001915],[16.2985053,47.0017314],[16.2985231,47.0015845],[16.2985669,47.0013861],[16.2986266,47.0012905],[16.2989093,47.0009853],[16.2993043,47.0006118],[16.2994439,47.000515],[16.2998558,47.000043],[16.3001863,46.9997921],[16.3002055,46.9998035],[16.3004974,46.9995772],[16.3008657,46.9994365],[16.3009853,46.9993893],[16.3009728,46.9993758],[16.3012643,46.9992249],[16.3014872,46.9991314],[16.3016573,46.9989997],[16.3016778,46.9990079],[16.302013,46.9986933],[16.3022735,46.9984339],[16.3025739,46.998412],[16.3027312,46.9983825],[16.3028552,46.9983494],[16.3033732,46.9982764],[16.3038526,46.9982679],[16.3040721,46.9982712],[16.3042122,46.998287],[16.3043554,46.9983076],[16.3044592,46.9983237],[16.3045237,46.9984063],[16.304611,46.9984572],[16.3047789,46.9985316],[16.3050135,46.9986133],[16.3051491,46.9986563],[16.3056032,46.998779],[16.305869,46.9988529],[16.3059627,46.9988745],[16.3060841,46.9989069],[16.3065887,46.9989529],[16.3067483,46.998971],[16.3070057,46.9990209],[16.3071427,46.9990307],[16.3073157,46.9990346],[16.3073854,46.9990153],[16.3081789,46.9989712],[16.3083564,46.9989859],[16.3087464,46.999031],[16.3095599,46.9990797],[16.3098918,46.9991288],[16.3100898,46.9991366],[16.31021,46.9991537],[16.3105608,46.999184],[16.3105774,46.99918],[16.3107035,46.9992061],[16.31079,46.9992349],[16.3108848,46.9992943],[16.3110599,46.9994319],[16.3113216,46.9996097],[16.3114521,46.9996671],[16.3117029,46.9997674],[16.3119122,46.9998254],[16.3122624,46.9999302],[16.3125836,47.0000089],[16.3128693,47.0001024],[16.3130346,47.0001439],[16.3133227,47.0001923],[16.3138355,47.0002679],[16.314309,47.0003231],[16.314354,47.0003206],[16.3147059,47.0003242],[16.3149447,47.0003106],[16.3153539,47.0003023],[16.3157352,47.000314],[16.3158744,47.0003306],[16.3160163,47.0003641],[16.3163132,47.0004727],[16.3164233,47.0004937],[16.3165519,47.0005128],[16.3166575,47.000522],[16.3170044,47.0005738],[16.3171503,47.0006012],[16.3172195,47.0006419],[16.317354,47.0006789],[16.3175134,47.0007376],[16.317666,47.0007599],[16.3177825,47.0007882],[16.3178939,47.0008193],[16.3180067,47.0008383],[16.3182833,47.0009127],[16.3184094,47.0009572],[16.3185655,47.0009897],[16.3186952,47.0010309],[16.3188433,47.0011161],[16.3190384,47.0012592],[16.3193635,47.0014027],[16.3197213,47.0015402],[16.3198803,47.0016169],[16.3203462,47.0017966],[16.3206248,47.0019463],[16.3207612,47.002007],[16.3209024,47.0020601],[16.3209278,47.0020719],[16.3211705,47.0021481],[16.3213941,47.002234],[16.3215999,47.0022923],[16.3219342,47.0024027],[16.3220215,47.0024364],[16.3224695,47.002564],[16.3233361,47.0024961],[16.3240016,47.0024377],[16.324195,47.0023995],[16.3247894,47.0021712],[16.3255919,47.0017697],[16.3265966,47.0010324],[16.3276333,47.0005381],[16.3290026,47.000126],[16.3308603,46.9997779],[16.3320925,46.9995735],[16.3328009,46.9993451],[16.3335457,46.9988665],[16.3343324,46.9984341],[16.3356491,46.9979067],[16.3379612,46.9971109],[16.3394369,46.9966859],[16.3397276,46.9966768],[16.3402192,46.9966371],[16.3408087,46.9964925],[16.3411275,46.9964481],[16.341214,46.9964551],[16.3415388,46.9964093],[16.3415309,46.9963832],[16.341597,46.9963094],[16.3416466,46.9962764],[16.341708,46.9962505],[16.3417487,46.996164],[16.3419143,46.9962727],[16.3420123,46.9963371],[16.3421219,46.996409],[16.3425625,46.9965664],[16.3433621,46.9966871],[16.3433829,46.996747],[16.3434615,46.9968917],[16.3434906,46.9971037],[16.3434913,46.9972587],[16.3436234,46.9974192],[16.3437221,46.9975179],[16.343753,46.9975843],[16.3437984,46.9978233],[16.3438218,46.9978597],[16.3438757,46.997929],[16.3441181,46.9980856],[16.3435853,46.9984394],[16.3431126,46.9987937],[16.3428334,46.9990359],[16.3429374,46.9990951],[16.3435722,46.99969],[16.3439098,47.0001358],[16.3442793,47.0006011],[16.3444796,47.0008161],[16.3450049,47.0012432],[16.3447402,47.0014109],[16.3445648,47.001522],[16.344563,47.0015555],[16.3445792,47.0015983],[16.3447461,47.0017187],[16.3448842,47.0018404],[16.3451631,47.0020214],[16.3453692,47.0021756],[16.3450115,47.0024356],[16.3449217,47.0025364],[16.3448721,47.0025546],[16.3446401,47.0026671],[16.3444844,47.0027789],[16.3443647,47.0029017],[16.3441865,47.0030655],[16.344055,47.0032885],[16.3439561,47.0036521],[16.3438978,47.003724],[16.3439199,47.0037409],[16.3438374,47.0039334],[16.343924,47.0040299],[16.3442809,47.0043201],[16.3445812,47.004685],[16.3448378,47.0049631],[16.3452869,47.0053542],[16.3457817,47.0060549],[16.3460048,47.006281],[16.3464583,47.0066754],[16.3466199,47.0067796],[16.3470098,47.0069436],[16.3471936,47.0070469],[16.3473351,47.007106],[16.3475387,47.0072539],[16.3477719,47.0074724],[16.34788,47.0076416],[16.3479246,47.007758],[16.3480222,47.0081454],[16.3481174,47.0084338],[16.3482678,47.0086912],[16.3483382,47.0087579],[16.348376,47.0088409],[16.3483977,47.0090371],[16.3483393,47.0093015],[16.348243,47.0095764],[16.3482892,47.0096157],[16.3483655,47.0096587],[16.3490176,47.0099407],[16.3494493,47.0101735],[16.3498297,47.0103972],[16.3504204,47.0102915],[16.3505454,47.010154],[16.3508083,47.0098572],[16.3511626,47.0096387],[16.351277,47.0095821],[16.3523057,47.0088918],[16.3524757,47.0087588],[16.3526667,47.0086178],[16.3527995,47.0085347],[16.3529175,47.0084668],[16.3532704,47.0082744],[16.3535551,47.0080882],[16.3538222,47.0079657],[16.3546637,47.0078047],[16.3550237,47.007687],[16.3551459,47.0076555],[16.3555519,47.0075738],[16.3557795,47.0074925],[16.3560372,47.0073398],[16.3564558,47.0070196],[16.356669,47.0068997],[16.3577782,47.0063972],[16.3579888,47.0063275],[16.358123,47.0063145],[16.3585982,47.0060931],[16.3587271,47.006009],[16.3587834,47.0059751],[16.3591701,47.0058652],[16.3593539,47.005772],[16.3596316,47.0055583],[16.3600824,47.0055495],[16.3603242,47.0055677],[16.3605094,47.0056085],[16.360657,47.0056633],[16.3608751,47.0058174],[16.3609468,47.0059245],[16.3610279,47.00617],[16.3610343,47.006258],[16.361003,47.0063417],[16.3610227,47.0065204],[16.3610804,47.0066285],[16.3618909,47.0069154],[16.362313,47.0070843],[16.3624983,47.0071588],[16.3625442,47.0071483],[16.3625708,47.0071314],[16.3626021,47.007129],[16.3626668,47.0070878],[16.3627257,47.0070597],[16.3627768,47.0070135],[16.3628175,47.0070085],[16.3628761,47.0069909],[16.362934,47.0069921],[16.3629975,47.007002],[16.3630462,47.0070049],[16.3631163,47.0070001],[16.3631616,47.007008],[16.3632216,47.0070244],[16.3632764,47.0070324],[16.3634098,47.0070741],[16.3635019,47.0071295],[16.3635625,47.0071835],[16.3636016,47.0072246],[16.3636708,47.0072136],[16.3637822,47.0072252],[16.3639033,47.0072832],[16.3639323,47.0073063],[16.3639817,47.0073225],[16.3640228,47.0073316],[16.3641117,47.0073879],[16.3644176,47.007405],[16.3644859,47.007361],[16.3645305,47.007383],[16.3645672,47.0073855],[16.3646183,47.0073784],[16.364659,47.0073619],[16.3647053,47.0073372],[16.3647176,47.0073256],[16.3647109,47.0073042],[16.3646996,47.0072895],[16.3646626,47.0072163],[16.3647288,47.0071254],[16.3648306,47.0070802],[16.3650473,47.0071062],[16.3652194,47.0069318],[16.3652781,47.006876],[16.3653356,47.0068593],[16.3653755,47.0068153],[16.3654652,47.006785],[16.3655439,47.0067342],[16.3656615,47.006707],[16.3656943,47.0066875],[16.3657509,47.0066943],[16.3658161,47.006681],[16.3659625,47.0066046],[16.3660513,47.0065985],[16.3661966,47.0066103],[16.3663177,47.0065247],[16.3664148,47.0064988],[16.3666132,47.0064226],[16.3666568,47.0063832],[16.3668019,47.0063263],[16.3670297,47.0063574],[16.3672738,47.0062678],[16.3673179,47.0061987],[16.3673737,47.0061538],[16.367501,47.0060254],[16.3675585,47.0059941],[16.3675828,47.0059254],[16.3676365,47.0057443],[16.3676472,47.00562],[16.3677062,47.0055157],[16.3677158,47.0054591],[16.3677405,47.0053862],[16.3678564,47.0052304],[16.3680147,47.0050822],[16.3680817,47.0049981],[16.368148,47.0048625],[16.3681348,47.0047643],[16.3680976,47.0047103],[16.3680969,47.0046408],[16.3680895,47.0046194],[16.3680072,47.0046046],[16.3679467,47.0045593],[16.3679408,47.0044994],[16.3678867,47.0044853],[16.3679468,47.0044245],[16.3678409,47.0043732],[16.3678524,47.0043589],[16.3678062,47.0043282],[16.3678118,47.0042859],[16.3678019,47.0042746],[16.3677357,47.0043116],[16.3677507,47.0042353],[16.3678691,47.004161],[16.3679205,47.0041209],[16.3680132,47.0041407],[16.3680539,47.0041245],[16.3680937,47.0041202],[16.3680934,47.0040781],[16.3681078,47.004034],[16.3681506,47.0040067],[16.3681465,47.0039645],[16.3682108,47.0039201],[16.3682262,47.0038681],[16.3682132,47.0038115],[16.368262,47.0038075],[16.3682856,47.003781],[16.3683418,47.003744],[16.3682928,47.0036968],[16.368398,47.0036746],[16.3685308,47.0035691],[16.3685237,47.003527],[16.368532,47.0034994],[16.3685915,47.0034747],[16.3686063,47.0034176],[16.3686744,47.0034096],[16.3686529,47.0033714],[16.3687427,47.0033666],[16.368761,47.0033387],[16.3687409,47.0033127],[16.3687866,47.0032754],[16.3688386,47.0032411],[16.3688074,47.0032254],[16.3688574,47.0031551],[16.3689041,47.0031295],[16.3689039,47.0030797],[16.3689852,47.0030409],[16.368998,47.0029936],[16.369055,47.0029707],[16.3690596,47.0029452],[16.3691102,47.0029233],[16.3691208,47.0029123],[16.369057,47.0028698],[16.3691445,47.0028303],[16.3691284,47.0027834],[16.3692289,47.0028258],[16.3692841,47.0027868],[16.3692127,47.0027421],[16.3692179,47.0026757],[16.3693256,47.0026354],[16.36932,47.0025925],[16.3693311,47.0025383],[16.3695336,47.0024472],[16.3695531,47.0023954],[16.3694693,47.0023419],[16.3696251,47.002345],[16.3696449,47.0022817],[16.3697209,47.0022541],[16.3697033,47.0022406],[16.3698846,47.0021118],[16.3698711,47.002069],[16.3699343,47.0020502],[16.369958,47.0020133],[16.369943,47.001945],[16.3698788,47.001983],[16.3697954,47.0019427],[16.369898,47.001849],[16.3700223,47.0018335],[16.3701015,47.0017246],[16.3701995,47.0016623],[16.3701942,47.0015769],[16.3701575,47.0014278],[16.370202,47.0013948],[16.3702348,47.0013502],[16.3702151,47.0012958],[16.3702599,47.0012336],[16.3702429,47.0011235],[16.3703399,47.0010304],[16.3703319,47.0009436],[16.3704595,47.0009225],[16.3704466,47.0008981],[16.370529,47.0008134],[16.3706096,47.0007943],[16.3706255,47.0007677],[16.3707403,47.0007385],[16.3707587,47.0006191],[16.3708183,47.0005445],[16.3708002,47.0004832],[16.3709341,47.0005014],[16.37095,47.0004219],[16.3711679,47.0003225],[16.3711513,47.0001965],[16.3712428,47.0001391],[16.3712159,47.000101],[16.3713126,47.0000322],[16.3713619,47.0000061],[16.3713986,46.9999604],[16.3713275,46.9998433],[16.3714311,46.9997444],[16.3714887,46.999744],[16.3715308,46.9997108],[16.3716027,46.9996155],[16.3716498,46.9996117],[16.3716083,46.9995455],[16.3717092,46.9995048],[16.3717456,46.9994557],[16.3719529,46.9993015],[16.3720169,46.9991851],[16.3720853,46.9991367],[16.3721328,46.9990932],[16.3722375,46.9991985],[16.3722981,46.9991502],[16.3722981,46.9990367],[16.3720299,46.99898],[16.3719731,46.9989164],[16.3720294,46.998867],[16.3721345,46.9988648],[16.3722976,46.9989219],[16.3723165,46.9988476],[16.3722999,46.9987808],[16.3724436,46.9988046],[16.3724736,46.9987083],[16.3723824,46.9986983],[16.3722992,46.9986207],[16.3724226,46.998629],[16.3725329,46.9985998],[16.3725636,46.9986886],[16.3725996,46.9986893],[16.3726296,46.9986389],[16.3726549,46.9985918],[16.3726001,46.9985428],[16.3725116,46.9984841],[16.3726112,46.9984558],[16.3727048,46.9985097],[16.3727901,46.9984645],[16.3727991,46.9984301],[16.3728621,46.9984005],[16.3733174,46.9984356],[16.3737559,46.998501],[16.3740696,46.9986253],[16.3744986,46.9990521],[16.3746062,46.9992184],[16.375193,46.9995742],[16.375928,46.999957],[16.3761514,47.0000522],[16.3764255,47.0001208],[16.376622,47.0001231],[16.376796,47.0001154],[16.3774112,46.9999688],[16.3780271,46.9998601],[16.3781011,46.9998019],[16.3781816,46.9996561],[16.3788221,46.999388],[16.3794105,46.9993195],[16.3796837,46.9991886],[16.3798789,46.9987506],[16.3803228,46.9989617],[16.3810639,46.9992506],[16.3816566,46.9992808],[16.3830876,46.9987795],[16.3835465,46.9990364],[16.3837257,46.9992509],[16.3846027,46.9996726],[16.3852114,46.9999826],[16.3853762,46.9999418],[16.3854148,46.9999999],[16.3856656,47.0001186],[16.3858049,47.0001774],[16.3861922,47.0002861],[16.3865208,47.0004251],[16.3867873,47.0005327],[16.3875792,47.0010832],[16.3877573,47.0011881],[16.3880258,47.0012631],[16.3889558,47.0014133],[16.3893238,47.0015057],[16.3895807,47.0016029],[16.3899643,47.0018554],[16.3903965,47.002071],[16.3905487,47.0021255],[16.3907054,47.0022096],[16.3908551,47.0023184],[16.3909922,47.0024534],[16.391267,47.0026601],[16.3917608,47.0029519],[16.3926872,47.0031944],[16.3934801,47.0033272],[16.3948139,47.0034571],[16.3952083,47.0035689],[16.395328,47.0035695],[16.3955418,47.0035407],[16.3956683,47.0035292],[16.3958013,47.0035278],[16.3959358,47.0035049],[16.3960781,47.0034763],[16.3962141,47.0034418],[16.3964784,47.0034009],[16.3965856,47.0033912],[16.3968555,47.0034002],[16.3970714,47.0034154],[16.397225,47.0034009],[16.3973364,47.0034059],[16.3974924,47.0034271],[16.3976198,47.0034562],[16.3982499,47.0036572],[16.3982649,47.0036445],[16.3984754,47.0036652],[16.3987373,47.0037369],[16.3990012,47.0037512],[16.3992692,47.0038127],[16.3994852,47.0038765],[16.3996535,47.0039672],[16.3997652,47.0039291],[16.3999181,47.0039386],[16.3999129,47.0037423],[16.3999461,47.0035998],[16.4000476,47.0033318],[16.4007326,47.0034868],[16.4014855,47.0036862],[16.4017454,47.0037869],[16.401845,47.0038438],[16.4019061,47.0038964],[16.4020037,47.0038427],[16.402288,47.0037669],[16.4023264,47.0037813],[16.4027382,47.0039354],[16.403266,47.0040753],[16.4036605,47.0041515],[16.4042967,47.0042184],[16.4050059,47.0042274],[16.4052255,47.0042236],[16.4053752,47.0042247],[16.4056816,47.004238],[16.4061334,47.0042466],[16.4066376,47.0041705],[16.4071257,47.0040246],[16.4076319,47.0039618],[16.4087272,47.0041051],[16.4091797,47.0041115],[16.4097392,47.0040827],[16.4103613,47.0040158],[16.4107882,47.0039861],[16.4114006,47.0042627],[16.411751,47.0044619],[16.412623,47.0047414],[16.4129695,47.0045947],[16.4136795,47.0040955],[16.4141099,47.0038303],[16.4143687,47.0034959],[16.4144748,47.0033246],[16.4149725,47.0028315],[16.4150622,47.0027714],[16.4156913,47.0024211],[16.4157897,47.0023164],[16.4159575,47.0020559],[16.4163019,47.0018289],[16.4166783,47.0016767],[16.4170494,47.0013965],[16.417291,47.0010412],[16.4173629,47.0009034],[16.4175845,47.0006393],[16.4176571,47.0005028],[16.4176946,47.0003253],[16.4176953,46.9999557],[16.4176669,46.9997664],[16.4177038,46.9995925],[16.4181615,46.9990161],[16.418309,46.9987817],[16.4184507,46.9984762],[16.4187112,46.9980499],[16.4187727,46.9978124],[16.4188217,46.9974477],[16.4189555,46.9971366],[16.4191898,46.9968729],[16.419868,46.996264],[16.4204985,46.9960149],[16.4210207,46.9957851],[16.4219481,46.9950704],[16.4225194,46.9947834],[16.4230372,46.9947534],[16.4237685,46.9946901],[16.4245379,46.9946198],[16.4250289,46.9943589],[16.4252666,46.9942242],[16.4259066,46.9936689],[16.4266415,46.9933071],[16.4268832,46.9932263],[16.4274889,46.9931353],[16.4279981,46.9930997],[16.4283793,46.993047],[16.4290165,46.993038],[16.4299502,46.9929203],[16.4304783,46.9928921],[16.4308467,46.9928886],[16.431438,46.9928301],[16.431983,46.9927307],[16.4321606,46.9926802],[16.4323446,46.9926676],[16.4326522,46.9926965],[16.4330528,46.9927662],[16.4336472,46.9929948],[16.4346042,46.993313],[16.4350661,46.9933992],[16.4361556,46.9934094],[16.4370625,46.9933513],[16.4381274,46.9931805],[16.4391586,46.9930496],[16.4402037,46.9931839],[16.4413183,46.9932964],[16.4421014,46.9933914],[16.4425849,46.9933437],[16.4430813,46.9933554],[16.4433437,46.9933067],[16.4435586,46.9932261],[16.4435592,46.9931792],[16.4454751,46.9932088],[16.4456929,46.9937583],[16.4460343,46.9947413],[16.4463754,46.9956934],[16.446527,46.9961947],[16.4466583,46.9970801],[16.4468647,46.9984817],[16.4469885,46.9993348],[16.446571,47.0002341],[16.4465649,47.0004557],[16.4464302,47.000811],[16.4464177,47.0008989],[16.4464335,47.0010146],[16.4463102,47.0011876],[16.4462239,47.0013542],[16.4461957,47.0017147],[16.4461869,47.0021432],[16.4460802,47.0023346],[16.4460951,47.0025509],[16.4465669,47.0031477],[16.4465596,47.0031579],[16.4470431,47.003251],[16.4474745,47.0034421],[16.4476479,47.0035577],[16.4478185,47.003633],[16.448111,47.0035373],[16.4483012,47.0033855],[16.4485769,47.0032783],[16.4487366,47.0032379],[16.4488754,47.0032722],[16.4490562,47.0033988],[16.4491724,47.0035146],[16.4492531,47.0036699],[16.4493136,47.0037424],[16.4494059,47.0037625],[16.4496212,47.0036957],[16.4497453,47.0037277],[16.4499859,47.0038647],[16.4501141,47.0038768],[16.4505905,47.0036872],[16.4511005,47.0034049],[16.451188,47.003392],[16.4512678,47.0034024],[16.4513392,47.0034346],[16.4513786,47.0035036],[16.4513942,47.0036575],[16.4513541,47.0039328],[16.451301,47.0040506],[16.4513027,47.0041741],[16.4514504,47.0042723],[16.4515012,47.00429],[16.4515533,47.0042753],[16.4516279,47.0042299],[16.4516845,47.0041729],[16.4517448,47.0041517],[16.451971,47.004168],[16.4522875,47.0040878],[16.4524765,47.0039739],[16.4525084,47.0039305],[16.4524995,47.0038418],[16.4523418,47.0036238],[16.4523571,47.0033977],[16.4523952,47.0033006],[16.4524546,47.0032321],[16.4526554,47.0031547],[16.4530148,47.0031575],[16.4533546,47.0031959],[16.4536444,47.0032066],[16.4537554,47.0032001],[16.4538513,47.0032202],[16.4540399,47.0032792],[16.4542989,47.0033256],[16.4543791,47.0033567],[16.4545247,47.0033821],[16.4545464,47.0033524],[16.4545463,47.0032724],[16.4545195,47.0031639],[16.4541739,47.0026306],[16.4542396,47.0025171],[16.4544166,47.0024053],[16.4549382,47.002253],[16.455268,47.0021901],[16.4556939,47.0021268],[16.4560382,47.0020356],[16.4561473,47.0019769],[16.4562399,47.0018881],[16.4562865,47.0017259],[16.4563198,47.0013175],[16.4562887,47.0011657],[16.4563757,47.0010953],[16.4565163,47.0010858],[16.4573308,47.0012054],[16.457466,47.0012061],[16.4575769,47.0012631],[16.4577392,47.0013392],[16.4580037,47.0013889],[16.4581431,47.0014069],[16.4582432,47.0013901],[16.4584676,47.0013147],[16.4585767,47.0011451],[16.4585936,47.0007256],[16.4586357,47.0006992],[16.4591861,47.0005883],[16.4594828,47.0009321],[16.4595372,47.001023],[16.4595563,47.0011464],[16.4595176,47.0012733],[16.4593776,47.0014908],[16.4593926,47.0018113],[16.4594279,47.0018735],[16.4595934,47.0018315],[16.4597518,47.0017644],[16.4598502,47.0017484],[16.4599739,47.0017484],[16.4600177,47.0017374],[16.4600397,47.0017207],[16.4600431,47.0016875],[16.4600193,47.001626],[16.4600242,47.0016116],[16.4600143,47.0015837],[16.4600278,47.0015344],[16.4600832,47.0014953],[16.4601389,47.0014823],[16.4602814,47.001515],[16.4603756,47.0015164],[16.4604147,47.0014913],[16.4604291,47.0014285],[16.4603978,47.0013773],[16.4602498,47.0012997],[16.4601089,47.0011901],[16.4600986,47.0011055],[16.4602571,47.0009255],[16.4602636,47.0006257],[16.4601847,47.00049],[16.4601099,47.000423],[16.4600761,47.000363],[16.460128,47.0002905],[16.4601882,47.0002471],[16.4603636,47.0001785],[16.4613755,47.0001295],[16.4614446,47.0001156],[16.4615289,47.0000616],[16.4615653,46.9999973],[16.4615457,46.9999552],[16.4615685,46.9999102],[16.4616624,46.9998833],[16.4617172,46.9998777],[16.4617943,46.9998324],[16.4618469,46.9995571],[16.4617907,46.9992721],[16.4615734,46.9989242],[16.4615968,46.9987689],[16.4616275,46.9986659],[16.4616339,46.9986193],[16.4616866,46.9985681],[16.4617582,46.9985334],[16.4618482,46.998551],[16.4619765,46.9985451],[16.462022,46.9985326],[16.462227,46.9984442],[16.462345,46.9984151],[16.4625792,46.9983678],[16.4627419,46.998219],[16.4628459,46.9979241],[16.4628287,46.9977867],[16.4628468,46.9976323],[16.4629278,46.9974237],[16.4629739,46.9973833],[16.463091,46.997319],[16.4631758,46.9972902],[16.4632591,46.9973587],[16.4633401,46.9973952],[16.4633977,46.9973859],[16.4634679,46.9972959],[16.4635256,46.9971892],[16.4635516,46.9971623],[16.4637038,46.997078],[16.4637606,46.997069],[16.4638576,46.997103],[16.4641002,46.9972507],[16.4643176,46.9974915],[16.4644603,46.9977154],[16.464548,46.9977394],[16.4647915,46.9977135],[16.4653563,46.9975871],[16.4655294,46.9974975],[16.4655957,46.9974188],[16.4656756,46.9972578],[16.4657562,46.9972047],[16.4658485,46.9971896],[16.465959,46.9971819],[16.4660372,46.9972486],[16.4660582,46.9973206],[16.4660679,46.9974499],[16.4660121,46.9977633],[16.4658239,46.9981457],[16.4658463,46.9982387],[16.4659088,46.9982855],[16.4660264,46.9983258],[16.4661308,46.9983311],[16.4665724,46.9983172],[16.4667552,46.9982631],[16.4670986,46.9980889],[16.4671957,46.9980534],[16.467286,46.998036],[16.4673989,46.997958],[16.4676042,46.9977758],[16.4676883,46.9977237],[16.4679512,46.997657],[16.4684165,46.9978218],[16.4687031,46.9979296],[16.4690286,46.9979868],[16.4691053,46.9979853],[16.4693838,46.9978953],[16.4697019,46.9976689],[16.4697691,46.9976023],[16.4698176,46.9975333],[16.4698621,46.9973654],[16.4699164,46.99727],[16.4700501,46.9972031],[16.4701424,46.9972229],[16.4703625,46.9973373],[16.4704832,46.9974364],[16.4704745,46.9975115],[16.4706554,46.9978209],[16.4707139,46.9978519],[16.4708941,46.9978402],[16.47141,46.997702],[16.4717892,46.9972567],[16.4719115,46.9970362],[16.4720027,46.9970081],[16.4723221,46.9969988],[16.4726923,46.9970379],[16.473035,46.9971478],[16.4736246,46.9973423],[16.4738078,46.9973884],[16.473976,46.9973431],[16.4741775,46.9972141],[16.4741778,46.9971559],[16.4740403,46.9970283],[16.4739431,46.9969597],[16.4738574,46.9969123],[16.4738597,46.9968509],[16.473869,46.9967258],[16.4738904,46.9966805],[16.4740004,46.9965321],[16.4740449,46.9964403],[16.4740603,46.9963829],[16.4740657,46.9962906],[16.4742351,46.9961077],[16.4743213,46.9960849],[16.4745492,46.9960872],[16.4747012,46.996037],[16.475038,46.9959849],[16.4752259,46.9959303],[16.4756493,46.9957167],[16.4758514,46.9955849],[16.4760265,46.9955057],[16.4762489,46.9954379],[16.4764409,46.9954047],[16.4765824,46.9953914],[16.4769036,46.9953105],[16.4770857,46.9952308],[16.4773264,46.9951732],[16.47753,46.995133],[16.4777408,46.9950844],[16.4778914,46.9950785],[16.4780375,46.9951345],[16.4780992,46.9951911],[16.4781953,46.9952474],[16.4784233,46.9953273],[16.4785599,46.9953214],[16.4786517,46.9952951],[16.478728,46.9951938],[16.478728,46.9951349],[16.478717,46.9950728],[16.4786079,46.9949165],[16.4784849,46.994844],[16.4783869,46.9947732],[16.478129,46.9946653],[16.4780182,46.9945991],[16.4779427,46.9944971],[16.4779743,46.9944347],[16.4781712,46.9943402],[16.4782808,46.9943037],[16.4785761,46.9942849],[16.4789178,46.9943674],[16.4790453,46.9943655],[16.4791019,46.9942925],[16.4790888,46.9942362],[16.4789427,46.9941246],[16.4788544,46.994081],[16.4787876,46.9939652],[16.4788249,46.9939123],[16.4792132,46.99382],[16.4793854,46.9938436],[16.4795222,46.9938673],[16.4798004,46.9939836],[16.4800294,46.9941209],[16.480148,46.9941955],[16.4802003,46.9943666],[16.4803127,46.9945386],[16.4804932,46.9947575],[16.4808066,46.9949709],[16.4809351,46.9950254],[16.4810636,46.99502],[16.4812151,46.9949634],[16.4815956,46.9947867],[16.4817127,46.9947161],[16.4818331,46.9945966],[16.4819191,46.9941958],[16.4820769,46.9941315],[16.4822089,46.9941105],[16.4824839,46.994175],[16.4828848,46.994251],[16.483447,46.9942218],[16.4836725,46.9942621],[16.4841945,46.9945617],[16.4844122,46.9946596],[16.4847993,46.9948053],[16.4851196,46.9948855],[16.4858395,46.995185],[16.4862628,46.9953979],[16.4867984,46.9957076],[16.4868975,46.9958332],[16.4869702,46.9962034],[16.4870482,46.9963444],[16.48717,46.9965881],[16.4871685,46.9966952],[16.4871464,46.9968487],[16.4871621,46.9971225],[16.4872147,46.9972095],[16.4872882,46.9972703],[16.4874271,46.9973551],[16.4876749,46.9974273],[16.4879021,46.9974444],[16.4882586,46.9974168],[16.4886401,46.9973171],[16.4887567,46.9973292],[16.4888298,46.9973814],[16.4888098,46.9975764],[16.4887391,46.997658],[16.4886675,46.997767],[16.4885591,46.9979931],[16.4884509,46.9981748],[16.4884237,46.9983106],[16.4884384,46.9984329],[16.488483,46.9986355],[16.4885518,46.9988008],[16.4886686,46.9989429],[16.488966,46.9990732],[16.4893678,46.9991822],[16.4895241,46.9991974],[16.4896457,46.9992335],[16.489759,46.9993113],[16.4898403,46.9995269],[16.4895006,46.999821],[16.4893751,46.9999239],[16.4892481,46.999976],[16.4890598,47.000153],[16.4890417,47.000204],[16.4890561,47.0002889],[16.4891677,47.0003792],[16.4893922,47.0004151],[16.4895459,47.0003831],[16.4897997,47.0002752],[16.4902296,47.0001493],[16.4904603,47.0000992],[16.4907615,46.9999935],[16.4909663,46.9998932],[16.4911064,46.9997709],[16.4915088,46.9995619],[16.491702,46.9995417],[16.4919299,46.9995526],[16.4921727,46.9996191],[16.4924206,46.9997611],[16.4929275,46.9999486],[16.4930836,46.9999699],[16.4933611,46.9999615],[16.4936513,46.9998888],[16.4937742,46.9997718],[16.4938169,46.9997109],[16.4938274,46.9994992],[16.4938117,46.9994508],[16.4936119,46.999179],[16.4936105,46.9990953],[16.4936327,46.9990563],[16.4937007,46.9989988],[16.4939768,46.9988693],[16.4944751,46.9986839],[16.4949439,46.9986161],[16.4952364,46.9986125],[16.4956196,46.9985807],[16.4959579,46.9985171],[16.496368,46.9983471],[16.4967444,46.9982455],[16.4969221,46.9982136],[16.4970105,46.9982045],[16.4975086,46.9983321],[16.4980913,46.9985432],[16.4981715,46.9985858],[16.4986613,46.9987373],[16.4989398,46.9987468],[16.4992843,46.9986793],[16.4995111,46.9986873],[16.4998052,46.9987879],[16.49996,46.9988955],[16.5004394,46.9991805],[16.5006149,46.9992526],[16.5008624,46.9992806],[16.5014352,46.9992898],[16.5015556,46.9993531],[16.5018729,46.9995682],[16.5020677,46.9997269],[16.5021944,46.9999261],[16.5024087,47.0000942],[16.5023411,47.0002974],[16.5022899,47.0005892],[16.5022804,47.0007901],[16.5023236,47.0008831],[16.5024809,47.0010175],[16.5025615,47.0011272],[16.5026052,47.0013339],[16.5027011,47.0014097],[16.5028701,47.0014243],[16.5030278,47.0013772],[16.5034184,47.0010398],[16.5034781,47.0009225],[16.5035551,47.0008762],[16.5036401,47.0008655],[16.5037407,47.0008511],[16.5038342,47.0009033],[16.5039549,47.001047],[16.5039867,47.0011666],[16.5039718,47.0015357],[16.5039212,47.0016983],[16.5039907,47.0017494],[16.5040713,47.0017713],[16.5042074,47.0017638],[16.504494,47.0016729],[16.50479,47.0015208],[16.5050574,47.0012172],[16.5050974,47.001051],[16.5050524,47.0007009],[16.5050728,47.0006188],[16.5053381,47.0004358],[16.5055527,47.0003386],[16.505686,47.0003311],[16.5057821,47.0003753],[16.5058645,47.0004291],[16.5059005,47.000753],[16.5059279,47.0010002],[16.505836,47.0012325],[16.5058189,47.0014008],[16.5058515,47.0014839],[16.5060129,47.0015775],[16.5063383,47.0015531],[16.5065168,47.0015063],[16.5067791,47.001347],[16.5068627,47.0011983],[16.5068503,47.0010981],[16.5068116,47.0010396],[16.5067123,47.0009819],[16.5066302,47.0009348],[16.506582,47.0008513],[16.5065895,47.0007309],[16.5066646,47.0006707],[16.5067621,47.0006677],[16.5069269,47.0007795],[16.507055,47.001011],[16.5071867,47.0010061],[16.5072576,47.0009736],[16.5073617,47.0008823],[16.5075489,47.0008664],[16.5077153,47.0009636],[16.5077615,47.001032],[16.5077004,47.0011904],[16.5077416,47.0012662],[16.5079146,47.0013151],[16.5081602,47.0013113],[16.5082612,47.0012686],[16.5084728,47.0011801],[16.5086737,47.0010254],[16.5086426,47.0009562],[16.508645,47.0008684],[16.5087356,47.000799],[16.5088322,47.000776],[16.508938,47.0007935],[16.5092848,47.0006319],[16.5095477,47.000485],[16.5096227,47.000427],[16.5098997,47.000398],[16.5100454,47.0004262],[16.5106954,47.0006161],[16.5115506,47.0008998],[16.5115545,47.0016324],[16.511918,47.0015942],[16.5123313,47.0015687],[16.5123446,47.0015764],[16.5123365,47.0019283],[16.5123538,47.0032399],[16.5123594,47.0035019],[16.512186,47.0034406],[16.5120635,47.0033694],[16.5118906,47.0033516],[16.5117888,47.0033705],[16.5116571,47.0034505],[16.5115387,47.003537],[16.5114322,47.003571],[16.5107466,47.0036837],[16.5098222,47.0035759],[16.5096524,47.0035809],[16.5092648,47.0036345],[16.5088724,47.0035839],[16.5086841,47.0036095],[16.5083278,47.0038239],[16.5080065,47.0040271],[16.5077214,47.0042482],[16.5076681,47.0043142],[16.5075999,47.0044933],[16.5075335,47.0045394],[16.5073968,47.0046109],[16.5072355,47.0046575],[16.5071478,47.0047211],[16.5071133,47.0048171],[16.5069419,47.0050289],[16.5066282,47.0052826],[16.5064218,47.0054036],[16.5061076,47.0057381],[16.5059008,47.0058991],[16.5057238,47.005962],[16.5055843,47.0060273],[16.5054467,47.0061318],[16.5053005,47.0063263],[16.5051558,47.0064928],[16.5048155,47.0066789],[16.5045271,47.0067708],[16.5042342,47.0069988],[16.5038609,47.0071384],[16.5036165,47.0072729],[16.5033419,47.007346],[16.5025377,47.0076487],[16.5021676,47.0078334],[16.5016203,47.0080235],[16.5013646,47.0081995],[16.5010518,47.0083272],[16.5007167,47.0084071],[16.5005824,47.0084296],[16.5001911,47.008647],[16.49973,47.0087308],[16.4984982,47.0092672],[16.4983623,47.0093532],[16.4977732,47.0095015],[16.4974403,47.0095867],[16.4970859,47.009771],[16.4969384,47.0099105],[16.4967466,47.0100071],[16.4964184,47.0101365],[16.4961439,47.0102031],[16.4959321,47.0101999],[16.4954071,47.0102379],[16.4949215,47.0101395],[16.4946565,47.0101025],[16.4942229,47.0101452],[16.4939057,47.0100948],[16.493208,47.010159],[16.4927734,47.0100753],[16.4926518,47.0100895],[16.4924972,47.0101929],[16.4924174,47.0103114],[16.4923011,47.0106138],[16.4921302,47.010868],[16.4917457,47.0113239],[16.4915109,47.0117187],[16.4914717,47.0118296],[16.491372,47.0121298],[16.4912309,47.0123346],[16.4910014,47.0124207],[16.4908408,47.0124232],[16.4906263,47.0124143],[16.4905179,47.0123874],[16.4903423,47.0123677],[16.4902338,47.0123899],[16.4900853,47.0124468],[16.4896253,47.012695],[16.4892945,47.0129446],[16.4890017,47.0132039],[16.4888567,47.0133242],[16.4887983,47.0134546],[16.4887592,47.0138027],[16.488669,47.0141822],[16.4885536,47.0145224],[16.4884953,47.0146142],[16.4882458,47.0147034],[16.488025,47.0147342],[16.4878744,47.0147065],[16.4876255,47.0147077],[16.4874968,47.0147217],[16.4872163,47.0148336],[16.4869097,47.015037],[16.4867001,47.0152435],[16.4866222,47.0154398],[16.4867177,47.0156267],[16.4867442,47.0157355],[16.4867126,47.015899],[16.4866511,47.0159428],[16.4864886,47.0160935],[16.4863482,47.0163682],[16.4864067,47.0165536],[16.4863388,47.0166226],[16.4857843,47.0168945],[16.4856011,47.0169601],[16.4854341,47.0170331],[16.4851585,47.0173025],[16.4850444,47.0173911],[16.4848964,47.0174701],[16.484541,47.0174496],[16.4843664,47.017519],[16.4842695,47.0176406],[16.4841177,47.0177502],[16.4839235,47.0178333],[16.4836476,47.018042],[16.4835418,47.0184989],[16.4834958,47.0187652],[16.4834927,47.0189909],[16.4836308,47.0194011],[16.4837179,47.0195397],[16.4838076,47.0197253],[16.4838331,47.0197774],[16.4837931,47.0199544],[16.4836786,47.0200911],[16.4833783,47.0203512],[16.4830149,47.0205428],[16.4825098,47.02095],[16.482355,47.021201],[16.4823581,47.021373],[16.4822166,47.0215405],[16.4821474,47.021658],[16.4821103,47.0217591],[16.4821618,47.0219458],[16.4821039,47.0221218],[16.4819652,47.0223498],[16.4819401,47.0224648],[16.4821956,47.0226787],[16.4818877,47.0226087],[16.4818316,47.0225959],[16.4798701,47.0220009],[16.4776919,47.0213286],[16.4776761,47.0213657],[16.4770963,47.0227258],[16.4767385,47.0235385],[16.4761738,47.0248243],[16.4757004,47.0259098],[16.4751993,47.0270457],[16.475108,47.0272838],[16.4730345,47.0280173],[16.4722223,47.0283144],[16.4714346,47.0282995],[16.4711426,47.028231],[16.4705103,47.0280444],[16.470088,47.0285004],[16.4697708,47.0287695],[16.4694053,47.0289916],[16.4691842,47.0290753],[16.4690018,47.0290818],[16.4689027,47.0290422],[16.4680575,47.0296214],[16.4676796,47.0296621],[16.4674476,47.0298344],[16.466945,47.0302547],[16.4666931,47.0304659],[16.4666185,47.0305494],[16.4663668,47.0310009],[16.4662031,47.031166],[16.4658561,47.0310067],[16.4653022,47.0306682],[16.4650468,47.0304851],[16.4649439,47.0305592],[16.4648797,47.0307686],[16.4646826,47.0310381],[16.4640156,47.0317418],[16.4637411,47.0321521],[16.4636468,47.0322506],[16.4633814,47.0322312],[16.4631287,47.0321399],[16.46276,47.0319536],[16.4616358,47.0315489],[16.4608472,47.0312052],[16.4600892,47.0308541],[16.4599692,47.0308724],[16.459513,47.0307154],[16.4592772,47.0306028],[16.4585337,47.0301074],[16.4580992,47.0298019],[16.4573873,47.0292833],[16.4560372,47.0282439],[16.4554093,47.0278252],[16.4545298,47.0272624],[16.4544343,47.0271966],[16.4529151,47.0261502],[16.4521514,47.0257362],[16.4518768,47.0256171],[16.4510535,47.0251812],[16.4505777,47.0248721],[16.4499931,47.0244324],[16.4493683,47.0238546],[16.4488708,47.0234408],[16.4482709,47.0229955],[16.4477922,47.0226697],[16.4468388,47.0236299],[16.4463708,47.0241004],[16.4462439,47.0242509],[16.4451523,47.0253696],[16.4451095,47.0254121],[16.4447235,47.0256748],[16.4447025,47.0256895],[16.4443258,47.0259519],[16.4434378,47.0265708],[16.4423335,47.0273441],[16.4414156,47.0279753],[16.4401494,47.0288544],[16.4394911,47.029299],[16.4388931,47.0297151],[16.4391353,47.0300245],[16.4398179,47.0306763],[16.4401777,47.0309657],[16.4403235,47.0311013],[16.4404438,47.0313246],[16.440659,47.0315614],[16.4408141,47.0316824],[16.4409478,47.0318092],[16.4411019,47.031998],[16.4415963,47.0323749],[16.4424817,47.0331163],[16.4433072,47.0337985],[16.444048,47.0344073],[16.444064,47.0344476],[16.4433811,47.0346827],[16.4431543,47.0347601],[16.4428663,47.0348617],[16.4421145,47.0351281],[16.4413228,47.0354362],[16.4404525,47.0357741],[16.4401851,47.0359025],[16.4402795,47.0360134],[16.4405196,47.0363286],[16.4406663,47.0365129],[16.4409412,47.0367336],[16.4411235,47.0368573],[16.4416922,47.0372209],[16.4424227,47.0375099],[16.4426482,47.0375788],[16.4429435,47.0377231],[16.4431118,47.0378342],[16.4432636,47.0379786],[16.4434123,47.0380894],[16.4436803,47.0382277],[16.4442342,47.038421],[16.4446319,47.038587],[16.4450733,47.0387319],[16.4454529,47.0388263],[16.4456769,47.0388897],[16.4457241,47.0389315],[16.4458121,47.0389651],[16.4464478,47.0391223],[16.4469338,47.0392805],[16.4479871,47.0395493],[16.4486263,47.0396813],[16.4487675,47.0397051],[16.448967,47.03971],[16.4492898,47.0397397],[16.449826,47.0398345],[16.4501682,47.0399371],[16.4503363,47.0399689],[16.4512424,47.0401047],[16.4520424,47.0401172],[16.454318,47.040213],[16.4549268,47.0402368],[16.455452,47.0401864],[16.4556642,47.0401918],[16.4559378,47.0402434],[16.4562234,47.0402603],[16.4562583,47.0402675],[16.4564954,47.04066],[16.4565971,47.0408924],[16.4577437,47.0419366],[16.4585082,47.0426582],[16.4588373,47.0427798],[16.459467,47.042852],[16.4607821,47.042898],[16.461016,47.0429456],[16.4613886,47.0430817],[16.4612905,47.0433125],[16.464229,47.0432882],[16.465253,47.0432795],[16.4656066,47.0436666],[16.4658201,47.0439044],[16.4661233,47.0437226],[16.4662618,47.0434682],[16.4663428,47.0434545],[16.4666884,47.0434811],[16.4668186,47.0435556],[16.4668956,47.0434598],[16.4669507,47.0433541],[16.4670421,47.0432834],[16.4671795,47.0431919],[16.4673064,47.0430916],[16.4674101,47.0429771],[16.467585,47.0430286],[16.4686782,47.0432522],[16.4686826,47.0433735],[16.4698768,47.0439818],[16.4709443,47.0441714],[16.4709562,47.0442398],[16.4709316,47.0443922],[16.470953,47.0445956],[16.4709822,47.0446696],[16.4711676,47.0447708],[16.4712084,47.044811],[16.4712458,47.0449465],[16.4713091,47.0450255],[16.4716352,47.0450263],[16.47179,47.045033],[16.4723486,47.0451401],[16.4726901,47.0452511],[16.4729419,47.045409],[16.4730876,47.0455715],[16.472973,47.0457307],[16.4729514,47.0458039],[16.4729653,47.0458996],[16.4729955,47.0459574],[16.4730463,47.0460302],[16.4730928,47.0460682],[16.4733749,47.0461512],[16.4734888,47.0462008],[16.4735873,47.0462588],[16.4736712,47.0463022],[16.473788,47.0462633],[16.4739136,47.0461832],[16.4741047,47.046196],[16.4741907,47.0461537],[16.4757862,47.0468196],[16.4758523,47.0468373],[16.4772123,47.0470074],[16.4778984,47.0470974],[16.4789445,47.0472189],[16.4789628,47.0472646],[16.4794822,47.0473008],[16.480488,47.0473509],[16.4805562,47.0473778],[16.4806279,47.0474062],[16.4810558,47.0474458],[16.4816748,47.0475189],[16.4823228,47.047612],[16.4841206,47.047903],[16.4843577,47.0469868],[16.4854394,47.0471687],[16.4860446,47.0472509],[16.4860744,47.0470831],[16.4864957,47.0471904],[16.4869978,47.0473745],[16.4872861,47.0474988],[16.4874042,47.0475441],[16.4875441,47.0475919],[16.4885165,47.0478127],[16.4885476,47.047651],[16.4901392,47.0478072],[16.4901326,47.0478888],[16.4908391,47.0480134],[16.4912797,47.0481176],[16.4915332,47.0481185],[16.4916424,47.0481568],[16.4919092,47.0482269],[16.4927356,47.0483005],[16.4936142,47.048486],[16.4935754,47.0490975],[16.4944794,47.0490622],[16.4946125,47.0491504],[16.4947073,47.049167],[16.4947937,47.0491756],[16.494858,47.049167],[16.4960564,47.0489113],[16.496831,47.0486759],[16.4977652,47.0484862],[16.4980383,47.0485668],[16.4984283,47.0487238],[16.4989577,47.0490159],[16.500073,47.049665],[16.5005132,47.049958],[16.500452,47.0503026],[16.5005027,47.0503922],[16.5008492,47.0507098],[16.5018921,47.0507071],[16.5027225,47.0506576],[16.5033338,47.0505543],[16.5034999,47.0503468],[16.5037031,47.0501963],[16.5051175,47.0500021],[16.5051233,47.0500125],[16.5065492,47.0496355],[16.5066718,47.0495533],[16.5069236,47.0497247],[16.5088277,47.0503472],[16.5097056,47.0506188],[16.5113267,47.0514087],[16.5121628,47.0518023],[16.5128808,47.0523569],[16.5136182,47.0530444],[16.5142359,47.0536367],[16.5151218,47.0540727],[16.5155424,47.0543534],[16.5165391,47.0547964],[16.5183222,47.0553539],[16.5187693,47.0555246],[16.5194069,47.0557777],[16.5205761,47.0561924],[16.5202141,47.0565116],[16.5204414,47.0566564],[16.5207885,47.0568721],[16.5209299,47.0569729],[16.5205847,47.057728],[16.5205991,47.0597516],[16.5205737,47.0604864],[16.5204538,47.0615487],[16.5192682,47.0621259],[16.5180883,47.0626015],[16.5168837,47.0629729],[16.516522,47.063162],[16.5157183,47.0635311],[16.5142361,47.0640833],[16.5127706,47.0648747],[16.5126815,47.0649456],[16.5124822,47.0650854],[16.512032,47.065285],[16.5111645,47.0656569],[16.5100747,47.0662761],[16.5077395,47.0669968],[16.5063272,47.0674673],[16.5049279,47.0678415],[16.5030769,47.068252],[16.502872,47.06839],[16.501883,47.0689467],[16.5011473,47.0692796],[16.500177,47.0696961],[16.4991657,47.069869],[16.4988636,47.0699657],[16.4983947,47.0701822],[16.4983359,47.0701981],[16.4979245,47.0701458],[16.4971377,47.0700319],[16.4965552,47.0704162],[16.4959569,47.0702439],[16.4957992,47.0705173],[16.4953029,47.070396],[16.4945754,47.0701953],[16.4943701,47.0701513],[16.4941693,47.0704837],[16.4940475,47.0705812],[16.4928591,47.0703173],[16.4920647,47.0701396],[16.4916042,47.070612],[16.4912895,47.0705223],[16.4911159,47.0705078],[16.4911006,47.0705224],[16.4909041,47.0704454],[16.4908231,47.0704054],[16.4904875,47.0702703],[16.4902682,47.0701931],[16.4900763,47.0701122],[16.489865,47.0700404],[16.4897684,47.0699939],[16.4896433,47.0699091],[16.4894125,47.0698054],[16.4893402,47.0697803],[16.4892235,47.0697326],[16.4891244,47.0696809],[16.4886913,47.0695405],[16.4883275,47.0693856],[16.4882256,47.0693311],[16.488143,47.0692596],[16.4879182,47.0691473],[16.4876946,47.0690528],[16.4875309,47.0689311],[16.4874235,47.0688699],[16.4873661,47.0688433],[16.4872881,47.0688401],[16.4872833,47.068862],[16.4870387,47.068887],[16.4862704,47.0703574],[16.485513,47.0701954],[16.4846796,47.0700244],[16.4839686,47.0712795],[16.4837677,47.0715451],[16.4837169,47.0716122],[16.4843111,47.0717809],[16.4841325,47.0720635],[16.4838896,47.0723643],[16.4835952,47.0722925],[16.4833746,47.0722343],[16.4827447,47.0720609],[16.4825801,47.0725131],[16.48293,47.0725738],[16.4828353,47.072957],[16.4827878,47.0732104],[16.4827766,47.0733211],[16.4827438,47.073477],[16.4826189,47.0738652],[16.4827287,47.0738966],[16.4826568,47.0740944],[16.4833707,47.0742462],[16.4827002,47.0748667],[16.4824778,47.0750182],[16.4810995,47.0749188],[16.4773868,47.0742897],[16.4767168,47.0742222],[16.4766452,47.0741539],[16.4765714,47.0741151],[16.4764253,47.0741071],[16.4764065,47.0741061],[16.4762033,47.0741068],[16.4759682,47.0740907],[16.4747876,47.0741075],[16.4745516,47.0740373],[16.4741006,47.0739601],[16.4730561,47.0736033],[16.4729121,47.0735893],[16.4727355,47.0740558],[16.4726464,47.074418],[16.4725126,47.0746255],[16.4724301,47.0748274],[16.4724168,47.0750423],[16.4724415,47.0751546],[16.4724316,47.0752278],[16.4723176,47.0753778],[16.472236,47.0755545],[16.4722231,47.0756661],[16.4721919,47.0757583],[16.4721818,47.075821],[16.4722131,47.0759339],[16.47221,47.0759907],[16.4721942,47.0760378],[16.4721605,47.0760916],[16.4720061,47.0762499],[16.4718942,47.0764393],[16.4718336,47.0765193],[16.4717289,47.0765849],[16.4716775,47.0766063],[16.471616,47.0766237],[16.4715351,47.0766323],[16.4714871,47.0766255],[16.4714259,47.0768545],[16.4711536,47.076847],[16.4709969,47.0769086],[16.4710048,47.0770617],[16.470844,47.0774211],[16.4708365,47.0782019],[16.4711094,47.0788889],[16.4714047,47.0796144],[16.4716139,47.0798848],[16.4717541,47.080023],[16.4717893,47.0801333],[16.4718168,47.0802606],[16.4718005,47.0804277],[16.4717732,47.0806063],[16.4717823,47.0806587],[16.4718171,47.0806948],[16.4719292,47.0806845],[16.4719709,47.0807211],[16.4718303,47.0809535],[16.4718257,47.0810275],[16.4719601,47.0810525],[16.4721069,47.0810065],[16.472187,47.0810226],[16.4722759,47.0810944],[16.4723128,47.0811533],[16.4723253,47.081197],[16.4721693,47.0812311],[16.4720338,47.0813362],[16.4719892,47.0813756],[16.4720335,47.081464],[16.4724611,47.0815998],[16.472587,47.0816125],[16.4726585,47.0815747],[16.4726659,47.0814716],[16.472556,47.081354],[16.472548,47.0813034],[16.4725922,47.0812318],[16.4726899,47.0811673],[16.4727769,47.0811454],[16.4733083,47.0811248],[16.4735334,47.0811365],[16.4736325,47.0812461],[16.4739818,47.0817919],[16.4740195,47.0819598],[16.4738902,47.0819842],[16.4737577,47.0819162],[16.4735573,47.0819307],[16.4737483,47.0824961],[16.4741364,47.0836028],[16.4744482,47.0844888],[16.4747326,47.0853184],[16.4742366,47.0855695],[16.4739498,47.0858031],[16.4735096,47.0862435],[16.4734162,47.0865472],[16.4733028,47.0866688],[16.4729777,47.0869162],[16.4728801,47.0870479],[16.472834,47.087085],[16.472724,47.0871389],[16.4726119,47.087179],[16.4724698,47.0871731],[16.4723411,47.0871848],[16.4722649,47.0872214],[16.4712973,47.0868559],[16.4709867,47.0868004],[16.4707826,47.0867984],[16.4706318,47.0869034],[16.4705079,47.0872331],[16.4702229,47.0873294],[16.4700675,47.0873747],[16.469225,47.0876773],[16.4690342,47.0876972],[16.4689953,47.0878899],[16.4687645,47.0880696],[16.4684484,47.0881701],[16.4683595,47.0882728],[16.4683629,47.0884049],[16.4683599,47.088748],[16.4684455,47.0889468],[16.4684738,47.0890361],[16.4684564,47.0891973],[16.4685096,47.0894798],[16.4684317,47.0897029],[16.4683492,47.0897366],[16.4680331,47.0897234],[16.4680181,47.0896769],[16.4680411,47.0895869],[16.4679423,47.0895202],[16.4677826,47.0895151],[16.4676272,47.0893953],[16.4675545,47.0893746],[16.4672856,47.089372],[16.4671511,47.0893329],[16.4667174,47.0893914],[16.4664889,47.089373],[16.4663805,47.0892925],[16.465983,47.0893059],[16.4661641,47.0898633],[16.4663652,47.0901091],[16.4664988,47.0904866],[16.4664921,47.0906787],[16.4664564,47.0911084],[16.46602,47.0917507],[16.4654702,47.0921338],[16.4652054,47.0922055],[16.4650096,47.0926285],[16.4649467,47.0926227],[16.4648732,47.0927308],[16.464647,47.0929274],[16.464375,47.0933562],[16.4639185,47.0941143],[16.4637034,47.0946753],[16.4633499,47.0949728],[16.4647058,47.0953233],[16.4657843,47.0955996],[16.4663427,47.0957514],[16.4646213,47.0989511],[16.4686682,47.0997609],[16.4726032,47.100561],[16.4726081,47.1007236],[16.4725633,47.100841],[16.4724227,47.1009942],[16.4722495,47.1012122],[16.4721183,47.1015096],[16.4719622,47.1017121],[16.4717176,47.1020621],[16.4719077,47.1022608],[16.4724673,47.1028403],[16.4735222,47.1039612],[16.4746543,47.1051616],[16.4747622,47.1051965],[16.4751876,47.1049677],[16.4756413,47.1044181],[16.476291,47.1032405],[16.4764957,47.103006],[16.476651,47.1028967],[16.4770093,47.1025149],[16.4774567,47.1019316],[16.4775386,47.1018013],[16.4776559,47.1015774],[16.4776772,47.1015194],[16.4776808,47.1014165],[16.4777955,47.1014352],[16.4779079,47.1014543],[16.4781133,47.101489],[16.4794083,47.1017048],[16.484766,47.1026133],[16.4840075,47.105087],[16.4828773,47.1087599],[16.4852327,47.1089625],[16.4896734,47.1093141],[16.4953607,47.1097659],[16.500723,47.1102011],[16.5004599,47.1142139],[16.5003311,47.1163371],[16.5002445,47.1178273],[16.5000084,47.121248],[16.4998813,47.1234162],[16.4999953,47.1234251],[16.5009553,47.1236381],[16.5031635,47.1236412],[16.5049925,47.1237146],[16.5056126,47.1237465],[16.507211,47.1239471],[16.5088074,47.1239267],[16.5095348,47.1239294],[16.5127637,47.1243493],[16.5155078,47.1246961],[16.5177647,47.1251987],[16.5188633,47.1255184],[16.520563,47.1259726],[16.5220275,47.1263006],[16.5234579,47.1264615],[16.5256815,47.1266238],[16.5278144,47.1269968],[16.5293271,47.1272382],[16.5292805,47.1286142],[16.5292451,47.1296947],[16.5291029,47.1321882],[16.5289806,47.1344165],[16.5287808,47.1373184],[16.528276,47.1372169],[16.5265651,47.136883],[16.5241531,47.1387999],[16.5226557,47.1399957],[16.5221053,47.1414711],[16.5215149,47.1424129],[16.5210421,47.1432378],[16.5201486,47.1446108],[16.5197669,47.1456031],[16.5195888,47.1459367],[16.5182987,47.1474656],[16.5169619,47.1490519],[16.5167749,47.1493285],[16.5142899,47.1494826],[16.5130496,47.1494992],[16.5090502,47.1495614],[16.5063452,47.1494932],[16.5033312,47.1492258],[16.5015268,47.1491922],[16.4985311,47.1491422],[16.4957314,47.149234],[16.4932868,47.1489658],[16.4904654,47.1488549],[16.488712,47.1486121],[16.4880428,47.1485211],[16.4853405,47.147777],[16.4842649,47.1474016],[16.4806104,47.1461003],[16.4797865,47.1458729],[16.4787189,47.1453061],[16.4779186,47.1449368],[16.476869,47.144574],[16.4748769,47.1440889],[16.4731354,47.1437503],[16.4714888,47.1433351],[16.4713644,47.1432907],[16.4712883,47.143255],[16.4712236,47.1432387],[16.4710472,47.1432049],[16.4706594,47.1431423],[16.4695209,47.1428902],[16.4691962,47.1428257],[16.4685045,47.1427286],[16.4683226,47.1427188],[16.4681911,47.1427436],[16.4680371,47.1427584],[16.4678962,47.1428145],[16.4677007,47.1429063],[16.4675542,47.1429189],[16.4669741,47.1428288],[16.4663164,47.1427929],[16.4650874,47.1426088],[16.4645056,47.1425302],[16.4608895,47.1420073],[16.4591273,47.1419242],[16.4590841,47.1425336],[16.4590165,47.1430532],[16.4581823,47.1427845],[16.4563589,47.1424449],[16.4542992,47.1423097],[16.4526028,47.145229],[16.4519902,47.1450468],[16.4512775,47.1448166],[16.45126,47.1448054],[16.4511643,47.1448574],[16.4511338,47.1448942],[16.4510592,47.1450121],[16.4508683,47.1451351],[16.4506642,47.1452151],[16.4504888,47.1452654],[16.4504262,47.1452459],[16.4501395,47.14534],[16.4499226,47.1454373],[16.4498745,47.1454757],[16.4498339,47.1455357],[16.4498208,47.1455862],[16.4498255,47.14564],[16.4498437,47.1456634],[16.4500464,47.145784],[16.450084,47.1458472],[16.4501228,47.1459269],[16.4500977,47.1460842],[16.4501649,47.1462173],[16.4502503,47.1462806],[16.4502833,47.1463194],[16.450297,47.1463469],[16.4502985,47.1463881],[16.4502768,47.1464466],[16.4502487,47.1466101],[16.4502384,47.1466344],[16.4502222,47.1466597],[16.4502009,47.1467036],[16.4501945,47.1467582],[16.4499429,47.1479015],[16.4496943,47.1490249],[16.4496775,47.1490233],[16.4496807,47.1490594],[16.4496728,47.1491238],[16.44954,47.1497348],[16.4490656,47.1518814],[16.4490902,47.151907],[16.4491602,47.1519582],[16.4494667,47.1520952],[16.449801,47.1521928],[16.4505041,47.1523157],[16.4506482,47.1523793],[16.4507843,47.1524445],[16.4508794,47.1525169],[16.4510454,47.152669],[16.4511439,47.1527544],[16.4513336,47.1529035],[16.4513249,47.152961],[16.4514763,47.1530783],[16.4519205,47.1534146],[16.4518556,47.1534579],[16.4518896,47.1545655],[16.4520484,47.1550377],[16.4531194,47.1577199],[16.4582435,47.1572581],[16.4582347,47.1574093],[16.4581614,47.1575485],[16.4581121,47.1579147],[16.4582186,47.1582826],[16.4606163,47.1590826],[16.4605576,47.1592325],[16.4601613,47.1604806],[16.4602298,47.1609252],[16.4602494,47.1610138],[16.4623586,47.1614618],[16.4622563,47.1617367],[16.4622092,47.1620326],[16.4621829,47.1623503],[16.4619992,47.1626765],[16.4617765,47.1628719],[16.4613479,47.1630922],[16.4609306,47.1633258],[16.4607707,47.1638034],[16.4607651,47.1642024],[16.4608091,47.1645356],[16.4609027,47.1647953],[16.4610381,47.1651421],[16.4611682,47.1655502],[16.461088,47.1658064],[16.4609947,47.1660275],[16.4606092,47.1665149],[16.4606192,47.1668614],[16.4609952,47.1674834],[16.4642271,47.1681832],[16.4643046,47.1681932],[16.4643423,47.1681951],[16.4643122,47.1684077],[16.4642611,47.1685599],[16.4641674,47.1687725],[16.463741,47.1697779],[16.4633714,47.170923],[16.4631753,47.1709104],[16.4628631,47.1708265],[16.4623425,47.1706327],[16.4622631,47.1706524],[16.4614431,47.172013],[16.4611025,47.1727392],[16.4609705,47.1731141],[16.4607538,47.1734724],[16.4606835,47.1735544],[16.4603705,47.1742179],[16.4601382,47.1745986],[16.4599446,47.1748906],[16.4594076,47.1763856],[16.4593049,47.1765477],[16.4589329,47.1764642],[16.4578656,47.1768638],[16.4573589,47.1767778],[16.4568498,47.1784699],[16.4566103,47.179347],[16.456248,47.1799893],[16.4561401,47.1803781],[16.4554194,47.1812674],[16.4552006,47.1817179],[16.4548567,47.1823206],[16.4547481,47.1826846],[16.4544707,47.1830798],[16.4540499,47.1836167],[16.4538227,47.1840539],[16.4537329,47.184396],[16.4537186,47.1848809],[16.4536859,47.1852337],[16.4537058,47.1855884],[16.453632,47.1859054],[16.4534944,47.1860753],[16.4530989,47.1862641],[16.4533052,47.1863457],[16.4535281,47.1864565],[16.4539297,47.1866814],[16.4541293,47.1867928],[16.4542739,47.1868783],[16.4544267,47.1869756],[16.4548473,47.1872828],[16.4548809,47.187315],[16.4549183,47.1873746],[16.4548991,47.1873881],[16.4547745,47.1875593],[16.4546074,47.1877106],[16.4544158,47.1879129],[16.454318,47.1879904],[16.4534895,47.1880896],[16.4533996,47.1881116],[16.4533188,47.1881255],[16.453254,47.1881227],[16.453215,47.1881157],[16.4527053,47.1880138],[16.4525674,47.1879048],[16.45249,47.1878619],[16.4524193,47.1878271],[16.4522604,47.18792],[16.4517889,47.1876983],[16.4516586,47.1875853],[16.4514248,47.1874445],[16.4510729,47.1873938],[16.4510016,47.1873877],[16.4509683,47.1874735],[16.4508729,47.1876178],[16.4508781,47.1876217],[16.450843,47.187725],[16.450837,47.1878785],[16.45084,47.1879228],[16.4508285,47.1880406],[16.4508316,47.1881824],[16.4507769,47.1882623],[16.4507417,47.1882925],[16.4506251,47.1882587],[16.4499957,47.1880815],[16.4499733,47.1880769],[16.4497223,47.1880248],[16.4493491,47.1879474],[16.448311,47.1876836],[16.4476949,47.1875545],[16.4462372,47.1872264],[16.446178,47.1872068],[16.4451801,47.1868763],[16.4445018,47.1866092],[16.4432419,47.1861462],[16.4427546,47.1859109],[16.4425196,47.1857248],[16.4423088,47.1855607],[16.4416659,47.1852535],[16.4412246,47.1851686],[16.4406681,47.1851163],[16.4399003,47.1850778],[16.4393262,47.1850554],[16.4386516,47.1850495],[16.4362789,47.1848434],[16.4354842,47.1847528],[16.4338628,47.1845854],[16.4332188,47.1845344],[16.4330567,47.1845299],[16.4327896,47.184547],[16.4326807,47.1845601],[16.4325499,47.1845918],[16.4324586,47.1846246],[16.4323522,47.1846455],[16.4322189,47.1846616],[16.4321082,47.1846805],[16.4318885,47.1847298],[16.431798,47.184769],[16.4316494,47.1848148],[16.4315308,47.1848444],[16.431329,47.1848739],[16.4310291,47.1848782],[16.430882,47.1849058],[16.4307584,47.1848886],[16.4306476,47.1848675],[16.4305706,47.184765],[16.4304895,47.1846923],[16.4303037,47.1846572],[16.4301123,47.1846597],[16.429707,47.1846096],[16.4295041,47.1846613],[16.4294319,47.1846881],[16.4293206,47.1846872],[16.4292721,47.1846768],[16.4291737,47.1847006],[16.429048,47.1847802],[16.4289267,47.1848074],[16.4288782,47.1848569],[16.428809,47.184877],[16.4287958,47.1849585],[16.4287376,47.1849687],[16.4286992,47.184986],[16.4285847,47.1849812],[16.4285462,47.1850034],[16.4283475,47.1850258],[16.428203,47.1850377],[16.4281533,47.1850827],[16.4280339,47.1851798],[16.4279894,47.1852041],[16.4279898,47.1852275],[16.427929,47.1853155],[16.4278583,47.185368],[16.427739,47.1853911],[16.4276716,47.1854258],[16.4275955,47.1854881],[16.4275269,47.1855109],[16.4274663,47.1855377],[16.4274107,47.1855823],[16.4273887,47.1856482],[16.4273779,47.1857125],[16.4274249,47.1857459],[16.4273932,47.1857776],[16.4273413,47.1858158],[16.4273001,47.185833],[16.4272358,47.1859185],[16.4272153,47.185999],[16.4271822,47.1860428],[16.4271256,47.1860881],[16.4270878,47.1861389],[16.4270172,47.186219],[16.4269888,47.1862298],[16.4268813,47.1863148],[16.4265191,47.1866829],[16.4264786,47.1867612],[16.4264166,47.1868358],[16.4262595,47.1869425],[16.4260863,47.1871094],[16.42601,47.1872385],[16.426021,47.187293],[16.4260212,47.187375],[16.4259291,47.187459],[16.4258564,47.1875455],[16.4257747,47.1875782],[16.4256636,47.187691],[16.4256862,47.187777],[16.4256253,47.1878235],[16.4255384,47.1879076],[16.4254464,47.1880023],[16.4253508,47.188093],[16.4252349,47.1882373],[16.4251716,47.1883024],[16.4251469,47.1883394],[16.4251212,47.1884477],[16.4251009,47.1884898],[16.4250851,47.1885532],[16.4251049,47.188637],[16.4250922,47.188704],[16.4249917,47.1888855],[16.4249495,47.1889035],[16.424923,47.1889065],[16.4248788,47.1889387],[16.4248631,47.1889681],[16.4248409,47.1889874],[16.4248154,47.1890196],[16.4248006,47.1890416],[16.4247467,47.1890972],[16.4247022,47.1891276],[16.4246497,47.1891831],[16.4245788,47.1892469],[16.4245811,47.1892751],[16.4245478,47.1893219],[16.4244293,47.189402],[16.4243771,47.1894823],[16.4242051,47.189722],[16.4241767,47.1897478],[16.4240889,47.1897865],[16.4240431,47.1898456],[16.4240303,47.1898899],[16.4239867,47.1899599],[16.4239101,47.1900099],[16.4238875,47.1900323],[16.4238522,47.1900852],[16.423783,47.1901411],[16.4236899,47.1902425],[16.4236424,47.1903371],[16.4236451,47.1903837],[16.4236367,47.190398],[16.4235694,47.190447],[16.4235027,47.1905894],[16.4234476,47.1906582],[16.423385,47.1907523],[16.4233625,47.1908005],[16.4228425,47.1915916],[16.4224123,47.1919312],[16.4220797,47.1922054],[16.4220343,47.1922412],[16.4219889,47.1923035],[16.4219577,47.192354],[16.4218819,47.1925138],[16.4218421,47.1925811],[16.4217976,47.1926677],[16.421758,47.1927233],[16.4217447,47.1927601],[16.4216654,47.1928158],[16.4216566,47.1928437],[16.4215873,47.1929019],[16.4215865,47.1929532],[16.4215526,47.1930114],[16.4215022,47.1930701],[16.4214663,47.1930904],[16.4213866,47.1931982],[16.4211992,47.193406],[16.4211095,47.1935155],[16.4210322,47.1936081],[16.4209697,47.1936658],[16.420892,47.1937431],[16.4208437,47.1938007],[16.4207551,47.1939067],[16.4207013,47.1939743],[16.4206438,47.1940355],[16.4206069,47.1940971],[16.4205984,47.1941051],[16.4204999,47.1942062],[16.4204583,47.1942568],[16.4203848,47.1943533],[16.4202952,47.1944262],[16.4202665,47.1944495],[16.4201226,47.194537],[16.4201062,47.194558],[16.4200425,47.1945925],[16.4198705,47.1946769],[16.4198022,47.1947173],[16.4196757,47.1947868],[16.4196162,47.1948315],[16.4194949,47.194925],[16.4195127,47.1949351],[16.4196815,47.195238],[16.419668,47.1953639],[16.4197022,47.1953728],[16.4197492,47.1953966],[16.4198024,47.1954098],[16.4198814,47.1954629],[16.4199913,47.1955281],[16.4200184,47.1955628],[16.4201016,47.195657],[16.420176,47.1957462],[16.4203676,47.195974],[16.4204425,47.1961196],[16.4205044,47.196238],[16.4207116,47.1966443],[16.4207373,47.1966956],[16.4207688,47.1967456],[16.4208601,47.1968578],[16.4210985,47.1971255],[16.4211416,47.1971585],[16.4211559,47.1971695],[16.4212495,47.1972762],[16.4212037,47.1972996],[16.4211825,47.1973631],[16.4211391,47.197494],[16.4211078,47.1975742],[16.4210731,47.1976811],[16.4210221,47.1977774],[16.4209017,47.1980613],[16.4207868,47.1982408],[16.4207475,47.1983025],[16.4206709,47.1984554],[16.4205966,47.198621],[16.4205171,47.1987904],[16.4205025,47.1988316],[16.4204739,47.1988816],[16.4201909,47.1995075],[16.4201496,47.199568],[16.4200586,47.1997132],[16.4200481,47.1997421],[16.420033,47.1997591],[16.419851,47.2000899],[16.4197768,47.2002362],[16.4196716,47.2004053],[16.4193829,47.2008911],[16.4193722,47.2009133],[16.4192931,47.2009819],[16.4192789,47.201022],[16.4192176,47.2010235],[16.4191758,47.2010479],[16.4191519,47.2010819],[16.4191377,47.201123],[16.4191079,47.201156],[16.4190666,47.2011642],[16.4190315,47.2011955],[16.4189421,47.2012326],[16.4189048,47.2012869],[16.4188525,47.2013275],[16.4187728,47.2013581],[16.4187241,47.2014315],[16.4187037,47.2014752],[16.4187163,47.2015115],[16.4186998,47.2015506],[16.4187008,47.201583],[16.4187173,47.2016074],[16.4187105,47.2016385],[16.418691,47.2016504],[16.4186497,47.2016685],[16.4186287,47.2016888],[16.4186277,47.2017285],[16.4186453,47.2017529],[16.418634,47.2017827],[16.4186102,47.2018098],[16.4185992,47.2018312],[16.418585,47.2018972],[16.4185508,47.2019223],[16.4185197,47.2019342],[16.4184671,47.2019758],[16.4184408,47.2020731],[16.4184506,47.2021432],[16.4184339,47.2021876],[16.4183201,47.2023178],[16.4183013,47.2023919],[16.4183181,47.2024503],[16.4183556,47.2024785],[16.4183235,47.2025334],[16.418323,47.2025962],[16.4183552,47.2026372],[16.4183542,47.2026756],[16.4183415,47.2027212],[16.4183795,47.2028462],[16.4183373,47.202922],[16.4183503,47.2029877],[16.4183269,47.2030354],[16.4183532,47.2031319],[16.4183347,47.2031908],[16.4183289,47.203331],[16.4182968,47.2033713],[16.4182909,47.203413],[16.4183182,47.2034745],[16.4183153,47.2035069],[16.4182695,47.2035413],[16.41825,47.2036061],[16.4182452,47.2036809],[16.4182616,47.2037331],[16.4182822,47.2037761],[16.4182491,47.2038515],[16.4182228,47.2038885],[16.4182228,47.2039335],[16.4182082,47.2040221],[16.4181947,47.2040716],[16.4181663,47.2040982],[16.4181718,47.2041678],[16.4181739,47.2042197],[16.4181558,47.2042473],[16.4181171,47.2042721],[16.4180966,47.2043145],[16.4180972,47.2043526],[16.4181082,47.2043834],[16.4181457,47.2043998],[16.4181361,47.2044573],[16.4180583,47.2045863],[16.4180515,47.2046233],[16.4180106,47.2046511],[16.4179531,47.2047037],[16.4178967,47.2047324],[16.4178723,47.2047476],[16.4177974,47.2047675],[16.4177127,47.2047774],[16.4176708,47.2047906],[16.4175978,47.2047966],[16.4175268,47.2048171],[16.4174761,47.2048237],[16.4174732,47.2048594],[16.41739,47.2049907],[16.4173593,47.2051491],[16.417333,47.2051491],[16.4173029,47.2051491],[16.4172172,47.205161],[16.4171598,47.205185],[16.4171403,47.2051973],[16.4170984,47.2052417],[16.4170429,47.2052661],[16.4170021,47.2052906],[16.4169018,47.2053384],[16.416944,47.2054225],[16.4169617,47.2055705],[16.416984,47.2056446],[16.4169937,47.2057545],[16.4169902,47.2058016],[16.4169847,47.2058771],[16.4170213,47.2059305],[16.4170365,47.2059526],[16.4170522,47.2059533],[16.4170746,47.206045],[16.4170832,47.2061825],[16.4170991,47.2062233],[16.4171489,47.2062981],[16.4174466,47.206665],[16.4177003,47.206882],[16.4178237,47.207171],[16.4178862,47.2073233],[16.4178384,47.2073731],[16.4177749,47.2073927],[16.4179037,47.207593],[16.4179497,47.2076455],[16.4180053,47.2077533],[16.4180352,47.2078142],[16.4180921,47.2079035],[16.4182591,47.2081361],[16.4183599,47.2082692],[16.4184858,47.2085614],[16.4186125,47.2088916],[16.4185467,47.2089023],[16.4186261,47.209129],[16.4186533,47.2092456],[16.418663,47.2094169],[16.4186272,47.2095384],[16.4186543,47.209651],[16.4186782,47.2096923],[16.4186857,47.2098712],[16.4187291,47.2100737],[16.4188223,47.2103299],[16.4188657,47.2104168],[16.4189014,47.2105368],[16.4189415,47.2106229],[16.4189989,47.2106959],[16.4190521,47.2107407],[16.419141,47.2108431],[16.419283,47.2109602],[16.4194228,47.2110412],[16.4195583,47.2110721],[16.4197393,47.2110942],[16.4199214,47.2111037],[16.4199897,47.2111001],[16.4200796,47.2110677],[16.4201924,47.2110434],[16.4202877,47.2110301],[16.4203408,47.2109903],[16.420614,47.2108954],[16.4206931,47.2108578],[16.4207874,47.2107989],[16.4208763,47.2107687],[16.4209749,47.2107466],[16.4210248,47.2107142],[16.4210139,47.2106907],[16.4209251,47.2106089],[16.4210952,47.2105044],[16.4211082,47.2104484],[16.4211364,47.2104256],[16.4211711,47.2104094],[16.4212069,47.2103535],[16.4212557,47.2103004],[16.4213012,47.2102754],[16.4213777,47.2101261],[16.4214142,47.2100805],[16.4214318,47.2100216],[16.4214669,47.2099836],[16.4215404,47.2098397],[16.4215281,47.2096998],[16.4215404,47.2095936],[16.4215745,47.2095153],[16.4216645,47.2095191],[16.4217236,47.2094859],[16.4217226,47.2094363],[16.421794,47.2093207],[16.4218675,47.2092164],[16.421918,47.2091679],[16.4219589,47.2090741],[16.4220176,47.2089846],[16.4220379,47.2088978],[16.4220015,47.2088294],[16.4219905,47.2087518],[16.4219846,47.2086575],[16.4219599,47.2084758],[16.4219507,47.208377],[16.421949,47.2082936],[16.4217739,47.2082574],[16.4217832,47.2081793],[16.4217832,47.2080241],[16.4218416,47.2079361],[16.4219406,47.2078539],[16.4220396,47.2078033],[16.4222757,47.2080131],[16.4224474,47.2079321],[16.4225464,47.2078953],[16.4226217,47.2078729],[16.4230321,47.207801],[16.423126,47.2077775],[16.423346,47.2077723],[16.4233629,47.2077499],[16.4233663,47.2077303],[16.4235161,47.2077608],[16.4235389,47.2077746],[16.4235838,47.2077763],[16.4235982,47.2077665],[16.4236532,47.2077803],[16.4236997,47.2077809],[16.4237352,47.2077872],[16.4237556,47.2077798],[16.4238664,47.2077821],[16.4238986,47.2077769],[16.4239451,47.2077579],[16.42394,47.2078097],[16.4241177,47.2078108],[16.4242252,47.2078246],[16.4243462,47.2078246],[16.4245721,47.2079235],[16.4246398,47.207989],[16.4247278,47.2080419],[16.4248852,47.2081603],[16.4249535,47.2082028],[16.4249847,47.2082289],[16.4250654,47.2082816],[16.425161,47.2083666],[16.4252676,47.2084845],[16.4253141,47.208546],[16.4253353,47.2085782],[16.425398,47.2086321],[16.4254783,47.2087351],[16.4255536,47.2088064],[16.4256103,47.2088495],[16.4257236,47.2089042],[16.4258884,47.2090338],[16.4260063,47.2091081],[16.4260841,47.209138],[16.4261769,47.209107],[16.4262331,47.2091398],[16.4263109,47.2091748],[16.426349,47.2092076],[16.4263811,47.2092329],[16.4264742,47.209272],[16.4265994,47.2093444],[16.4267264,47.2093973],[16.4268465,47.2094525],[16.426928,47.2094994],[16.4270327,47.2095347],[16.4270778,47.2095553],[16.4271595,47.2095647],[16.4273797,47.209683],[16.4274716,47.209704],[16.427594,47.2097507],[16.4276802,47.2098185],[16.4277503,47.209883],[16.4277688,47.2098959],[16.4278559,47.209919],[16.4279571,47.2099776],[16.4280589,47.2100044],[16.4281373,47.2100456],[16.4283086,47.210102],[16.4283846,47.2101062],[16.4284579,47.2101386],[16.428606,47.2101515],[16.4287019,47.2101681],[16.4288811,47.210172],[16.429014,47.2101715],[16.42918,47.2101546],[16.4292503,47.2101555],[16.4293323,47.2101419],[16.429674,47.2101147],[16.429872,47.2101252],[16.4300295,47.2101257],[16.4302679,47.2101636],[16.4306644,47.2102433],[16.4309801,47.2102439],[16.4310184,47.2102404],[16.4310775,47.2102557],[16.4311584,47.2102475],[16.4312871,47.2102581],[16.4314394,47.2102551],[16.4316107,47.2102634],[16.4317168,47.2102504],[16.4318194,47.2102463],[16.432096,47.2102008],[16.4322247,47.210134],[16.432363,47.2100974],[16.4323978,47.2100744],[16.4324161,47.2100454],[16.4324535,47.2100324],[16.4325172,47.2099925],[16.4325651,47.2099683],[16.4326642,47.2100246],[16.4327631,47.2100675],[16.4331605,47.2100572],[16.4335005,47.2100369],[16.4343471,47.2100263],[16.4349284,47.2098409],[16.4365993,47.2099457],[16.4366861,47.2104686],[16.4366651,47.2106736],[16.436509,47.2108161],[16.4361848,47.2110549],[16.4361944,47.2114967],[16.4361044,47.2118275],[16.4352959,47.2121988],[16.4352932,47.2128272],[16.435213,47.2131848],[16.4351277,47.2133896],[16.4352074,47.2136932],[16.4351784,47.2148091],[16.4350644,47.215182],[16.4350046,47.2154103],[16.4350207,47.2155158],[16.435231,47.2159999],[16.4355204,47.2164054],[16.4363162,47.2164967],[16.4364953,47.2165163],[16.4366873,47.2165298],[16.4368424,47.2165343],[16.4369933,47.2165309],[16.4371552,47.2165207],[16.4372227,47.2166506],[16.4375892,47.2166201],[16.4377381,47.2167486],[16.4377675,47.2167685],[16.4377965,47.2167805],[16.4378972,47.2168134],[16.438,47.2168179],[16.4382989,47.2170199],[16.4384424,47.2172137],[16.4387001,47.2172056],[16.4388965,47.2174817],[16.4389992,47.2176508],[16.4393173,47.2178842],[16.4392512,47.2183127],[16.4392006,47.2183042],[16.4391906,47.2183445],[16.439246,47.2183582],[16.4391276,47.2185498],[16.4390885,47.2186354],[16.4390532,47.2187009],[16.4390103,47.218796],[16.4388243,47.2191585],[16.4377925,47.2207567],[16.437768,47.2208076],[16.4377525,47.2208742],[16.4377295,47.220925],[16.4377085,47.2209445],[16.4376894,47.2209796],[16.437658,47.2210493],[16.4376138,47.2211974],[16.4376015,47.2212307],[16.4375541,47.2214973],[16.4374234,47.2217557],[16.4371101,47.2220557],[16.4368608,47.2222608],[16.4366965,47.2225419],[16.4366778,47.2227108],[16.436688,47.2230728],[16.4367548,47.2230748],[16.4368623,47.2230633],[16.4370961,47.2230602],[16.4372788,47.2230543],[16.4373838,47.2230549],[16.4375075,47.2230479],[16.4375672,47.2230492],[16.4377506,47.2233553],[16.4377796,47.2234104],[16.4377976,47.2234675],[16.4378396,47.2235939],[16.4378489,47.2236545],[16.4378494,47.2237248],[16.437869,47.2239176],[16.4379142,47.2240336],[16.4379346,47.2240644],[16.4379469,47.2241195],[16.4379462,47.2242003],[16.4378394,47.2246559],[16.4378105,47.2250663],[16.437866,47.2251996],[16.4381441,47.2254748],[16.4381961,47.2256285],[16.4382063,47.2256946],[16.4381952,47.2257393],[16.4382147,47.2257736],[16.4382813,47.2257773],[16.4382894,47.2261266],[16.4381823,47.2261309],[16.4381779,47.2263566],[16.4381967,47.2264907],[16.4381806,47.2273364],[16.4381846,47.2284781],[16.4381417,47.2288227],[16.438127,47.2291546],[16.4381535,47.2294119],[16.4381634,47.2297655],[16.4381661,47.2299101],[16.4381906,47.229974],[16.4382117,47.2299953],[16.4383084,47.2300141],[16.4384048,47.230022],[16.4384986,47.2300371],[16.4385865,47.2300602],[16.4387376,47.2300843],[16.4389664,47.2301277],[16.4390492,47.2301478],[16.4392164,47.2301596],[16.4393444,47.2301783],[16.4394076,47.2301951],[16.4395664,47.2302263],[16.4398659,47.2302717],[16.4400208,47.2302732],[16.4401536,47.2302649],[16.4403489,47.2302721],[16.4404884,47.2302999],[16.4406361,47.2303148],[16.4406928,47.2303233],[16.4407169,47.2303422],[16.4412181,47.2304102],[16.4412299,47.2304351],[16.4412236,47.2304569],[16.4412073,47.2304715],[16.4410409,47.2307492],[16.441024,47.2307772],[16.4409266,47.230937],[16.4408698,47.2312842],[16.4407961,47.2314617],[16.4407357,47.2315995],[16.4407106,47.2317013],[16.4407036,47.231802],[16.4407141,47.2319196],[16.4407262,47.2319606],[16.4407401,47.2319735],[16.4407572,47.2319838],[16.4407893,47.2319952],[16.440832,47.2320113],[16.4408675,47.2320195],[16.4410411,47.2320407],[16.4412372,47.2320598],[16.4412546,47.2320768],[16.4411769,47.2321582],[16.4411439,47.2322248],[16.4410926,47.2322953],[16.4410903,47.2324143],[16.4410671,47.2324615],[16.4411771,47.2325232],[16.4411628,47.2325331],[16.4411147,47.2326712],[16.4410954,47.232745],[16.4410746,47.2328514],[16.4410554,47.232894],[16.4410458,47.2329791],[16.4410512,47.2330594],[16.4410773,47.2330925],[16.4411036,47.2331102],[16.4411917,47.2331266],[16.4412431,47.2331588],[16.4412395,47.2332132],[16.4412475,47.2332734],[16.4412773,47.2333768],[16.4413161,47.233479],[16.4413202,47.2335027],[16.4413402,47.2335382],[16.4413641,47.2336086],[16.4413988,47.2336768],[16.4414275,47.2336863],[16.4427511,47.2337388],[16.4427308,47.2339892],[16.4424868,47.237014],[16.4424663,47.2372539],[16.4423684,47.2384611],[16.4423571,47.238601],[16.442348,47.2387133],[16.4423589,47.2388399],[16.4423632,47.2389058],[16.4423667,47.2389599],[16.4424551,47.2408402],[16.4422908,47.2414809],[16.4421746,47.2418239],[16.4419234,47.2428943],[16.4418493,47.2432207],[16.4417654,47.2436113],[16.4413876,47.245371],[16.4412653,47.2458983],[16.4412399,47.2462782],[16.4412625,47.2469946],[16.4413043,47.2473493],[16.4414711,47.2481679],[16.44173,47.2486007],[16.4407513,47.248745],[16.4389765,47.2490373],[16.43768,47.2492678],[16.4354991,47.2495898],[16.4345422,47.2497326],[16.4308254,47.2502965],[16.4304741,47.2503524],[16.4306851,47.2507637],[16.4308308,47.2510522],[16.4309373,47.2512631],[16.4317869,47.2529454],[16.4342791,47.2524517],[16.4344865,47.2524107],[16.4368646,47.2519396],[16.442238,47.2508807],[16.4423865,47.2508462],[16.4443161,47.2507337],[16.4462988,47.2506099],[16.4483841,47.2504868],[16.4485789,47.2504753],[16.4486808,47.2504692],[16.446579,47.2533683],[16.4478365,47.253414],[16.4508763,47.2535378],[16.4548463,47.2536848],[16.4583083,47.2549793],[16.4610528,47.2560041],[16.461078,47.2560232],[16.4618366,47.2555272],[16.4624398,47.2552156],[16.463589,47.254825],[16.4645754,47.2545383],[16.4657321,47.254119],[16.4658244,47.2540341],[16.466646,47.2533613],[16.466729,47.2532976],[16.4669676,47.2530549],[16.4671072,47.252881],[16.4671325,47.2528926],[16.4690039,47.2551907],[16.4692571,47.25514],[16.4693377,47.25513],[16.4698321,47.2555272],[16.4704938,47.2560669],[16.47056,47.2560816],[16.4707989,47.2562449],[16.4712635,47.2566519],[16.4715529,47.2569964],[16.4716376,47.2570683],[16.4718375,47.2572113],[16.4725895,47.2575893],[16.4732225,47.2580598],[16.4737239,47.2583278],[16.4758313,47.2591388],[16.477896,47.2605845],[16.4791062,47.2617284],[16.4794504,47.2621481],[16.479695,47.2623932],[16.479948,47.2625727],[16.479911,47.2625976],[16.4797212,47.2626068],[16.4794728,47.2625849],[16.4794189,47.2626178],[16.4792646,47.2626623],[16.4791984,47.2626559],[16.4791214,47.2626775],[16.4790664,47.262739],[16.4789154,47.2627901],[16.4788423,47.2628432],[16.47875,47.2628611],[16.4786401,47.2629426],[16.4785905,47.2629731],[16.478575,47.2629518],[16.4785275,47.2629227],[16.4784239,47.2629548],[16.4783114,47.2630769],[16.4782934,47.2631271],[16.478305,47.2631434],[16.4783746,47.263494],[16.4783139,47.2635042],[16.47827,47.2638526],[16.4781468,47.265022],[16.4781059,47.2650182],[16.478006,47.2659678],[16.4779942,47.2662778],[16.4778596,47.2674619],[16.4778363,47.2680507],[16.4778051,47.2684757],[16.4776845,47.2693206],[16.477704,47.2696163],[16.4776184,47.2700889],[16.4773265,47.2723066],[16.4774511,47.272795],[16.4777001,47.2742153],[16.4781546,47.2750975],[16.4782837,47.2755432],[16.478132,47.2758045],[16.4781359,47.2759313],[16.4782176,47.2761213],[16.4785055,47.2765648],[16.4787127,47.2768048],[16.4787698,47.2768212],[16.4788061,47.2768498],[16.479058,47.2771905],[16.4792681,47.2775759],[16.4794528,47.2780034],[16.4796734,47.2780271],[16.4796395,47.2781849],[16.4798823,47.2782573],[16.4799607,47.2781645],[16.4800852,47.2780906],[16.4802409,47.2780695],[16.4803498,47.2780721],[16.4806844,47.2782411],[16.4809646,47.2779824],[16.4818011,47.2784971],[16.482019,47.2782833],[16.482198,47.2780933],[16.4824314,47.2779138],[16.4826416,47.2778055],[16.4828439,47.2777739],[16.4831707,47.2777791],[16.4835715,47.2778319],[16.4837972,47.2778979],[16.4839333,47.2779745],[16.4839139,47.2781065],[16.4844759,47.2784155],[16.4855094,47.2788555],[16.4857679,47.2786135],[16.4872206,47.2791296],[16.487189,47.2794029],[16.4894219,47.2802867],[16.4893326,47.2804938],[16.4884979,47.2814207],[16.4880215,47.2817722],[16.4877884,47.2820659],[16.4873818,47.2828349],[16.4873593,47.2830299],[16.4873923,47.2832073],[16.4875221,47.2836187],[16.4874542,47.283824],[16.4873276,47.2839579],[16.486718,47.2844146],[16.4849297,47.2863905],[16.4847854,47.2864784],[16.4843391,47.2868858],[16.4840122,47.2872382],[16.4839301,47.2873876],[16.4837683,47.2876721],[16.4836739,47.2883753],[16.4837359,47.2891183],[16.4834722,47.2894904],[16.4828403,47.2902201],[16.4825276,47.2905736],[16.4819758,47.2914323],[16.4819664,47.2915815],[16.4820485,47.2917021],[16.482306,47.2918227],[16.482531,47.2920348],[16.4827349,47.2927414],[16.4826504,47.29278],[16.482473,47.2932727],[16.4824404,47.2933745],[16.482044,47.2942881],[16.4819786,47.2947022],[16.4819149,47.2951049],[16.4818621,47.295912],[16.4818034,47.2977147],[16.4816754,47.2979454],[16.4812055,47.2986026],[16.4805317,47.2995267],[16.4803636,47.2996842],[16.4801938,47.2997771],[16.4800053,47.2999635],[16.4788677,47.3014959],[16.4787904,47.3016629],[16.4783764,47.3025575],[16.4781944,47.3029506],[16.4774681,47.3045448],[16.4770112,47.3055475],[16.4769606,47.3056586],[16.4768109,47.3060071],[16.4760578,47.3077606],[16.4754178,47.3092902],[16.4753563,47.3094935],[16.4748983,47.3107699],[16.4748594,47.3113047],[16.4748897,47.3116428],[16.4747996,47.3121431],[16.4743769,47.3127037],[16.4731779,47.3138316],[16.4723738,47.3147037],[16.4707465,47.3163436],[16.4702368,47.3169206],[16.4701961,47.317078],[16.4696165,47.3179419],[16.4692077,47.3186731],[16.4692077,47.3187736],[16.4691415,47.3189424],[16.4691683,47.3194053],[16.4692461,47.3196026],[16.4692544,47.319803],[16.4692528,47.3199057],[16.4693131,47.3202377],[16.4693633,47.320307],[16.4693756,47.3204286],[16.4692879,47.3206223],[16.4692021,47.3207337],[16.4690894,47.3209636],[16.4690044,47.3212799],[16.4690733,47.3215827],[16.4692192,47.3216961],[16.4693473,47.3219105],[16.4693654,47.3223181],[16.4693177,47.3224978],[16.4690725,47.3230021],[16.4690167,47.3234085],[16.4690068,47.3238442],[16.4688948,47.3241633],[16.468851,47.3244981],[16.4687639,47.3245908],[16.4686789,47.3248608],[16.4686348,47.325001],[16.4685085,47.3252397],[16.468332,47.3253548],[16.4680836,47.3255934],[16.4679149,47.325699],[16.4678348,47.3257526],[16.4678112,47.3258396],[16.4676126,47.3257819],[16.4669541,47.3268338],[16.4668793,47.3269593],[16.4666432,47.327138],[16.4664029,47.3272265],[16.4662152,47.3273412],[16.465984,47.3276017],[16.465525,47.3279644],[16.4654824,47.3280441],[16.4654711,47.3282799],[16.4654069,47.3283666],[16.4651855,47.3284866],[16.464733,47.3287087],[16.4644256,47.3289469],[16.4642684,47.3291294],[16.464108,47.329399],[16.4640239,47.3297469],[16.4640656,47.3302376],[16.4639114,47.3307468],[16.4637875,47.3307805],[16.4636062,47.3307994],[16.4633887,47.3308586],[16.463192,47.3310195],[16.4631051,47.3316067],[16.4632138,47.3318606],[16.4633683,47.3320381],[16.4634627,47.3320308],[16.4637234,47.3320833],[16.4638647,47.3321388],[16.4639983,47.3322355],[16.4640592,47.3323869],[16.4644028,47.3327101],[16.4646329,47.332875],[16.4647633,47.3330915],[16.4647048,47.3335316],[16.4645412,47.3338592],[16.4643309,47.334046],[16.4639554,47.3344279],[16.4632714,47.3350547],[16.4631923,47.3351554],[16.4631134,47.3355197],[16.463011,47.3358027],[16.4628946,47.3359596],[16.4627994,47.3360585],[16.4624547,47.3362637],[16.4620738,47.33641],[16.461936,47.3364137],[16.4616814,47.3364638],[16.4614599,47.3365711],[16.4610519,47.3368455],[16.4607856,47.3371317],[16.4605849,47.3373629],[16.4603741,47.3374755],[16.4601035,47.337607],[16.4600134,47.3376851],[16.4599265,47.3378031],[16.4598245,47.3379845],[16.4597419,47.3380808],[16.4589552,47.3385791],[16.4583145,47.3388682],[16.4578459,47.3390044],[16.457403,47.3391736],[16.4570908,47.3392498],[16.4567647,47.3392776],[16.4564482,47.3392792],[16.4541957,47.3389924],[16.4537314,47.3389815],[16.453527,47.3389973],[16.4528594,47.3389793],[16.4526022,47.3389528],[16.4517015,47.3388003],[16.451434,47.3387454],[16.450793,47.3386885],[16.4505586,47.3386961],[16.450222,47.338729],[16.4500913,47.3387574],[16.4494913,47.3389633],[16.4490925,47.3391398],[16.4484686,47.3394482],[16.4479689,47.3397574],[16.447702,47.3399855],[16.447371,47.3405328],[16.4470862,47.3411211],[16.4464819,47.341679],[16.446322,47.3419747],[16.4460887,47.3422706],[16.4459412,47.3425263],[16.4457161,47.3432324],[16.4457113,47.3433581],[16.4457883,47.3438389],[16.445722,47.3445595],[16.4455005,47.3450593],[16.4451598,47.3455407],[16.4447288,47.3460906],[16.4447012,47.3462337],[16.4445832,47.3464227],[16.4444319,47.3465139],[16.4441253,47.3466508],[16.4438356,47.3467444],[16.4434177,47.3469806],[16.4433414,47.3470468],[16.4432404,47.3470984],[16.4431643,47.3471668],[16.4429812,47.3472772],[16.442019,47.3476938],[16.441842,47.3477465],[16.4416118,47.3478786],[16.4403174,47.3484944],[16.4397718,47.3488721],[16.4392134,47.3491321],[16.4389961,47.3491957],[16.438527,47.3495061],[16.4381427,47.3498382],[16.4376963,47.3501443],[16.4370051,47.3508318],[16.4362739,47.3513408],[16.4357396,47.3517289],[16.4355967,47.3517965],[16.4350487,47.3521498],[16.4349555,47.35224],[16.4346693,47.3524226],[16.4345845,47.3524857],[16.4344697,47.3525488],[16.434104,47.3527024],[16.4340029,47.352731],[16.4338627,47.3527797],[16.4337197,47.3528283],[16.4337359,47.3528693],[16.4337597,47.3529164],[16.4338097,47.3529841],[16.4338958,47.353102],[16.433944,47.3531713],[16.4340566,47.3533304],[16.4340979,47.3534153],[16.4341854,47.3535993],[16.4342509,47.3537356],[16.4343886,47.3540617],[16.4345788,47.3542267],[16.4347759,47.3543259],[16.4350755,47.3544138],[16.4373776,47.3553753],[16.4376089,47.3554035],[16.4380573,47.355515],[16.4383094,47.3555529],[16.4386495,47.3555626],[16.4387842,47.3555955],[16.4390034,47.3556562],[16.4392003,47.3557243],[16.4393458,47.355745],[16.4396167,47.3557774],[16.4400883,47.3557811],[16.4403271,47.3558236],[16.4405575,47.3558463],[16.4414203,47.3559627],[16.4416519,47.3559195],[16.4435298,47.3561915],[16.4440142,47.3563712],[16.4450807,47.3569196],[16.4453691,47.3570685],[16.4461686,47.3573411],[16.4464743,47.3575083],[16.447205,47.3575991],[16.4477001,47.3576285],[16.448743,47.3574396],[16.4503941,47.3572372],[16.4509903,47.3572395],[16.4519434,47.3570929],[16.4523462,47.3571154],[16.4522389,47.357808],[16.4518127,47.358346],[16.4516483,47.358924],[16.4515539,47.3590966],[16.451386,47.3597925],[16.4511553,47.3605011],[16.4511698,47.3611052],[16.4525256,47.3617331],[16.4529966,47.3621615],[16.4530194,47.3622504],[16.4530889,47.362306],[16.4534126,47.3625369],[16.4537627,47.3628455],[16.4539754,47.3629455],[16.4542482,47.363144],[16.4542447,47.3633354],[16.4544877,47.3635283],[16.4547988,47.3637092],[16.4548747,47.3638039],[16.4549919,47.3639934],[16.4550265,47.3641496],[16.4555721,47.3646134],[16.4568276,47.3667152],[16.456998,47.3671675],[16.4569856,47.3672442],[16.4568665,47.3674617],[16.4568813,47.3677031],[16.4568333,47.3680633],[16.4568061,47.3681693],[16.4567041,47.3682546],[16.4567367,47.3683594],[16.4566734,47.3686861],[16.4568118,47.3689164],[16.4568786,47.3691735],[16.4567767,47.3693368],[16.4567635,47.3695333],[16.4568306,47.3696441],[16.4567788,47.3698877],[16.4566666,47.3700258],[16.4567957,47.370156],[16.4568724,47.3703671],[16.4568182,47.370655],[16.4567397,47.3707104],[16.4567834,47.370968],[16.4568596,47.3710321],[16.4567459,47.3712719],[16.4567262,47.3718014],[16.4565486,47.3719332],[16.4566612,47.3720422],[16.4567149,47.3722165],[16.4565647,47.3723183],[16.4563769,47.3726307],[16.4563507,47.3728321],[16.4559959,47.3731429],[16.4559723,47.3733289],[16.4559685,47.3734397],[16.4558299,47.3735345],[16.4555522,47.3735393],[16.455506,47.3735827],[16.455493,47.3738181],[16.4552242,47.3742066],[16.4550413,47.3743855],[16.4548415,47.3743902],[16.4547293,47.3744515],[16.4545885,47.3746932],[16.4544002,47.3747882],[16.4542133,47.3748227],[16.4539941,47.3748115],[16.453837,47.3749711],[16.4538144,47.3751119],[16.453307,47.375265],[16.4531849,47.3753435],[16.4530134,47.3755805],[16.4527094,47.3757444],[16.4525806,47.3759314],[16.4525028,47.376096],[16.4524991,47.3761754],[16.4524546,47.3762929],[16.4522148,47.3766827],[16.4520852,47.3767067],[16.4519704,47.3767117],[16.4518352,47.3769204],[16.451824,47.3771081],[16.4516589,47.377228],[16.4515056,47.3772819],[16.4513853,47.3775476],[16.4511915,47.3777307],[16.4511446,47.3778319],[16.4512807,47.3779091],[16.4511841,47.3780435],[16.4513157,47.3782133],[16.451324,47.3784211],[16.4512339,47.3785155],[16.4511762,47.3786417],[16.4513382,47.3787687],[16.4513999,47.3789383],[16.4513826,47.3792113],[16.4514631,47.379313],[16.451508,47.3794498],[16.4514082,47.379679],[16.4514643,47.3797589],[16.4515592,47.3798067],[16.4517548,47.3801434],[16.4517145,47.3804178],[16.4518465,47.3804304],[16.4519503,47.380467],[16.4519983,47.3805629],[16.4519919,47.3808419],[16.4520662,47.3811452],[16.4524192,47.3814347],[16.4528424,47.3816405],[16.4530935,47.3819416],[16.4531267,47.3820391],[16.4531176,47.3821924],[16.4531232,47.3822837],[16.4532439,47.3824436],[16.4533544,47.3825086],[16.4536353,47.3825698],[16.4540507,47.382906],[16.4541889,47.3828974],[16.4544392,47.383001],[16.4545397,47.3830549],[16.4546671,47.38331],[16.4546862,47.3834303],[16.4549366,47.3835374],[16.4551082,47.3836936],[16.4552634,47.3837098],[16.4554945,47.3837753],[16.4556883,47.3838814],[16.455752,47.3838389],[16.4565267,47.3836616],[16.4572691,47.3834132],[16.4583337,47.3832743],[16.4603904,47.3832052],[16.4612868,47.3832532],[16.4613539,47.3832964],[16.4613323,47.3833755],[16.4613946,47.3834846],[16.4613539,47.3835732],[16.4614131,47.3837346],[16.4613403,47.3838032],[16.4613326,47.3838562],[16.4613616,47.3839092],[16.461257,47.383986],[16.4610547,47.384026],[16.4609313,47.3840278],[16.4608255,47.384077],[16.4605508,47.3840884],[16.460368,47.3841785],[16.4603224,47.3842475],[16.4600948,47.3843014],[16.4599878,47.3844066],[16.4597645,47.384411],[16.4596252,47.3844866],[16.4594105,47.38446],[16.458976,47.3845708],[16.458724,47.3845786],[16.4584181,47.3846779],[16.4582672,47.3846857],[16.4580931,47.3849171],[16.4579648,47.3849267],[16.4579084,47.3848323],[16.4576857,47.3848686],[16.4575259,47.3849074],[16.4575821,47.3850273],[16.4575759,47.3851319],[16.4574473,47.3851896],[16.4572433,47.3855188],[16.4571476,47.3855736],[16.4571551,47.3856202],[16.4571572,47.3857413],[16.4572064,47.3858344],[16.4571118,47.3858838],[16.4570481,47.3859553],[16.4566903,47.3860568],[16.4565217,47.3861889],[16.4561479,47.3862923],[16.4561429,47.386361],[16.4561815,47.3864414],[16.4561858,47.3865203],[16.4561241,47.3865836],[16.4557975,47.3867972],[16.4556608,47.3868154],[16.4556528,47.386929],[16.4554924,47.3870084],[16.4553784,47.386977],[16.45524,47.3870433],[16.455214,47.3871535],[16.4552607,47.3872937],[16.4552454,47.3874262],[16.4551757,47.3874813],[16.4551561,47.3875664],[16.4550984,47.3876587],[16.4553272,47.3878248],[16.4554763,47.3881662],[16.4554796,47.3884036],[16.4554847,47.3886249],[16.4554651,47.3887215],[16.4553951,47.3887708],[16.4549099,47.3888049],[16.4547615,47.3889723],[16.4540996,47.3894163],[16.4543149,47.3896342],[16.4543029,47.3897441],[16.4542195,47.3897401],[16.4539437,47.3900629],[16.4536058,47.390368],[16.4527619,47.3909789],[16.4525635,47.3912781],[16.4521365,47.3916805],[16.4521128,47.3919592],[16.4516354,47.3919921],[16.4512334,47.3922846],[16.4511046,47.3924662],[16.4506655,47.3929305],[16.4505435,47.3932179],[16.4501129,47.3939425],[16.4498512,47.3942992],[16.4496584,47.3944602],[16.4494958,47.3947048],[16.4494564,47.3949361],[16.4487958,47.3957784],[16.4485774,47.3962859],[16.4475255,47.397837],[16.4476633,47.3980262],[16.4474766,47.3982264],[16.4475247,47.3983808],[16.4474882,47.398729],[16.4476252,47.3992551],[16.4470521,47.3999178],[16.4469386,47.3999908],[16.446805,47.4000585],[16.4466881,47.4002277],[16.446731,47.4003283],[16.4464156,47.400627],[16.4460819,47.4012028],[16.446021,47.4021182],[16.4461385,47.4024731],[16.4460682,47.4026587],[16.4460717,47.4028346],[16.4463536,47.4032477],[16.4464011,47.4034178],[16.446396,47.4035653],[16.4462385,47.4041589],[16.4459177,47.405196],[16.4458751,47.405315],[16.4457152,47.4057611],[16.4454379,47.4066454],[16.445424,47.4067396],[16.4454412,47.406945],[16.4454352,47.4071283],[16.445457,47.4072195],[16.4457903,47.4071568],[16.4460471,47.4077541],[16.4461295,47.4078735],[16.4462252,47.407911],[16.4464436,47.40809],[16.446256,47.408205],[16.4464305,47.4082321],[16.4466632,47.4082745],[16.4468643,47.4083159],[16.4469482,47.4083705],[16.4468657,47.4085757],[16.4474784,47.4088071],[16.4474748,47.408859],[16.4477583,47.4089424],[16.4480846,47.4090914],[16.4486971,47.4094096],[16.4489763,47.4096216],[16.4491584,47.4098756],[16.4494719,47.4100819],[16.449817,47.4102036],[16.450267,47.4102909],[16.450877,47.4104598],[16.4511281,47.4105599],[16.4520066,47.4106686],[16.4528531,47.4107532],[16.4535238,47.4108694],[16.4542776,47.4116086],[16.4546194,47.4117379],[16.4550813,47.4119351],[16.4554179,47.4122979],[16.4557341,47.4125025],[16.4562397,47.4127299],[16.4565592,47.4127925],[16.4571023,47.4129521],[16.4581571,47.4130488],[16.4586426,47.4129962],[16.458692,47.4129867],[16.4593069,47.4128797],[16.4594691,47.4128509],[16.459824,47.4126632],[16.460107,47.4125592],[16.4602931,47.4125051],[16.4610109,47.4123706],[16.4612963,47.4123862],[16.4614601,47.412431],[16.4615804,47.4124836],[16.4617753,47.4124926],[16.4620636,47.4125167],[16.4625338,47.4125908],[16.4628015,47.4127599],[16.4629496,47.4128325],[16.4630467,47.4128458],[16.4631636,47.4128316],[16.4632867,47.4127405],[16.4636507,47.4126539],[16.4639253,47.412635],[16.4643937,47.4127596],[16.4644877,47.4126442],[16.4645441,47.4125002],[16.464533,47.4124561],[16.4645894,47.4123028],[16.4646388,47.4122248],[16.4647398,47.4121545],[16.4653587,47.4119138],[16.4655643,47.4118511],[16.4657091,47.4118012],[16.4660553,47.4116613],[16.4660409,47.4114018],[16.4664453,47.4112786],[16.4670407,47.4111851],[16.4675364,47.4109909],[16.4678974,47.4109145],[16.4682622,47.4108862],[16.4685261,47.4108112],[16.4684744,47.4106498],[16.468565,47.4105896],[16.4690331,47.4105202],[16.4694282,47.4104821],[16.4698801,47.410515],[16.4705563,47.4104957],[16.4710466,47.4104433],[16.4710273,47.4103436],[16.4711963,47.4101585],[16.4714178,47.4101254],[16.471564,47.410098],[16.4717901,47.4100434],[16.4719242,47.4099272],[16.4722638,47.4097963],[16.4723625,47.4097836],[16.4726482,47.4098094],[16.4727719,47.4098407],[16.472944,47.4098554],[16.4729788,47.4097915],[16.4728874,47.409702],[16.4729268,47.4095402],[16.4732004,47.4093947],[16.4736357,47.4092373],[16.4745421,47.4090046],[16.4753931,47.4088906],[16.4755873,47.4088661],[16.476031,47.4088741],[16.4776068,47.4091088],[16.4784533,47.4091358],[16.4789041,47.4092013],[16.4796391,47.4093836],[16.4799899,47.4094322],[16.4811832,47.4093863],[16.4829527,47.4091888],[16.4836547,47.4091003],[16.4837795,47.4090853],[16.4839121,47.4090839],[16.484235,47.4090418],[16.4845367,47.408993],[16.4847403,47.4089551],[16.484805,47.4089507],[16.4849312,47.4089808],[16.4851363,47.4089221],[16.4852092,47.4089328],[16.4853411,47.4089007],[16.4851097,47.4085459],[16.4858355,47.4081795],[16.4866587,47.4078316],[16.4873169,47.4074672],[16.4877511,47.4071959],[16.4874709,47.4070706],[16.4872847,47.4068655],[16.4872155,47.406737],[16.4870814,47.4065425],[16.4870186,47.4063212],[16.4871635,47.4061323],[16.4875674,47.4060591],[16.4877404,47.406066],[16.4880188,47.406162],[16.4882313,47.4063065],[16.4888645,47.4063759],[16.4893202,47.4063414],[16.4894667,47.4062884],[16.489832,47.4059468],[16.4900704,47.4058353],[16.4906691,47.4056979],[16.4903097,47.4055661],[16.4899565,47.4053924],[16.489633,47.4051268],[16.4886288,47.4048634],[16.4880644,47.4046361],[16.4877348,47.4044208],[16.4877007,47.4043091],[16.487624,47.4042117],[16.4872391,47.4038772],[16.4871758,47.4036422],[16.487322,47.4035539],[16.4871251,47.4032348],[16.4867171,47.4034632],[16.4865946,47.4034347],[16.4863231,47.4031431],[16.4858221,47.4029764],[16.4856325,47.4028655],[16.4855777,47.4027165],[16.4852789,47.4024057],[16.4850477,47.402249],[16.4849493,47.4019838],[16.4846368,47.4015439],[16.4843147,47.4010916],[16.4841325,47.4009599],[16.4839448,47.4007051],[16.4837724,47.4000283],[16.4839695,47.3999613],[16.4837104,47.399545],[16.4836975,47.3994036],[16.4842171,47.3992104],[16.4850056,47.3987506],[16.4846781,47.3984824],[16.4841937,47.3981503],[16.4841014,47.3980867],[16.4838418,47.3979418],[16.4841832,47.3974873],[16.4843508,47.3972659],[16.4843862,47.3972273],[16.4846074,47.3973292],[16.4847715,47.3974265],[16.4849372,47.3974938],[16.4849735,47.3975455],[16.4850233,47.3975952],[16.485201,47.3976518],[16.4854292,47.3977111],[16.4856004,47.3978551],[16.485681,47.397883],[16.4859534,47.3978783],[16.4860874,47.3979136],[16.4860767,47.3980087],[16.4861213,47.3980519],[16.4862505,47.3981105],[16.4863376,47.398156],[16.4864029,47.3981934],[16.4865456,47.3982634],[16.4866572,47.3983107],[16.4867898,47.3983242],[16.4869075,47.3983853],[16.4869318,47.3983788],[16.4870202,47.3984268],[16.4871276,47.3984974],[16.4872751,47.3985663],[16.4873569,47.3985907],[16.487363,47.3986023],[16.4874096,47.3986284],[16.4874322,47.3986537],[16.4875677,47.3987265],[16.4876309,47.3987489],[16.4876926,47.3987725],[16.4877956,47.3988493],[16.4878366,47.3989069],[16.4878894,47.3989463],[16.4879814,47.3989902],[16.4880097,47.3989962],[16.4880602,47.3990237],[16.4881557,47.399053],[16.4882738,47.3991274],[16.4882791,47.3991679],[16.488291,47.3992265],[16.488337,47.3992364],[16.4883549,47.3992753],[16.4884071,47.3992885],[16.4885662,47.3992051],[16.4890545,47.3995014],[16.4893851,47.3996886],[16.4894562,47.3997024],[16.4896712,47.3997467],[16.4891838,47.3994756],[16.4887028,47.3991641],[16.4882399,47.3985762],[16.4879134,47.398338],[16.4876739,47.3976259],[16.4880781,47.3969491],[16.4885341,47.3968073],[16.4885491,47.3960445],[16.4885968,47.3955211],[16.488566,47.3954534],[16.48818,47.3950011],[16.4880481,47.3946465],[16.4886411,47.3945154],[16.4888474,47.3944912],[16.4892851,47.3945021],[16.4897462,47.3946031],[16.4900034,47.3947229],[16.4904331,47.3948818],[16.490657,47.3949175],[16.4916481,47.3945782],[16.4922479,47.3943024],[16.4930842,47.3941451],[16.4932186,47.394306],[16.4934052,47.3946457],[16.4938092,47.3947605],[16.49399,47.3951362],[16.4939768,47.3958986],[16.4945361,47.3960709],[16.4946914,47.3961569],[16.4949035,47.3962437],[16.4953606,47.3963132],[16.4960714,47.396461],[16.496563,47.3962951],[16.4964919,47.3956019],[16.4964911,47.3943877],[16.4964503,47.3940293],[16.4965394,47.3932765],[16.4965448,47.3919074],[16.4965381,47.3909321],[16.4965609,47.3903937],[16.4965335,47.3899089],[16.4965697,47.3890498],[16.496762,47.3892679],[16.4971563,47.3895699],[16.4974889,47.3897289],[16.4981774,47.390123],[16.4985645,47.3903712],[16.4987428,47.3905862],[16.4998382,47.3909499],[16.5004436,47.3911083],[16.5007054,47.3913378],[16.5010731,47.3917222],[16.501491,47.3920586],[16.5018279,47.392416],[16.5022308,47.3928961],[16.5026677,47.3932603],[16.5035536,47.3932184],[16.5039648,47.3933967],[16.5043267,47.393595],[16.5046445,47.3938452],[16.505266,47.3942434],[16.5058703,47.3945137],[16.5062817,47.3949046],[16.5069418,47.3953077],[16.5073559,47.3953833],[16.5079535,47.3956037],[16.5084114,47.395855],[16.5092273,47.3961233],[16.5099311,47.3964839],[16.5100325,47.3966195],[16.5100658,47.3967448],[16.5100588,47.3971535],[16.5101377,47.3973698],[16.5102189,47.3979146],[16.5102519,47.398417],[16.5102645,47.399358],[16.5103077,47.3996556],[16.510371,47.3997552],[16.5103817,47.4002142],[16.510315,47.4004943],[16.5101918,47.4008863],[16.5101948,47.4009642],[16.5099923,47.4012823],[16.5098134,47.4013585],[16.5095178,47.4015887],[16.5093917,47.4017608],[16.5092608,47.4018028],[16.5086839,47.4021651],[16.5085176,47.4023521],[16.5081585,47.4027978],[16.5079804,47.4033646],[16.5080222,47.4035133],[16.5080171,47.4036218],[16.50788,47.4037545],[16.5078393,47.4039856],[16.5078581,47.4041232],[16.5078586,47.4050271],[16.5082196,47.4055111],[16.5088416,47.4057992],[16.5096895,47.4059406],[16.5106693,47.405873],[16.5111379,47.4057676],[16.5122059,47.4054755],[16.5137088,47.4052408],[16.5137943,47.4055009],[16.5142642,47.405751],[16.5145673,47.4067411],[16.5146465,47.4070115],[16.5147116,47.4072592],[16.5147393,47.4073649],[16.5147406,47.4073811],[16.5147741,47.4078141],[16.5150679,47.4083206],[16.5152499,47.4084818],[16.5157115,47.4089497],[16.5165836,47.4094443],[16.5169091,47.4105951],[16.5173247,47.4104484],[16.5178764,47.410095],[16.5181462,47.4100066],[16.5187567,47.4099265],[16.5197325,47.4099977],[16.5206659,47.4101396],[16.521223,47.4101153],[16.5221094,47.4101454],[16.5225853,47.4102091],[16.5232687,47.4103594],[16.5237552,47.4104139],[16.524416,47.410396],[16.5250049,47.4103798],[16.5252012,47.4102988],[16.5256054,47.410034],[16.5265005,47.4089015],[16.5268773,47.4086404],[16.5270187,47.4086266],[16.5273794,47.40879],[16.5278824,47.4091195],[16.5279263,47.4092572],[16.5279845,47.4093021],[16.5282782,47.4094404],[16.5299675,47.409855],[16.5301024,47.4099519],[16.5302875,47.4102024],[16.5315905,47.4103318],[16.5319199,47.4103538],[16.53233,47.410206],[16.5327503,47.4101485],[16.5339369,47.4098637],[16.5344398,47.4096266],[16.5349505,47.409311],[16.5354435,47.4091307],[16.5355545,47.4091102],[16.5361656,47.4092346],[16.5367111,47.409383],[16.5371105,47.4095542],[16.537453,47.4097604],[16.5377389,47.4098606],[16.5380841,47.4099147],[16.5386005,47.4099196],[16.5389148,47.4099692],[16.5399614,47.4100572],[16.5421858,47.4086535],[16.5425253,47.4082144],[16.5427289,47.4078332],[16.5427611,47.4076725],[16.5427996,47.4076112],[16.5428354,47.4075562],[16.5432326,47.4072485],[16.5437361,47.4069657],[16.5442516,47.4066197],[16.5449999,47.4059673],[16.5459229,47.4056597],[16.5462984,47.4056127],[16.5477975,47.4056946],[16.5480108,47.4056789],[16.5484766,47.4055828],[16.549518,47.4055318],[16.549907,47.4054789],[16.5503938,47.4054641],[16.5505963,47.4054832],[16.5510086,47.4054588],[16.551238,47.4056153],[16.5515412,47.4057498],[16.5517071,47.4058199],[16.5528038,47.4061697],[16.5539223,47.4064706],[16.5545046,47.4065638],[16.5549619,47.4065959],[16.555566,47.4065709],[16.5557913,47.4065507],[16.5566555,47.4065171],[16.5569441,47.4065311],[16.5577316,47.4066642],[16.558407,47.4068401],[16.5587302,47.4068962],[16.5595348,47.4069773],[16.5601523,47.4069911],[16.5643727,47.4061248],[16.56533,47.4061417],[16.5661514,47.405967],[16.5663632,47.4059397],[16.5667205,47.4059442],[16.5669611,47.4060048],[16.5675117,47.4060758],[16.5685261,47.4061444],[16.5691141,47.4063064],[16.569544,47.4063376],[16.5698981,47.4062849],[16.5701663,47.4062169],[16.5707288,47.4059714],[16.571064,47.405878],[16.5715176,47.4058231],[16.5721278,47.4057832],[16.5724237,47.4058451],[16.5739665,47.4058302],[16.5745289,47.4059595],[16.5757354,47.4063586],[16.5757888,47.4071174],[16.5763359,47.4079866],[16.5765237,47.4083593],[16.5765953,47.4086704],[16.5771089,47.4091697],[16.5772186,47.4092131],[16.5773997,47.4095101],[16.5771309,47.4097388],[16.5769611,47.4097452],[16.5763308,47.409931],[16.5759615,47.410352],[16.5754261,47.4107903],[16.5749935,47.4113712],[16.5750265,47.4118896],[16.5750554,47.4121736],[16.5751102,47.4123486],[16.5755431,47.412537],[16.5759687,47.4126528],[16.5765521,47.4129218],[16.5769153,47.4130347],[16.5773283,47.4132267],[16.5780962,47.4135045],[16.5788601,47.413766],[16.5791823,47.4138335],[16.5799877,47.4139802],[16.5806489,47.4141922],[16.5811813,47.4144537],[16.5820761,47.4149549],[16.5822196,47.4150556],[16.582369,47.4152983],[16.5825946,47.4159041],[16.5826836,47.416197],[16.5827346,47.4167831],[16.582601,47.4168194],[16.5819841,47.4167524],[16.5813809,47.4166722],[16.5812387,47.4167722],[16.5799226,47.4174916],[16.5792652,47.4178786],[16.5794577,47.4181775],[16.5798456,47.4185624],[16.5810343,47.4192927],[16.5815906,47.4195248],[16.5818098,47.4196818],[16.5821083,47.4197076],[16.5823299,47.4197602],[16.5825407,47.4198548],[16.5829899,47.41958],[16.5837404,47.4199815],[16.5838957,47.4199942],[16.5846644,47.4198356],[16.5851896,47.4195876],[16.5864543,47.4196346],[16.5865562,47.4194412],[16.5865267,47.4191902],[16.5865833,47.4190457],[16.5870106,47.4189239],[16.5879794,47.4191405],[16.5888934,47.4193823],[16.5886869,47.420053],[16.5884822,47.4208036],[16.5899025,47.4207556],[16.5904098,47.4206488],[16.5913957,47.4207917],[16.5913368,47.4214421],[16.5896712,47.4211634],[16.5885449,47.4212294],[16.5876356,47.4213454],[16.5876622,47.4214501],[16.5876915,47.4216462],[16.5876193,47.4217719],[16.5873834,47.4216967],[16.5876053,47.4221448],[16.5878576,47.4227064],[16.5878959,47.4227815],[16.5880852,47.4226982],[16.5881656,47.4226994],[16.5883482,47.4227456],[16.5884841,47.4227249],[16.5886085,47.4226729],[16.5887701,47.422612],[16.5888667,47.4225815],[16.5891988,47.422658],[16.5893244,47.4226664],[16.589428,47.4226605],[16.5895307,47.4226378],[16.5896908,47.4226256],[16.589808,47.4226327],[16.5900545,47.4228097],[16.5902339,47.4228166],[16.5908745,47.422924],[16.5911405,47.4228729],[16.5912678,47.4228771],[16.5913302,47.422856],[16.591406,47.4227595],[16.591489,47.4226902],[16.591655,47.4226149],[16.591946,47.4227105],[16.5919903,47.4227223],[16.5921359,47.4226282],[16.5922078,47.4225531],[16.5923215,47.4225185],[16.5926815,47.4225098],[16.5930769,47.4224009],[16.5934785,47.4223232],[16.5935323,47.4222477],[16.5936114,47.4221748],[16.5937765,47.4221289],[16.5938032,47.4222646],[16.5941727,47.4224571],[16.5942752,47.4224333],[16.5945441,47.422406],[16.5946583,47.4224375],[16.5947101,47.4224677],[16.594645,47.4225548],[16.5945252,47.422643],[16.5942732,47.4229201],[16.5942869,47.4230072],[16.5944782,47.4230935],[16.5946729,47.4231134],[16.5947733,47.4230924],[16.5949117,47.4229782],[16.5950024,47.422856],[16.5949529,47.4228064],[16.5949065,47.4226827],[16.5949559,47.4226214],[16.5950854,47.4225343],[16.5952691,47.4226274],[16.5955628,47.4228974],[16.5954586,47.423027],[16.5953811,47.4230513],[16.5952906,47.4230651],[16.5951837,47.4231024],[16.5953979,47.4232005],[16.5957198,47.4232314],[16.5958712,47.4232193],[16.5959162,47.4231897],[16.5960273,47.4230116],[16.5960595,47.4228585],[16.5961134,47.4226709],[16.5964201,47.4227096],[16.5966135,47.4226976],[16.5967008,47.4226381],[16.596815,47.4226596],[16.5968195,47.4227483],[16.596998,47.4228909],[16.5968813,47.423354],[16.5968413,47.4235365],[16.5965541,47.4236342],[16.5965793,47.4238102],[16.596852,47.4240314],[16.5971626,47.42377],[16.5972111,47.4237684],[16.5974297,47.4238425],[16.5976025,47.4237254],[16.5978124,47.4238371],[16.598224,47.4240337],[16.5984736,47.4241229],[16.5985193,47.4240603],[16.598583,47.4240335],[16.5987401,47.4240933],[16.5988533,47.4241079],[16.5989222,47.4241041],[16.5991175,47.4241411],[16.5993841,47.4241132],[16.5994179,47.4241401],[16.5996069,47.4241993],[16.5998025,47.4243039],[16.5997298,47.4243638],[16.6000317,47.4246206],[16.6000753,47.4246849],[16.5999206,47.4248778],[16.5998494,47.4249406],[16.599801,47.4250116],[16.6001644,47.425244],[16.6000557,47.4253267],[16.5999137,47.4254732],[16.6003112,47.4255332],[16.6004945,47.4253078],[16.6006607,47.4251866],[16.6010447,47.4253843],[16.6010143,47.4254558],[16.6009581,47.4254884],[16.6010304,47.4255347],[16.601174,47.4256881],[16.6011157,47.4258079],[16.6012655,47.4257749],[16.601504,47.425421],[16.6017609,47.4254238],[16.6022342,47.4253408],[16.602331,47.4253909],[16.6024481,47.4254916],[16.6025607,47.4255252],[16.6025996,47.4254862],[16.6026585,47.4253873],[16.6031334,47.4254211],[16.6035113,47.4255727],[16.6035974,47.4255313],[16.6036654,47.4254873],[16.6038314,47.4255367],[16.6039996,47.4257125],[16.6039063,47.4258592],[16.603936,47.4259302],[16.6043243,47.425925],[16.6044121,47.4260129],[16.6045167,47.4260855],[16.604685,47.426116],[16.6048473,47.4262628],[16.6049118,47.4263374],[16.6051186,47.4264187],[16.6054167,47.4265577],[16.6054992,47.4266474],[16.6054947,47.426734],[16.6054374,47.4268751],[16.6055046,47.4270216],[16.6055414,47.4270634],[16.605634,47.4270271],[16.6057323,47.4269829],[16.6058867,47.4269754],[16.606033,47.4269686],[16.6061134,47.4269435],[16.6062331,47.426941],[16.6063086,47.4269733],[16.6062882,47.427011],[16.6062046,47.4270637],[16.6061265,47.427099],[16.6061397,47.4271384],[16.6062653,47.4272052],[16.6062765,47.4272334],[16.6062032,47.4273159],[16.6057213,47.4273813],[16.6056149,47.4274223],[16.6056354,47.4274764],[16.6056926,47.4275325],[16.6057095,47.4275709],[16.6056989,47.4275741],[16.6056295,47.4276145],[16.6054996,47.4276212],[16.6053253,47.427571],[16.6052317,47.4276003],[16.6052131,47.4276353],[16.6052147,47.4276785],[16.6053592,47.4277321],[16.6056052,47.427786],[16.6056994,47.4278288],[16.6059895,47.427988],[16.6060755,47.4280868],[16.6060036,47.4282674],[16.6059536,47.4285454],[16.6059906,47.4287546],[16.606468,47.4289436],[16.606677,47.4290272],[16.6065588,47.4292719],[16.6065992,47.4294487],[16.607066,47.4296305],[16.6070407,47.429733],[16.6072063,47.4297358],[16.6073435,47.4297168],[16.6075321,47.4296598],[16.6076459,47.4295356],[16.6077944,47.4292698],[16.6079276,47.429173],[16.6080056,47.4291868],[16.6084337,47.4293842],[16.6085642,47.4293145],[16.6086748,47.4293165],[16.609117,47.4294976],[16.6092026,47.4295694],[16.6091704,47.4297246],[16.6094795,47.4297301],[16.6095848,47.4298906],[16.6097225,47.4299958],[16.6096898,47.4300905],[16.6096034,47.4301903],[16.6097336,47.4303105],[16.6099799,47.430531],[16.6101408,47.4306226],[16.6103102,47.430884],[16.6105556,47.4311408],[16.6108205,47.4312473],[16.6116445,47.4315238],[16.6117359,47.4315921],[16.6118053,47.4316307],[16.6118498,47.4315909],[16.6118482,47.4314121],[16.6119114,47.4307871],[16.612032,47.430332],[16.6122735,47.4301894],[16.6124773,47.4300902],[16.6128841,47.4302522],[16.6128992,47.4302919],[16.6129979,47.4303218],[16.6130627,47.4303334],[16.6130887,47.4303297],[16.6131022,47.4303144],[16.6132755,47.4302773],[16.613595,47.4301083],[16.6136596,47.4300673],[16.6136462,47.4301411],[16.6136544,47.4301497],[16.613765,47.4304643],[16.6138686,47.4305801],[16.6140551,47.4306978],[16.614224,47.4307014],[16.6144137,47.4306569],[16.6145982,47.4305775],[16.6147425,47.4306592],[16.6147806,47.4307525],[16.614755,47.4308655],[16.614729,47.4309253],[16.6145367,47.4310954],[16.6144929,47.431149],[16.614452,47.4312064],[16.6144406,47.4312349],[16.6144477,47.4312771],[16.6144824,47.4313087],[16.6145554,47.431356],[16.6146181,47.4313763],[16.6148067,47.4313881],[16.6149386,47.4313877],[16.6149939,47.4313707],[16.6150908,47.4314595],[16.6151375,47.4315448],[16.61516,47.4316179],[16.615124,47.4317351],[16.6151371,47.4317987],[16.6151635,47.4318408],[16.6151909,47.4319155],[16.6151882,47.4319318],[16.6152194,47.4319965],[16.6152407,47.4320863],[16.6152463,47.4322548],[16.6153148,47.432401],[16.6153667,47.4324204],[16.6156727,47.432298],[16.6157379,47.4322825],[16.6158866,47.4322364],[16.6160584,47.4322625],[16.6161768,47.4322752],[16.6164745,47.4322835],[16.6166723,47.4322952],[16.6170397,47.4322716],[16.6170478,47.4319879],[16.6173007,47.4317328],[16.6172586,47.4316109],[16.6171361,47.4315376],[16.6170084,47.4315134],[16.6169633,47.4313402],[16.61711,47.4312271],[16.617382,47.4310457],[16.6177669,47.4308455],[16.6185603,47.4308102],[16.6193298,47.430886],[16.6196305,47.4308784],[16.6203641,47.4307595],[16.6204389,47.4308949],[16.620767,47.431267],[16.620767,47.431572],[16.6210405,47.4322349],[16.621302,47.432903],[16.6218302,47.4338614],[16.6219686,47.4342256],[16.62214,47.4346717],[16.6220984,47.435177],[16.6221767,47.4353341],[16.6224047,47.4358714],[16.6223889,47.4361181],[16.6224946,47.4363191],[16.6230356,47.4367812],[16.623212,47.43686],[16.6237112,47.4370976],[16.6241881,47.4372894],[16.624433,47.4375072],[16.6245314,47.4377899],[16.6249767,47.438529],[16.6251318,47.4387589],[16.6255668,47.4393217],[16.6259527,47.4396406],[16.6266217,47.4409312],[16.6267687,47.4414901],[16.6268191,47.4416454],[16.6275012,47.4421011],[16.6284912,47.4424993],[16.6287827,47.4426819],[16.6294825,47.4428292],[16.6302405,47.4430747],[16.6310192,47.4434476],[16.631329,47.4435534],[16.6319764,47.4436918],[16.6324356,47.4439046],[16.6330394,47.4443234],[16.633391,47.4446073],[16.6345524,47.44517],[16.6354191,47.4455506],[16.6363112,47.4458259],[16.6370971,47.4458903],[16.6378202,47.4458932],[16.6386852,47.4457556],[16.6391656,47.4457438],[16.6397664,47.4456431],[16.6401782,47.4455925],[16.6405362,47.4455545],[16.6416905,47.4457425],[16.6425905,47.4458753],[16.6438509,47.4460104],[16.6450144,47.4463271],[16.6454709,47.4464162],[16.646226,47.4466074],[16.6460991,47.4467703],[16.6464829,47.4468729],[16.6467065,47.4469521],[16.6469147,47.4470413],[16.6474458,47.4473005],[16.6481993,47.4476302],[16.6485321,47.4478053],[16.6489597,47.4479961],[16.6492627,47.4480941],[16.6506655,47.4486422],[16.650996,47.4487697],[16.651187,47.448792],[16.6515984,47.4489453],[16.650437,47.4500862],[16.6504799,47.4502427],[16.6496471,47.4508153],[16.6492177,47.4511853],[16.6491252,47.451303],[16.6503356,47.4517017],[16.650783,47.45181],[16.6512149,47.4519203],[16.6535765,47.4527558],[16.6540797,47.4528565],[16.6553374,47.4531055],[16.6562644,47.4533368],[16.6574277,47.4535869],[16.6583471,47.4539351],[16.6590091,47.454224],[16.6593495,47.4543147],[16.6598065,47.454532],[16.6620322,47.4557137],[16.6617175,47.4563953],[16.661598,47.4565484],[16.6614726,47.456827],[16.6614414,47.4568732],[16.6613738,47.4569072],[16.6612903,47.4569244],[16.6611824,47.45697],[16.6610619,47.4570339],[16.6608909,47.4571367],[16.660836,47.4574293],[16.6608209,47.4575095],[16.6607979,47.4576312],[16.6607418,47.4578572],[16.6608094,47.4584536],[16.6606474,47.4592848],[16.6605401,47.4597238],[16.6603338,47.4599055],[16.6601611,47.460072],[16.6598585,47.4604994],[16.659728,47.460742],[16.6596944,47.4611183],[16.6597478,47.4614157],[16.6600361,47.4620309],[16.660288,47.4624974],[16.6609224,47.4626189],[16.6614242,47.462704],[16.6617712,47.4627752],[16.6616618,47.4629194],[16.6613858,47.4630534],[16.6612946,47.4631176],[16.661297,47.4631905],[16.6613136,47.4633109],[16.6613032,47.4634159],[16.6610781,47.4635887],[16.6610336,47.463803],[16.6616366,47.4644963],[16.6620015,47.4649641],[16.6621714,47.4653086],[16.6623986,47.4657614],[16.6624252,47.4659121],[16.6624327,47.4663413],[16.6632242,47.4668595],[16.6640063,47.4674047],[16.6642984,47.4678047],[16.6661636,47.4702584],[16.6674913,47.471943],[16.6690454,47.4727965],[16.6697825,47.4731521],[16.6701751,47.4737728],[16.6703275,47.4740335],[16.6704924,47.4742622],[16.6700198,47.4757769],[16.6694335,47.477206],[16.6681686,47.4792858],[16.666483,47.481122],[16.6661269,47.4814753],[16.6657575,47.4815092],[16.6644006,47.4816344],[16.6637333,47.4817026],[16.6634562,47.4820229],[16.662795,47.4827498],[16.6623034,47.4832994],[16.662038,47.483892],[16.6616779,47.4848359],[16.6615583,47.485752],[16.6608826,47.4867159],[16.6598349,47.4880854],[16.6593589,47.4888934],[16.6581411,47.4901979],[16.6570975,47.4916789],[16.6562397,47.493142],[16.6551733,47.4949741],[16.6543748,47.4961934],[16.6539859,47.4968492],[16.6535516,47.4977556],[16.6532345,47.4982368],[16.6530447,47.4985249],[16.6528183,47.4990645],[16.652674,47.499478],[16.6523387,47.5003255],[16.653082,47.5006151],[16.6534699,47.5008027],[16.6537083,47.500918],[16.6539208,47.5010609],[16.6542324,47.5013814],[16.6546108,47.5019819],[16.6547532,47.5022248],[16.6548738,47.5027951],[16.6552275,47.5033582],[16.6555513,47.5039728],[16.6560074,47.5043826],[16.6561029,47.5044755],[16.6563519,47.5048887],[16.6564348,47.5049921],[16.6565112,47.5050873],[16.6570371,47.5055639],[16.6573002,47.5058353],[16.6579355,47.5064683],[16.6592592,47.5073207],[16.6600088,47.5077457],[16.6610388,47.5083003],[16.6617981,47.5086901],[16.6621704,47.50888],[16.6624664,47.5090313],[16.6633939,47.508569],[16.6634154,47.5085529],[16.6635158,47.5084475],[16.6635401,47.508339],[16.6635994,47.5082122],[16.6641146,47.5077938],[16.664968,47.5073119],[16.6654241,47.506874],[16.6653822,47.5067697],[16.6653609,47.5066624],[16.6653714,47.506573],[16.6654753,47.5065248],[16.6655108,47.5064868],[16.6655243,47.5064113],[16.6655655,47.5063685],[16.6657337,47.5063924],[16.6658465,47.5064278],[16.666255,47.5060508],[16.6667558,47.5055214],[16.6670177,47.5052802],[16.6672027,47.5051397],[16.6678638,47.5045565],[16.668761,47.5037144],[16.6689584,47.5035445],[16.6693746,47.5038067],[16.6695723,47.5039446],[16.6698987,47.5042079],[16.6700505,47.5042957],[16.670325,47.504417],[16.6712843,47.5047632],[16.6719449,47.504989],[16.6733736,47.5054659],[16.6740443,47.5057837],[16.6747506,47.5060969],[16.6762412,47.5066023],[16.6778735,47.5066171],[16.6792298,47.5069642],[16.6800551,47.5071641],[16.6819781,47.5079888],[16.6831354,47.5083933],[16.6851099,47.5090802],[16.6859939,47.5091073],[16.6865136,47.5091045],[16.6866322,47.5091224],[16.6867399,47.5091795],[16.6869598,47.5092989],[16.6877197,47.5095894],[16.6892775,47.510204],[16.6896864,47.5103695],[16.6898176,47.5104226],[16.6901532,47.5106443],[16.6904451,47.5108698],[16.6906326,47.5110152],[16.6908356,47.5115115],[16.6909138,47.5117229],[16.6911973,47.5122028],[16.6913014,47.5123412],[16.6914368,47.5124557],[16.6916269,47.5125879],[16.6919141,47.5127404],[16.6920481,47.5128336],[16.6921679,47.5129952],[16.6922409,47.5131641],[16.6923579,47.5133206],[16.6924439,47.513389],[16.692538,47.5134415],[16.6928705,47.513627],[16.6937866,47.5143924],[16.694235,47.5147538],[16.6942703,47.5147823],[16.6945747,47.515105],[16.6946955,47.5152584],[16.6947739,47.515358],[16.6948625,47.5155107],[16.6948962,47.5156004],[16.694935,47.5157035],[16.6949501,47.5158055],[16.6949638,47.5158979],[16.6949536,47.5162351],[16.6949356,47.5164184],[16.6948947,47.5166296],[16.6948754,47.5169223],[16.6948404,47.5173269],[16.6948459,47.5175204],[16.6949296,47.5176233],[16.6956012,47.5181823],[16.6965193,47.5186978],[16.6975425,47.5192866],[16.6992235,47.5201004],[16.7006935,47.5209676],[16.700826,47.521026],[16.701175,47.5211606],[16.7015479,47.5213044],[16.7020411,47.5213503],[16.7023071,47.5213937],[16.7025326,47.521469],[16.7030193,47.5216799],[16.7032451,47.5218207],[16.7039863,47.522183],[16.7041715,47.5223112],[16.7043586,47.5224322],[16.7045662,47.5225362],[16.7055033,47.5229375],[16.7055231,47.5229772],[16.7056042,47.5231856],[16.7052367,47.5243426],[16.7053319,47.5260093],[16.705299,47.5262879],[16.704929,47.5268727],[16.7045075,47.5275946],[16.704143,47.5282935],[16.7041593,47.5289129],[16.7042583,47.5291617],[16.7041572,47.5298254],[16.7042053,47.5307887],[16.7038183,47.5317706],[16.7034993,47.5323915],[16.7032194,47.5329125],[16.7031671,47.5330478],[16.7031732,47.5332242],[16.703486,47.5333826],[16.7047765,47.5340824],[16.708249,47.5360031],[16.7087381,47.5363616],[16.7090516,47.5365903],[16.7095773,47.5367409],[16.7096476,47.5371627],[16.709726,47.5375101],[16.7107304,47.5375769],[16.7113375,47.537729],[16.7119054,47.5378668],[16.7122917,47.5379629],[16.713412,47.5387396],[16.7139396,47.5390916],[16.7143733,47.5393791],[16.7145072,47.5396456],[16.7145237,47.5399337],[16.7139867,47.5404712],[16.7135485,47.5407648],[16.7130751,47.541142],[16.7123281,47.5418018],[16.7118448,47.542302],[16.7114218,47.542838],[16.7112461,47.5430878],[16.7105443,47.5432472],[16.7101889,47.5432495],[16.7095003,47.5430366],[16.7093119,47.5432379],[16.7086853,47.5430249],[16.7078739,47.5427],[16.706716,47.5424647],[16.7058796,47.5423837],[16.7055446,47.5427595],[16.7050008,47.543682],[16.7045197,47.5444943],[16.7043024,47.5449569],[16.7041281,47.5457398],[16.7035017,47.5457123],[16.7026082,47.5455692],[16.7019493,47.5459588],[16.7013779,47.5461663],[16.7010135,47.5463089],[16.7002343,47.5460866],[16.6981815,47.5456289],[16.6967019,47.5474201],[16.6965172,47.5475342],[16.6951554,47.549098],[16.6946875,47.5497352],[16.6942997,47.5506519],[16.6939031,47.5516036],[16.6932288,47.5524274],[16.6925592,47.552826],[16.6920359,47.5531492],[16.6916833,47.5533688],[16.6914978,47.5538068],[16.6913639,47.5541418],[16.6905575,47.5550085],[16.6900433,47.5555462],[16.6905835,47.5565856],[16.6907592,47.5577537],[16.6909838,47.5579036],[16.69061,47.5581908],[16.6902293,47.5584787],[16.6898546,47.558759],[16.6889017,47.5594881],[16.6881724,47.5598192],[16.6875653,47.5601023],[16.686848,47.5603748],[16.6863208,47.5606751],[16.6859675,47.5606025],[16.6847023,47.5606673],[16.6837237,47.560751],[16.6840091,47.5613058],[16.6829586,47.5612077],[16.6824208,47.5611768],[16.6813626,47.5610739],[16.6808499,47.5609965],[16.6797938,47.5608929],[16.6795765,47.5609027],[16.6790396,47.5609936],[16.6779126,47.5610663],[16.6773246,47.5609252],[16.6769301,47.5607582],[16.676542,47.5605158],[16.6761409,47.5603164],[16.6750524,47.5599649],[16.6743871,47.559809],[16.6738132,47.5596785],[16.6732768,47.5595946],[16.6725997,47.5596764],[16.6721712,47.559751],[16.6717993,47.559864],[16.6711218,47.5601137],[16.6709336,47.5602063],[16.6704681,47.5604891],[16.6703394,47.5605991],[16.6702264,47.5607485],[16.6700286,47.5613823],[16.6697858,47.5617391],[16.6696166,47.5619446],[16.6694081,47.5620987],[16.6690719,47.5622474],[16.6688823,47.5623885],[16.6686953,47.5626298],[16.6686363,47.562748],[16.668591,47.5628876],[16.6685848,47.5630708],[16.6686024,47.5631593],[16.6687117,47.5635049],[16.6687396,47.5636705],[16.6687211,47.5637438],[16.6686555,47.5638753],[16.6685025,47.5640996],[16.6681683,47.5645905],[16.6680406,47.5646517],[16.6679211,47.5647033],[16.6676554,47.5647484],[16.6672694,47.5647867],[16.6670286,47.5648877],[16.6656529,47.5657373],[16.6653877,47.5658586],[16.6651476,47.5659156],[16.6648445,47.5660382],[16.6646716,47.5661554],[16.6645567,47.5662605],[16.6644563,47.5664273],[16.6644179,47.5668663],[16.664331,47.5672095],[16.6642234,47.5673545],[16.6641211,47.5674466],[16.6638836,47.5675784],[16.6635278,47.5677632],[16.6634407,47.5678494],[16.6631327,47.5683502],[16.6631193,47.5684406],[16.6631313,47.56869],[16.6633738,47.5687904],[16.6637436,47.569013],[16.6639614,47.5692439],[16.6641221,47.5693838],[16.6647189,47.5694334],[16.6650249,47.5694186],[16.6653275,47.5693559],[16.6658934,47.5693252],[16.6663108,47.5693243],[16.6676621,47.5696455],[16.6677803,47.5696871],[16.6679544,47.5698371],[16.6681341,47.5700664],[16.6683409,47.5701958],[16.6685512,47.5702693],[16.6689189,47.5703601],[16.6691512,47.570445],[16.6698821,47.5708375],[16.6702949,47.5710534],[16.6707182,47.5711694],[16.67108,47.5713346],[16.6711929,47.5714606],[16.6712769,47.5716138],[16.6712535,47.5718541],[16.6714298,47.5723594],[16.6714488,47.5727705],[16.6712476,47.5732593],[16.6710894,47.5740071],[16.671227,47.5743915],[16.671183,47.5747769],[16.6712691,47.5751716],[16.671996,47.5754162],[16.6726102,47.575732],[16.6731059,47.5759784],[16.6738397,47.5766428],[16.6742069,47.5771413],[16.6745419,47.5779432],[16.6751269,47.5787886],[16.6752449,47.5803788],[16.675136,47.5810256],[16.6752573,47.5820764],[16.675102,47.5825322],[16.6749684,47.5826662],[16.6745239,47.583499],[16.6739693,47.5846851],[16.6736595,47.5852836],[16.6732633,47.5859023],[16.6724672,47.5869148],[16.6721759,47.587389],[16.6722814,47.5874474],[16.6712559,47.5890238],[16.6707959,47.5898429],[16.6703606,47.5907221],[16.6702635,47.5910209],[16.6700401,47.5915162],[16.6698861,47.59191],[16.6698585,47.5921623],[16.6695138,47.5927965],[16.6692183,47.593135],[16.6688841,47.5933645],[16.6681591,47.5943603],[16.6678452,47.5947266],[16.6675794,47.5950219],[16.6673359,47.5953699],[16.6672439,47.5955284],[16.6672235,47.5956776],[16.6670591,47.5958243],[16.6667753,47.5959006],[16.6666307,47.596011],[16.6664014,47.5962606],[16.666396,47.5965901],[16.6664416,47.5966719],[16.6665452,47.5967265],[16.666612,47.5968727],[16.6666391,47.5973245],[16.6665739,47.5974232],[16.6664583,47.5975773],[16.6663979,47.5976674],[16.6663859,47.5977479],[16.6664167,47.5978834],[16.666506,47.597887],[16.6666849,47.5979033],[16.6667724,47.5981263],[16.6668829,47.5983003],[16.6669974,47.5984307],[16.6673222,47.5986591],[16.6679458,47.5992525],[16.6685,47.5996434],[16.6687151,47.5996732],[16.6690125,47.5999318],[16.6703231,47.6006182],[16.6705497,47.6007716],[16.6706439,47.6010857],[16.6708823,47.6014713],[16.6711894,47.6018104],[16.67093,47.602015],[16.6704548,47.6023374],[16.6705572,47.6024476],[16.6706589,47.602504],[16.6712045,47.6031829],[16.6713766,47.6033943],[16.6726322,47.6044919],[16.6731434,47.6049581],[16.6723088,47.6056566],[16.6717138,47.6061275],[16.6715421,47.6062474],[16.6714257,47.6062363],[16.6713194,47.6062143],[16.6711948,47.6061757],[16.6710218,47.6061055],[16.6705174,47.6058667],[16.6703318,47.6058049],[16.6698614,47.6056916],[16.6689816,47.6055828],[16.6686001,47.6055545],[16.6682242,47.6055471],[16.6677393,47.6055343],[16.6671535,47.6055049],[16.6663913,47.6054713],[16.6649144,47.6054406],[16.6642851,47.6054241],[16.6635442,47.6054186],[16.6621738,47.6054324],[16.661893,47.6054499],[16.6615731,47.6055173],[16.6610422,47.6056642],[16.6601494,47.6059242],[16.6595343,47.6061018],[16.6595207,47.6062285],[16.6590167,47.6076942],[16.6586081,47.6088732],[16.6583987,47.6095078],[16.6564295,47.6151969],[16.6562318,47.615522],[16.6547392,47.6179951],[16.6542003,47.6188967],[16.6537178,47.6196851],[16.6534246,47.6201648],[16.6530569,47.6216704],[16.6530054,47.62199],[16.652941,47.6222312],[16.652451,47.6226644],[16.6521179,47.622856],[16.6518311,47.6228652],[16.6515503,47.6228831],[16.6508599,47.623022],[16.6499455,47.62339],[16.6480986,47.6238904],[16.647619,47.6240036],[16.6466145,47.6244281],[16.6461137,47.6246059],[16.6457063,47.6246871],[16.6447546,47.6249232],[16.6436179,47.6252768],[16.6418466,47.625835],[16.6413423,47.6259834],[16.639784,47.6262492],[16.6383667,47.6265388],[16.6377015,47.6267228],[16.6369483,47.6270668],[16.6363518,47.6274095],[16.6357711,47.6276337],[16.6349836,47.627849],[16.6342779,47.627856],[16.6334188,47.6278951],[16.6328655,47.6279553],[16.6322564,47.6281142],[16.6315853,47.6281794],[16.6305561,47.6281185],[16.6298767,47.628114],[16.6289983,47.6280554],[16.6276719,47.6277812],[16.6268646,47.6273737],[16.626505,47.6272876],[16.6263535,47.6272572],[16.6263193,47.627252],[16.6261962,47.6272455],[16.6258417,47.6271784],[16.6257005,47.6271027],[16.625282,47.6268388],[16.6251166,47.6268151],[16.6249903,47.6268032],[16.6248692,47.6267742],[16.6247231,47.6267383],[16.6238825,47.6265809],[16.6223717,47.6263386],[16.6211005,47.6260433],[16.6202514,47.6259475],[16.6196232,47.6258766],[16.6189081,47.6257992],[16.6174962,47.6249677],[16.6166589,47.6244795],[16.6165321,47.6244055],[16.6140881,47.6229806],[16.613636,47.6227197],[16.6133028,47.6225275],[16.6131376,47.6225434],[16.6131265,47.6225403],[16.6122848,47.6223061],[16.6122533,47.6222998],[16.6120609,47.6222614],[16.6119059,47.6222305],[16.6114208,47.6221338],[16.6106644,47.6219829],[16.6104361,47.6219374],[16.6098909,47.621847],[16.6083522,47.621592],[16.6063891,47.6212667],[16.6058292,47.6212139],[16.6042391,47.6210639],[16.6024087,47.6201856],[16.6011495,47.6196895],[16.6010732,47.6196669],[16.6008718,47.6197517],[16.6005609,47.6197645],[16.6003622,47.6197727],[16.5998633,47.6197397],[16.5989563,47.6193761],[16.5987829,47.6193066],[16.5983017,47.6190976],[16.5979058,47.6187967],[16.5972725,47.6185898],[16.5972031,47.6185671],[16.5945327,47.618161],[16.593923,47.6179937],[16.5937468,47.6179453],[16.593396,47.617849],[16.5929657,47.61782],[16.591868,47.61768],[16.5902553,47.6174652],[16.5899898,47.6174209],[16.5892265,47.6174406],[16.5888978,47.6174651],[16.588119,47.6175231],[16.5879956,47.6175323],[16.5877096,47.6175697],[16.5869712,47.6176662],[16.5866564,47.6177073],[16.5854158,47.6178603],[16.5853288,47.6178747],[16.584798,47.6179622],[16.5838746,47.6181145],[16.5833889,47.6183124],[16.5833775,47.6183164],[16.5828214,47.6185107],[16.5823858,47.6186628],[16.5822785,47.6187003],[16.5821351,47.6187186],[16.5818064,47.6187605],[16.5815309,47.6187957],[16.5812565,47.6188331],[16.5807086,47.6189078],[16.5806062,47.6189222],[16.5798691,47.6190182],[16.5797753,47.6190477],[16.5793543,47.619048],[16.5788068,47.6190505],[16.5785726,47.6190674],[16.5778613,47.6191618],[16.5775511,47.6191636],[16.5771888,47.6191457],[16.5771165,47.6191434],[16.5769435,47.6191788],[16.5762218,47.6192958],[16.5756386,47.6193533],[16.575117,47.6194166],[16.5743698,47.6195419],[16.5739478,47.6196544],[16.5736619,47.6197426],[16.5735201,47.6197931],[16.5734509,47.619825],[16.5733726,47.6198541],[16.5733423,47.6198787],[16.5732053,47.6198154],[16.5730533,47.6197809],[16.572515,47.6198261],[16.5721545,47.6200597],[16.5715118,47.6203397],[16.5710068,47.6206991],[16.5701283,47.621489],[16.5697308,47.6217289],[16.5685614,47.6226983],[16.5682307,47.62312],[16.5679367,47.6233218],[16.5674405,47.6235311],[16.5662557,47.6239014],[16.565818,47.6241861],[16.5654074,47.6243117],[16.5649192,47.6244544],[16.564504,47.6245292],[16.5637809,47.624595],[16.5632369,47.624612],[16.5626297,47.6247519],[16.5622601,47.6248678],[16.5618105,47.6251892],[16.5613921,47.6256787],[16.5609281,47.6261164],[16.5606282,47.6264416],[16.5601248,47.6270174],[16.5593821,47.627291],[16.5583494,47.6276419],[16.5579033,47.6279727],[16.5573146,47.6284062],[16.5567411,47.6288646],[16.5561677,47.6291676],[16.5558678,47.6292657],[16.5551742,47.6294669],[16.5544157,47.6296773],[16.5539262,47.6297709],[16.5537111,47.629862],[16.5530899,47.630264],[16.5526631,47.6307718],[16.5524834,47.6311282],[16.5521567,47.6316036],[16.5519971,47.6318408],[16.5516691,47.6321649],[16.5513725,47.6323963],[16.5509709,47.6326044],[16.5505592,47.6327163],[16.5501051,47.6328597],[16.5493383,47.6332443],[16.5488018,47.6335886],[16.548194,47.6337556],[16.5471936,47.634],[16.5467585,47.6341484],[16.5465217,47.6342743],[16.5455435,47.6346071],[16.5451862,47.6346951],[16.5449282,47.6348538],[16.544605,47.6349785],[16.5435546,47.6354794],[16.5434009,47.6355977],[16.5426655,47.6357935],[16.5423093,47.6358052],[16.5421623,47.6358235],[16.5411959,47.6363064],[16.5406176,47.6364627],[16.5400819,47.6364974],[16.5397059,47.6365996],[16.5393942,47.636697],[16.5389726,47.6369957],[16.5384909,47.6377429],[16.5383012,47.6378257],[16.5377865,47.637967],[16.5373767,47.6379354],[16.5361471,47.6380174],[16.5358014,47.6381089],[16.535486,47.6382281],[16.5351327,47.6385282],[16.5346888,47.6387627],[16.5343753,47.6388885],[16.5341457,47.6389109],[16.5335553,47.6394439],[16.5330503,47.6397705],[16.5326568,47.6398861],[16.531777,47.640225],[16.5308568,47.6405384],[16.5300225,47.6409775],[16.5293944,47.6412469],[16.5286981,47.6414974],[16.527647,47.6417203],[16.5268831,47.641805],[16.5265663,47.6419122],[16.5261849,47.6419745],[16.5259534,47.6419662],[16.5257289,47.6419173],[16.5248891,47.6418442],[16.523828,47.6419091],[16.5236494,47.6415925],[16.5233788,47.6412824],[16.5231467,47.6412016],[16.5227965,47.6416019],[16.5227061,47.6418797],[16.5227146,47.6421656],[16.5223397,47.6422874],[16.52212,47.6425922],[16.5218496,47.6426223],[16.5216836,47.6427729],[16.5214339,47.6427635],[16.5210096,47.6429462],[16.5206611,47.6430348],[16.5204004,47.6431891],[16.5199042,47.6433742],[16.5195276,47.6434208],[16.5189778,47.6438265],[16.5186624,47.6439916],[16.5180092,47.6442589],[16.5175364,47.6444879],[16.516905,47.6449472],[16.516901,47.645144],[16.5164337,47.6453768],[16.516041,47.6454279],[16.5154866,47.6456041],[16.5146192,47.6460795],[16.5144416,47.6461448],[16.5137478,47.6461132],[16.5133014,47.6460439],[16.5134146,47.6458051],[16.5133698,47.6455998],[16.5137539,47.6447647],[16.5136654,47.6443271],[16.5132674,47.6439281],[16.5128148,47.6435168],[16.5123605,47.643114],[16.5120325,47.6426248],[16.5111374,47.6421307],[16.5107059,47.6417817],[16.5103175,47.6416312],[16.5091765,47.641322],[16.5087731,47.6410775],[16.508393,47.6407187],[16.5074609,47.6400363],[16.507183,47.6393],[16.5068829,47.6389012],[16.506737,47.6385235],[16.5064854,47.6383877],[16.5061199,47.6384395],[16.5056368,47.6388068],[16.5052116,47.6390544],[16.5047548,47.6391768],[16.5041607,47.6394007],[16.5036769,47.639664],[16.5024401,47.6400534],[16.5021333,47.6400401],[16.5015802,47.6399494],[16.5012127,47.6397813],[16.5009997,47.6396248],[16.5006878,47.6395344],[16.5001677,47.6393588],[16.4998743,47.6393436],[16.4990544,47.639344],[16.4983804,47.6393961],[16.497815,47.6393496],[16.4974497,47.6393203],[16.4969303,47.639336],[16.4965059,47.6394913],[16.496205,47.6397002],[16.4958246,47.6403736],[16.4953204,47.640481],[16.4944916,47.6408659],[16.4941134,47.6411603],[16.4940506,47.6413972],[16.4939051,47.6415908],[16.4937977,47.6417173],[16.4931489,47.6420982],[16.492636,47.6422574],[16.4922273,47.6422502],[16.4920281,47.6421488],[16.4919452,47.6421066],[16.4916812,47.6419723],[16.4911919,47.6416358],[16.4898004,47.6414081],[16.4890722,47.6414657],[16.4882184,47.6416161],[16.4873199,47.6417648],[16.4870369,47.6421169],[16.486556,47.6426953],[16.4864129,47.6429042],[16.4863336,47.6430725],[16.4860992,47.6433184],[16.485305,47.6441506],[16.4851248,47.6445512],[16.4845661,47.6449459],[16.483479,47.6454376],[16.4831783,47.6456611],[16.4830379,47.6459704],[16.4829101,47.646252],[16.4828835,47.6468359],[16.48281,47.647348],[16.4826359,47.6479336],[16.4819587,47.6482879],[16.4812345,47.6487097],[16.4808946,47.6491199],[16.4806291,47.6494516],[16.4805511,47.6496527],[16.4800082,47.6498788],[16.4793136,47.6501077],[16.4790903,47.6501194],[16.4783482,47.6500632],[16.4776283,47.6499875],[16.4767544,47.6500952],[16.476304,47.6502801],[16.4759256,47.6503072],[16.4756373,47.6502981],[16.4750214,47.6502109],[16.4745088,47.6503341],[16.4728437,47.650844],[16.4721909,47.6512628],[16.47167,47.6514491],[16.4710826,47.6514578],[16.470386,47.6515615],[16.469499,47.651566],[16.4683644,47.6517225],[16.466895,47.651652],[16.4659124,47.6515776],[16.4655398,47.6515026],[16.4639203,47.6514209],[16.4638727,47.651417],[16.4637285,47.6514053],[16.4634884,47.6513652],[16.4631737,47.6513513],[16.4626637,47.6513022],[16.4622471,47.6513987],[16.4619336,47.6515781],[16.4614733,47.652086],[16.4609752,47.6525767],[16.4600212,47.6531784],[16.4589743,47.6535761],[16.4585395,47.6536661],[16.4582512,47.6536756],[16.4575876,47.6536702],[16.457074,47.6537826],[16.45653,47.6537584],[16.4557235,47.6535788],[16.455224,47.6535998],[16.4549453,47.6536457],[16.4539739,47.6542303],[16.452972,47.6547517],[16.452463,47.6551414],[16.451974,47.6553733],[16.4514488,47.6557225],[16.4509336,47.6558188],[16.4502198,47.6557969],[16.4485268,47.6562713],[16.4472625,47.6564537],[16.4459949,47.6563648],[16.4453334,47.6563865],[16.4442535,47.656565],[16.4433137,47.656676],[16.4420804,47.6566366],[16.4415209,47.6566879],[16.4410183,47.6566319],[16.4398585,47.6566843],[16.4381177,47.6572678],[16.4368555,47.6579482],[16.4359355,47.6584717],[16.4349999,47.6588876],[16.4344973,47.6592945],[16.4330414,47.6599206],[16.4324368,47.6599651],[16.4316064,47.6598845],[16.4308463,47.6601211],[16.4300938,47.6604636],[16.4292874,47.6604897],[16.4279125,47.6608008],[16.4247609,47.6623695],[16.4236102,47.6630592],[16.4222997,47.664112],[16.4218464,47.664704],[16.4217065,47.6650502],[16.4215432,47.6652971],[16.4218028,47.6654464],[16.4221839,47.6658423],[16.422387,47.6659581],[16.4231396,47.666396],[16.4235099,47.6667578],[16.4238528,47.6669801],[16.4242044,47.6670659],[16.4246942,47.6673726],[16.425019,47.6676223],[16.4256188,47.6679096],[16.4262215,47.6680547],[16.4269288,47.6682832],[16.4272538,47.6684394],[16.4282546,47.6686926],[16.4290102,47.6686793],[16.4293892,47.668609],[16.4298655,47.6687317],[16.4304006,47.6689959],[16.43094,47.6691975],[16.4313313,47.6692849],[16.4321261,47.6693763],[16.4326727,47.6695159],[16.4330917,47.6696863],[16.4342048,47.6701284],[16.4344786,47.6701808],[16.4347206,47.6702091],[16.435135,47.6703069],[16.4359882,47.6707212],[16.4373784,47.6712556],[16.4379357,47.6714417],[16.4383312,47.6716204],[16.4384411,47.6716767],[16.4386937,47.6718975],[16.4393144,47.6722349],[16.4399552,47.6725091],[16.4402556,47.6725432],[16.4406284,47.6726547],[16.4418598,47.673212],[16.4431288,47.6739218],[16.443356,47.6741131],[16.443368,47.674159],[16.4434005,47.6742836],[16.4433806,47.6748888],[16.4433487,47.6750759],[16.4429759,47.6756076],[16.442775,47.67603],[16.4427302,47.6761985],[16.4427101,47.6765456],[16.4426218,47.6767419],[16.4425341,47.6768871],[16.442495,47.6770636],[16.4425038,47.67734],[16.4426138,47.6777964],[16.4427589,47.6780254],[16.4428096,47.6783965],[16.4428525,47.6789367],[16.4431301,47.679546],[16.4434595,47.6799575],[16.443636,47.6802432],[16.443854,47.6806493],[16.4438511,47.6808433],[16.4438276,47.6811081],[16.4437948,47.6812758],[16.4437988,47.6815159],[16.4438779,47.6817294],[16.4440327,47.6820423],[16.4442194,47.6822464],[16.4443452,47.6825019],[16.4443551,47.6826393],[16.4445595,47.6829221],[16.4447684,47.6831083],[16.4452936,47.6838253],[16.4452812,47.6840814],[16.445429,47.6844521],[16.4454255,47.6848073],[16.445594,47.6852423],[16.4459491,47.6858207],[16.445999,47.6859748],[16.4460419,47.686558],[16.4459931,47.6870046],[16.4459864,47.6874997],[16.4459507,47.6879252],[16.4458625,47.6882567],[16.4458721,47.6887684],[16.4459142,47.6894051],[16.4459727,47.6896358],[16.4462863,47.6900978],[16.4465,47.6903172],[16.4469568,47.6906672],[16.4469894,47.6907695],[16.4470772,47.6908531],[16.4472266,47.6911931],[16.447442,47.6914321],[16.4476177,47.6917087],[16.4476731,47.6920021],[16.4478441,47.6929075],[16.4478084,47.6930732],[16.4477014,47.6932115],[16.4476129,47.6933153],[16.4475523,47.6934961],[16.447541,47.6939218],[16.4475418,47.6940902],[16.4474462,47.6948712],[16.447375,47.6950561],[16.4473638,47.6952854],[16.4474756,47.695744],[16.4474888,47.6958729],[16.4474953,47.695942],[16.4473224,47.6963055],[16.4479157,47.6965046],[16.4482408,47.6965429],[16.4483752,47.6964978],[16.4484543,47.696481],[16.4485368,47.6964862],[16.4486389,47.6965041],[16.4486726,47.6965072],[16.4487555,47.6965121],[16.4488061,47.6965227],[16.4488115,47.6964584],[16.4490063,47.6964435],[16.4490977,47.6964735],[16.4491087,47.6964869],[16.4491563,47.6965012],[16.4492948,47.6965065],[16.4494963,47.6964145],[16.4495951,47.6963893],[16.449733,47.6963855],[16.4498458,47.6964238],[16.4499473,47.6964158],[16.4499883,47.6964053],[16.450002,47.6963835],[16.4501299,47.6964034],[16.4502279,47.6963821],[16.4503343,47.6964089],[16.450716,47.6962836],[16.4508458,47.696336],[16.4509032,47.6963764],[16.4510458,47.6964523],[16.4510935,47.6964513],[16.4511107,47.6964646],[16.4512668,47.696461],[16.4513681,47.6964834],[16.4514063,47.6965094],[16.4514532,47.6966197],[16.4515629,47.6966515],[16.4516243,47.6966719],[16.4517259,47.6967724],[16.4520072,47.6967788],[16.452342,47.6968379],[16.4525265,47.6967968],[16.4527935,47.6968448],[16.4529607,47.6968529],[16.45302,47.6968407],[16.4532234,47.6968314],[16.4532645,47.6968034],[16.4534705,47.6968335],[16.4536176,47.6968328],[16.453754,47.696843],[16.4538786,47.6968329],[16.4539869,47.6968378],[16.4541151,47.6964887],[16.4544099,47.695895],[16.4554161,47.6938198],[16.456009,47.6926175],[16.4566948,47.6911739],[16.4571735,47.6901999],[16.4577363,47.6890265],[16.4581278,47.6881884],[16.4582441,47.6879395],[16.4586455,47.6870851],[16.4593077,47.6856753],[16.4596111,47.684977],[16.4599824,47.6841118],[16.4601692,47.6838812],[16.4604378,47.6836789],[16.4604968,47.683576],[16.4606402,47.6835379],[16.4612272,47.6832577],[16.4614677,47.6830661],[16.4615561,47.682971],[16.4617628,47.6828555],[16.4619702,47.6826905],[16.4621604,47.6826543],[16.4628612,47.6825387],[16.4631334,47.682516],[16.4632898,47.682425],[16.4634777,47.6823363],[16.4638488,47.6822702],[16.4641915,47.6822182],[16.4646356,47.6821937],[16.4649095,47.6823089],[16.464991,47.6821395],[16.4653566,47.6820535],[16.4658166,47.6818175],[16.4660878,47.6816605],[16.4661661,47.6815559],[16.4660785,47.6812693],[16.4660752,47.6811099],[16.4661241,47.6810133],[16.4662938,47.6808382],[16.4665207,47.6809826],[16.4668238,47.6811957],[16.4670185,47.6812786],[16.4672037,47.6813422],[16.4675009,47.6813776],[16.4680243,47.6811926],[16.4681244,47.681189],[16.4688304,47.6812274],[16.4693299,47.6811962],[16.4696578,47.6811758],[16.4696919,47.681252],[16.4697531,47.6812809],[16.4698198,47.6815806],[16.4697809,47.6817959],[16.4697808,47.6818867],[16.4698571,47.681963],[16.4699838,47.682024],[16.4700622,47.6820444],[16.4701179,47.6820393],[16.470263,47.6820847],[16.4703058,47.6822444],[16.4702795,47.6822916],[16.4703542,47.6823651],[16.4706838,47.6823535],[16.4709205,47.6824119],[16.4711334,47.6823355],[16.4712525,47.6823492],[16.4713168,47.6823682],[16.4714776,47.6824013],[16.4715844,47.6823983],[16.4716425,47.6823596],[16.4717418,47.6821751],[16.472003,47.6822452],[16.4720124,47.6823017],[16.4721591,47.6822182],[16.4722663,47.6820447],[16.4724106,47.6820131],[16.472723,47.6814173],[16.4729407,47.6813327],[16.4731255,47.6812946],[16.4732978,47.6812705],[16.4746589,47.6812582],[16.4747791,47.6813355],[16.4749127,47.6816392],[16.4748991,47.6819044],[16.4748455,47.6822999],[16.4751074,47.6822911],[16.4751892,47.6824331],[16.4752671,47.6827116],[16.4752732,47.6828513],[16.4752998,47.6829547],[16.475468,47.6829593],[16.4755093,47.6831881],[16.4754138,47.6834915],[16.4752969,47.6836425],[16.4750249,47.6839093],[16.4749828,47.6839873],[16.4749631,47.6840736],[16.4749891,47.6842216],[16.4750442,47.6844222],[16.4750745,47.6844824],[16.4752506,47.6846799],[16.4753799,47.6847109],[16.475332,47.6850855],[16.4753989,47.6854257],[16.4758484,47.6862243],[16.4759991,47.6867747],[16.4759678,47.6870664],[16.4760965,47.6871531],[16.47613,47.6872447],[16.4760542,47.6874473],[16.4759285,47.6875224],[16.475957,47.6875503],[16.4757425,47.6880071],[16.4756781,47.6880595],[16.4756811,47.6881378],[16.475723,47.6882245],[16.4757597,47.6882546],[16.4757283,47.6883888],[16.4756318,47.688563],[16.4755891,47.6886972],[16.4755285,47.6891623],[16.4755671,47.6892682],[16.4759544,47.6900201],[16.4760169,47.6901214],[16.4762951,47.6903755],[16.4765736,47.6903961],[16.4767114,47.6905305],[16.4767905,47.6906089],[16.4768958,47.6905854],[16.4769253,47.6906757],[16.4770115,47.6907004],[16.4772371,47.6907619],[16.4773508,47.690641],[16.4774765,47.6906495],[16.4774953,47.690589],[16.4776026,47.6905439],[16.4776616,47.6905475],[16.4776844,47.690561],[16.4780503,47.6903716],[16.4782973,47.6903841],[16.478424,47.6903183],[16.4786171,47.6903174],[16.4787184,47.6903844],[16.4788188,47.6904189],[16.4788847,47.6903877],[16.478945,47.6903741],[16.4789973,47.690329],[16.479063,47.6903155],[16.4791073,47.690348],[16.4792171,47.6903463],[16.4793568,47.6902221],[16.4796237,47.6902227],[16.4799039,47.6902667],[16.4800434,47.6903119],[16.4801238,47.6903128],[16.4801869,47.6902839],[16.4802379,47.6903322],[16.4803036,47.690338],[16.4803196,47.6902785],[16.4805745,47.6903008],[16.4807674,47.690253],[16.4808561,47.6902776],[16.4809538,47.6902764],[16.4808762,47.6903976],[16.480899,47.6904391],[16.4809817,47.6904213],[16.4810586,47.6904066],[16.4811283,47.6904175],[16.4812902,47.6905124],[16.4813653,47.6904583],[16.4816227,47.690516],[16.4817354,47.6905738],[16.4818695,47.6906894],[16.4819794,47.6908657],[16.4821989,47.6909261],[16.4823461,47.6908679],[16.4826272,47.6908762],[16.4829523,47.6909048],[16.4832231,47.6910205],[16.4835282,47.6910506],[16.4837354,47.691174],[16.4839339,47.6913437],[16.4840519,47.6913148],[16.4843044,47.6914018],[16.4844114,47.6914972],[16.4845186,47.6914141],[16.4845884,47.6914448],[16.4845294,47.691629],[16.4846426,47.6916132],[16.4847627,47.6916687],[16.4847424,47.6917809],[16.4849237,47.6918438],[16.4849358,47.6919312],[16.4852373,47.6920521],[16.4855586,47.6923029],[16.4857712,47.6925533],[16.4860607,47.6927732],[16.48579,47.6929957],[16.4858651,47.6930932],[16.4856788,47.6933013],[16.4854413,47.6934416],[16.4855084,47.693577],[16.4854084,47.6937761],[16.4853263,47.6937701],[16.4852011,47.6937534],[16.4850658,47.6938875],[16.485098,47.6940428],[16.4848351,47.6940825],[16.4847585,47.6941912],[16.4843594,47.6949884],[16.4844747,47.6954013],[16.4846915,47.6958911],[16.4858266,47.6964754],[16.4859781,47.6966092],[16.485998,47.6967762],[16.4862925,47.6973578],[16.4866513,47.6976263],[16.4869971,47.697924],[16.4871958,47.6980469],[16.4874262,47.6980108],[16.4876625,47.6980146],[16.4879678,47.6979629],[16.4882105,47.6980662],[16.4885171,47.6980915],[16.4887015,47.6980539],[16.4888497,47.6980855],[16.488977,47.6980287],[16.4891316,47.6980334],[16.4892362,47.6980855],[16.4898351,47.6981359],[16.4900887,47.6980974],[16.4901647,47.6981571],[16.4902532,47.6981498],[16.4904021,47.6982067],[16.4903149,47.6983304],[16.4903793,47.6983484],[16.490532,47.6982563],[16.4906908,47.6983406],[16.4908021,47.6983679],[16.491074,47.6983399],[16.4913361,47.6982879],[16.4915372,47.6983978],[16.4922129,47.6985686],[16.4925769,47.6986432],[16.4929455,47.6985087],[16.4930669,47.698497],[16.4931192,47.6984993],[16.4931968,47.6985232],[16.4932127,47.6985423],[16.4932864,47.6985666],[16.4933845,47.6985731],[16.4934739,47.6986167],[16.4935026,47.6986542],[16.4936081,47.6986757],[16.4937058,47.6987123],[16.493741,47.6987433],[16.4938356,47.6988142],[16.4939024,47.698888],[16.4939774,47.6989166],[16.4940751,47.6989652],[16.4942232,47.6990358],[16.4942521,47.6990546],[16.4943025,47.6990887],[16.4943254,47.6991208],[16.4943416,47.6991307],[16.4943458,47.6991423],[16.4943879,47.6991606],[16.49438,47.6991684],[16.4944109,47.6991792],[16.494436,47.6991678],[16.4944512,47.6991801],[16.4944929,47.6991886],[16.4945637,47.6992416],[16.4946455,47.6992911],[16.4946724,47.6993033],[16.4946746,47.6993114],[16.4947306,47.6993432],[16.4947767,47.6993516],[16.4948444,47.6993983],[16.4948091,47.6994423],[16.4948184,47.6996186],[16.4950032,47.6998671],[16.4956531,47.7004223],[16.4956955,47.7005754],[16.4961316,47.7012045],[16.496167,47.7012863],[16.4963601,47.7015348],[16.4966836,47.7017691],[16.4969671,47.7016605],[16.497289,47.7016161],[16.4971653,47.7019444],[16.497168,47.7020782],[16.4971948,47.7022511],[16.4972511,47.7023721],[16.497227,47.7024732],[16.4972806,47.7026031],[16.4972573,47.7027161],[16.4974089,47.7030231],[16.4974952,47.7031428],[16.4975366,47.7032591],[16.4977592,47.7034084],[16.4978297,47.7034556],[16.4981501,47.7035866],[16.4982637,47.7036704],[16.4985205,47.7037836],[16.4987852,47.7038642],[16.4990801,47.7040034],[16.4991072,47.7040598],[16.4993218,47.7041555],[16.4994291,47.7041858],[16.4995129,47.7043228],[16.4995238,47.7044021],[16.4996265,47.7045395],[16.4997345,47.7046375],[16.4998365,47.70472],[16.4999139,47.70474],[16.5000396,47.7047513],[16.5002632,47.704715],[16.5005165,47.7047117],[16.5006787,47.7046835],[16.5008048,47.7043912],[16.5018118,47.7039221],[16.5025938,47.7038532],[16.5028932,47.7037408],[16.5031883,47.7036001],[16.5035254,47.7035223],[16.50409,47.7034972],[16.5043653,47.7035405],[16.5046049,47.7035881],[16.5054609,47.7038879],[16.5051229,47.7043054],[16.5051273,47.70437],[16.5052244,47.7044182],[16.5055552,47.7044172],[16.5058861,47.7044853],[16.5063676,47.7043358],[16.5064826,47.7043132],[16.5067321,47.7043546],[16.5069501,47.7044155],[16.5069205,47.7045453],[16.507068,47.7045435],[16.5071473,47.7046536],[16.5072859,47.7047781],[16.5074018,47.7048305],[16.5076719,47.7048357],[16.5077891,47.7048082],[16.5079298,47.7047904],[16.5080603,47.7048106],[16.5081111,47.7048586],[16.5081055,47.7049332],[16.5082643,47.7050706],[16.5084971,47.7051354],[16.5087983,47.7052751],[16.5088757,47.7053466],[16.5090132,47.7053835],[16.5094325,47.7054123],[16.5095293,47.7054338],[16.5096356,47.7055677],[16.5100528,47.705879],[16.5102778,47.7059591],[16.5105334,47.7061124],[16.5109037,47.7064986],[16.5108996,47.7066531],[16.5108743,47.7067273],[16.510984,47.7069964],[16.5112106,47.706972],[16.5125792,47.7066949],[16.5126997,47.706679],[16.5127932,47.7067519],[16.5135283,47.7072076],[16.5140304,47.707541],[16.5141936,47.7076489],[16.5160186,47.7071617],[16.5169186,47.7069254],[16.5171044,47.7071611],[16.5175921,47.7078998],[16.5183632,47.7090333],[16.5199489,47.7113421],[16.520629,47.7122541],[16.5209589,47.7120503],[16.5211519,47.7119006],[16.521402,47.7117438],[16.521945,47.7114519],[16.5223286,47.7112753],[16.5226694,47.71114],[16.5235208,47.7108916],[16.5243878,47.7106945],[16.5254304,47.7105341],[16.5260857,47.7104715],[16.526697,47.710423],[16.5275085,47.7103547],[16.5281291,47.7103775],[16.5287431,47.7104467],[16.5290773,47.7105028],[16.5291871,47.7105212],[16.5300684,47.7107083],[16.5306521,47.7107879],[16.530944,47.7107953],[16.531734,47.7107942],[16.5333329,47.7107538],[16.5336607,47.7107369],[16.5337925,47.7107083],[16.534036,47.710649],[16.5342921,47.7105993],[16.5347202,47.7111795],[16.5348186,47.7111078],[16.5349072,47.7111486],[16.5354667,47.7114188],[16.5365023,47.711615],[16.5374939,47.7117822],[16.5375266,47.7117903],[16.5376572,47.7118115],[16.5380166,47.7118311],[16.5386739,47.7118352],[16.538783,47.7118381],[16.5404487,47.7118403],[16.5411128,47.7121671],[16.5415872,47.712498],[16.5416843,47.7125602],[16.541912,47.712731],[16.5422032,47.7129487],[16.5417426,47.7132507],[16.5414259,47.7134859],[16.5413433,47.7135755],[16.5413132,47.713649],[16.5413626,47.7136887],[16.541499,47.7138009],[16.5433559,47.7156606],[16.5437826,47.7161538],[16.5442373,47.7166001],[16.544601,47.7170494],[16.5458479,47.7181713],[16.5461483,47.718429],[16.5477703,47.7197006],[16.5487801,47.7203796],[16.5511791,47.721926],[16.5522184,47.7225134],[16.5507068,47.7238291],[16.5491677,47.7256715],[16.5487895,47.7260309],[16.5484875,47.7262373],[16.548065,47.7266243],[16.5478676,47.7268258],[16.5445444,47.7296954],[16.543799,47.7303243],[16.5426776,47.7313855],[16.5400726,47.7336427],[16.537576,47.7357304],[16.5364648,47.7366327],[16.5374599,47.7373674],[16.5383268,47.7379863],[16.5388326,47.7383048],[16.538021,47.7391671],[16.5378157,47.7395883],[16.5375661,47.7399922],[16.5381761,47.7402162],[16.5388713,47.7405575],[16.5393144,47.7408136],[16.541237,47.7416729],[16.5427184,47.7423461],[16.5427715,47.742393],[16.5434393,47.7424087],[16.5438977,47.742584],[16.5440914,47.7425876],[16.5441394,47.7424088],[16.5442246,47.7422021],[16.5443695,47.7419738],[16.5446882,47.7415766],[16.5449301,47.7413349],[16.5457937,47.7417873],[16.5487785,47.7431786],[16.5479267,47.7439102],[16.546643,47.7452831],[16.5470695,47.7454065],[16.5470914,47.7455652],[16.5482335,47.7459602],[16.5481965,47.7461109],[16.5474906,47.7467739],[16.5467669,47.7475271],[16.5464552,47.7481839],[16.5461049,47.7489536],[16.5460078,47.7493262],[16.5476266,47.749298],[16.5470341,47.7509937],[16.547375,47.750993],[16.54798,47.751544],[16.551812,47.751572],[16.5537126,47.7515617],[16.5544895,47.751559],[16.555662,47.751555],[16.557167,47.751551],[16.558201,47.7515977],[16.559352,47.75158],[16.562154,47.751562],[16.5664885,47.7516021],[16.5830553,47.7550171],[16.583757,47.755076],[16.5848008,47.7551715],[16.5858767,47.7552699],[16.5880131,47.7554673],[16.5881649,47.7556691],[16.5885644,47.7563273],[16.5889385,47.7569435],[16.5902337,47.7575409],[16.590776,47.7578449],[16.590952,47.7579673],[16.5922116,47.7589364],[16.5925622,47.7591037],[16.5929584,47.7589539],[16.5948619,47.7583029],[16.5954893,47.7580029],[16.5961287,47.7577483],[16.5965214,47.7574738],[16.5971691,47.7571558],[16.5987795,47.7561319],[16.5992979,47.7564043],[16.599882,47.756778],[16.6022189,47.7580905],[16.6034833,47.75835],[16.6044272,47.758548],[16.6049832,47.7587721],[16.6071478,47.7597561],[16.6087595,47.760282],[16.6091111,47.7603722],[16.6095416,47.7603828],[16.6100574,47.760355],[16.6108042,47.7602734],[16.6122831,47.7602447],[16.6137044,47.7599789],[16.6157255,47.7595595],[16.6174061,47.7589988],[16.6186692,47.7584104],[16.6201533,47.757674],[16.6204193,47.7576121],[16.622144,47.7572443],[16.6226311,47.7571898],[16.6254104,47.7569356],[16.6271587,47.7569684],[16.6279993,47.7570824],[16.6290073,47.7576576],[16.6304519,47.7584163],[16.6317109,47.758711],[16.6325312,47.7589187],[16.6343,47.7590763],[16.6344229,47.7587517],[16.6343982,47.7581336],[16.6345591,47.7577596],[16.6352801,47.757209],[16.6361572,47.7569179],[16.6373792,47.7560336],[16.6379033,47.7552582],[16.6383899,47.7545654],[16.6389773,47.7528267],[16.6390159,47.7518298],[16.6387321,47.7512412],[16.6384129,47.7502605],[16.6385519,47.7495929],[16.6397433,47.7482637],[16.6411767,47.7476516],[16.6430789,47.7466254],[16.6444914,47.7460569],[16.6452061,47.7456232],[16.6480772,47.7448152],[16.6504829,47.7442412],[16.6527695,47.7433905],[16.654656,47.7422151],[16.6560139,47.7416628],[16.6565039,47.7416129],[16.6567609,47.7415911],[16.6569314,47.7415766],[16.6571758,47.7415563],[16.6575195,47.7422224],[16.6576975,47.7425813],[16.6579453,47.7429358],[16.6581541,47.7432733],[16.6585835,47.7431947],[16.6595101,47.7429894],[16.6597702,47.7429396],[16.6602432,47.7428044],[16.6605593,47.7427253],[16.6609575,47.7426387],[16.6619615,47.7424602],[16.6628262,47.7422959],[16.6632958,47.742205],[16.663355,47.7422019],[16.6656433,47.7416944],[16.6700437,47.7407639],[16.6715529,47.7404482],[16.6715535,47.7404339],[16.6809519,47.7395866],[16.6809523,47.7395728],[16.684265,47.7392248],[16.6934735,47.7382569],[16.7019984,47.7373594],[16.7096999,47.7365443],[16.7139326,47.7360895],[16.7209415,47.7353349],[16.7215112,47.7226116],[16.7289158,47.7115492],[16.7397972,47.6952506],[16.7407857,47.6937612],[16.7433311,47.6899481],[16.7461683,47.6857491],[16.7490282,47.6814296],[16.8132165,47.6824913],[16.8190752,47.6825861],[16.823245,47.6826575],[16.8237287,47.6826622],[16.8255944,47.6826911],[16.8270844,47.6827157],[16.8283274,47.6827354],[16.8321261,47.6881466],[16.8322,47.6892731],[16.8322825,47.6901969],[16.8323302,47.6903941],[16.8327927,47.6915955],[16.8355265,47.6972979],[16.8390637,47.7045815],[16.840139,47.7052392],[16.8411024,47.7058154],[16.8487338,47.7086668],[16.8538649,47.7104998],[16.8555211,47.7110747],[16.8557826,47.7112828],[16.8566034,47.7125244],[16.8605544,47.7154728],[16.8626285,47.7172602],[16.864415,47.7188192],[16.8648097,47.7192189],[16.8669034,47.7216437],[16.8685755,47.7214023],[16.8686797,47.7213873],[16.8688218,47.7213443],[16.869315,47.7156883],[16.8704066,47.7033747],[16.8705541,47.7018769],[16.8707344,47.7000457],[16.8707794,47.6995606],[16.8711217,47.695872],[16.8716322,47.6901055],[16.8730979,47.6893467],[16.875161,47.6883411],[16.8781142,47.6882924],[16.8806693,47.6882534],[16.8829201,47.6882026],[16.8829238,47.6882377],[16.8833729,47.6882293],[16.8839334,47.6882191],[16.8842292,47.6882138],[16.9014301,47.687904],[16.9017767,47.6878975],[16.902348,47.6878869],[16.9125396,47.6876875],[16.9126417,47.6877353],[16.9127622,47.6877895],[16.9489175,47.6915821],[16.9548272,47.6921871],[16.957912,47.6925191],[16.9593352,47.6926893],[16.9652543,47.6933236],[16.9755056,47.6943941],[16.9764339,47.6944821],[16.9880752,47.6962862],[17.0012912,47.698342],[17.0062711,47.6990872],[17.0154159,47.7005032],[17.0165734,47.7006806],[17.0247312,47.7019592],[17.036467,47.7037447],[17.0401415,47.7043232],[17.0404202,47.7043676],[17.0478775,47.7049207],[17.0496718,47.7050399],[17.0552043,47.7054242],[17.0613559,47.7058641],[17.0620036,47.7059248],[17.0680734,47.706416],[17.0713083,47.7066207],[17.0774013,47.7071018],[17.0846107,47.7076298],[17.0865305,47.7077652],[17.0878236,47.7078555],[17.0881793,47.7078804],[17.0891825,47.7079588],[17.090362,47.7080507],[17.091323,47.7081211],[17.0930722,47.7082534],[17.0871865,47.7129743],[17.0819213,47.7172105],[17.0746676,47.7229674],[17.0742046,47.7231565],[17.070272,47.7282005],[17.0703558,47.7290186],[17.070412,47.7290622],[17.0707113,47.7318351],[17.0704361,47.7342482],[17.0706534,47.7361309],[17.071001,47.7389102],[17.0708859,47.7432647],[17.0708106,47.7433344],[17.0708154,47.7441287],[17.070883,47.7442503],[17.0708186,47.7468525],[17.0708041,47.7498928],[17.0706657,47.7510856],[17.0703819,47.7539413],[17.0701191,47.7556732],[17.0698444,47.7560933],[17.06972,47.7572921],[17.0684277,47.7571111],[17.0669498,47.7624107],[17.0663753,47.7643009],[17.0658698,47.7662976],[17.0656124,47.76634],[17.0656178,47.766892],[17.0671746,47.7669029],[17.0659729,47.7708246],[17.063823,47.7777769],[17.0637952,47.7778229],[17.0624544,47.7777235],[17.0608432,47.777649],[17.0596386,47.7815082],[17.0581838,47.7861619],[17.0556362,47.7891809],[17.0546571,47.790317],[17.0543755,47.7906077],[17.0509772,47.7939831],[17.0530741,47.7969034],[17.0535398,47.7975519],[17.0624034,47.8025552],[17.0628195,47.8028066],[17.0717892,47.8082137],[17.0744337,47.8082742],[17.0734536,47.80918],[17.0711507,47.8109395],[17.0696855,47.8120792],[17.0682844,47.8132383],[17.0662035,47.8148285],[17.0639521,47.8164156],[17.0620432,47.8179723],[17.0603608,47.8195485],[17.059707,47.82008],[17.0598462,47.8204262],[17.0608505,47.8227248],[17.0560922,47.8246562],[17.0469132,47.828352],[17.0497225,47.8312329],[17.0466033,47.8328947],[17.0516099,47.8379073],[17.0437586,47.8416484],[17.0438399,47.8417109],[17.0111993,47.8574051],[17.0099539,47.8583609],[17.0114961,47.859979],[17.0146991,47.8644319],[17.0143827,47.8644968],[17.0162153,47.8674804],[17.0165022,47.8674273],[17.0177571,47.8684094],[17.0190185,47.8682292],[17.0194166,47.8683744],[17.0288958,47.8677073],[17.0295234,47.8677254],[17.0374964,47.8679554],[17.0376711,47.8679347],[17.037856,47.8678589],[17.0400344,47.8668249],[17.0495907,47.8700785],[17.0487168,47.8719081],[17.0626893,47.8737121],[17.0626996,47.8737299],[17.0646214,47.8742454],[17.0701882,47.8756354],[17.0777945,47.8775411],[17.0804448,47.8744726],[17.0851896,47.8744352],[17.087845,47.8779012],[17.0909172,47.8819542],[17.0927583,47.8843096],[17.0970112,47.8898973],[17.1016589,47.8959859],[17.103971,47.899006],[17.1041555,47.8992602],[17.1007813,47.9009973],[17.0975128,47.9034694],[17.0955832,47.904294],[17.0973336,47.9053063],[17.0962806,47.9061298],[17.0984778,47.9075693],[17.0983695,47.9076452],[17.0997776,47.9085866],[17.1027458,47.9104366],[17.1024207,47.9107077],[17.1051378,47.9151011],[17.1074359,47.9188334],[17.1090645,47.921475],[17.1107645,47.9242734],[17.1108622,47.9244365],[17.110893,47.9244846],[17.110971,47.9246154],[17.1112993,47.9251367],[17.1118619,47.9260292],[17.1126078,47.9272328],[17.1126871,47.9273598],[17.112607,47.9273892],[17.1123819,47.9274747],[17.1109229,47.9280037],[17.1100427,47.928326],[17.1078959,47.9291193],[17.1053067,47.9300504],[17.1032837,47.9307559],[17.1020809,47.9311753],[17.0974208,47.9325272],[17.0927747,47.9338754],[17.0909057,47.934408],[17.0909741,47.9345069],[17.0911485,47.9347315],[17.0912444,47.9348384],[17.0913561,47.9349519],[17.0931295,47.9364185],[17.0953114,47.9384041],[17.0953657,47.9384496],[17.0953736,47.9384564],[17.0954077,47.9384856],[17.095816,47.9388285],[17.0964833,47.9394028],[17.0973256,47.9396841],[17.097573,47.9398159],[17.0983684,47.9403257],[17.0999338,47.941494],[17.100575,47.9420148],[17.1022083,47.9445473],[17.1023331,47.944695],[17.1028005,47.9452045],[17.1063989,47.948013],[17.1078098,47.9494861],[17.1085533,47.9513178],[17.1090425,47.9529217],[17.1099175,47.9543667],[17.1109555,47.9552623],[17.1124452,47.956496],[17.1129956,47.9574656],[17.114113,47.9587948],[17.11496,47.9591576],[17.1161,47.9598129],[17.1165409,47.9602985],[17.1170151,47.9608948],[17.1155185,47.9616751],[17.1143732,47.962187],[17.1137997,47.9626511],[17.111935,47.9635519],[17.1105177,47.9639995],[17.1081772,47.9634611],[17.1066291,47.9647114],[17.1043889,47.9659356],[17.1026331,47.9664614],[17.0996653,47.9671969],[17.0966408,47.9686483],[17.0946624,47.970872],[17.1051169,47.9759075],[17.1081588,47.9775211],[17.1087461,47.9777454],[17.1119506,47.9795049],[17.113233,47.9802814],[17.1142237,47.9810284],[17.1153936,47.9821609],[17.1161763,47.9829643],[17.116647,47.983406],[17.117333,47.9839008],[17.1180695,47.9843921],[17.1187817,47.9847894],[17.1198512,47.9853227],[17.1199239,47.9853489],[17.1200303,47.9853853],[17.1220429,47.9862085],[17.1222107,47.9862683],[17.1246704,47.9872861],[17.1249719,47.9874419],[17.1260968,47.9880234],[17.1313705,47.9908302],[17.1350407,47.9933392],[17.1341911,47.9939961],[17.1376623,47.995613],[17.1395737,47.996412],[17.1445107,47.9990562],[17.1465686,48.0000149],[17.1507847,48.0017608],[17.1551033,48.0034446],[17.1565389,48.0039701],[17.1569703,48.0040418],[17.1583164,48.0050091],[17.1603071,48.0063106],[17.1607303,48.0066452],[17.1607728,48.0066643],[17.160717,48.006714],[17.16044,48.006883],[17.160055,48.007112],[17.159278,48.007618],[17.159058,48.007764],[17.158658,48.008028],[17.158317,48.008252],[17.157333,48.008953],[17.157068,48.009129],[17.156808,48.009292],[17.156725,48.009365],[17.156455,48.00956],[17.155648,48.010086],[17.155206,48.010381],[17.154991,48.010526],[17.154816,48.010657],[17.154579,48.010823],[17.154222,48.011058],[17.15405,48.011198],[17.153812,48.011349],[17.153551,48.011416],[17.153339,48.011546],[17.153111,48.011677],[17.152348,48.012117],[17.151957,48.012345],[17.151839,48.012402],[17.151538,48.012585],[17.151196,48.012791],[17.151016,48.012914],[17.150811,48.013044],[17.150488,48.013279],[17.15025,48.013434],[17.15009,48.013552],[17.149759,48.013861],[17.149549,48.014067],[17.149359,48.014235],[17.14889,48.014571],[17.148408,48.014933],[17.148283,48.015069],[17.14808,48.015284],[17.147471,48.015935],[17.147318,48.016104],[17.147178,48.01628],[17.147028,48.016455],[17.146726,48.016779],[17.146523,48.017011],[17.146266,48.017303],[17.145912,48.017644],[17.1455258,48.0180937],[17.14528,48.01838],[17.14512,48.018623],[17.144893,48.01889],[17.144753,48.019021],[17.144538,48.019264],[17.1442323,48.0196455],[17.144175,48.019717],[17.143918,48.020074],[17.143822,48.020188],[17.143796,48.020179],[17.142364,48.01952],[17.141847,48.019781],[17.141504,48.019986],[17.140746,48.020341],[17.140467,48.020476],[17.140043,48.020719],[17.13933,48.021269],[17.138928,48.021581],[17.138756,48.02168],[17.138451,48.021892],[17.13758,48.022479],[17.137441,48.022574],[17.137298,48.022645],[17.136799,48.022854],[17.136716,48.022871],[17.136617,48.022886],[17.136507,48.022887],[17.136379,48.022911],[17.136219,48.022907],[17.135864,48.02286],[17.135522,48.022822],[17.135164,48.022776],[17.134772,48.022715],[17.134393,48.02265],[17.133957,48.022568],[17.133516,48.022487],[17.133011,48.022386],[17.132845,48.022455],[17.132486,48.022559],[17.132325,48.022609],[17.132124,48.022688],[17.131864,48.022795],[17.13178,48.022836],[17.13169,48.022871],[17.131209,48.022979],[17.130982,48.022977],[17.130839,48.022975],[17.130481,48.022797],[17.128775,48.021947],[17.1267451,48.0209378],[17.1266934,48.0209709],[17.1265761,48.0210425],[17.1264286,48.0211351],[17.1262848,48.0212276],[17.1261575,48.0213225],[17.12601,48.021419],[17.1257646,48.0215779],[17.1254153,48.0218179],[17.125261,48.0219397],[17.1251062,48.022033],[17.1247539,48.0222754],[17.1245142,48.0224358],[17.1242926,48.0225947],[17.124052,48.0228047],[17.1238408,48.0229962],[17.1237109,48.0231276],[17.1235935,48.0232215],[17.1234835,48.0233216],[17.1233292,48.0234522],[17.1230965,48.0235829],[17.1227938,48.0237318],[17.1225378,48.0238546],[17.1223161,48.023989],[17.122088,48.024149],[17.121948,48.0242438],[17.1217759,48.0243833],[17.1214604,48.0246959],[17.1213588,48.0247636],[17.1212348,48.0248766],[17.1210228,48.025101],[17.1208076,48.0254408],[17.1205625,48.0257189],[17.1203265,48.0259718],[17.1201576,48.0260953],[17.1199943,48.0262033],[17.119882,48.026264],[17.119801,48.026317],[17.119506,48.0265201],[17.1193734,48.0266207],[17.1191268,48.0268239],[17.1187888,48.0270835],[17.1186001,48.0272355],[17.1184908,48.0273401],[17.1183032,48.0275637],[17.1181744,48.0277054],[17.1180225,48.0278477],[17.1177319,48.0280624],[17.1174816,48.0282365],[17.1172598,48.0283655],[17.1171481,48.0284334],[17.1170104,48.0285019],[17.116814,48.028601],[17.1166402,48.0286974],[17.1163912,48.0288192],[17.1161944,48.0289164],[17.1159146,48.0290852],[17.1157631,48.0291709],[17.115608,48.029257],[17.11532,48.029445],[17.11514,48.029552],[17.115027,48.029609],[17.114543,48.029795],[17.114302,48.029885],[17.114131,48.029935],[17.113924,48.029974],[17.113274,48.030069],[17.113087,48.03011],[17.112936,48.030153],[17.112195,48.030469],[17.112017,48.03057],[17.11006,48.031224],[17.107944,48.030076],[17.107929,48.030068],[17.107768,48.029974],[17.106539,48.029251],[17.104929,48.028295],[17.103797,48.027626],[17.102627,48.026952],[17.102466,48.026863],[17.100818,48.025956],[17.099261,48.025101],[17.097724,48.024265],[17.096475,48.023584],[17.095949,48.023289],[17.094519,48.022488],[17.092913,48.021547],[17.091392,48.02066],[17.089896,48.0198],[17.089866,48.019783],[17.089602,48.020433],[17.089537,48.020524],[17.088168,48.021758],[17.087093,48.022561],[17.085971,48.023207],[17.084867,48.023819],[17.084834,48.023837],[17.084689,48.023908],[17.083702,48.024397],[17.083342,48.02456],[17.081176,48.025509],[17.080904,48.025632],[17.080799,48.025679],[17.080351,48.025882],[17.07904,48.02618],[17.078318,48.02632],[17.078064,48.026403],[17.077923,48.026445],[17.077185,48.026779],[17.076803,48.02697],[17.076014,48.027332],[17.0756942,48.0274826],[17.073515,48.028607],[17.071479,48.029636],[17.069542,48.030603],[17.069212,48.030744],[17.068932,48.030859],[17.068032,48.031203],[17.067423,48.031428],[17.067461,48.031477],[17.067664,48.031632],[17.067917,48.031801],[17.068123,48.031928],[17.068338,48.032066],[17.068649,48.032249],[17.069066,48.032473],[17.069465,48.032677],[17.069968,48.032936],[17.070954,48.033408],[17.072401,48.034182],[17.073128,48.034594],[17.073739,48.034961],[17.075079,48.035773],[17.074245,48.036339],[17.075655,48.037267],[17.076057,48.037495],[17.077066,48.038122],[17.077514,48.038375],[17.077984,48.038676],[17.079435,48.0396],[17.081192,48.040715],[17.081951,48.041256],[17.082232,48.041434],[17.08288,48.041889],[17.083537,48.042343],[17.083783,48.042517],[17.083902,48.042608],[17.084066,48.042748],[17.08428,48.042924],[17.084374,48.043046],[17.084598,48.043268],[17.084949,48.043561],[17.085169,48.043764],[17.085424,48.043975],[17.085827,48.044297],[17.086904,48.04507],[17.08779,48.045676],[17.087263,48.04642],[17.087065,48.046793],[17.086848,48.047192],[17.086744,48.047412],[17.086694,48.047553],[17.086607,48.047747],[17.086576,48.047797],[17.08645,48.048026],[17.085694,48.049277],[17.085508,48.049442],[17.08527,48.049622],[17.085045,48.049774],[17.084919,48.049867],[17.084665,48.050066],[17.084452,48.050287],[17.084257,48.050384],[17.082872,48.050576],[17.082474,48.050635],[17.081068,48.050989],[17.079948,48.051233],[17.079529,48.051331],[17.079212,48.051429],[17.078636,48.051638],[17.078088,48.051852],[17.077448,48.052067],[17.076813,48.052163],[17.076224,48.052276],[17.076086,48.052306],[17.074828,48.05265],[17.074563,48.052731],[17.074479,48.052757],[17.074381,48.052774],[17.074208,48.052803],[17.074005,48.052861],[17.073554,48.05302],[17.072966,48.053233],[17.072448,48.053464],[17.072077,48.053591],[17.071616,48.053774],[17.071259,48.053928],[17.070953,48.054078],[17.070579,48.054273],[17.070202,48.054443],[17.069855,48.05458],[17.069553,48.054718],[17.06896,48.054987],[17.06825,48.055395],[17.0692103,48.0561935],[17.07017,48.057003],[17.071712,48.056238],[17.073395,48.057499],[17.074298,48.058171],[17.075498,48.059064],[17.077436,48.060143],[17.079011,48.061023],[17.080351,48.06177],[17.081333,48.062315],[17.083012,48.063248],[17.085162,48.064443],[17.086756,48.065332],[17.086791,48.065356],[17.085088,48.065951],[17.08427,48.066239],[17.082805,48.066744],[17.078437,48.068251],[17.076402,48.068971],[17.074715,48.069579],[17.0722296,48.0704568],[17.0722432,48.0704734],[17.072466,48.0707428],[17.0726537,48.0709712],[17.0727081,48.0710373],[17.0727832,48.0711289],[17.0728961,48.0712647],[17.0730088,48.0714012],[17.0732681,48.071716],[17.074132,48.072754],[17.0744333,48.0731376],[17.075505,48.074429],[17.07558,48.074517],[17.076737,48.075814],[17.077793,48.076985],[17.078652,48.077944],[17.078873,48.07819],[17.078914,48.078236],[17.073189,48.080367],[17.072581,48.080567],[17.072393,48.08062],[17.071946,48.080764],[17.0715723,48.0809405],[17.0716109,48.0809621],[17.071689,48.0810534],[17.0716202,48.0810644],[17.0717344,48.0811776],[17.0739772,48.082235],[17.0748495,48.0826468],[17.0747958,48.0826974],[17.0731322,48.0833811],[17.0736697,48.0843992],[17.0738765,48.0844528],[17.073949,48.0845796],[17.0738233,48.0846524],[17.0739241,48.0848466],[17.0745562,48.0859222],[17.075751,48.086094],[17.076437,48.086202],[17.077439,48.086657],[17.078412,48.087104],[17.08041,48.088017],[17.082372,48.088915],[17.084203,48.08975],[17.086028,48.090582],[17.088354,48.091643],[17.089641,48.092232],[17.090461,48.091422],[17.091328,48.090566],[17.0931398,48.091431],[17.092261,48.092216],[17.091391,48.092992],[17.090462,48.093906],[17.089555,48.094799],[17.088648,48.09569],[17.0879138,48.0964131],[17.087784,48.096541],[17.087769,48.096557],[17.08899,48.097327],[17.089416,48.097573],[17.089923,48.097882],[17.090109,48.098],[17.090196,48.098054],[17.090283,48.09811],[17.092016,48.099209],[17.092347,48.09938],[17.092468,48.099454],[17.0927073,48.0996453],[17.0926533,48.0996685],[17.09128,48.100176],[17.08977,48.100742],[17.086876,48.101825],[17.085306,48.102417],[17.084387,48.102771],[17.0842298,48.1028319],[17.0841751,48.1028509],[17.0840919,48.1028825],[17.0839356,48.1029255],[17.0837719,48.1029873],[17.0837336,48.1030018],[17.0837227,48.1030059],[17.083339,48.10252],[17.083314,48.102533],[17.083249,48.102559],[17.082489,48.103002],[17.081688,48.103467],[17.080706,48.104039],[17.079509,48.104735],[17.078514,48.105313],[17.077438,48.105939],[17.077419,48.10595],[17.07857,48.107277],[17.079081,48.107894],[17.079061,48.107903],[17.077894,48.108352],[17.076769,48.108789],[17.075937,48.109104],[17.07524,48.109376],[17.074439,48.109685],[17.072891,48.110285],[17.072873,48.110292],[17.074252,48.111883],[17.074336,48.111984],[17.075595,48.113435],[17.075764,48.113631],[17.076467,48.11444],[17.076965,48.115006],[17.076989,48.115006],[17.077065,48.1151054],[17.076748,48.1151],[17.076514,48.115085],[17.076401,48.115033],[17.076179,48.114968],[17.075967,48.114922],[17.075401,48.114779],[17.075129,48.114684],[17.074768,48.114589],[17.074566,48.114554],[17.074383,48.114504],[17.074124,48.114473],[17.073986,48.114472],[17.073938,48.11447],[17.07385,48.114455],[17.07374,48.114476],[17.073507,48.114476],[17.073158,48.114495],[17.073023,48.114492],[17.072821,48.114511],[17.072777,48.11453],[17.072256,48.114855],[17.072155,48.114903],[17.07208,48.114932],[17.071935,48.114969],[17.071612,48.11503],[17.071569,48.115048],[17.071444,48.115108],[17.071219,48.115178],[17.070694,48.115316],[17.070514,48.115396],[17.07032,48.115452],[17.070184,48.115518],[17.069981,48.115642],[17.069921,48.115702],[17.069454,48.115868],[17.06929,48.115908],[17.068641,48.116125],[17.068579,48.116158],[17.068442,48.116286],[17.068361,48.116336],[17.068251,48.116383],[17.068185,48.11643],[17.068062,48.116566],[17.068006,48.116645],[17.068012,48.11668],[17.068018,48.116702],[17.068092,48.116789],[17.068196,48.117077],[17.068097,48.117556],[17.068106,48.117796],[17.068083,48.118028],[17.067969,48.11817],[17.067707,48.118282],[17.067587,48.118311],[17.067151,48.118491],[17.0668134,48.1186531],[17.0667404,48.1186813],[17.0666651,48.1185998],[17.0661297,48.1180305],[17.0657006,48.1175716],[17.064045,48.115785],[17.0635378,48.1152452],[17.0628348,48.1144987],[17.0620176,48.1132428],[17.0626963,48.112268],[17.0635848,48.1113757],[17.0635765,48.111353],[17.0638947,48.1098258],[17.0628102,48.1095463],[17.061142,48.1091223],[17.0601136,48.1088646],[17.0585209,48.1084504],[17.0563892,48.1078789],[17.0548374,48.107489],[17.0536601,48.1068088],[17.0518637,48.1059255],[17.0512523,48.1055852],[17.0505759,48.1052129],[17.0490698,48.1047679],[17.0482647,48.1045356],[17.0479176,48.1044297],[17.0471293,48.1042277],[17.0462218,48.1041747],[17.0456321,48.1040497],[17.0445363,48.1038074],[17.043817,48.1036298],[17.0437639,48.103599],[17.0430178,48.1031665],[17.0426607,48.1026285],[17.0420961,48.1021606],[17.0418085,48.1020197],[17.0414088,48.1016619],[17.0413081,48.1009708],[17.0412612,48.1005355],[17.04104,48.0999329],[17.0408322,48.0995929],[17.0407883,48.099531],[17.0408527,48.0994269],[17.0409368,48.0991744],[17.0408929,48.0987375],[17.0407388,48.0980636],[17.0402743,48.0969167],[17.0401518,48.0962345],[17.0401043,48.0958609],[17.040048,48.0954418],[17.0399851,48.0948877],[17.0399004,48.0944851],[17.0396985,48.0936732],[17.0396093,48.0934075],[17.03934,48.0927743],[17.0391634,48.0924583],[17.038807,48.0918532],[17.0383278,48.0912553],[17.0377511,48.090556],[17.0376037,48.0903143],[17.037389,48.0897896],[17.0371591,48.0890726],[17.0369923,48.0882603],[17.0368613,48.0874667],[17.0365539,48.0861925],[17.0363212,48.0853714],[17.0361301,48.0846159],[17.03599,48.0843098],[17.0341508,48.0847344],[17.033244,48.0849488],[17.031615,48.0853369],[17.0291096,48.0859448],[17.0283383,48.086096],[17.0267256,48.0864236],[17.0252606,48.0868523],[17.0242498,48.0871781],[17.0215137,48.0877859],[17.0209276,48.0879144],[17.0201357,48.0880886],[17.0188151,48.0884134],[17.0185168,48.088477],[17.0174854,48.0887129],[17.013989,48.0895796],[17.0126989,48.0899099],[17.0115514,48.0902304],[17.0098961,48.0906973],[17.0087048,48.0910216],[17.007154,48.0914927],[17.0051332,48.0920228],[17.0025503,48.092693],[17.002933,48.092839],[17.0036545,48.0930981],[17.0053008,48.0937006],[17.0068919,48.0942975],[17.0078951,48.0945646],[17.0081968,48.0946226],[17.0094994,48.0947226],[17.0100807,48.0948716],[17.0104565,48.0948828],[17.0118337,48.0950073],[17.0125246,48.0950514],[17.0137963,48.0952102],[17.0156028,48.0956698],[17.0163569,48.0959109],[17.0175426,48.0963569],[17.0186015,48.0966934],[17.0190289,48.096815],[17.0214464,48.0973486],[17.0224286,48.0976085],[17.0237134,48.0980103],[17.0253663,48.0983547],[17.0261797,48.0986104],[17.0271718,48.0989956],[17.0279279,48.0993739],[17.0282786,48.0995957],[17.0287404,48.1000763],[17.0282596,48.100312],[17.0252324,48.1013803],[17.0242482,48.1019348],[17.0230924,48.1026977],[17.02366,48.1031295],[17.0230302,48.1037676],[17.0222749,48.1043233],[17.0212889,48.1048327],[17.0210934,48.1048958],[17.0205122,48.105257],[17.0201914,48.1056052],[17.0198252,48.1055363],[17.0190496,48.1052751],[17.0179789,48.1048801],[17.0174373,48.1047077],[17.0165639,48.104494],[17.015472,48.1042211],[17.0144619,48.1041233],[17.0134789,48.1041553],[17.0127496,48.1042137],[17.0125082,48.104177],[17.011445,48.103731],[17.0108211,48.1032728],[17.0094564,48.1026368],[17.0086807,48.1016789],[17.008108,48.1012791],[17.0071116,48.1009989],[17.0065877,48.1006774],[17.0052642,48.0993764],[17.0046657,48.0988243],[17.0043969,48.0987294],[17.0040472,48.0993275],[17.0030899,48.1004341],[17.0023802,48.1012262],[17.0014908,48.1020623],[17.001322,48.1022929],[17.0006033,48.1033357],[17.0000399,48.104844],[16.999779,48.1055391],[16.9991782,48.1064617],[16.9988227,48.1070314],[16.9986122,48.1076508],[16.9986315,48.1082853],[16.9978587,48.1090854],[16.9976514,48.1091836],[16.9970163,48.1089463],[16.996106,48.108833],[16.995541,48.1088165],[16.9948076,48.1089356],[16.993801,48.1091442],[16.9921855,48.1097669],[16.9907866,48.1101746],[16.9895209,48.1104637],[16.9888325,48.1106973],[16.9873699,48.1110685],[16.9865229,48.111424],[16.9855695,48.1120369],[16.9849355,48.1112682],[16.9849659,48.1105978],[16.9852926,48.1098619],[16.985372,48.1092764],[16.9852985,48.1089331],[16.9852119,48.1078813],[16.9853245,48.1075892],[16.9854782,48.107235],[16.9848798,48.1064366],[16.9833553,48.1054358],[16.9828279,48.105137],[16.9819573,48.1045088],[16.9816446,48.1044365],[16.9812523,48.1046504],[16.9800824,48.1042997],[16.9785219,48.1037423],[16.9779102,48.1042413],[16.976124,48.1059414],[16.9754996,48.1055934],[16.9750097,48.1049618],[16.9746442,48.1046165],[16.973897,48.103683],[16.9736792,48.1032053],[16.9719363,48.1014648],[16.9711048,48.1005701],[16.9710638,48.1004573],[16.9707352,48.09989],[16.9704756,48.0994953],[16.970412,48.0992175],[16.969632,48.0976062],[16.9694352,48.0971417],[16.9692287,48.0968327],[16.9690315,48.0965975],[16.9686937,48.0962471],[16.9686562,48.0962165],[16.9690706,48.0960306],[16.9718437,48.0953039],[16.9718427,48.0951989],[16.9750973,48.0953292],[16.9761079,48.0952011],[16.9762278,48.0951061],[16.9764116,48.0950675],[16.9765824,48.0950755],[16.9766897,48.0951164],[16.9777883,48.095071],[16.9792024,48.0944043],[16.9816378,48.0932007],[16.9828738,48.0921258],[16.9854026,48.0905786],[16.9865291,48.0898383],[16.9875022,48.0893657],[16.9875954,48.0892557],[16.9898604,48.0884305],[16.990943,48.0881958],[16.9924723,48.0875579],[16.9975503,48.0846682],[16.9977386,48.084494],[16.9983067,48.084236],[16.998761,48.0841246],[16.9995897,48.0837741],[17.0004093,48.0833519],[17.0008247,48.0831902],[17.0011329,48.0830411],[17.0018037,48.0827304],[17.0027418,48.0823546],[17.00374,48.0819869],[17.0044363,48.0817766],[17.0046954,48.0816772],[17.0055531,48.0812452],[17.006295,48.0807767],[17.0076091,48.0799086],[17.0079487,48.0796891],[17.0083026,48.079474],[17.0086554,48.0794202],[17.0090843,48.0794394],[17.0092254,48.0794171],[17.0094368,48.0793155],[17.0136593,48.0763647],[17.0149209,48.0755116],[17.0170057,48.0740514],[17.0169861,48.0740315],[17.0162959,48.0735206],[17.015853,48.0731918],[17.0157023,48.0730645],[17.0155974,48.0729643],[17.0145486,48.0717279],[17.0134818,48.0704134],[17.0126197,48.0692199],[17.011574,48.0675048],[17.0106209,48.0660207],[17.009426,48.0645913],[17.0086106,48.0638353],[17.0060787,48.0617996],[17.0040493,48.0600257],[17.0004951,48.0569847],[17.0001783,48.0566973],[16.9987892,48.0548379],[16.9968254,48.0523375],[16.996725,48.0520461],[16.9966759,48.0518116],[16.9964771,48.0508631],[16.9963472,48.05069],[16.9959741,48.0501927],[16.9953174,48.0493834],[16.9949519,48.0488476],[16.9947648,48.048466],[16.9942714,48.0470044],[16.9937316,48.0454634],[16.9934591,48.0447126],[16.9931262,48.0438146],[16.9925713,48.0426483],[16.9919388,48.0413496],[16.9918148,48.0411045],[16.9917613,48.0409974],[16.9908764,48.0392259],[16.9908703,48.0392095],[16.9902391,48.0375304],[16.9893892,48.0353239],[16.9881571,48.0320864],[16.9874582,48.0306276],[16.9866291,48.0290965],[16.9865347,48.0289516],[16.9863668,48.0289832],[16.9860104,48.0284961],[16.9851811,48.0276133],[16.9845547,48.026958],[16.9834179,48.0259532],[16.9826812,48.0262007],[16.9822022,48.0252297],[16.9792358,48.0234548],[16.9745357,48.024705],[16.9749006,48.0236634],[16.9740641,48.0236164],[16.9736806,48.0236017],[16.9732398,48.0235794],[16.9726683,48.0250385],[16.9723819,48.026122],[16.9723634,48.0262327],[16.9722901,48.0267776],[16.9716195,48.0266565],[16.9707441,48.0265303],[16.9695641,48.0263097],[16.9689655,48.0261919],[16.9690871,48.0263012],[16.9700448,48.0268352],[16.9700541,48.0268447],[16.9702355,48.0270292],[16.9702269,48.0271693],[16.970136,48.0273205],[16.9699515,48.0274332],[16.9695956,48.0275635],[16.968985,48.0280331],[16.9688066,48.0283801],[16.9686052,48.0289341],[16.9687528,48.0295333],[16.9689096,48.0305597],[16.9689381,48.0311398],[16.9690037,48.0313381],[16.9692057,48.0315496],[16.9694003,48.0316761],[16.9697412,48.0318442],[16.9700828,48.0320694],[16.9702556,48.032269],[16.9703057,48.0323895],[16.9702056,48.0326629],[16.9702397,48.0328876],[16.970378,48.0331297],[16.9707038,48.0335422],[16.9710724,48.0338412],[16.9712836,48.0340366],[16.9714052,48.0342084],[16.9715311,48.0344788],[16.9717055,48.0349182],[16.9717181,48.0355382],[16.971756,48.0359081],[16.971859,48.0361184],[16.9720428,48.0362993],[16.9722611,48.0363297],[16.972459,48.0363135],[16.9725776,48.0362682],[16.9726222,48.0362296],[16.9726954,48.0360666],[16.9726874,48.0358886],[16.9725676,48.0356893],[16.9725069,48.0355359],[16.972486,48.0353593],[16.9725031,48.0351769],[16.9725482,48.0350988],[16.9726187,48.0350285],[16.9727319,48.0349373],[16.9728658,48.0348482],[16.973182,48.0346634],[16.973625,48.0344569],[16.9739249,48.0343308],[16.9741185,48.0343278],[16.9743111,48.0344241],[16.9749173,48.0348796],[16.9750573,48.0352532],[16.9750197,48.0354505],[16.9745906,48.0358989],[16.9743063,48.036193],[16.9741346,48.0363293],[16.9739302,48.0368023],[16.9734909,48.0372225],[16.9731207,48.0375561],[16.9729222,48.0377856],[16.9727077,48.0380833],[16.9724985,48.0382483],[16.9722195,48.0384707],[16.9721331,48.0386065],[16.9721546,48.0388253],[16.9721283,48.0390553],[16.9721176,48.0392849],[16.9719459,48.0394355],[16.9714899,48.039787],[16.9712587,48.039869],[16.9703902,48.0403322],[16.9700898,48.0404865],[16.9692905,48.0408953],[16.9691761,48.0409515],[16.9690229,48.0410268],[16.9686522,48.0411177],[16.9682386,48.0412032],[16.9680192,48.0412361],[16.9676437,48.0412289],[16.967354,48.0411356],[16.9671313,48.0409653],[16.966998,48.0409368],[16.9667102,48.0408989],[16.9663884,48.040924],[16.9654383,48.0411961],[16.9647463,48.0413575],[16.9641675,48.0414692],[16.9637195,48.0415718],[16.9631853,48.0417269],[16.9626655,48.0419175],[16.9624509,48.0420395],[16.9618962,48.0422257],[16.9616718,48.0422819],[16.9614434,48.0423534],[16.9613803,48.0424639],[16.9614118,48.0425466],[16.9614633,48.0425948],[16.9615658,48.042703],[16.9615658,48.0428895],[16.9613453,48.0432655],[16.9605192,48.0435058],[16.9601335,48.0435101],[16.9590815,48.0436995],[16.9584276,48.0438903],[16.9580408,48.0440294],[16.9571932,48.0444947],[16.9556103,48.045287],[16.9549586,48.0455099],[16.9542898,48.0456266],[16.9537849,48.0458226],[16.9530874,48.0461631],[16.9526871,48.0463103],[16.9521507,48.0464395],[16.9518163,48.0465206],[16.9514364,48.0465686],[16.9506492,48.0467665],[16.9500805,48.0470247],[16.9498123,48.0471467],[16.9495918,48.0472527],[16.949226,48.0473451],[16.9488212,48.0473986],[16.9480463,48.0473777],[16.9478134,48.0473062],[16.9476539,48.0472161],[16.9472569,48.0471051],[16.9463266,48.0470271],[16.9453277,48.0469171],[16.94517,48.0469499],[16.9449218,48.0472547],[16.94474,48.0473945],[16.9439968,48.0476516],[16.9435268,48.0477013],[16.9426268,48.0477478],[16.9423809,48.0477019],[16.941315,48.047607],[16.9404246,48.0477276],[16.9399742,48.0477608],[16.9398581,48.0477542],[16.9393584,48.0478559],[16.9389226,48.0479715],[16.9385781,48.0480788],[16.9383981,48.0480747],[16.937848,48.0481367],[16.9376563,48.0481973],[16.937328,48.0484381],[16.9367381,48.0485998],[16.9356754,48.0486102],[16.9349456,48.0485315],[16.9344148,48.0484302],[16.934116,48.0483301],[16.9337405,48.0483158],[16.9329074,48.0485138],[16.9325214,48.0485564],[16.9322629,48.0487431],[16.9320971,48.0488569],[16.9315384,48.0489179],[16.931352,48.0489184],[16.9311763,48.0488752],[16.9308545,48.0488537],[16.930457,48.0488996],[16.9302644,48.0489684],[16.9298782,48.0491262],[16.9291486,48.0496641],[16.9287744,48.0500287],[16.9284557,48.0503602],[16.9280006,48.050575],[16.927432,48.0506897],[16.9270028,48.0506897],[16.9265436,48.0506333],[16.9253184,48.0505535],[16.9249429,48.0505535],[16.9244356,48.050586],[16.9239587,48.0505402],[16.9235671,48.0504465],[16.9231007,48.0504359],[16.9228491,48.0504933],[16.9226678,48.05061],[16.9225903,48.0508441],[16.9226147,48.0509981],[16.9223787,48.0512133],[16.9221743,48.0511516],[16.9221319,48.0510196],[16.9219428,48.0508692],[16.9215735,48.0507213],[16.9212607,48.0506722],[16.9207758,48.0506622],[16.9204027,48.0507346],[16.9196771,48.0509948],[16.9194709,48.0510805],[16.919384,48.0511819],[16.9194078,48.0514837],[16.9193496,48.0517648],[16.9192603,48.051909],[16.9189884,48.052038],[16.9187202,48.0522388],[16.9183125,48.0526046],[16.9178726,48.0531927],[16.9173463,48.0538051],[16.9169928,48.0543544],[16.9167777,48.0546513],[16.9162764,48.0551973],[16.9159588,48.0556504],[16.9156624,48.0559465],[16.9153443,48.056252],[16.9152067,48.056709],[16.9151702,48.0568196],[16.9153031,48.0571359],[16.9156078,48.057528],[16.9159903,48.0579202],[16.917085,48.0590684],[16.9176145,48.0595436],[16.9185012,48.0606631],[16.9191192,48.0614318],[16.9195817,48.0621176],[16.9197361,48.0624093],[16.9199503,48.0628486],[16.9200924,48.0633725],[16.9201135,48.0637476],[16.9200849,48.0641221],[16.920019,48.0642188],[16.9198104,48.0642788],[16.9195331,48.0643222],[16.9188511,48.0645067],[16.9185489,48.0646725],[16.9183264,48.0648579],[16.9182082,48.065018],[16.9181273,48.0651501],[16.9181388,48.0652224],[16.9182464,48.065324],[16.918661,48.0653775],[16.9187662,48.065462],[16.9187925,48.0655418],[16.9187766,48.0656936],[16.9186582,48.0659583],[16.9184677,48.0662177],[16.918056,48.0666206],[16.9170868,48.0674113],[16.916701,48.0676409],[16.9158129,48.0678814],[16.9152326,48.0680092],[16.9149474,48.0680741],[16.9142926,48.0680828],[16.9137221,48.0681954],[16.9134174,48.0683449],[16.913366,48.0684244],[16.9129344,48.0686482],[16.9125262,48.06886],[16.9121143,48.0691247],[16.9116831,48.0692222],[16.9109729,48.0693581],[16.9104189,48.0693608],[16.9101248,48.0694971],[16.9097697,48.0695999],[16.9093907,48.0696485],[16.9084614,48.0697674],[16.9078776,48.0698634],[16.9073719,48.0700908],[16.9068176,48.0704244],[16.9063216,48.0706366],[16.9058192,48.0707428],[16.9049658,48.0708993],[16.9042905,48.0710043],[16.9039905,48.0710569],[16.903456,48.0711369],[16.9029201,48.0712118],[16.9016917,48.0713767],[16.9013162,48.0713946],[16.9005329,48.0713982],[16.8998463,48.0714197],[16.8995995,48.0714663],[16.8991114,48.0715953],[16.8985213,48.0717925],[16.8986661,48.0721975],[16.8989022,48.0725058],[16.8989773,48.0726026],[16.8990255,48.0727997],[16.8986916,48.0733067],[16.8982249,48.0738121],[16.8979637,48.0740049],[16.8976314,48.0741111],[16.8970969,48.0742511],[16.8965167,48.0743381],[16.8962727,48.0742126],[16.8962396,48.0741585],[16.8962314,48.0740752],[16.8964064,48.0735792],[16.8968141,48.0730415],[16.8968087,48.0729555],[16.8966277,48.0727926],[16.896118,48.0726348],[16.8959839,48.0725488],[16.8954528,48.0727245],[16.8949969,48.0728678],[16.8948252,48.0729108],[16.8948896,48.0729897],[16.8944068,48.0733912],[16.8940803,48.0738365],[16.8937588,48.0739374],[16.8930304,48.0740832],[16.8924756,48.0741439],[16.8920354,48.0742134],[16.8915055,48.0742811],[16.8911662,48.0743987],[16.8908019,48.0745249],[16.8906024,48.074594],[16.8904776,48.0746204],[16.8902056,48.0746452],[16.8903595,48.0745685],[16.8906123,48.0745126],[16.8908468,48.0744434],[16.8914049,48.0742011],[16.890877,48.0743625],[16.8904552,48.0744929],[16.8900847,48.0745387],[16.8899976,48.0746397],[16.8893585,48.0741194],[16.8884031,48.07354],[16.8882305,48.0732621],[16.8881634,48.0731163],[16.8880793,48.072891],[16.8880879,48.0726255],[16.8882161,48.0724586],[16.8883074,48.0721724],[16.8883235,48.0718517],[16.8884233,48.0717905],[16.8882618,48.0716536],[16.8881162,48.0713009],[16.8878944,48.0711043],[16.8876583,48.0709215],[16.8870751,48.0706959],[16.887173,48.0705505],[16.8869979,48.0704153],[16.8864943,48.0695736],[16.8864245,48.0695342],[16.8862851,48.0695306],[16.8861617,48.0696274],[16.8860007,48.0701902],[16.8858183,48.0703623],[16.8856521,48.0703909],[16.8852497,48.0703013],[16.8847026,48.0701651],[16.8842412,48.0697134],[16.8841232,48.0695019],[16.8838174,48.0692976],[16.8833024,48.0691578],[16.8832166,48.0690933],[16.88299,48.0684891],[16.8828143,48.0683943],[16.8823207,48.0682222],[16.882019,48.0682095],[16.8803735,48.0683262],[16.8798872,48.0684544],[16.8797297,48.0685986],[16.8799497,48.068932],[16.8801482,48.0691363],[16.8803145,48.0693299],[16.880293,48.0694697],[16.8790967,48.069165],[16.8789304,48.0690897],[16.8785697,48.0693745],[16.8790042,48.0698513],[16.8791812,48.0702384],[16.8791008,48.0704069],[16.8788969,48.0705754],[16.8786394,48.0706506],[16.8785449,48.070649],[16.8780011,48.0706399],[16.8772876,48.0705288],[16.8766975,48.0704786],[16.8763113,48.0705467],[16.8758338,48.0707797],[16.8754208,48.0710664],[16.874879,48.0716041],[16.8743157,48.0721848],[16.8740582,48.0723461],[16.8737685,48.072321],[16.8729639,48.0719339],[16.8726366,48.0711525],[16.8722772,48.0709231],[16.8724274,48.0702922],[16.8725079,48.0702527],[16.8725401,48.0701667],[16.8724489,48.069819],[16.872347,48.0696577],[16.8722611,48.0695466],[16.8721056,48.0694247],[16.871832,48.0693422],[16.8715208,48.06931],[16.8713398,48.0693263],[16.8712754,48.0693729],[16.8712204,48.0696075],[16.8712472,48.069776],[16.871376,48.0698871],[16.8715316,48.0700269],[16.8717408,48.0702563],[16.8719339,48.0706793],[16.8717676,48.0709876],[16.870979,48.071174],[16.8702977,48.0710163],[16.8700134,48.0709123],[16.8697506,48.0707259],[16.8696326,48.0703746],[16.8697291,48.0702277],[16.8702754,48.069827],[16.8697774,48.0691845],[16.8697667,48.0689766],[16.8698203,48.0685572],[16.8697935,48.0683099],[16.8696057,48.0680804],[16.8691229,48.0676252],[16.8686562,48.0674065],[16.8677926,48.0669691],[16.8675351,48.0668867],[16.867457,48.066539],[16.867241,48.0662188],[16.8672025,48.0657897],[16.8669396,48.0656141],[16.8667358,48.0655782],[16.8663013,48.0657575],[16.8655449,48.0656965],[16.8649923,48.065718],[16.8646329,48.0654276],[16.8642789,48.0651659],[16.8640428,48.065019],[16.863957,48.0649042],[16.8639248,48.0647823],[16.8640214,48.0644346],[16.8642306,48.0641514],[16.8642789,48.0638718],[16.8641609,48.0636566],[16.864075,48.0636244],[16.8638712,48.0636602],[16.8627822,48.0642052],[16.8623101,48.0643952],[16.8616986,48.0643521],[16.861602,48.0642589],[16.861661,48.0641012],[16.8618381,48.0639685],[16.8622136,48.063714],[16.8622189,48.063481],[16.8620956,48.0633197],[16.8619507,48.0633125],[16.8617469,48.0634953],[16.8614572,48.0635885],[16.8608242,48.0635025],[16.8601858,48.0633161],[16.8601858,48.0631332],[16.8603843,48.0629719],[16.8610066,48.0627102],[16.8611407,48.06266],[16.8612319,48.06266],[16.8614143,48.0623947],[16.8615645,48.0621115],[16.8615216,48.0619214],[16.8612694,48.061882],[16.8610441,48.0619035],[16.8606793,48.0620075],[16.8601805,48.0622118],[16.8599766,48.0622405],[16.8597942,48.0622083],[16.8596923,48.0621007],[16.8595314,48.0618856],[16.8595904,48.0617243],[16.8597513,48.0615092],[16.8599015,48.0613944],[16.8602126,48.0613299],[16.860395,48.0613191],[16.8608295,48.0613837],[16.8611943,48.0613299],[16.8616128,48.0611399],[16.8616181,48.0608064],[16.8616128,48.0606093],[16.8615913,48.0604515],[16.8614059,48.0601428],[16.8612964,48.0601752],[16.8610817,48.0602651],[16.8608403,48.0605053],[16.8605399,48.0607491],[16.8601161,48.0610502],[16.8598264,48.0612259],[16.8596977,48.0612403],[16.859349,48.061294],[16.8587393,48.0611785],[16.8583673,48.0609965],[16.8578416,48.0609104],[16.8576699,48.0608423],[16.8576645,48.0606523],[16.8576914,48.0604802],[16.8576699,48.0603188],[16.8576163,48.0600607],[16.8574124,48.0598097],[16.8573266,48.0594082],[16.8573749,48.0592612],[16.8575841,48.0591142],[16.8580132,48.0591393],[16.8584638,48.0591572],[16.8589788,48.0591285],[16.8592578,48.0589206],[16.8592792,48.0587915],[16.8591773,48.0584437],[16.8591451,48.0581461],[16.8591666,48.0579668],[16.8590593,48.0577266],[16.8587428,48.0574756],[16.8586677,48.0572031],[16.8587482,48.0569844],[16.8586301,48.0567406],[16.858555,48.0566904],[16.8579167,48.0563641],[16.8577718,48.0563498],[16.8576324,48.0563892],[16.8574017,48.0565147],[16.8571388,48.0566259],[16.8568223,48.0567012],[16.8563181,48.0567549],[16.855964,48.0567549],[16.8558245,48.0567298],[16.8555724,48.0564896],[16.8555939,48.0562279],[16.8565058,48.0552239],[16.8565515,48.0550044],[16.8564542,48.0548435],[16.8565222,48.0547596],[16.8560881,48.0546203],[16.855585,48.0546243],[16.8551379,48.0547291],[16.8548951,48.0548322],[16.8549231,48.0549183],[16.8548417,48.054981],[16.8547409,48.0552095],[16.8546819,48.0556506],[16.8545478,48.0558263],[16.8541723,48.056235],[16.8540006,48.0563247],[16.8536788,48.0563856],[16.8534857,48.0564071],[16.852681,48.0562028],[16.8522143,48.0559769],[16.8520641,48.0559733],[16.8512165,48.0565721],[16.8511092,48.0568123],[16.8508625,48.0569055],[16.8506264,48.0572426],[16.850267,48.0572605],[16.8499843,48.0572696],[16.8496142,48.0572553],[16.8488186,48.0571314],[16.8484217,48.0569988],[16.848132,48.0568804],[16.8478493,48.0568107],[16.8476401,48.0567103],[16.8470875,48.0563374],[16.8467174,48.05609],[16.8465457,48.0559179],[16.8462008,48.0556291],[16.8460881,48.0555],[16.8456429,48.055292],[16.8453478,48.0551916],[16.845026,48.0550267],[16.8448382,48.0549012],[16.8447202,48.0547362],[16.8446666,48.0545928],[16.844629,48.054453],[16.8447095,48.0543705],[16.8448489,48.0543418],[16.8450903,48.0543956],[16.8453264,48.0544601],[16.8456322,48.0546323],[16.8459218,48.054686],[16.8461793,48.0546825],[16.8466085,48.0545534],[16.846748,48.0544637],[16.8468445,48.0543884],[16.8469035,48.0543095],[16.8468767,48.0542271],[16.8468231,48.0541016],[16.8466675,48.0538936],[16.8462383,48.0534597],[16.8459755,48.0533486],[16.8457233,48.0532876],[16.8454766,48.0532123],[16.8454068,48.0531155],[16.8452888,48.0527641],[16.8452674,48.0525131],[16.8451601,48.0523876],[16.8446236,48.0523015],[16.8444573,48.0522154],[16.8442964,48.0520433],[16.8441248,48.0517529],[16.8439209,48.0515054],[16.8437492,48.0513154],[16.8436634,48.0512221],[16.8436473,48.051111],[16.8436795,48.05105],[16.8438136,48.0509998],[16.8440228,48.0509675],[16.8442159,48.0510285],[16.8444359,48.0511325],[16.8446236,48.0511182],[16.8449831,48.0509783],[16.8451225,48.0508026],[16.8451279,48.0506663],[16.8450957,48.0504368],[16.8449562,48.0503651],[16.8446934,48.0502826],[16.8443232,48.0502252],[16.8438351,48.0501966],[16.84354,48.0501141],[16.8434166,48.0500961],[16.8432289,48.0501213],[16.8430358,48.050132],[16.8429545,48.0500831],[16.8429285,48.0500675],[16.8428266,48.0497698],[16.8430572,48.0493431],[16.8431752,48.0493144],[16.8432396,48.0493682],[16.8434596,48.0495977],[16.8440657,48.0495547],[16.8444252,48.0494112],[16.8447685,48.0493467],[16.8448972,48.0493431],[16.8452674,48.0492212],[16.8454068,48.0490956],[16.8453961,48.0489414],[16.8448382,48.0486079],[16.8445003,48.0484035],[16.844291,48.0483426],[16.8440872,48.0483139],[16.843819,48.0483784],[16.843658,48.0484501],[16.8433576,48.0486079],[16.8431484,48.0487012],[16.8430143,48.0487442],[16.8428373,48.0488195],[16.8419683,48.0488088],[16.8417966,48.0486474],[16.8417322,48.0484286],[16.8417805,48.0483928],[16.8431592,48.0481668],[16.8435508,48.0480306],[16.8436527,48.0479517],[16.8436956,48.0478513],[16.843658,48.0477329],[16.8434971,48.0476827],[16.8428266,48.0476935],[16.8418771,48.0475106],[16.8417054,48.0474424],[16.8413835,48.0472882],[16.8413513,48.0471197],[16.841346,48.0469619],[16.8414908,48.0469547],[16.84192,48.0470982],[16.8421614,48.047134],[16.8424564,48.0471412],[16.8426013,48.0471017],[16.8426978,48.0469977],[16.842848,48.0467467],[16.8428534,48.0464742],[16.8427836,48.0462303],[16.8426729,48.0460969],[16.8424028,48.0460115],[16.8419683,48.0459577],[16.8417912,48.0459039],[16.8416678,48.0458681],[16.8416303,48.0457497],[16.841641,48.0455525],[16.8415524,48.0452336],[16.8413257,48.0449225],[16.8411475,48.0446846],[16.8409544,48.0444407],[16.8404555,48.0442793],[16.8401283,48.0442291],[16.8399351,48.0442757],[16.8398225,48.0444264],[16.8398225,48.0446738],[16.8402302,48.0449679],[16.8404662,48.0452225],[16.8404877,48.0455417],[16.8404923,48.0456843],[16.8404773,48.0457182],[16.8404632,48.0458163],[16.8400803,48.0458476],[16.8395894,48.0457408],[16.8391589,48.0456565],[16.8387761,48.0455613],[16.8382247,48.0454233],[16.8380678,48.045375],[16.8374767,48.0452256],[16.8368783,48.0450743],[16.8356984,48.0448874],[16.8355412,48.0448562],[16.8354596,48.0448112],[16.8355563,48.0446963],[16.8356379,48.0445127],[16.835696,48.0443794],[16.8357119,48.0442467],[16.8355529,48.044183],[16.8352526,48.0443234],[16.8351535,48.0444194],[16.8347742,48.0444369],[16.8343129,48.0441864],[16.8338831,48.0438178],[16.8336254,48.0434136],[16.8335039,48.0432612],[16.833474,48.0430825],[16.8334334,48.0430012],[16.8334051,48.0428726],[16.8334027,48.042286],[16.8333177,48.0420609],[16.8332006,48.0419613],[16.8330909,48.041893],[16.832907,48.0418501],[16.832795,48.0418787],[16.8325161,48.042141],[16.8323917,48.0422502],[16.8321407,48.0423252],[16.8319687,48.0423366],[16.831523,48.0423178],[16.8312477,48.0422333],[16.8311869,48.0421748],[16.8311792,48.0421276],[16.831231,48.0420566],[16.8314817,48.0419207],[16.8317611,48.0416728],[16.8317836,48.041489],[16.8318228,48.0414442],[16.831883,48.0413194],[16.8317721,48.0411718],[16.8315039,48.0410606],[16.8313269,48.041014],[16.8310318,48.0409996],[16.8304739,48.0408741],[16.8298087,48.0406123],[16.8295888,48.040476],[16.8295244,48.0402321],[16.8296263,48.0400922],[16.8300432,48.0400005],[16.8303505,48.039938],[16.8306027,48.0398339],[16.8306601,48.0397351],[16.8306402,48.0396546],[16.8304471,48.039504],[16.8299589,48.0393569],[16.8297926,48.0393641],[16.829621,48.0393677],[16.8293742,48.0393426],[16.8289451,48.0391955],[16.8287932,48.0389855],[16.8287611,48.0388994],[16.8287305,48.0384208],[16.8288002,48.0383526],[16.8289397,48.0382629],[16.8290829,48.0382323],[16.8292562,48.0382845],[16.8297122,48.0386467],[16.8297926,48.0389803],[16.829916,48.0390664],[16.8300448,48.0390807],[16.8302792,48.0390465],[16.830424,48.0388313],[16.8306444,48.0385562],[16.8306979,48.0386165],[16.8308603,48.0384406],[16.8310678,48.0382825],[16.8312019,48.0382932],[16.8312823,48.0383435],[16.8315237,48.0387093],[16.8315345,48.0388671],[16.8319153,48.0393011],[16.8321889,48.0394123],[16.8322694,48.0394267],[16.832425,48.0393908],[16.8325483,48.0393011],[16.8326771,48.0391684],[16.8326824,48.0390429],[16.8325805,48.0388779],[16.8324947,48.0387559],[16.8324196,48.0384475],[16.8324625,48.038182],[16.8326234,48.0379597],[16.8327254,48.0379202],[16.8328541,48.0379023],[16.8329775,48.0379238],[16.8330848,48.0380529],[16.8328917,48.038347],[16.832838,48.0385658],[16.8328917,48.0387093],[16.8330633,48.0388205],[16.8336534,48.0389173],[16.8338787,48.0389138],[16.8341684,48.0387918],[16.8344152,48.0385084],[16.8345975,48.0383004],[16.8347477,48.0381677],[16.8357133,48.0378592],[16.836282,48.0378198],[16.836577,48.0377624],[16.8367755,48.037705],[16.8370008,48.0376368],[16.8371027,48.0374467],[16.8370276,48.0373535],[16.836797,48.037314],[16.8363893,48.0373391],[16.8362873,48.0373033],[16.836223,48.0371203],[16.8362927,48.0368944],[16.836121,48.0367329],[16.8361586,48.036611],[16.8365395,48.0364747],[16.836754,48.0362415],[16.8368882,48.0359904],[16.8368452,48.0356066],[16.8367594,48.0354452],[16.8365717,48.0352479],[16.8360138,48.0350793],[16.835885,48.0349287],[16.8360245,48.0347099],[16.836121,48.0346919],[16.8363034,48.0347278],[16.8366038,48.0346812],[16.8367433,48.0346202],[16.8370544,48.0336445],[16.8369954,48.0333647],[16.8370169,48.0332858],[16.8370384,48.0332499],[16.8371617,48.0332069],[16.8378698,48.0329952],[16.8379825,48.0328374],[16.8377947,48.0325827],[16.8376123,48.0324177],[16.8367326,48.0318545],[16.8361103,48.0316715],[16.8357997,48.0315238],[16.8344312,48.0311478],[16.8337875,48.0308213],[16.8331921,48.0307209],[16.8325752,48.0301864],[16.8317169,48.0299998],[16.8309176,48.0298169],[16.8301681,48.0293991],[16.8298999,48.0291552],[16.8296746,48.0290188],[16.8295137,48.0289901],[16.8292669,48.0290619],[16.829224,48.0290942],[16.8291167,48.0293453],[16.8290041,48.0295318],[16.8288431,48.0296],[16.8284837,48.0295462],[16.8281597,48.0291585],[16.8282438,48.0286454],[16.8279863,48.0283871],[16.8278882,48.0283493],[16.827738,48.0283278],[16.8273855,48.0284122],[16.8270128,48.02892],[16.8260361,48.0288166],[16.8252164,48.0291552],[16.8248375,48.0293582],[16.8245832,48.0294172],[16.8242822,48.0294346],[16.8240408,48.0293183],[16.8240564,48.0290285],[16.824578,48.0287525],[16.8249465,48.0284019],[16.8250451,48.0282562],[16.8249725,48.0281746],[16.8245669,48.028182],[16.8243614,48.02822],[16.823387,48.0286728],[16.8232842,48.0286741],[16.8229979,48.0285791],[16.8227741,48.0285398],[16.8220033,48.0286061],[16.8213904,48.0286061],[16.821251,48.0286576],[16.8212547,48.0287362],[16.8214969,48.0289693],[16.8216951,48.0294185],[16.8218125,48.0295093],[16.8218786,48.0297326],[16.8218455,48.0298136],[16.8217758,48.0298995],[16.8216033,48.0299707],[16.8213391,48.0299192],[16.8209757,48.0296148],[16.8207555,48.0293547],[16.8206197,48.0292687],[16.820517,48.0292859],[16.8203922,48.0294283],[16.8203518,48.0295682],[16.820205,48.0297596],[16.820227,48.0298946],[16.8201793,48.0300124],[16.8196178,48.0301499],[16.8192912,48.0301744],[16.8192214,48.0301302],[16.81906,48.0299879],[16.8189866,48.0294749],[16.818693,48.0293497],[16.8185608,48.0293596],[16.8184617,48.0294283],[16.8184654,48.0295191],[16.8185718,48.0296737],[16.8186122,48.0299388],[16.8185058,48.0300762],[16.8183149,48.0301523],[16.8181241,48.0301621],[16.8177277,48.0300664],[16.8175185,48.0298971],[16.8170965,48.02974],[16.8167185,48.0297793],[16.816601,48.0298652],[16.8163698,48.030356],[16.8162157,48.0304689],[16.8159477,48.030545],[16.8152578,48.0304984],[16.81464,48.0299099],[16.8141836,48.0293537],[16.813996,48.0289976],[16.8138895,48.0283226],[16.8136866,48.028248],[16.8133265,48.028248],[16.8130121,48.0281666],[16.8127179,48.0281293],[16.8121702,48.0282175],[16.8117087,48.028404],[16.8107096,48.0291671],[16.8097055,48.0295606],[16.8092287,48.0296894],[16.8090665,48.0296725],[16.8089194,48.0296182],[16.8087723,48.0294622],[16.8088534,48.0292418],[16.8091571,48.0289342],[16.8098576,48.0283532],[16.8098728,48.0281632],[16.8097815,48.0280208],[16.8096091,48.0279665],[16.8087875,48.0283735],[16.8080471,48.0289908],[16.8078797,48.0290383],[16.8072914,48.0289704],[16.8067843,48.0287432],[16.8067285,48.0285974],[16.8067285,48.0284413],[16.8066626,48.0282853],[16.8058866,48.0286652],[16.8053997,48.0285431],[16.805202,48.0283294],[16.8050701,48.0279462],[16.804994,48.0278308],[16.8046492,48.0276511],[16.8044615,48.0276613],[16.8042942,48.0277528],[16.8043854,48.0278648],[16.8046593,48.0285431],[16.8044463,48.0286448],[16.8034168,48.028594],[16.8026053,48.0288924],[16.8020475,48.0288212],[16.8015099,48.0285702],[16.8014795,48.0283599],[16.8019866,48.0274747],[16.8018446,48.0273017],[16.8016925,48.0272339],[16.8013983,48.0272441],[16.8007137,48.0274917],[16.8000493,48.0279699],[16.8001659,48.0282446],[16.7999986,48.0287907],[16.7998008,48.0289229],[16.7996436,48.0289433],[16.7994204,48.0288169],[16.7984974,48.0284888],[16.7982591,48.0283565],[16.798123,48.0282425],[16.7980705,48.0280348],[16.7980055,48.0278241],[16.7979787,48.0269724],[16.7980511,48.0267082],[16.7981297,48.0265838],[16.7981432,48.026297],[16.7981051,48.026212],[16.7979734,48.0261013],[16.7980511,48.0258738],[16.7980663,48.0256737],[16.7979849,48.0254105],[16.7976099,48.0250326],[16.796621,48.0246765],[16.7963981,48.0245546],[16.7958349,48.0244017],[16.7957487,48.0243068],[16.7956305,48.0241694],[16.7955914,48.0239099],[16.7956472,48.0236046],[16.7949757,48.0234149],[16.7947445,48.0233028],[16.7946583,48.0231433],[16.7946236,48.0230955],[16.7943256,48.0229434],[16.7938934,48.0228759],[16.7935803,48.0228686],[16.7932071,48.0228054],[16.7928848,48.0226426],[16.792402,48.0224113],[16.7918779,48.0222427],[16.7916999,48.022229],[16.7907337,48.0221023],[16.7904409,48.0220672],[16.7903583,48.0220338],[16.7898014,48.0218648],[16.7894466,48.0217826],[16.7891911,48.0217794],[16.7887038,48.0217224],[16.7881691,48.0216085],[16.7876865,48.0215674],[16.7874165,48.0215019],[16.7872698,48.0214061],[16.7871377,48.0212699],[16.7869894,48.0209843],[16.7869542,48.0209101],[16.7869059,48.020861],[16.7868075,48.020793],[16.7866751,48.0207208],[16.7864254,48.0206589],[16.7857666,48.0208182],[16.7854823,48.020863],[16.7852673,48.0209774],[16.7851934,48.0213067],[16.7851934,48.0213825],[16.7852188,48.0215819],[16.785191,48.0217798],[16.7850824,48.0220102],[16.7847773,48.0222699],[16.7846042,48.0224189],[16.7842685,48.0225607],[16.7840985,48.022607],[16.7838829,48.0226544],[16.7829927,48.0228358],[16.7821883,48.0231017],[16.7821358,48.0231068],[16.7820496,48.0231187],[16.7820843,48.0225405],[16.7820612,48.0222947],[16.7818115,48.021936],[16.7817255,48.0218679],[16.781511,48.0216979],[16.7812452,48.0215665],[16.7805425,48.0213717],[16.7793705,48.0210733],[16.778899,48.0209573],[16.7782702,48.0206218],[16.7776299,48.020277],[16.7766336,48.0199013],[16.7761667,48.0197529],[16.7755934,48.0197931],[16.7751265,48.0198456],[16.7745278,48.0199863],[16.7744215,48.0201781],[16.7738174,48.0200772],[16.7733437,48.0198659],[16.7729863,48.019638],[16.7726016,48.0192137],[16.7723075,48.0189023],[16.7720618,48.0185342],[16.7719584,48.018337],[16.771745,48.0180405],[16.7716481,48.0179349],[16.7715261,48.0178478],[16.7713682,48.0178052],[16.771274,48.0178218],[16.7711909,48.0178663],[16.7709665,48.0180424],[16.7709305,48.0180998],[16.770562,48.0179775],[16.7702794,48.0179312],[16.7699995,48.0179052],[16.7694683,48.0178869],[16.76916,48.0178719],[16.7686863,48.0178033],[16.7684295,48.0177459],[16.7678182,48.0175624],[16.7672606,48.0173229],[16.7668989,48.0170809],[16.7666921,48.0169324],[16.7663782,48.0166571],[16.766137,48.0164227],[16.7658537,48.0161654],[16.7655857,48.016159],[16.76531,48.0161666],[16.7649865,48.016159],[16.7647759,48.0161269],[16.7646821,48.016054],[16.7646821,48.0159528],[16.7650937,48.0157979],[16.765333,48.0157351],[16.7653827,48.0157108],[16.7652219,48.0155827],[16.7649539,48.0154547],[16.7649099,48.0155072],[16.7646075,48.0155289],[16.7643452,48.0155021],[16.7640217,48.0156352],[16.7636752,48.015794],[16.7635355,48.0157863],[16.7633536,48.0157069],[16.7631162,48.0155802],[16.7630914,48.0154483],[16.7631296,48.0153484],[16.7634053,48.0150423],[16.76339,48.0149476],[16.7633153,48.0148144],[16.7633479,48.0147504],[16.763055,48.0146185],[16.7626606,48.0144687],[16.7624214,48.0144174],[16.7619887,48.0143291],[16.761937,48.0143611],[16.7618949,48.0144021],[16.7616403,48.0145826],[16.7616365,48.0147197],[16.761671,48.0147632],[16.7618949,48.0149233],[16.7620653,48.0150987],[16.7621036,48.0151538],[16.7621132,48.0151986],[16.7620117,48.0152754],[16.7616939,48.0153177],[16.7615542,48.0153906],[16.7612632,48.0156928],[16.7610833,48.0157428],[16.7608804,48.0157185],[16.7607808,48.0156506],[16.7605913,48.0154175],[16.7608038,48.0151691],[16.7610392,48.0149668],[16.7611675,48.0146249],[16.7610603,48.0144738],[16.7608095,48.0142753],[16.7606813,48.0141972],[16.7605549,48.0140435],[16.7603999,48.0139103],[16.7600706,48.0137413],[16.7598907,48.0136683],[16.7597624,48.0136658],[16.7595308,48.0137247],[16.75946,48.0138438],[16.7596112,48.0140025],[16.7596265,48.0140896],[16.7596169,48.0141831],[16.7595672,48.0143137],[16.7595097,48.0143534],[16.7593872,48.014347],[16.7592398,48.0142343],[16.7590829,48.0141485],[16.7588436,48.0141665],[16.7585641,48.0143573],[16.7584818,48.0143483],[16.7583669,48.0142484],[16.758365,48.0140576],[16.7584033,48.0138092],[16.758409,48.0136376],[16.7584071,48.0135377],[16.7578175,48.0134353],[16.7577639,48.0135185],[16.7576663,48.0135748],[16.7575457,48.013571],[16.7573179,48.0135313],[16.7570231,48.0133904],[16.7566785,48.0133302],[16.7564354,48.013425],[16.7560985,48.0134404],[16.7556391,48.0135031],[16.7552505,48.0137772],[16.7550456,48.0140166],[16.7550208,48.0141959],[16.7548848,48.0142945],[16.754793,48.0143304],[16.754636,48.0143304],[16.7545039,48.0142458],[16.7545269,48.0141178],[16.7545537,48.0140743],[16.754791,48.0140781],[16.7548389,48.0139398],[16.7547738,48.0138758],[16.7546953,48.0138233],[16.7544254,48.0137439],[16.7542034,48.0135966],[16.754167,48.0134942],[16.7541689,48.0133738],[16.7542857,48.0133149],[16.7549423,48.0133008],[16.7550399,48.013247],[16.7550552,48.0132112],[16.754994,48.0130447],[16.7550582,48.0130476],[16.7549767,48.0129614],[16.7548829,48.0129461],[16.7546934,48.0127886],[16.7543086,48.0125465],[16.7542684,48.0124198],[16.7542627,48.0122469],[16.7541536,48.0121214],[16.7540387,48.0120381],[16.7535927,48.0118896],[16.7533151,48.0118781],[16.7531371,48.0119318],[16.7530739,48.0119972],[16.7530969,48.0120842],[16.7532328,48.0121457],[16.7534798,48.0123237],[16.7535315,48.0123954],[16.7535596,48.0126163],[16.7535621,48.0127783],[16.7536597,48.012795],[16.7537803,48.0129486],[16.7537688,48.0129755],[16.7537363,48.0130037],[16.7536272,48.012996],[16.7528901,48.0127024],[16.7526758,48.012576],[16.7519637,48.0124441],[16.751531,48.0123634],[16.7514277,48.0124031],[16.7515061,48.0124198],[16.7507921,48.0126976],[16.7504131,48.0129051],[16.7503633,48.0130498],[16.7505011,48.013416],[16.7506945,48.0136401],[16.7507998,48.0138028],[16.7509223,48.0140755],[16.750438,48.014128],[16.7501126,48.0141588],[16.7496091,48.0142062],[16.7492262,48.0141076],[16.7488204,48.0140538],[16.7482959,48.0140333],[16.7481217,48.0139539],[16.7481676,48.0138438],[16.7482902,48.0138002],[16.748719,48.0138476],[16.7488702,48.0138386],[16.7489295,48.0137836],[16.74892,48.013685],[16.7487706,48.0135659],[16.7483709,48.0135496],[16.7483672,48.0133194],[16.7484569,48.0131855],[16.7484326,48.0130942],[16.7483597,48.0130103],[16.7481689,48.0130028],[16.7478023,48.0131455],[16.7474656,48.0132068],[16.7472467,48.0132456],[16.7470241,48.0133044],[16.7467454,48.0135671],[16.7467062,48.0136397],[16.7468558,48.0138474],[16.7476003,48.0142641],[16.7477854,48.0145169],[16.7477593,48.0145957],[16.7471831,48.0147346],[16.7467398,48.0148472],[16.7462778,48.0149598],[16.7456811,48.0150249],[16.7454398,48.0149811],[16.7451013,48.0148722],[16.7451798,48.0146995],[16.74538,48.0144831],[16.7456362,48.0142003],[16.7460702,48.0139125],[16.7461749,48.0137198],[16.7461469,48.0135709],[16.7460103,48.0134708],[16.7458139,48.0134921],[16.7455801,48.0136247],[16.7452565,48.0138074],[16.7449853,48.0140789],[16.7449011,48.0142478],[16.7448562,48.0143967],[16.744499,48.0145556],[16.7443372,48.014472],[16.743257,48.0138662],[16.7425873,48.0132481],[16.7422843,48.0131342],[16.7419551,48.0131292],[16.7415211,48.0132155],[16.7410981,48.0133788],[16.740594,48.0136963],[16.7403142,48.0138177],[16.7394882,48.0140672],[16.7393365,48.0140893],[16.7386169,48.0141816],[16.7378837,48.0142399],[16.7374157,48.0141956],[16.7373163,48.0139901],[16.7373075,48.0138418],[16.7373355,48.013669],[16.7374873,48.0135254],[16.7378974,48.0133456],[16.7381055,48.0133367],[16.7388084,48.0137251],[16.739047,48.0138322],[16.7395085,48.0138577],[16.7397063,48.0137818],[16.7399209,48.0136383],[16.7399282,48.0135027],[16.7397328,48.0132672],[16.7394627,48.0130462],[16.7392746,48.0129623],[16.7389201,48.0128558],[16.7386041,48.0127558],[16.7382159,48.0126815],[16.7377697,48.0125912],[16.7376274,48.0124637],[16.737596,48.0123879],[16.7376153,48.0123218],[16.7377022,48.0123056],[16.7379337,48.0123202],[16.7380109,48.0122427],[16.7379964,48.0120652],[16.737912,48.01187],[16.737719,48.0117055],[16.737707,48.0115425],[16.7377793,48.0114183],[16.7379385,48.0113731],[16.7392143,48.0112473],[16.7393469,48.011194],[16.7393711,48.0110311],[16.7393108,48.0108923],[16.7390696,48.01071],[16.738486,48.0105132],[16.7383003,48.0105083],[16.7378493,48.0105696],[16.7371005,48.0108292],[16.736506,48.0110165],[16.7363709,48.0110456],[16.7361587,48.0110149],[16.7359609,48.0109052],[16.735903,48.0108584],[16.7358693,48.0107729],[16.7359609,48.0106826],[16.736137,48.01066],[16.7363805,48.0107068],[16.7368147,48.0106245],[16.7369594,48.0105567],[16.7370148,48.0104631],[16.7369883,48.010376],[16.7366024,48.0103018],[16.7362744,48.0102421],[16.7358862,48.0100275],[16.7357101,48.0099856],[16.7356426,48.0099275],[16.7356185,48.0097194],[16.7355582,48.0096774],[16.7350951,48.0096371],[16.734538,48.0096209],[16.7341111,48.0096177],[16.733554,48.010034],[16.7331006,48.0103809],[16.7327606,48.0105745],[16.7325399,48.0107924],[16.7323523,48.0109065],[16.7322841,48.011048],[16.7321681,48.0111666],[16.7317861,48.0112853],[16.7312336,48.0112967],[16.7307186,48.0110936],[16.7302479,48.0108152],[16.7301422,48.0105369],[16.729883,48.0104776],[16.7296647,48.0105072],[16.729484,48.0105597],[16.7291975,48.0106099],[16.7289724,48.0106122],[16.7287131,48.0105985],[16.7285208,48.0105451],[16.7284301,48.0104091],[16.7283575,48.0101973],[16.7283008,48.0099722],[16.7282408,48.0097314],[16.7281608,48.0096043],[16.7280575,48.0094906],[16.7277009,48.0093189],[16.7273477,48.0092654],[16.7264979,48.0092498],[16.7263679,48.0091874],[16.726078,48.009203],[16.7258614,48.0092609],[16.7257412,48.009352],[16.7257254,48.0094759],[16.7258857,48.0096516],[16.7258482,48.009663],[16.7258994,48.0097588],[16.7257391,48.0098364],[16.7245146,48.0099299],[16.7243407,48.009971],[16.7239996,48.0101695],[16.7238905,48.0101901],[16.7234641,48.0101148],[16.7234027,48.0101262],[16.7233721,48.010076],[16.7228707,48.0101855],[16.7218884,48.010457],[16.7197329,48.0110662],[16.718563,48.0114564],[16.7177346,48.0116726],[16.717483,48.0118479],[16.7171839,48.0120011],[16.716783,48.0120373],[16.7148994,48.0120735],[16.7145112,48.0122289],[16.7143267,48.0124588],[16.7142598,48.0125162],[16.7140753,48.0125758],[16.7134453,48.0126482],[16.7134039,48.0123481],[16.7134867,48.0120969],[16.713528,48.0118096],[16.7136012,48.0116946],[16.7135535,48.0116393],[16.7134421,48.0116372],[16.7133085,48.0116861],[16.7132226,48.0118074],[16.7129871,48.0119607],[16.7129617,48.0120224],[16.7129744,48.0120948],[16.7129012,48.0122076],[16.712688,48.0123587],[16.712513,48.012546],[16.712443,48.0126716],[16.7124398,48.012744],[16.7118989,48.0126844],[16.7119403,48.012612],[16.7122076,48.0123715],[16.7121662,48.0123374],[16.7121312,48.0122182],[16.7120358,48.0121523],[16.7117876,48.0121203],[16.7115617,48.0122757],[16.7115744,48.0123779],[16.7114694,48.0124673],[16.7113548,48.0124779],[16.7113962,48.0126312],[16.7105689,48.0126014],[16.7103526,48.0125737],[16.709958,48.0124609],[16.7098085,48.0124311],[16.7093376,48.0124077],[16.7092421,48.0123949],[16.7089558,48.0122757],[16.7086344,48.0122715],[16.708418,48.012148],[16.7088317,48.0120075],[16.7089589,48.0118351],[16.7088221,48.0117649],[16.7085803,48.0118096],[16.7082176,48.0118436],[16.7078294,48.0117478],[16.7075176,48.0113157],[16.7075271,48.011171],[16.707648,48.0110667],[16.7077912,48.0110454],[16.7080235,48.0111412],[16.7081571,48.0111816],[16.708418,48.0112966],[16.7085485,48.0110497],[16.7085548,48.0109475],[16.7088348,48.010856],[16.7089208,48.0107815],[16.7087839,48.0107176],[16.7085294,48.0107623],[16.7081985,48.0106261],[16.7077689,48.0105005],[16.7073203,48.0105431],[16.7070626,48.0108006],[16.7069067,48.01089],[16.7065853,48.0106197],[16.7062894,48.0104388],[16.7060667,48.0104111],[16.7058853,48.0103153],[16.705863,48.0102174],[16.7059553,48.0099258],[16.7055767,48.0097959],[16.7053985,48.0096916],[16.7051567,48.0096852],[16.7050198,48.0097406],[16.7045044,48.0102323],[16.7045521,48.010526],[16.7046794,48.0107389],[16.7046444,48.01089],[16.7042658,48.0112881],[16.7040685,48.0117074],[16.7040335,48.0119564],[16.7039794,48.0120458],[16.7038617,48.0121118],[16.7037248,48.0121097],[16.7036167,48.0121416],[16.7034989,48.0122225],[16.7033017,48.0122949],[16.7028371,48.0123651],[16.7026812,48.0123374],[16.702608,48.012231],[16.702678,48.0119458],[16.7025985,48.0118521],[16.7023153,48.0116989],[16.7021107,48.0116537],[16.7021025,48.0114405],[16.7018189,48.0109943],[16.7021976,48.0110773],[16.7025762,48.0109986],[16.7026428,48.0107671],[16.7025744,48.0105092],[16.7024431,48.0102227],[16.7022321,48.0100174],[16.7018625,48.0099872],[16.7011985,48.0100676],[16.7012687,48.0098853],[16.7014366,48.0093341],[16.7014366,48.0086643],[16.7014303,48.0080695],[16.7013557,48.0068776],[16.7013371,48.0065864],[16.7012873,48.0060601],[16.7011194,48.0054028],[16.7009205,48.0049306],[16.7007948,48.0048031],[16.7007708,48.0047331],[16.7007847,48.0034134],[16.7008166,48.0019948],[16.700829,48.0010462],[16.7008352,47.9986934],[16.7008632,47.9982232],[16.7008912,47.9976282],[16.7011554,47.9955041],[16.7011648,47.9951753],[16.7011927,47.994262],[16.7013604,47.9889287],[16.7013523,47.988623],[16.7013289,47.9883422],[16.7014279,47.9876992],[16.7008563,47.9878566],[16.7006716,47.9878684],[16.700177,47.9877713],[16.6996362,47.9877551],[16.6992339,47.9877669],[16.6985788,47.9878198],[16.698228,47.9878769],[16.6974554,47.9880023],[16.6967629,47.9880773],[16.6961803,47.9881038],[16.6960418,47.9873446],[16.6959429,47.9872357],[16.6957494,47.9866471],[16.6955887,47.9864379],[16.6955494,47.9859526],[16.6955695,47.9856903],[16.695627,47.9855426],[16.695714,47.98545],[16.695599,47.9852929],[16.6958524,47.9847986],[16.6957887,47.9844959],[16.6957809,47.9844553],[16.6957747,47.9844282],[16.6957995,47.9844168],[16.6957809,47.9843773],[16.6957949,47.9843263],[16.6957716,47.9843315],[16.6957979,47.9841843],[16.6958199,47.9841402],[16.6958045,47.9840769],[16.6956946,47.9838621],[16.6957408,47.9837355],[16.6956924,47.9836781],[16.6956704,47.983403],[16.6957562,47.9833162],[16.6957716,47.9831911],[16.695743,47.9830645],[16.6958001,47.9829439],[16.6958089,47.982651],[16.695754,47.9825215],[16.6956902,47.9824759],[16.6956616,47.9823729],[16.6957012,47.9823155],[16.6956682,47.982239],[16.6956858,47.9821507],[16.695743,47.9821007],[16.6958089,47.981927],[16.6957913,47.9818682],[16.6958309,47.9816681],[16.6958705,47.9816357],[16.6958991,47.9815165],[16.6960464,47.9814871],[16.6961057,47.9813355],[16.6961783,47.981281],[16.6961717,47.9812266],[16.6963146,47.9810721],[16.69653,47.9809029],[16.696541,47.9808661],[16.6964729,47.9808352],[16.6965102,47.980794],[16.6965872,47.980794],[16.696596,47.9807586],[16.6965322,47.9807307],[16.6965498,47.9806836],[16.6966114,47.9806895],[16.6966267,47.9806718],[16.6966048,47.9806115],[16.6967345,47.98056],[16.6968883,47.9805997],[16.6969125,47.9806365],[16.6969653,47.9805821],[16.6969477,47.9805423],[16.6969521,47.980432],[16.6968818,47.9803554],[16.6969389,47.9803334],[16.697062,47.980401],[16.6972709,47.980432],[16.697306,47.9803849],[16.6972929,47.980326],[16.6972313,47.980326],[16.697128,47.9803039],[16.6972379,47.9801435],[16.6971324,47.9800802],[16.6971895,47.9799861],[16.6971719,47.9799316],[16.6972533,47.9799022],[16.6973148,47.9799198],[16.6973478,47.9799007],[16.6973962,47.9799095],[16.6974533,47.9799699],[16.6975523,47.979939],[16.6976006,47.9798992],[16.6975874,47.9798639],[16.6975435,47.9798595],[16.6975874,47.9798124],[16.6976776,47.9798109],[16.6976996,47.9797889],[16.697671,47.9797477],[16.6977369,47.9797271],[16.6977831,47.9797006],[16.6977765,47.9796402],[16.697849,47.9796211],[16.6978337,47.9795416],[16.6979018,47.9794798],[16.6979392,47.9793871],[16.6979744,47.9793842],[16.6980205,47.9794828],[16.6981085,47.9795917],[16.6982228,47.9795652],[16.6982997,47.9795961],[16.6983569,47.9795608],[16.6983459,47.9794475],[16.6983899,47.9794048],[16.6983964,47.9793592],[16.6983591,47.9793121],[16.6984404,47.9792753],[16.6984492,47.9791914],[16.6983899,47.979184],[16.6984492,47.979159],[16.698513,47.9791576],[16.6985591,47.9792194],[16.6986207,47.9792194],[16.6986998,47.9791502],[16.6986998,47.9791016],[16.6987702,47.9790457],[16.6988383,47.9790531],[16.6988559,47.9790384],[16.698801,47.9789265],[16.6989614,47.9789103],[16.6989922,47.9788838],[16.6990098,47.9788279],[16.6990758,47.9788014],[16.6991153,47.9788294],[16.6991923,47.9788161],[16.6992077,47.9787617],[16.6992736,47.9787426],[16.6994011,47.9787411],[16.6994363,47.9786984],[16.6994451,47.9786366],[16.6994099,47.9785439],[16.6993659,47.9785439],[16.6993154,47.978566],[16.6992604,47.9785557],[16.6993264,47.9784939],[16.6993945,47.9784939],[16.6993945,47.9783953],[16.6993396,47.9783908],[16.6992758,47.9784291],[16.6992011,47.9783614],[16.6992296,47.9783261],[16.699344,47.9783143],[16.6995044,47.9781995],[16.6995946,47.9782996],[16.6996188,47.9782864],[16.699599,47.9782407],[16.6997023,47.9780627],[16.6996517,47.9780009],[16.6995946,47.9779906],[16.6995836,47.9779332],[16.6996517,47.977939],[16.699777,47.977836],[16.6997661,47.9777889],[16.6998056,47.9777713],[16.6999155,47.9777698],[16.6999133,47.9777227],[16.6996737,47.9776933],[16.6996737,47.9776697],[16.6997463,47.9776153],[16.6997353,47.9775535],[16.6997639,47.977502],[16.6997551,47.9774549],[16.6997946,47.9774372],[16.6998628,47.9774431],[16.6998606,47.9774004],[16.6998298,47.9773607],[16.6999463,47.9772165],[16.6999287,47.9771856],[16.6999441,47.9771105],[16.7000101,47.9770737],[16.700065,47.977059],[16.7000892,47.9770458],[16.7001376,47.9770031],[16.700331,47.9770458],[16.7003772,47.9770369],[16.700375,47.9769898],[16.7003926,47.9768809],[16.70043,47.9768279],[16.7004607,47.9768103],[16.7004585,47.9767823],[16.7003816,47.976747],[16.700397,47.9767043],[16.7004673,47.9766911],[16.7004783,47.9766631],[16.7004541,47.976616],[16.7002453,47.9765601],[16.7002321,47.9765321],[16.7002563,47.9765101],[16.7002585,47.9764865],[16.7001947,47.9764379],[16.7002321,47.9764026],[16.7002937,47.976382],[16.7004036,47.9763923],[16.7004695,47.9763703],[16.7005003,47.9762496],[16.7005289,47.976251],[16.7005509,47.9762363],[16.7005531,47.9761804],[16.7006014,47.9761142],[16.7005839,47.9759611],[16.7005267,47.975914],[16.7005245,47.9758596],[16.7005839,47.9758566],[16.7006212,47.9757389],[16.7006058,47.9756918],[16.7006168,47.9756609],[16.700707,47.9756741],[16.7007443,47.9755432],[16.7007224,47.9755211],[16.7007089,47.975458],[16.7007431,47.9754372],[16.7008208,47.9754424],[16.7008239,47.9753997],[16.7007882,47.9753737],[16.7007882,47.9753519],[16.7008317,47.9753259],[16.7008208,47.9752873],[16.700782,47.9752676],[16.7007633,47.9752239],[16.7008706,47.9750522],[16.7008037,47.9750418],[16.7008488,47.9750001],[16.70081,47.9749647],[16.7007214,47.9749564],[16.7006965,47.9749283],[16.7007369,47.9748909],[16.7006778,47.9747597],[16.7006794,47.9746484],[16.7007618,47.9746421],[16.7008488,47.9745537],[16.700911,47.9745599],[16.7009576,47.9746005],[16.7010043,47.9745839],[16.7010074,47.9745474],[16.7009561,47.9744975],[16.700981,47.9744715],[16.7010385,47.9744683],[16.7010898,47.974484],[16.7011473,47.9744257],[16.7012639,47.9743945],[16.7012856,47.9743518],[16.7012266,47.9742717],[16.7012779,47.9742009],[16.7012312,47.9741582],[16.7012203,47.9740916],[16.7011768,47.9740791],[16.7010587,47.9741135],[16.7010385,47.9740833],[16.7012188,47.9740084],[16.7011866,47.9738031],[16.7011531,47.9738041],[16.7010806,47.9737665],[16.7011043,47.9737166],[16.7012411,47.9737187],[16.7013646,47.9735509],[16.7014415,47.9735453],[16.7015523,47.9734784],[16.7014934,47.9734079],[16.7015084,47.973295],[16.7015717,47.9732891],[16.7015838,47.9732509],[16.7015433,47.9731864],[16.7016112,47.9730941],[16.7016035,47.9730252],[16.7016783,47.9729951],[16.7016961,47.9729464],[16.7017345,47.9729318],[16.7018043,47.972951],[16.7018059,47.9728558],[16.7019235,47.9728098],[16.7018482,47.9727025],[16.7017262,47.9727245],[16.7017082,47.9726982],[16.7017468,47.9726869],[16.7017577,47.9724945],[16.7018199,47.9724455],[16.7018838,47.9724943],[16.7019756,47.9725163],[16.702029,47.9724897],[16.7021287,47.9725074],[16.7021514,47.9725919],[16.7022975,47.972508],[16.702381,47.9725242],[16.7023838,47.9724906],[16.7024633,47.972464],[16.7024725,47.9724349],[16.7022203,47.97238],[16.7020371,47.9722697],[16.7020553,47.9721827],[16.7021797,47.9721173],[16.7021284,47.97198],[16.7020454,47.9719788],[16.7020117,47.9719075],[16.7018916,47.9719344],[16.7017862,47.9717648],[16.7017002,47.9717642],[16.7016865,47.9717376],[16.7017646,47.9716789],[16.7017127,47.9715307],[16.7016345,47.9715422],[16.7014458,47.971463],[16.7013317,47.9714679],[16.7010714,47.9714147],[16.7010522,47.9713698],[16.7010002,47.971357],[16.7009118,47.9714077],[16.7007775,47.9714086],[16.700645,47.9713953],[16.70057,47.9713441],[16.7003884,47.971359],[16.7003563,47.9714267],[16.7002318,47.9712655],[16.7000199,47.9712352],[16.6999594,47.971175],[16.699758,47.9711733],[16.6995719,47.9710838],[16.6993714,47.9709538],[16.6993781,47.9708287],[16.699244,47.9707269],[16.6992552,47.9706458],[16.6992123,47.9705883],[16.6992487,47.9705672],[16.6993,47.9705911],[16.6993515,47.9705595],[16.6993288,47.9704801],[16.6994297,47.9704197],[16.6994073,47.9703464],[16.6993562,47.9703141],[16.6993411,47.9702618],[16.6993863,47.9702325],[16.6993727,47.9700227],[16.6994494,47.9699316],[16.6993233,47.9699261],[16.6993493,47.9697307],[16.6994368,47.9697424],[16.6993576,47.9695702],[16.6993069,47.9695501],[16.6992685,47.9695721],[16.6992111,47.9695507],[16.6992425,47.9694647],[16.699202,47.9694123],[16.699278,47.9692659],[16.6992209,47.9691396],[16.6991836,47.9691171],[16.6992466,47.969046],[16.6992308,47.9690015],[16.6992048,47.9689915],[16.6991932,47.9689965],[16.6991918,47.969007],[16.6991521,47.969019],[16.699112,47.9689976],[16.6989519,47.9689496],[16.69889,47.9689073],[16.6988676,47.9688107],[16.6990466,47.9687218],[16.6990329,47.9686851],[16.6989575,47.9686778],[16.698903,47.9686331],[16.6989288,47.9685829],[16.6991348,47.9685554],[16.699148,47.9685007],[16.6992346,47.9684815],[16.6991996,47.9684129],[16.6990973,47.9683531],[16.6990712,47.9682833],[16.6991564,47.968245],[16.6991348,47.968174],[16.6991808,47.9681366],[16.6992,47.9680733],[16.6991685,47.968054],[16.6991635,47.9680296],[16.6992991,47.9679962],[16.6992886,47.9679363],[16.6991973,47.9678935],[16.6991881,47.9678462],[16.6990895,47.9677653],[16.6991192,47.967705],[16.6992464,47.9676435],[16.6993904,47.9676422],[16.6994233,47.9675789],[16.6993846,47.9675254],[16.6994085,47.9673611],[16.6994545,47.9673138],[16.6995083,47.9672111],[16.6996,47.9672083],[16.699611,47.9671808],[16.6995631,47.9671377],[16.6995795,47.9670549],[16.6997178,47.9669723],[16.699714,47.9669155],[16.6996494,47.9668946],[16.6996487,47.966839],[16.699476,47.9667596],[16.6994014,47.9667671],[16.6993422,47.9667452],[16.6993521,47.9666882],[16.6992942,47.9666245],[16.6993087,47.9665408],[16.6993973,47.9665029],[16.6994148,47.9664679],[16.6992938,47.9662994],[16.6991915,47.9662463],[16.6990836,47.9663002],[16.6990206,47.9662828],[16.6989603,47.9661654],[16.6988742,47.9660975],[16.6986005,47.9660358],[16.6984917,47.9660571],[16.6983755,47.9660529],[16.6982972,47.9660177],[16.6982095,47.9660819],[16.6981294,47.9660854],[16.6981208,47.9660446],[16.6980622,47.9659867],[16.6980431,47.9658683],[16.6979533,47.9657563],[16.6979505,47.9656489],[16.6977996,47.9655591],[16.6976574,47.965582],[16.6976067,47.9655159],[16.6974971,47.9654884],[16.6974163,47.9654392],[16.6972889,47.965437],[16.6973149,47.9654765],[16.6972547,47.9654852],[16.6971642,47.9654398],[16.697082,47.965471],[16.6970218,47.9654526],[16.6969532,47.9654625],[16.6968615,47.9653114],[16.696793,47.965315],[16.6967669,47.9652765],[16.6966438,47.9652583],[16.6964424,47.9651109],[16.6962713,47.9651073],[16.6961715,47.9652175],[16.6961559,47.9652939],[16.6959573,47.9652287],[16.695913,47.9651596],[16.6955291,47.9651391],[16.6954675,47.9650998],[16.6954449,47.9650325],[16.6953792,47.965005],[16.6953566,47.9649611],[16.6953896,47.9649299],[16.695358,47.9648507],[16.6952751,47.9647701],[16.6951901,47.9647591],[16.6951615,47.9647174],[16.6951107,47.9647124],[16.6950518,47.964666],[16.6950682,47.964617],[16.6950463,47.9645858],[16.695083,47.9645119],[16.695025,47.9643193],[16.6949161,47.9642849],[16.6948763,47.9642235],[16.6947476,47.9642032],[16.6946928,47.9642207],[16.6945928,47.9642032],[16.6945325,47.9642509],[16.6945353,47.9643262],[16.6944627,47.9643106],[16.694442,47.9642342],[16.6941407,47.9641629],[16.6940791,47.9641721],[16.6940555,47.9641385],[16.6938201,47.9641656],[16.6938475,47.9642106],[16.6937927,47.9642106],[16.6937285,47.9641401],[16.6935544,47.964184],[16.6935119,47.9641638],[16.6932598,47.9642207],[16.6932034,47.9641646],[16.692922,47.9641632],[16.692883,47.9642274],[16.6928722,47.9643164],[16.6926567,47.9643724],[16.6925461,47.9643629],[16.6924243,47.9644197],[16.6923296,47.96435],[16.692283,47.964372],[16.6922118,47.9643647],[16.6921912,47.9643812],[16.6921077,47.9643634],[16.6920794,47.9642931],[16.6918087,47.9642993],[16.6916034,47.9643808],[16.6914487,47.9643757],[16.691346,47.9644023],[16.6912473,47.964395],[16.6911592,47.9644175],[16.6910823,47.9643757],[16.691061,47.9642298],[16.6910323,47.964206],[16.6909879,47.9642114],[16.690911,47.9641758],[16.6908654,47.9640494],[16.6908378,47.963983],[16.690772,47.9640033],[16.6906857,47.9639602],[16.6905226,47.963973],[16.6904755,47.9638922],[16.6901733,47.963912],[16.6901451,47.9638133],[16.6901043,47.9637585],[16.6899774,47.9637822],[16.6899037,47.9637149],[16.6897554,47.963806],[16.6895867,47.9637702],[16.6894217,47.9637023],[16.6891405,47.9638048],[16.6890481,47.9637937],[16.6889271,47.9637193],[16.6888841,47.9635492],[16.6886551,47.9635604],[16.688592,47.9633761],[16.6886687,47.9632126],[16.6886825,47.963112],[16.6885678,47.9630597],[16.6884843,47.9630636],[16.6883502,47.9630318],[16.6882468,47.9629644],[16.6881855,47.9628524],[16.6881758,47.9627726],[16.6881785,47.9626519],[16.6880888,47.9626318],[16.687897,47.9625632],[16.6877512,47.9624433],[16.6877522,47.9623302],[16.6875487,47.9621221],[16.687558,47.9620574],[16.6876783,47.9619373],[16.6875914,47.9618015],[16.6876396,47.9616752],[16.6875947,47.9616154],[16.6875105,47.9615558],[16.6873911,47.9614771],[16.6871141,47.96135],[16.6870081,47.9613181],[16.6869201,47.9613148],[16.686776,47.9612907],[16.6866106,47.9612719],[16.6864455,47.9612046],[16.6862968,47.9611357],[16.6860625,47.9610659],[16.6857895,47.9610473],[16.6856749,47.9610763],[16.6854692,47.9610023],[16.6853382,47.9609888],[16.685251,47.9609374],[16.6851044,47.9609424],[16.6850071,47.9609694],[16.6848807,47.9609391],[16.6847288,47.9609545],[16.6846173,47.9609418],[16.6843409,47.9608664],[16.6840948,47.9607199],[16.6840684,47.9606378],[16.6838229,47.9606204],[16.6833519,47.9605791],[16.6830401,47.9605061],[16.6826529,47.9602972],[16.6825349,47.9601519],[16.6822761,47.9600441],[16.6821025,47.9600235],[16.6818261,47.9598682],[16.6816204,47.9598052],[16.6813776,47.9597967],[16.6809631,47.9597064],[16.6806961,47.9596973],[16.6804973,47.9597391],[16.6804234,47.9597913],[16.6801547,47.959831],[16.679749,47.959851],[16.6779071,47.9599225],[16.6760974,47.9600714],[16.6748458,47.9601744],[16.6741099,47.9602645],[16.6729488,47.9603968],[16.671631,47.960066],[16.6706877,47.9598907],[16.6685293,47.9592333],[16.6680237,47.9587857],[16.6673655,47.9581851],[16.6669986,47.9578933],[16.6664117,47.9575934],[16.6651647,47.9570689],[16.6647728,47.9569042],[16.6646945,47.9568736],[16.663672,47.9578596],[16.662431,47.9590063],[16.6614807,47.9598192],[16.6592901,47.961153],[16.6586732,47.9608107],[16.6574496,47.9600576],[16.6566285,47.9594217],[16.6558252,47.958769],[16.6550375,47.9584204],[16.6533332,47.9578531],[16.6526157,47.9567237],[16.6523679,47.9563362],[16.6516391,47.9557443],[16.6514513,47.9551992],[16.6514894,47.9547165],[16.6518502,47.9538541],[16.6519634,47.9534118],[16.6518199,47.9521775],[16.6518596,47.9517762],[16.6521179,47.9511591],[16.6523316,47.9506538],[16.6525135,47.9496233],[16.6523214,47.9492123],[16.6506705,47.9486853],[16.6499372,47.9485431],[16.6488177,47.9482146],[16.6472389,47.9479401],[16.6459501,47.9478557],[16.6448349,47.9477968],[16.6444942,47.947646],[16.6439114,47.9472952],[16.643405,47.9470537],[16.642728,47.9466387],[16.6417704,47.9463247],[16.6411477,47.9462642],[16.6403769,47.9460517],[16.6397958,47.9459443],[16.6396495,47.9459243],[16.638318,47.9459357],[16.6368403,47.9461064],[16.6347484,47.9460855],[16.633815,47.9458845],[16.6333566,47.9456592],[16.6329894,47.9453909],[16.6322124,47.9439067],[16.6319485,47.9430251],[16.631723,47.9423915],[16.6313423,47.9417555],[16.6311818,47.941476],[16.6309617,47.9410458],[16.6308937,47.9407517],[16.6305672,47.9397492],[16.6305214,47.939399],[16.6309938,47.9382099],[16.6311818,47.9377152],[16.6307002,47.9366428],[16.6307277,47.936314],[16.6312827,47.9349313],[16.6318817,47.933802],[16.632166,47.933439],[16.6320777,47.9334169],[16.6321924,47.9325061],[16.632587,47.9318083],[16.6327469,47.9313773],[16.6328073,47.9309867],[16.632629,47.9305169],[16.6325501,47.9298954],[16.6323488,47.9294602],[16.6322422,47.9293865],[16.631025,47.9287802],[16.6301629,47.9283513],[16.6285494,47.9273859],[16.6276472,47.9270878],[16.6272223,47.9269781],[16.6263955,47.9266214],[16.6252226,47.9264595],[16.6247819,47.9264047],[16.6241131,47.9258642],[16.6237034,47.9253881],[16.6234668,47.9251472],[16.6229277,47.9245973],[16.6220217,47.9239523],[16.6216177,47.9234845],[16.6197788,47.9219428],[16.619013,47.9209746],[16.6184663,47.9207467],[16.6172551,47.9200631],[16.6165211,47.9197036],[16.6160311,47.9191856],[16.6156022,47.9189267],[16.6149232,47.9183813],[16.6144102,47.9179987],[16.6141412,47.9176426],[16.6140631,47.9174916],[16.6140076,47.9173844],[16.6137018,47.9170199],[16.613018,47.916328],[16.6122313,47.9156783],[16.611182,47.9151677],[16.6107455,47.9149127],[16.6102333,47.9144268],[16.6097332,47.9137893],[16.6095641,47.9134263],[16.6091735,47.9129452],[16.6089443,47.9127517],[16.608346,47.9123438],[16.6079929,47.9118981],[16.6074507,47.9113521],[16.6064359,47.9104895],[16.6054709,47.9096825],[16.6051803,47.9093567],[16.6044457,47.9087708],[16.6034848,47.9080438],[16.6029663,47.9077213],[16.6027692,47.9076519],[16.6024319,47.9073889],[16.6017973,47.9065276],[16.6014177,47.9059758],[16.6010896,47.9055776],[16.6001079,47.9053048],[16.5992096,47.9050107],[16.5982959,47.904624],[16.5977741,47.9043177],[16.5973057,47.9038926],[16.5967134,47.9035812],[16.5960538,47.903304],[16.5951026,47.9030092],[16.5945133,47.9026825],[16.5931379,47.9022458],[16.5923911,47.9021359],[16.5913,47.9019699],[16.5907983,47.9018247],[16.5902734,47.9015546],[16.5897735,47.9011438],[16.5892776,47.9005834],[16.5890843,47.9001996],[16.589027,47.8999367],[16.5889337,47.8996548],[16.5887538,47.8989496],[16.5885476,47.8985442],[16.5882955,47.8979827],[16.5877658,47.8973247],[16.5872706,47.896496],[16.5869125,47.8959187],[16.586486,47.8955439],[16.5855752,47.8948969],[16.5849751,47.8944059],[16.5846875,47.8941254],[16.5843507,47.8933562],[16.5839179,47.8925083],[16.5833768,47.8916244],[16.5828739,47.8912208],[16.5823299,47.8906097],[16.5819682,47.8901847],[16.5815407,47.8896414],[16.5812509,47.8893507],[16.5810767,47.8891714],[16.5805023,47.8888125],[16.5802871,47.8886109],[16.5794274,47.8879571],[16.5787986,47.887644],[16.5786436,47.8875085],[16.5785229,47.8874492],[16.5779374,47.8872413],[16.5776974,47.8871262],[16.5768823,47.8869254],[16.5762395,47.8868612],[16.5760893,47.8868611],[16.5755807,47.8868288],[16.5748504,47.8865542],[16.5746559,47.8864624],[16.5742733,47.8863485],[16.5740105,47.8862796],[16.5740102,47.8863243],[16.5736377,47.8870229],[16.5735552,47.887292],[16.5732859,47.8876518],[16.5728595,47.8885333],[16.5729755,47.8892536],[16.5732929,47.8897714],[16.5733569,47.8901909],[16.5733264,47.8909849],[16.5737703,47.8915268],[16.5733535,47.8920723],[16.573183,47.8923867],[16.5729251,47.8929766],[16.5727393,47.893193],[16.572728,47.8935359],[16.5723683,47.8936936],[16.5717241,47.8940888],[16.5714489,47.894481],[16.57109,47.8947279],[16.5710138,47.8950567],[16.5707384,47.8953743],[16.5701525,47.8958633],[16.5689653,47.8967493],[16.5688188,47.8969765],[16.5683482,47.8972444],[16.5677812,47.8976435],[16.5673265,47.8982328],[16.566048,47.8991894],[16.5654831,47.8994973],[16.5652774,47.8995334],[16.5643828,47.8995641],[16.5633468,47.8995709],[16.5621383,47.8996057],[16.561534,47.899706],[16.5610823,47.8998226],[16.560591,47.8999883],[16.5593519,47.9006206],[16.5577377,47.9014568],[16.5566026,47.9020789],[16.5561926,47.9024463],[16.555843,47.9030163],[16.5552647,47.9041679],[16.554613,47.9054381],[16.5540605,47.9065172],[16.5534347,47.908094],[16.5529379,47.909428],[16.5526881,47.9101123],[16.5526487,47.9102759],[16.5526659,47.910499],[16.5529974,47.9113402],[16.5529832,47.9114668],[16.5528531,47.9116755],[16.5526356,47.9118087],[16.5524923,47.9116794],[16.5519114,47.91137],[16.5517071,47.9112743],[16.551635,47.9113176],[16.5491688,47.912811],[16.5470513,47.9141026],[16.5463158,47.9145126],[16.5461875,47.915068],[16.5460604,47.9157102],[16.5453258,47.9160985],[16.5444967,47.9165139],[16.5440866,47.916719],[16.5438281,47.9168829],[16.5435314,47.9174122],[16.5434305,47.9175274],[16.5433254,47.9176439],[16.5428102,47.9179801],[16.5424008,47.9182533],[16.5421565,47.9186153],[16.5420261,47.9188666],[16.5417729,47.9190929],[16.5412555,47.9194399],[16.5410161,47.9196637],[16.5410074,47.9197214],[16.5409355,47.9199708],[16.5408137,47.9204305],[16.5406584,47.9207062],[16.5404114,47.920972],[16.5400523,47.9213452],[16.5399348,47.9214893],[16.5395978,47.9216514],[16.5392047,47.9218474],[16.5387667,47.922127],[16.5384589,47.9223342],[16.5375541,47.9230781],[16.5371654,47.9233432],[16.5364889,47.9237365],[16.5358608,47.9241268],[16.5355377,47.9243282],[16.5354208,47.9245041],[16.5352899,47.9247132],[16.5351924,47.9248773],[16.5350253,47.9250039],[16.5348241,47.9251051],[16.534618,47.9251825],[16.5342297,47.9252481],[16.5339296,47.9253264],[16.5338278,47.9253798],[16.5336675,47.9254503],[16.5334853,47.925586],[16.5333316,47.9257846],[16.533253,47.925985],[16.5332224,47.9264234],[16.5331812,47.9266343],[16.5330907,47.9268815],[16.5329643,47.9271265],[16.5326991,47.9274835],[16.532385,47.9278103],[16.5314518,47.9288338],[16.531093,47.9291629],[16.5307575,47.9293882],[16.5305185,47.9295414],[16.5290806,47.9301686],[16.5286944,47.9303504],[16.5284915,47.9305089],[16.5282877,47.9307128],[16.5281844,47.9309117],[16.5279947,47.9313642],[16.5278965,47.9315215],[16.5277201,47.9316788],[16.5275375,47.9317629],[16.5272607,47.9318193],[16.5269844,47.9318665],[16.5267343,47.9319489],[16.5265457,47.9320638],[16.5263936,47.9322249],[16.5257887,47.933237],[16.5255247,47.933689],[16.5253285,47.9339499],[16.5250972,47.934124],[16.5247418,47.9342612],[16.524433,47.9343106],[16.5240946,47.9343534],[16.5239267,47.9343996],[16.5236861,47.9344946],[16.523513,47.9346293],[16.5233792,47.9347931],[16.5232176,47.9350693],[16.5225199,47.9363585],[16.5223352,47.9366915],[16.5222533,47.9368855],[16.5222018,47.9371162],[16.5221881,47.9373659],[16.5222366,47.9375761],[16.522338,47.93786],[16.5223658,47.9380804],[16.5222782,47.9382712],[16.5221035,47.9384622],[16.521859,47.938629],[16.5215,47.9389461],[16.5214537,47.938987],[16.5213546,47.9391357],[16.521306,47.9393063],[16.5212769,47.939471],[16.521037,47.9408247],[16.5208528,47.9409812],[16.5207791,47.941068],[16.5201272,47.9418354],[16.5194414,47.9426677],[16.518963,47.9432516],[16.5186727,47.9435676],[16.5173614,47.9431649],[16.517012,47.9428767],[16.5165513,47.942749],[16.5159729,47.9427892],[16.5151315,47.943083],[16.5142963,47.9432158],[16.5133303,47.9432796],[16.5133052,47.9434122],[16.5135761,47.9438297],[16.5134701,47.9438498],[16.5131559,47.9436643],[16.5128417,47.9436894],[16.5126802,47.9435991],[16.5125835,47.943433],[16.5125679,47.9432663],[16.512929,47.9431066],[16.5132907,47.9428555],[16.5136474,47.9427463],[16.5137159,47.9424036],[16.5134738,47.942089],[16.513456,47.9416662],[16.5134431,47.941583],[16.5132834,47.941447],[16.5130464,47.9416318],[16.5128519,47.9418106],[16.5125163,47.9419131],[16.5120017,47.9419013],[16.5117631,47.9418613],[16.5115905,47.9418245],[16.5108568,47.9416763],[16.5119957,47.9409977],[16.511645,47.9410455],[16.511276,47.941103],[16.5110427,47.9411123],[16.5108049,47.9411233],[16.5105533,47.9412489],[16.5104714,47.9413449],[16.5103407,47.9414137],[16.5099529,47.9411715],[16.5097628,47.9411211],[16.5098857,47.9410128],[16.5100138,47.940849],[16.5099879,47.9407051],[16.5100759,47.9406684],[16.5102671,47.9406764],[16.5108344,47.9406732],[16.511102,47.9405397],[16.5110312,47.9403886],[16.5109553,47.9402917],[16.5106412,47.9400222],[16.5103896,47.9399738],[16.5100463,47.939912],[16.5096896,47.9398625],[16.5093913,47.9398407],[16.5091241,47.9399644],[16.5089241,47.9401407],[16.5087022,47.9406897],[16.5085812,47.9407285],[16.508371,47.940748],[16.5079762,47.9405868],[16.5078552,47.9404608],[16.5077026,47.9403959],[16.507576,47.9404055],[16.5073923,47.9405467],[16.5072571,47.9405361],[16.5063864,47.9403463],[16.5058885,47.940276],[16.5057259,47.9404332],[16.5048413,47.9398791],[16.5042804,47.9397216],[16.5040576,47.9396986],[16.5044365,47.939373],[16.5048672,47.9390233],[16.50535,47.9386034],[16.5051339,47.9383883],[16.504531,47.9386542],[16.504297,47.9386638],[16.5038281,47.9386678],[16.5035969,47.9387759],[16.5034433,47.9391272],[16.5034502,47.9393626],[16.5035583,47.9395676],[16.5036658,47.9397878],[16.5037423,47.9399608],[16.5036602,47.9401286],[16.5035023,47.9403498],[16.5031678,47.9406033],[16.5030089,47.9406391],[16.502892,47.9406308],[16.5027816,47.9405526],[16.5028019,47.940311],[16.5028309,47.9401251],[16.5027661,47.9395976],[16.5026193,47.9396855],[16.5025226,47.9397621],[16.5025206,47.9398801],[16.5025766,47.9400766],[16.5024697,47.9402244],[16.5021797,47.9402468],[16.5020683,47.9402287],[16.5018248,47.9401361],[16.5017429,47.9400191],[16.5012084,47.9400297],[16.5011472,47.9402142],[16.5009255,47.9405187],[16.500606,47.9405238],[16.5002984,47.9404023],[16.5000244,47.9402314],[16.499814,47.940231],[16.4997434,47.9402627],[16.4996788,47.9404075],[16.4997022,47.9405998],[16.4997853,47.9408831],[16.499826,47.9410867],[16.4997934,47.9413137],[16.4997467,47.9415033],[16.4995765,47.9415259],[16.499246,47.9414477],[16.4988148,47.941287],[16.498653,47.9412777],[16.4985137,47.9412842],[16.4982062,47.9413933],[16.4979543,47.9414232],[16.4976226,47.941354],[16.4972411,47.9411293],[16.497208,47.9409917],[16.4967334,47.9411198],[16.4959781,47.9413787],[16.4956305,47.9415788],[16.4952751,47.9416932],[16.4945702,47.941741],[16.4941371,47.9417281],[16.4932729,47.9416614],[16.4921026,47.941564],[16.4918306,47.9415949],[16.4913358,47.9417003],[16.4907567,47.9420747],[16.4904608,47.9425549],[16.4902028,47.9426931],[16.4899249,47.9428261],[16.4896387,47.9429768],[16.4893488,47.9429738],[16.4886374,47.9428826],[16.4882127,47.9428316],[16.4869858,47.9426318],[16.486191,47.9424031],[16.4857557,47.9422093],[16.4855023,47.9420095],[16.4853277,47.9418345],[16.4850377,47.9414241],[16.4850607,47.9409812],[16.4850738,47.940462],[16.4850419,47.9402075],[16.4848599,47.9399219],[16.484514,47.9395487],[16.4842547,47.9393315],[16.4841397,47.9392459],[16.4838617,47.9390407],[16.483456,47.9387515],[16.4829568,47.938501],[16.481819,47.9381831],[16.4807695,47.9378611],[16.4803853,47.9377316],[16.4796239,47.937457],[16.4792529,47.9373503],[16.4790903,47.9373709],[16.4788868,47.9374324],[16.4786696,47.9375173],[16.4781358,47.9377244],[16.4767786,47.9383346],[16.4765458,47.9383698],[16.4760953,47.9383226],[16.4756057,47.9382287],[16.475054,47.9380829],[16.4746551,47.9378816],[16.4741677,47.9376201],[16.473677,47.9374558],[16.4734006,47.9373779],[16.4727174,47.9374147],[16.4721569,47.9374347],[16.4717597,47.9373626],[16.4712656,47.9372359],[16.4708469,47.9371808],[16.4704242,47.9371508],[16.4700519,47.9372602],[16.469696,47.9374627],[16.4693698,47.9376988],[16.4690253,47.9380063],[16.468714,47.9383953],[16.4680896,47.9392082],[16.4678069,47.9393994],[16.4676245,47.9395311],[16.4670328,47.93978],[16.4667109,47.9398497],[16.4661233,47.9397796],[16.4657845,47.9396792],[16.4651461,47.9393892],[16.4645316,47.9390086],[16.4634027,47.9383464],[16.4627501,47.9380694],[16.4616641,47.9376433],[16.4608584,47.9373222],[16.4597101,47.9367502],[16.4583564,47.9362519],[16.4571985,47.9358415],[16.4565115,47.9355321],[16.4558719,47.9351189],[16.455535,47.9348537],[16.4552649,47.9346963],[16.4548475,47.9344605],[16.4539621,47.9342451],[16.4527787,47.9342571],[16.4523504,47.9342613],[16.4521698,47.9342759],[16.4510755,47.9342469],[16.4504229,47.9341808],[16.4497089,47.9340343],[16.4491199,47.9339558],[16.4487252,47.9338798],[16.4480762,47.9336359],[16.4478563,47.9332902],[16.4475732,47.9329766],[16.4470709,47.9325674],[16.4469357,47.9323687],[16.4467607,47.9319047],[16.4466988,47.9315135],[16.4465577,47.9309256],[16.4464854,47.9304403],[16.4461191,47.9300751],[16.445486,47.9296495],[16.4450422,47.9293687],[16.4443749,47.9291098],[16.4440764,47.9290272],[16.4435294,47.9289591],[16.4432528,47.928915],[16.4427338,47.9289219],[16.4423933,47.9289437],[16.4422416,47.9289744],[16.4417585,47.9289738],[16.440925,47.9288455],[16.4402434,47.9286649],[16.4395701,47.9280027],[16.4388343,47.9277764],[16.4379278,47.9277337],[16.4371005,47.9275505],[16.4368724,47.9274063],[16.4366346,47.9272323],[16.4359825,47.9267513],[16.4356139,47.926399],[16.4351714,47.9259692],[16.4349463,47.9257022],[16.4347561,47.9252203],[16.4346672,47.9250403],[16.434278,47.924505],[16.4337996,47.9240452],[16.4333831,47.9236546],[16.4331483,47.9233918],[16.4329161,47.9231634],[16.4322198,47.922486],[16.4315915,47.9217618],[16.4314206,47.9215808],[16.4306412,47.9210084],[16.430178,47.920699],[16.4296929,47.9205355],[16.4284164,47.92025],[16.4277576,47.9199924],[16.4276694,47.9199579],[16.4272406,47.9198164],[16.426986,47.9196768],[16.42671,47.9194402],[16.4265691,47.9192362],[16.4264873,47.9190312],[16.4264348,47.9188122],[16.4264858,47.9179901],[16.4265247,47.917792],[16.4266577,47.9173783],[16.4269043,47.9169879],[16.4271642,47.9165276],[16.4273171,47.9161729],[16.4272749,47.9158742],[16.4270981,47.9156516],[16.4268417,47.9155589],[16.4259775,47.9153815],[16.4258108,47.9153376],[16.4250623,47.9149954],[16.424482,47.9146081],[16.4242612,47.9144634],[16.4240022,47.9140386],[16.423808,47.9140178],[16.4235107,47.9139207],[16.4233741,47.9138258],[16.4231941,47.9137956],[16.4228327,47.913608],[16.4226235,47.9135822],[16.4223938,47.913492],[16.4222972,47.9133997],[16.4221143,47.9135057],[16.4217949,47.9132879],[16.4216563,47.9132841],[16.4214082,47.9134136],[16.4211895,47.9132551],[16.4208959,47.9133319],[16.4205031,47.9135399],[16.4201723,47.9136097],[16.4194317,47.913375],[16.4191833,47.9131535],[16.4192059,47.9129405],[16.4198584,47.9119523],[16.4207292,47.911092],[16.4212945,47.9111083],[16.4216687,47.9114918],[16.422004,47.9116717],[16.4236031,47.9118773],[16.424145,47.9116982],[16.4244575,47.9116996],[16.4244384,47.9114903],[16.4243145,47.9111488],[16.4241332,47.9108963],[16.4238899,47.9106815],[16.4234987,47.910468],[16.423177,47.9102586],[16.4227953,47.909959],[16.4226242,47.9098284],[16.4225445,47.9097157],[16.4223344,47.9094182],[16.4220057,47.9085818],[16.4213253,47.9081051],[16.4210589,47.9078134],[16.4208758,47.9074932],[16.4206588,47.9072421],[16.4204629,47.9070564],[16.4200697,47.9066911],[16.4197129,47.9060961],[16.4197285,47.9060024],[16.4197678,47.9059362],[16.4202164,47.9056937],[16.4204686,47.9054761],[16.4207833,47.9052945],[16.4210214,47.905204],[16.4213929,47.9052385],[16.4215905,47.9052851],[16.4219278,47.9053691],[16.422042,47.9054235],[16.4226251,47.9053021],[16.4226318,47.9049153],[16.4226058,47.9046427],[16.4225247,47.9043105],[16.4224757,47.9041705],[16.4223922,47.9040549],[16.4223025,47.9039003],[16.4223162,47.9036206],[16.4223976,47.9034635],[16.4226304,47.9032305],[16.4228409,47.9029788],[16.4228978,47.9026582],[16.4229007,47.9023388],[16.4228167,47.9019251],[16.4227466,47.9018549],[16.4226368,47.9017424],[16.4222977,47.9013322],[16.421934,47.901022],[16.4212127,47.9002933],[16.4210435,47.899943],[16.4212591,47.8993432],[16.4213238,47.89903],[16.4212783,47.8987463],[16.4210754,47.898327],[16.4207302,47.8979235],[16.4201875,47.8976575],[16.4198458,47.8974585],[16.4194473,47.8972382],[16.4191728,47.8969431],[16.4190257,47.8967683],[16.4191305,47.8967005],[16.4192936,47.8964863],[16.4195195,47.8961953],[16.4196659,47.8960309],[16.4198896,47.8957473],[16.420068,47.895567],[16.4201396,47.8953895],[16.4201666,47.8951334],[16.4199795,47.8947408],[16.4197965,47.8944433],[16.4189571,47.8939338],[16.4185207,47.8938299],[16.4177697,47.8940376],[16.4174532,47.8944152],[16.4172905,47.8947035],[16.4170846,47.8951995],[16.4169043,47.8954393],[16.4167094,47.8955805],[16.4159355,47.8955864],[16.4159283,47.8957144],[16.415601,47.8957029],[16.4150429,47.8956903],[16.4146574,47.8955657],[16.4140244,47.8953637],[16.4130092,47.8949954],[16.4131271,47.894867],[16.4129684,47.8946334],[16.4113883,47.8937851],[16.4104832,47.8933497],[16.4098375,47.8930848],[16.4096745,47.8928665],[16.4095449,47.8926796],[16.4095741,47.8924379],[16.4121048,47.8917041],[16.4137769,47.8912214],[16.4157732,47.890585],[16.4162206,47.8904349],[16.4160996,47.8902667],[16.415598,47.8896271],[16.4153808,47.8893402],[16.4151727,47.889164],[16.4147634,47.888828],[16.4138061,47.8882978],[16.4132144,47.8879035],[16.4121133,47.8871335],[16.4118049,47.8868939],[16.4113255,47.886475],[16.4104751,47.8858536],[16.4094005,47.8851685],[16.4086613,47.8846988],[16.4081724,47.8843725],[16.4086608,47.8840151],[16.4092828,47.8835495],[16.4097763,47.8832362],[16.4103216,47.882968],[16.4108632,47.8826186],[16.4116641,47.8819961],[16.4124897,47.8814291],[16.411457,47.8811853],[16.4105239,47.8811416],[16.4093912,47.8809782],[16.4092032,47.8809536],[16.4087955,47.8808858],[16.408665,47.8807801],[16.4073205,47.8798021],[16.4069547,47.8795352],[16.4067936,47.8793582],[16.4055686,47.8783393],[16.4047641,47.8777317],[16.4041851,47.8774329],[16.4027337,47.8767596],[16.4018244,47.8764274],[16.4013555,47.8763026],[16.400736,47.8761133],[16.4002986,47.8759724],[16.3978982,47.8771647],[16.392303,47.8799254],[16.3888917,47.8816009],[16.3861904,47.8793687],[16.3860814,47.8793138],[16.3859048,47.879225],[16.3854237,47.8788508],[16.3849579,47.8784664],[16.3847276,47.8782852],[16.3840527,47.8784675],[16.3836278,47.8785849],[16.3831841,47.8787106],[16.3831861,47.8785305],[16.3832042,47.8783182],[16.3831251,47.878071],[16.3828357,47.8773507],[16.3827456,47.8770373],[16.3827227,47.8768351],[16.3826141,47.8762831],[16.3825116,47.8761164],[16.3825383,47.8757993],[16.3825191,47.8756382],[16.3824129,47.8754094],[16.3821793,47.875225],[16.3818769,47.8750647],[16.3811066,47.8749088],[16.3808053,47.8748819],[16.3805664,47.8748293],[16.3801389,47.8746706],[16.379867,47.8745094],[16.3795554,47.8742399],[16.3788964,47.8737092],[16.378285,47.8734236],[16.3780162,47.8732971],[16.3777395,47.8731372],[16.377051,47.8729052],[16.3756657,47.8725085],[16.3752644,47.8724155],[16.3748388,47.8723417],[16.3740287,47.8721386],[16.372621,47.8717518],[16.3716446,47.8715627],[16.3711703,47.8714157],[16.370896,47.8713273],[16.3702937,47.8708175],[16.3700802,47.8705572],[16.3694817,47.8702723],[16.3690498,47.8701628],[16.368204,47.8701214],[16.367749,47.870129],[16.3671597,47.8701492],[16.3658723,47.8701589],[16.3652805,47.8700713],[16.3646929,47.8700061],[16.3640031,47.8700604],[16.3636993,47.8700838],[16.3633632,47.8700412],[16.362805,47.8698797],[16.3624531,47.8697586],[16.3620732,47.8696167],[16.3613118,47.8693997],[16.3611342,47.8693311],[16.3606694,47.8691095],[16.3600921,47.8686852],[16.3593645,47.8681859],[16.3592561,47.8676467],[16.3592103,47.8674723],[16.359174,47.8673624],[16.3589272,47.8670801],[16.3586588,47.8668765],[16.3585617,47.8668026],[16.3583619,47.866715],[16.3578417,47.8664988],[16.3577323,47.8664683],[16.3575032,47.8664482],[16.3565492,47.8663968],[16.3563476,47.8663467],[16.3561796,47.8662578],[16.3557175,47.8661286],[16.3552744,47.8660821],[16.3550296,47.8660625],[16.3548616,47.866065],[16.3546114,47.8661639],[16.3543765,47.866282],[16.3542007,47.8664707],[16.3538852,47.8666924],[16.3536627,47.8668163],[16.3529817,47.8670762],[16.3526886,47.8671395],[16.3521704,47.8671605],[16.3514802,47.8671974],[16.3509244,47.8672422],[16.3501232,47.8674186],[16.3497341,47.8675548],[16.3493693,47.8676805],[16.348742,47.867926],[16.3484057,47.8680413],[16.3479861,47.8681454],[16.3479615,47.8678756],[16.348153,47.8674976],[16.3482582,47.8672143],[16.348372,47.8670612],[16.3490097,47.8666278],[16.3509961,47.8654653],[16.3534147,47.8641353],[16.3548049,47.8633359],[16.3555253,47.8629388],[16.3572889,47.8619453],[16.3580664,47.8614522],[16.3593638,47.8606485],[16.3625581,47.8586439],[16.3633488,47.8581486],[16.3634582,47.8580801],[16.3662764,47.8564997],[16.3685767,47.8551825],[16.3692893,47.854741],[16.3700747,47.8543447],[16.3701439,47.8543125],[16.3707413,47.854035],[16.3709612,47.8539329],[16.3714272,47.8536954],[16.3718664,47.8535123],[16.3729342,47.8530916],[16.3743751,47.8525519],[16.3744526,47.8525132],[16.3745053,47.8524868],[16.3754571,47.8520168],[16.3764844,47.8515153],[16.3773633,47.850978],[16.3776793,47.8507811],[16.3781197,47.8505066],[16.3785532,47.8501771],[16.3787423,47.8499612],[16.3787468,47.8499159],[16.3788322,47.8498739],[16.378957,47.8498228],[16.3791822,47.8498014],[16.3792768,47.8498139],[16.3793839,47.8497959],[16.3797059,47.8495824],[16.3798471,47.8495043],[16.379961,47.8494518],[16.3800032,47.8494187],[16.3801407,47.8492623],[16.380273,47.8491958],[16.3805242,47.8491353],[16.3805751,47.8491115],[16.3807071,47.8490638],[16.3809495,47.8489328],[16.3811147,47.8488656],[16.3812317,47.848833],[16.3814633,47.8487237],[16.3815528,47.8486698],[16.3816493,47.8486372],[16.381757,47.8485687],[16.381813,47.8484977],[16.3820162,47.8483748],[16.382459,47.8481883],[16.3836207,47.8476111],[16.3837742,47.8475242],[16.3839747,47.8473461],[16.3844525,47.846998],[16.3847745,47.8467689],[16.3848868,47.8466628],[16.385677,47.8458042],[16.3859197,47.8455409],[16.3860907,47.8453108],[16.3861929,47.8451424],[16.3866198,47.8445272],[16.3869532,47.8440431],[16.3871675,47.843707],[16.3875395,47.8431608],[16.3878561,47.8427309],[16.3880207,47.8425623],[16.3872915,47.8421227],[16.386664,47.8417067],[16.3856446,47.8410044],[16.385138,47.8406586],[16.384591,47.8402942],[16.384145,47.8399975],[16.3836944,47.839708],[16.3833229,47.8394756],[16.3829238,47.839228],[16.3826541,47.8390748],[16.382281,47.8388647],[16.3822523,47.838848],[16.3820985,47.8387844],[16.3816227,47.8385888],[16.3814923,47.8385258],[16.3814518,47.8385058],[16.3789212,47.8373238],[16.3796962,47.8369631],[16.3803376,47.8366629],[16.3775267,47.8347911],[16.3767737,47.8342923],[16.3719662,47.8310679],[16.3739596,47.8299432],[16.3745636,47.8294465],[16.375353,47.8288095],[16.3760513,47.8282314],[16.3771918,47.8273172],[16.3767059,47.827191],[16.3755296,47.8268677],[16.3725124,47.8260425],[16.3715301,47.8257698],[16.3694194,47.8251876],[16.3674318,47.8246373],[16.3654825,47.8241176],[16.364301,47.8237802],[16.3639142,47.8236709],[16.3628183,47.8233735],[16.3623338,47.8232514],[16.362134,47.8232393],[16.360307,47.8232045],[16.3590629,47.822855],[16.3577827,47.8221152],[16.3563909,47.8214105],[16.3556733,47.8211387],[16.3551183,47.8209654],[16.354969,47.8208726],[16.354752,47.8207101],[16.3542844,47.820323],[16.3523002,47.8187868],[16.3519698,47.8189462],[16.3507647,47.8183192],[16.3498031,47.8176816],[16.3489495,47.8169685],[16.348843,47.8168531],[16.348342,47.816082],[16.3480715,47.8156321],[16.3480723,47.8152129],[16.3481022,47.8150626],[16.3482328,47.8148639],[16.3486438,47.8141821],[16.3489103,47.8136561],[16.3489955,47.8134277],[16.3490388,47.8131656],[16.3490487,47.8127629],[16.3491675,47.8123069],[16.3493133,47.8121456],[16.3492016,47.811536],[16.3490474,47.8106272],[16.3490742,47.8105626],[16.3491079,47.8105134],[16.3492558,47.8102977],[16.3499257,47.8101964],[16.3498566,47.8099202],[16.3496344,47.8091252],[16.3493344,47.8088265],[16.3490817,47.8084736],[16.348931,47.8081163],[16.3489841,47.8076002],[16.3490119,47.8072536],[16.3489345,47.8068268],[16.348839,47.8063092],[16.3487101,47.80578],[16.3479089,47.8050007],[16.3475445,47.8046533],[16.3469892,47.8045072],[16.3467368,47.804313],[16.346331,47.8039692],[16.3458446,47.8036244],[16.3449958,47.8030201],[16.3448576,47.8029531],[16.344705,47.8027094],[16.3445496,47.8024432],[16.3443916,47.8023186],[16.3443158,47.8022609],[16.3441397,47.8020807],[16.3439663,47.8018466],[16.3435127,47.8014012],[16.3434504,47.8013857],[16.3434273,47.8013791],[16.343206,47.8015895],[16.3428007,47.8018954],[16.3424229,47.8022765],[16.3422263,47.8024029],[16.3418038,47.8025895],[16.3417169,47.8026828],[16.3416629,47.8027279],[16.3409932,47.802899],[16.340303,47.8030621],[16.3388782,47.8027194],[16.3381395,47.8025666],[16.3374787,47.8024544],[16.3368236,47.802398],[16.3362481,47.8022225],[16.3357772,47.8020396],[16.3355033,47.8019503],[16.3351148,47.8019445],[16.3347728,47.8019684],[16.3341426,47.801696],[16.3335088,47.8013177],[16.333041,47.8011199],[16.3322459,47.8008995],[16.331719,47.8006309],[16.3316225,47.8005134],[16.3314608,47.800245],[16.3314412,47.8001556],[16.3311733,47.7995924],[16.3308992,47.7991864],[16.3306257,47.7989843],[16.3304046,47.7987053],[16.3303136,47.7985952],[16.3301473,47.7984754],[16.3298555,47.7981926],[16.3294276,47.7976646],[16.3293066,47.79745],[16.3289922,47.7970366],[16.3287254,47.7967175],[16.3285678,47.7965923],[16.3279668,47.7959666],[16.3278133,47.7958733],[16.3276215,47.7957371],[16.3273598,47.7954888],[16.3270411,47.7951382],[16.3267161,47.7947453],[16.3264888,47.7944547],[16.3261858,47.7941282],[16.3260041,47.7938459],[16.3259034,47.7935361],[16.3258771,47.7933153],[16.3258892,47.7929525],[16.3259167,47.7928701],[16.3256986,47.7923828],[16.3256246,47.7920629],[16.3253941,47.7915754],[16.325321,47.7912479],[16.3250124,47.790605],[16.3246897,47.7900148],[16.324518,47.7896341],[16.3241466,47.7890887],[16.323575,47.7885951],[16.3232731,47.7882092],[16.3226292,47.7878067],[16.3223275,47.7876464],[16.3220826,47.7875751],[16.3213021,47.7872902],[16.3210145,47.7869925],[16.320549,47.7867601],[16.3202209,47.7865721],[16.3197141,47.7863728],[16.3193897,47.7861597],[16.3192509,47.7860685],[16.3189157,47.7858747],[16.3186356,47.7857822],[16.3179332,47.7856287],[16.3177417,47.7855558],[16.317713,47.7855407],[16.3174848,47.7854012],[16.3172228,47.7852987],[16.3161341,47.7852714],[16.3160722,47.7852242],[16.3156194,47.7845927],[16.3138278,47.7858862],[16.3126204,47.7868386],[16.312084,47.7872597],[16.3113287,47.7878311],[16.3074833,47.7908037],[16.3075627,47.7909082],[16.3076958,47.7914069],[16.3077579,47.7917874],[16.3078199,47.7919828],[16.3079184,47.7922931],[16.3080347,47.7926266],[16.3083073,47.793236],[16.3087564,47.7939344],[16.3087677,47.7942329],[16.3091814,47.7950604],[16.3094184,47.7954403],[16.3098248,47.7958323],[16.3101328,47.7962274],[16.3103534,47.7964955],[16.3108652,47.7968759],[16.3108026,47.7970788],[16.3106636,47.7973829],[16.3104415,47.797897],[16.3103034,47.798222],[16.3101046,47.7987888],[16.309811,47.7996718],[16.3094879,47.800675],[16.3092516,47.8012954],[16.3092147,47.8013957],[16.3091139,47.8016695],[16.3089745,47.8019421],[16.3087522,47.8023044],[16.308561,47.8024343],[16.3082763,47.8027302],[16.3082284,47.8027895],[16.3078507,47.8034014],[16.3095118,47.8033393],[16.3098153,47.80335],[16.3102897,47.8033875],[16.3107051,47.803499],[16.311928,47.8039978],[16.3124646,47.804215],[16.312814,47.8043083],[16.3138144,47.8044842],[16.3145125,47.8046406],[16.3147122,47.804783],[16.3127415,47.805756],[16.311642,47.8062727],[16.31108,47.806515],[16.3099511,47.8069547],[16.3089769,47.8073087],[16.3079451,47.8074755],[16.3071051,47.8075938],[16.3061856,47.8077261],[16.304994,47.8078948],[16.3021058,47.8082571],[16.3004488,47.8084685],[16.2989955,47.8086983],[16.2971252,47.8089198],[16.2960908,47.809044],[16.2953876,47.8092057],[16.29428,47.8094604],[16.2940834,47.8095235],[16.2925359,47.8098106],[16.2918321,47.8099399],[16.2908512,47.8100534],[16.2903235,47.8101596],[16.2890377,47.8104338],[16.2874643,47.8109176],[16.2865464,47.8112179],[16.2858954,47.8114573],[16.2851456,47.8111612],[16.2839246,47.8110279],[16.2834904,47.8108887],[16.2826426,47.8108782],[16.2811932,47.8108152],[16.2804073,47.8107302],[16.2795615,47.8106286],[16.2787513,47.8104949],[16.2781908,47.8103023],[16.2772691,47.8097585],[16.2763802,47.8086273],[16.2761388,47.8081621],[16.2751846,47.8062891],[16.2746752,47.805174],[16.2741465,47.8042461],[16.273347,47.802812],[16.2729307,47.8023094],[16.2720099,47.8014719],[16.2717193,47.8011992],[16.2710779,47.8002863],[16.2708969,47.7997655],[16.2706605,47.7990933],[16.2699771,47.7978573],[16.2696688,47.7973663],[16.2690424,47.7964152],[16.2687759,47.7955032],[16.2686348,47.7949383],[16.2687027,47.794434],[16.2687202,47.7932788],[16.268677,47.7928384],[16.2685716,47.7920477],[16.2687389,47.7910833],[16.2695862,47.7910135],[16.2700413,47.7910294],[16.2720723,47.7908042],[16.2730628,47.7905822],[16.2740155,47.7903313],[16.2741765,47.7908683],[16.2743701,47.7916922],[16.2744763,47.7918638],[16.2745568,47.7919549],[16.2749876,47.7922211],[16.2753387,47.7923506],[16.275344,47.792961],[16.2758368,47.7929793],[16.2763096,47.7929664],[16.2773892,47.7928658],[16.2789487,47.7926269],[16.2795798,47.7924409],[16.2817838,47.7917273],[16.2817242,47.7915974],[16.2823709,47.7910399],[16.282538,47.7908627],[16.2827775,47.7907253],[16.2840537,47.7901538],[16.2840585,47.7899945],[16.286284,47.789488],[16.2887942,47.7889057],[16.2897633,47.7886446],[16.2901893,47.7885945],[16.2906291,47.7885821],[16.2915277,47.7887407],[16.2934122,47.7882912],[16.2962181,47.7876715],[16.2984703,47.7870225],[16.2999887,47.7867342],[16.3011874,47.7862872],[16.3020224,47.785903],[16.302929,47.7855595],[16.3035161,47.7851796],[16.3036419,47.7848594],[16.3037838,47.7843016],[16.3033914,47.782703],[16.3031666,47.7822859],[16.3030057,47.7817544],[16.3028606,47.7811856],[16.3027551,47.7808849],[16.3021838,47.7803048],[16.3017064,47.7799387],[16.3014398,47.7798522],[16.3018322,47.7793313],[16.3018095,47.7791571],[16.3015477,47.7791262],[16.3012053,47.7790866],[16.3010554,47.7790692],[16.3008382,47.7789786],[16.3006212,47.7787046],[16.3005681,47.7785526],[16.3003015,47.7780808],[16.3002339,47.7776765],[16.300019,47.7768477],[16.3000209,47.7764158],[16.3000646,47.7759479],[16.2996542,47.7754495],[16.2992082,47.7750212],[16.2990674,47.7748106],[16.2979658,47.7736777],[16.2977182,47.7733336],[16.2973883,47.7729141],[16.2972234,47.7727816],[16.2968487,47.7721347],[16.2967947,47.7717159],[16.2963685,47.7710947],[16.2961314,47.7706453],[16.2960099,47.7701663],[16.2959123,47.7700289],[16.295393,47.7696906],[16.2950374,47.7693024],[16.2948096,47.7690598],[16.2940302,47.7685272],[16.293836,47.7683078],[16.2938564,47.7681865],[16.2942287,47.7679112],[16.2944687,47.7676742],[16.2948861,47.7675007],[16.2956411,47.7672741],[16.2957742,47.7668447],[16.296033,47.7665156],[16.2962218,47.7663685],[16.2963436,47.7657253],[16.2964241,47.7652019],[16.2964466,47.7649006],[16.2963723,47.7645615],[16.2965378,47.7644041],[16.2967749,47.7640808],[16.2968495,47.7638849],[16.2968189,47.7632861],[16.2969216,47.7627402],[16.2970858,47.7623814],[16.297406,47.762127],[16.2977298,47.7619519],[16.2979658,47.7618484],[16.2983875,47.7617299],[16.2988917,47.7615815],[16.299039,47.7614825],[16.2991131,47.7614232],[16.2992209,47.7613323],[16.2993181,47.7612357],[16.2993416,47.7611847],[16.2993986,47.7610821],[16.2998597,47.7597774],[16.2998672,47.759003],[16.2997996,47.758647],[16.2996172,47.758164],[16.2994316,47.7574726],[16.2986235,47.7562012],[16.2985537,47.7556968],[16.2985956,47.7547586],[16.2990406,47.7542142],[16.2992801,47.7537482],[16.2991975,47.7532507],[16.2988383,47.7518704],[16.2988997,47.7515132],[16.2991629,47.7506467],[16.2991626,47.7502344],[16.2993761,47.7493725],[16.2994193,47.7488073],[16.2991902,47.7480634],[16.2985545,47.7474735],[16.2983287,47.7470311],[16.298127,47.7467885],[16.2979467,47.7466527],[16.2969913,47.7460791],[16.296511,47.7458806],[16.2955894,47.7455895],[16.2949671,47.7452621],[16.2945495,47.7447818],[16.2943676,47.7444745],[16.2943797,47.7442393],[16.2946171,47.743862],[16.2948585,47.7433452],[16.295025,47.7431173],[16.2954826,47.7426611],[16.2956232,47.7424445],[16.2956312,47.7422773],[16.2959593,47.7418599],[16.2963826,47.7415047],[16.2964169,47.7408314],[16.2964926,47.7405982],[16.2966784,47.7402342],[16.2966734,47.7400266],[16.296632,47.739874],[16.2962673,47.7394338],[16.296068,47.7390153],[16.2959132,47.7388007],[16.2953819,47.738333],[16.2950863,47.73811],[16.2945214,47.7378282],[16.293816,47.7373867],[16.2936543,47.737211],[16.2934696,47.737075],[16.2932004,47.7368919],[16.2929711,47.7366745],[16.292753,47.7362342],[16.2925755,47.7357069],[16.292307,47.7352115],[16.2922721,47.7348451],[16.2920573,47.7339605],[16.2919991,47.7333053],[16.2918392,47.7326957],[16.2918692,47.731034],[16.2916965,47.7305211],[16.2914811,47.7302964],[16.2912612,47.729917],[16.2911244,47.7293047],[16.291152,47.7288898],[16.2911163,47.7287108],[16.2912969,47.7280268],[16.291435,47.727852],[16.2915361,47.7275085],[16.291514,47.7270964],[16.291509,47.7269546],[16.2914535,47.7266019],[16.2915503,47.7260938],[16.2917917,47.7253062],[16.2919395,47.7247678],[16.2921844,47.7242938],[16.2922528,47.7240957],[16.2924049,47.723363],[16.2924881,47.7232338],[16.2926431,47.7231277],[16.2928531,47.7229025],[16.2930415,47.722375],[16.293242,47.7215272],[16.2934035,47.7212004],[16.2934737,47.7205003],[16.2927434,47.7197047],[16.2924147,47.7189005],[16.2924395,47.7185509],[16.2926055,47.7182744],[16.2932179,47.7177044],[16.2938935,47.7173097],[16.2940939,47.7171751],[16.2942052,47.7170188],[16.2941513,47.7168604],[16.2940308,47.7166799],[16.2940231,47.7165192],[16.2942371,47.7161886],[16.2947717,47.7156335],[16.2950575,47.7153134],[16.2956677,47.7147202],[16.2964203,47.7139348],[16.2970157,47.713282],[16.2977237,47.7128212],[16.2988607,47.7118461],[16.299,47.7116622],[16.2990767,47.7114988],[16.2991124,47.7113681],[16.2991117,47.7111275],[16.2991936,47.7108341],[16.2993482,47.7106177],[16.299495,47.7105021],[16.2998679,47.7102817],[16.3008504,47.7096537],[16.300807,47.7096122],[16.3010578,47.7089281],[16.3018581,47.707908],[16.3019345,47.7076497],[16.3023107,47.7073057],[16.3025283,47.7069586],[16.3026187,47.7065655],[16.3025454,47.70581],[16.3026709,47.7053118],[16.302602,47.7048483],[16.3026386,47.7046593],[16.3027774,47.7043094],[16.3032647,47.7038623],[16.3034344,47.7034312],[16.3034123,47.7032382],[16.3031039,47.7026405],[16.3032139,47.7019771],[16.3030875,47.7007979],[16.3034107,47.700285],[16.3041233,47.6996122],[16.304369,47.6993814],[16.3045032,47.6991846],[16.3045104,47.6989797],[16.3044308,47.6986149],[16.304432,47.6984275],[16.3044992,47.6980121],[16.3046018,47.6974822],[16.3046484,47.6973379],[16.3047221,47.6972029],[16.3048727,47.6970272],[16.3050068,47.6968961],[16.305239,47.6967457],[16.3057167,47.6965102],[16.3061358,47.6963086],[16.3067387,47.6960514],[16.3073315,47.695893],[16.3076384,47.6958219],[16.3082854,47.6957246],[16.3087421,47.6955673],[16.3090998,47.6954019],[16.309355,47.6953125],[16.3096193,47.6951284],[16.3100443,47.6948795],[16.3102277,47.6947057],[16.310275,47.6945251],[16.3103605,47.6942191],[16.3107925,47.6936421],[16.3108503,47.6934094],[16.310782,47.6927957],[16.3107742,47.6926827],[16.3107067,47.6924717],[16.3101669,47.6917052],[16.3097829,47.6911154],[16.3094529,47.6904919],[16.3092533,47.6898499],[16.3091105,47.6896255],[16.3090268,47.6895312],[16.3088794,47.6892056],[16.3088423,47.68908],[16.3088511,47.6889479],[16.3088734,47.6887763],[16.3089395,47.6881361],[16.3089075,47.6877019],[16.3088317,47.6875212],[16.3087092,47.6871857],[16.3088857,47.6871248],[16.3090394,47.6871728],[16.3095409,47.6872077],[16.3096645,47.6872412],[16.3098647,47.6873207],[16.3101053,47.6873538],[16.3102567,47.6873421],[16.3105691,47.687293],[16.3107996,47.6872686],[16.3112202,47.6872513],[16.3115426,47.6872706],[16.3119286,47.6872633],[16.3121973,47.6871954],[16.3124747,47.6870748],[16.3128127,47.6869329],[16.3131315,47.6868081],[16.3134673,47.6867242],[16.3139609,47.686609],[16.3153383,47.6863613],[16.31657,47.6860871],[16.3173855,47.685849],[16.317809,47.6856478],[16.3184589,47.685391],[16.3191473,47.6851032],[16.3196426,47.6848892],[16.3203122,47.6847006],[16.3204482,47.6846772],[16.3206563,47.6846216],[16.3208213,47.6845541],[16.3209641,47.6844161],[16.3214825,47.6841135],[16.3218161,47.6839407],[16.3223829,47.6837322],[16.3230153,47.6835464],[16.3234778,47.683453],[16.3237461,47.6833338],[16.3238556,47.6832557],[16.32435,47.6830778],[16.324649,47.6828653],[16.3252992,47.6824616],[16.3261845,47.6822148],[16.326742,47.6819193],[16.3269224,47.6817817],[16.3270764,47.6817092],[16.327427,47.6816003],[16.3279808,47.6814961],[16.328176,47.6813941],[16.3287033,47.6809751],[16.3290145,47.6806109],[16.329278,47.680377],[16.3296394,47.6801417],[16.3298275,47.6801112],[16.3300565,47.6801427],[16.3303027,47.6801109],[16.3307453,47.6800028],[16.3309312,47.6799161],[16.3315697,47.6794815],[16.3320918,47.6792118],[16.3326831,47.6789174],[16.3332501,47.6786518],[16.3336216,47.6785466],[16.3350064,47.678524],[16.3355719,47.6786026],[16.3358364,47.6787309],[16.3360813,47.6788256],[16.3362843,47.6788747],[16.3364305,47.6789416],[16.3367325,47.6791508],[16.3370186,47.6794624],[16.3373068,47.6796774],[16.3374968,47.6797228],[16.3383766,47.6798099],[16.3388138,47.6797678],[16.339413,47.6796805],[16.3398831,47.6797036],[16.3401632,47.679737],[16.3407803,47.6795301],[16.3410859,47.6794044],[16.341672,47.6792423],[16.3419969,47.6792273],[16.3427963,47.6790165],[16.3430057,47.678983],[16.3431651,47.6789676],[16.3436271,47.6789984],[16.3438026,47.6789703],[16.3440897,47.6788705],[16.3443243,47.6788578],[16.3444547,47.67887],[16.3446076,47.678919],[16.3447215,47.6790073],[16.3448539,47.6792993],[16.3450672,47.6800255],[16.3453334,47.6801761],[16.3456544,47.6802544],[16.3462438,47.6803235],[16.3469285,47.6802979],[16.3473007,47.6803334],[16.3482246,47.6804518],[16.3496299,47.6806061],[16.3501319,47.6806792],[16.3503563,47.6806731],[16.3511019,47.6805012],[16.3519144,47.6804707],[16.3522786,47.680411],[16.3526801,47.6803152],[16.3531711,47.68013],[16.353624,47.6800797],[16.3541009,47.679936],[16.3544169,47.6797997],[16.354685,47.6796504],[16.3550617,47.6795532],[16.3554565,47.679523],[16.3561101,47.6794939],[16.3564555,47.6795523],[16.3566786,47.6795213],[16.3566194,47.6793376],[16.3561256,47.678917],[16.3557762,47.6787086],[16.3551649,47.6780686],[16.3550585,47.6780047],[16.3547284,47.677557],[16.3544159,47.677282],[16.3542318,47.6768601],[16.3540292,47.6765185],[16.3539441,47.6761728],[16.3539534,47.6759809],[16.3538525,47.6756568],[16.3537061,47.675441],[16.3535714,47.674953],[16.3534743,47.6745608],[16.353399,47.6741753],[16.3531312,47.6736876],[16.35291,47.6733853],[16.3527142,47.6729869],[16.3524216,47.6726539],[16.3523738,47.6724394],[16.3518525,47.6719978],[16.3517383,47.6718121],[16.3517604,47.6716538],[16.3519087,47.6712585],[16.3524579,47.670793],[16.3526138,47.6706122],[16.3529449,47.6703893],[16.3532584,47.6702134],[16.3536144,47.670087],[16.354536,47.6694876],[16.3549137,47.6691718],[16.3551091,47.6689336],[16.3553416,47.6685389],[16.3556711,47.668037],[16.3558045,47.6678906],[16.3559531,47.6677672],[16.3563207,47.6675698],[16.3564968,47.6674015],[16.3566902,47.6669817],[16.3568073,47.6667165],[16.3569996,47.666393],[16.3573487,47.665995],[16.3576534,47.6654037],[16.3579268,47.664996],[16.3582621,47.6647794],[16.3585803,47.6646055],[16.3589265,47.6643241],[16.3590716,47.6641317],[16.3591872,47.6639095],[16.3592034,47.6637218],[16.3591844,47.6633535],[16.35922,47.6631308],[16.3592959,47.6628405],[16.3594694,47.6626907],[16.3598597,47.6624138],[16.3601742,47.6620112],[16.3602806,47.6617437],[16.3603325,47.6615072],[16.3604765,47.6610583],[16.3606687,47.6605369],[16.3606294,47.6604543],[16.3605306,47.6603],[16.3602067,47.6599276],[16.360176,47.6597693],[16.3599574,47.6593342],[16.3598728,47.6590797],[16.3598538,47.6587272],[16.3597994,47.6584811],[16.3598217,47.6583315],[16.3599398,47.65815],[16.3599865,47.658041],[16.3600781,47.6577218],[16.3602123,47.6574494],[16.3604015,47.657236],[16.3606353,47.6570091],[16.3608468,47.656656],[16.3613446,47.6560688],[16.3614807,47.6558935],[16.3617161,47.6552358],[16.3620887,47.6547109],[16.3624764,47.6541102],[16.3624911,47.6538637],[16.3626281,47.6535083],[16.3631889,47.6529846],[16.3637098,47.6526487],[16.3638985,47.6523811],[16.3644794,47.6518647],[16.364697,47.6515681],[16.3651141,47.6511605],[16.3656624,47.6505848],[16.3659897,47.6503343],[16.3667064,47.6498929],[16.3668676,47.6497915],[16.3671776,47.6495964],[16.3675335,47.6492765],[16.3679332,47.6490225],[16.3681898,47.6488058],[16.3687842,47.6483447],[16.3690146,47.6481236],[16.369388,47.6478151],[16.3696964,47.6475114],[16.3698228,47.64731],[16.3699347,47.6471318],[16.3700858,47.6468912],[16.3710514,47.6455323],[16.3716828,47.6448057],[16.3719468,47.6443688],[16.3720622,47.644072],[16.3722153,47.6436868],[16.3722258,47.6434088],[16.3723368,47.6430337],[16.3725495,47.6426291],[16.3725003,47.6424782],[16.3724902,47.6424192],[16.3722545,47.641678],[16.3721647,47.6412715],[16.3720756,47.6410743],[16.3720529,47.6408156],[16.372068,47.6406518],[16.3722562,47.6401068],[16.3722339,47.6399039],[16.3720625,47.6392826],[16.3719396,47.6391109],[16.371754,47.6389198],[16.3716344,47.6386527],[16.3712624,47.6379284],[16.3710253,47.6378004],[16.370793,47.6375801],[16.3705623,47.6374717],[16.370066,47.6370582],[16.3699607,47.636955],[16.3692827,47.6367748],[16.3689324,47.6365018],[16.3683414,47.6362672],[16.3680701,47.6360483],[16.3676836,47.6358305],[16.3678246,47.6352048],[16.3680575,47.634687],[16.3682631,47.6344392],[16.3683273,47.6343762],[16.3683227,47.6342871],[16.3683763,47.6342581],[16.3684857,47.6341183],[16.3684836,47.6340449],[16.3685562,47.6339476],[16.368521,47.633877],[16.3685212,47.6337539],[16.3684863,47.6335441],[16.3686778,47.6333562],[16.3686338,47.6332857],[16.3687491,47.6332207],[16.3688806,47.6331101],[16.3688055,47.6330291],[16.3688618,47.6329495],[16.3689746,47.6328745],[16.3689718,47.6327887],[16.3688993,47.6327164],[16.3689905,47.6326603],[16.36913,47.632626],[16.3692057,47.6325453],[16.369177,47.6325166],[16.3692038,47.6324805],[16.3691863,47.6323919],[16.3692574,47.6323377],[16.3692319,47.6322993],[16.369265,47.6322888],[16.3692963,47.6321597],[16.3692656,47.6321362],[16.3692722,47.6321154],[16.3691998,47.632063],[16.3692319,47.6320404],[16.3691984,47.6320124],[16.3692293,47.6319726],[16.369303,47.6319663],[16.3692869,47.6319166],[16.3693895,47.6319312],[16.3694279,47.6318734],[16.369476,47.6318524],[16.3694841,47.6317864],[16.369535,47.6317611],[16.3695618,47.6316554],[16.3696922,47.6315484],[16.3698416,47.6312593],[16.3695559,47.6312315],[16.3695531,47.6311717],[16.369632,47.6310497],[16.3698469,47.6308832],[16.3700268,47.6308394],[16.3700468,47.630785],[16.369964,47.6305454],[16.3699937,47.6305022],[16.3699196,47.6303716],[16.3700347,47.6302952],[16.3701223,47.6302534],[16.370298,47.6300087],[16.3704121,47.6299599],[16.3704228,47.6298641],[16.3703284,47.6298537],[16.3703477,47.6296562],[16.3703078,47.6295638],[16.3705251,47.6294933],[16.3706314,47.6294945],[16.3708226,47.629495],[16.370849,47.6293715],[16.3708387,47.6292462],[16.370937,47.6291607],[16.3710611,47.6291077],[16.371147,47.6290145],[16.3712788,47.6289667],[16.3715708,47.6287441],[16.3717622,47.6284841],[16.3718599,47.6282872],[16.3718538,47.6281129],[16.3717858,47.6280452],[16.3717792,47.6279723],[16.3718624,47.6278796],[16.371941,47.627854],[16.3720356,47.6277536],[16.3722233,47.6276788],[16.3722731,47.6275161],[16.3721958,47.6274437],[16.372228,47.6273714],[16.3722977,47.6273479],[16.3722847,47.6272971],[16.3720268,47.6270622],[16.3719088,47.6270677],[16.3718015,47.6269917],[16.3718664,47.6269168],[16.3719012,47.626583],[16.3719287,47.6264927],[16.3720256,47.6264353],[16.3720661,47.6263721],[16.3720999,47.6262814],[16.3719758,47.6261927],[16.3719624,47.6260951],[16.3720188,47.6260716],[16.3720893,47.6259992],[16.3720592,47.6259339],[16.3719329,47.6258764],[16.3719678,47.6257498],[16.3720319,47.6257358],[16.372127,47.625482],[16.3721241,47.6253903],[16.3719945,47.6249605],[16.3717918,47.6249002],[16.371487,47.624653],[16.3714626,47.624359],[16.3714693,47.6241094],[16.3714773,47.6237336],[16.3714472,47.6234057],[16.3711695,47.623167],[16.3708383,47.6229385],[16.3704475,47.6227487],[16.3703186,47.6227517],[16.3701043,47.6226364],[16.3699747,47.622521],[16.3699113,47.6222469],[16.3693566,47.6218756],[16.3692534,47.6215669],[16.3683748,47.6209747],[16.3682644,47.6209854],[16.3677411,47.6212174],[16.3674607,47.621378],[16.3673608,47.6214029],[16.367182,47.6214096],[16.3669956,47.6214165],[16.3667858,47.6213641],[16.3665856,47.6213997],[16.3661611,47.6213844],[16.3655037,47.621337],[16.3652301,47.6212665],[16.3650144,47.6212932],[16.3646098,47.6212437],[16.3638349,47.6212391],[16.3634793,47.6212811],[16.3628644,47.6213261],[16.3626773,47.6213562],[16.3623467,47.6212936],[16.3621486,47.6212911],[16.3619927,47.6212719],[16.3618033,47.6211832],[16.3617673,47.6211146],[16.3616011,47.6211562],[16.3612379,47.62109],[16.3609374,47.621093],[16.3608527,47.6210622],[16.3606622,47.62108],[16.3604742,47.6210335],[16.3602269,47.6210659],[16.359928,47.6210519],[16.359863,47.6210062],[16.3596737,47.6209812],[16.3595545,47.6208809],[16.3592001,47.6208621],[16.3590788,47.6208814],[16.3588858,47.6208556],[16.3587092,47.6207369],[16.3583306,47.6207046],[16.3578902,47.6205932],[16.3574546,47.6205397],[16.3570073,47.6205817],[16.3565718,47.6206445],[16.3564083,47.6207193],[16.3558366,47.6206995],[16.3556284,47.620647],[16.355276,47.6204939],[16.3549477,47.6202745],[16.3546372,47.6201189],[16.3542535,47.6199788],[16.354154,47.6199108],[16.3540453,47.6197015],[16.3539428,47.61964],[16.3536467,47.6195283],[16.3534591,47.61947],[16.353515,47.6193063],[16.3530739,47.6188955],[16.3527361,47.618551],[16.352507,47.6184818],[16.3521375,47.6181867],[16.3519189,47.6179665],[16.3512893,47.617636],[16.3507712,47.617408],[16.3500986,47.6171145],[16.3499385,47.6170127],[16.3496958,47.6168279],[16.3493805,47.6168164],[16.3490077,47.6166312],[16.3487907,47.6165303],[16.3481734,47.6162469],[16.347995,47.6161873],[16.3480659,47.616086],[16.3482583,47.6158755],[16.3488592,47.6152615],[16.3494608,47.6148491],[16.3506474,47.614094],[16.3507731,47.6136669],[16.3507566,47.6135399],[16.3507644,47.6133651],[16.3508526,47.6131889],[16.351073,47.6130311],[16.3508937,47.6128076],[16.3509416,47.6127974],[16.3509737,47.6127175],[16.3510436,47.6126732],[16.3511512,47.6126955],[16.3512209,47.6127507],[16.3512977,47.6127236],[16.351466,47.6127201],[16.3514864,47.6126232],[16.3515428,47.6125644],[16.3516876,47.6126078],[16.3517561,47.6125698],[16.351786,47.6125154],[16.3518128,47.612254],[16.3518787,47.6122104],[16.351988,47.6121955],[16.3520913,47.612228],[16.3521666,47.6121428],[16.3521881,47.6120027],[16.3521033,47.6119948],[16.3520846,47.6119243],[16.3519853,47.6119098],[16.3519558,47.6118701],[16.3520873,47.611805],[16.3520949,47.6117531],[16.3519864,47.611662],[16.3520428,47.6116115],[16.3521543,47.6116241],[16.3522538,47.6115668],[16.352326,47.6115898],[16.3523608,47.6116368],[16.3524987,47.6115885],[16.3524681,47.6115066],[16.3526612,47.6115572],[16.352786,47.6115476],[16.3528892,47.6114271],[16.3531746,47.6113865],[16.3533238,47.6113023],[16.353364,47.611248],[16.3535873,47.6111678],[16.3536028,47.6108647],[16.3535437,47.6107173],[16.3535665,47.6100889],[16.3536211,47.6098465],[16.3535202,47.6095976],[16.353259,47.6091303],[16.3530452,47.6089892],[16.3525008,47.6087456],[16.3519966,47.6086031],[16.3515289,47.6084995],[16.3509718,47.6085102],[16.350764,47.6085437],[16.3500488,47.6083487],[16.3498129,47.6082345],[16.349099,47.6077023],[16.3489205,47.6076395],[16.3487373,47.6074845],[16.3484594,47.6068888],[16.3484114,47.6066586],[16.3484413,47.6064746],[16.3486064,47.6060712],[16.3487735,47.6057512],[16.3486128,47.6056348],[16.3484987,47.6055002],[16.3483551,47.605283],[16.3483119,47.6051821],[16.3481013,47.6050342],[16.3475751,47.6047642],[16.3473286,47.6044608],[16.3470955,47.6042243],[16.3468248,47.6041267],[16.3466452,47.6039839],[16.3462802,47.6037848],[16.346063,47.6037271],[16.3458779,47.6035426],[16.3458101,47.6035209],[16.3455428,47.6033468],[16.3450481,47.6032243],[16.3448537,47.6030833],[16.3446725,47.6029015],[16.3444823,47.6027679],[16.344358,47.6027979],[16.3443036,47.6027729],[16.3439665,47.6026664],[16.3439162,47.6025843],[16.3437178,47.6025859],[16.343636,47.602539],[16.3434586,47.6025329],[16.3432998,47.6024949],[16.3430155,47.6024929],[16.3425455,47.6026388],[16.3424456,47.6026918],[16.3422422,47.6026919],[16.3421068,47.602745],[16.3419796,47.6027311],[16.3416749,47.6028723],[16.341328,47.6028817],[16.3410863,47.6030425],[16.3409247,47.6030899],[16.3406433,47.6030903],[16.3402783,47.6029637],[16.3401873,47.6029844],[16.3400811,47.603104],[16.3398051,47.6031048],[16.3394889,47.6029603],[16.3393324,47.6029354],[16.3392762,47.6027676],[16.3392119,47.6027234],[16.3389829,47.6026667],[16.3384306,47.6024076],[16.3383337,47.6022677],[16.3382158,47.602215],[16.3378597,47.6021233],[16.3371519,47.6019944],[16.3365244,47.601968],[16.3364553,47.6020361],[16.3363481,47.6020488],[16.3361496,47.6019384],[16.3357189,47.6018946],[16.335589,47.6018353],[16.3355085,47.6017395],[16.3352805,47.6017612],[16.3351621,47.6017409],[16.3350124,47.6016215],[16.3348626,47.6015487],[16.3348031,47.6014899],[16.3347173,47.6015279],[16.3345671,47.601546],[16.3345276,47.6014806],[16.3343423,47.6014676],[16.3342011,47.6015229],[16.3340548,47.601461],[16.3338667,47.6013954],[16.3338242,47.6013067],[16.3338022,47.6012075],[16.3337409,47.6011488],[16.3334644,47.6009996],[16.333149,47.6006092],[16.3331267,47.6005151],[16.3329121,47.6004681],[16.3328164,47.6003402],[16.3324884,47.6001859],[16.3322362,47.6001534],[16.3321906,47.6000828],[16.3318779,47.5999431],[16.3314852,47.5998919],[16.3311553,47.5996777],[16.330997,47.5996072],[16.3308867,47.5994857],[16.3307665,47.5994187],[16.3304244,47.5993863],[16.3303353,47.599321],[16.3302928,47.5992645],[16.3303184,47.5991229],[16.3302759,47.5988544],[16.3298804,47.5987498],[16.3298187,47.5985933],[16.3297378,47.5984966],[16.329441,47.5984111],[16.3293919,47.5982289],[16.3292214,47.5981403],[16.3291759,47.5980143],[16.3289329,47.5978324],[16.3289559,47.5977081],[16.3288942,47.5976176],[16.3289444,47.5975246],[16.3289264,47.597359],[16.3289603,47.5972471],[16.3289504,47.5971619],[16.328872,47.5969702],[16.3287232,47.5968549],[16.3288325,47.5967983],[16.3288271,47.5967422],[16.328685,47.5967205],[16.3285742,47.5966376],[16.328555,47.5961969],[16.3284516,47.5961073],[16.3287011,47.5959554],[16.328656,47.5958383],[16.3288014,47.5957141],[16.3287287,47.595547],[16.3286278,47.5954287],[16.3287413,47.5952717],[16.3286695,47.5950974],[16.3288379,47.5950293],[16.3287896,47.5948973],[16.3289425,47.5948195],[16.3289317,47.5946856],[16.3290327,47.5945233],[16.3291519,47.594357],[16.3292325,47.5942017],[16.3293272,47.5939428],[16.3294699,47.5937666],[16.3297899,47.5936356],[16.3297798,47.5933978],[16.3299747,47.593306],[16.3301279,47.5931733],[16.3301236,47.59292],[16.3303919,47.5927202],[16.3304673,47.592623],[16.330456,47.5924002],[16.3303571,47.5922822],[16.3304076,47.5921479],[16.3305169,47.5920592],[16.3305267,47.5919554],[16.3306994,47.5918713],[16.3307154,47.5917481],[16.3306135,47.5916251],[16.3307342,47.5914376],[16.330517,47.5913297],[16.3305245,47.5912371],[16.3307316,47.5911006],[16.3307575,47.5910387],[16.330617,47.590911],[16.3305813,47.5906085],[16.3306629,47.5904111],[16.330718,47.5903177],[16.3308276,47.5902684],[16.3308753,47.5901831],[16.3308594,47.5900885],[16.3307556,47.5898959],[16.3308037,47.589634],[16.3308988,47.5895821],[16.3309586,47.5895024],[16.3308599,47.5893864],[16.3308986,47.5893002],[16.3309087,47.5891542],[16.330991,47.588952],[16.330835,47.5887248],[16.3308188,47.5885648],[16.3307874,47.5885239],[16.330654,47.588447],[16.3305169,47.5882206],[16.3305227,47.5881321],[16.3303088,47.5878577],[16.3302746,47.5877574],[16.3301629,47.5876688],[16.3300716,47.5875456],[16.3297895,47.5873682],[16.3296652,47.5873428],[16.3295238,47.587262],[16.3295028,47.5870864],[16.3295532,47.5868206],[16.3298816,47.5856648],[16.3298874,47.5853596],[16.3299524,47.5850518],[16.3300569,47.5846717],[16.3300098,47.5845898],[16.3299789,47.5845143],[16.3300506,47.5842983],[16.3300654,47.5842012],[16.330065,47.5839734],[16.330034,47.5837202],[16.330134,47.5831748],[16.3301549,47.582941],[16.3301611,47.5824335],[16.3299245,47.5820585],[16.3295156,47.5817018],[16.3291923,47.5813553],[16.3286528,47.5809386],[16.328069,47.5806708],[16.3276679,47.580226],[16.3274576,47.5800668],[16.3274081,47.5799754],[16.3274353,47.5796351],[16.3274876,47.5795085],[16.3274458,47.5793972],[16.3274617,47.5792598],[16.327295,47.5791223],[16.3273653,47.57901],[16.3272585,47.5789354],[16.3272944,47.5787524],[16.3273742,47.578662],[16.3273844,47.5785473],[16.3273718,47.5784796],[16.3272427,47.5783935],[16.327048,47.578165],[16.3269882,47.5780465],[16.326735,47.5778068],[16.3265955,47.5777416],[16.3265658,47.5776459],[16.3264534,47.5775824],[16.3262978,47.5775553],[16.3261877,47.5774495],[16.3260269,47.5774051],[16.3258579,47.577434],[16.3257426,47.577387],[16.3257855,47.5773219],[16.3248577,47.5769071],[16.3244566,47.5767906],[16.3243747,47.5767103],[16.3241283,47.576716],[16.3240433,47.5766644],[16.3240548,47.5765594],[16.3239856,47.5763963],[16.3238995,47.5763337],[16.3238375,47.576317],[16.3235395,47.5762626],[16.3234761,47.5761168],[16.3233849,47.5760227],[16.3234198,47.5759804],[16.3232213,47.5756916],[16.3230765,47.57563],[16.3230993,47.5754341],[16.3226882,47.5751925],[16.3225581,47.5751986],[16.3224401,47.5751624],[16.3223372,47.5750677],[16.3223351,47.5749376],[16.32222,47.5746128],[16.3220655,47.5744104],[16.3217183,47.5741264],[16.3215811,47.5739883],[16.3214682,47.5738514],[16.3214183,47.5737036],[16.3213108,47.5735605],[16.321226,47.573522],[16.3210541,47.5735636],[16.3209897,47.5735364],[16.3209909,47.5734761],[16.3209455,47.5733359],[16.3208981,47.5732795],[16.3206413,47.5731564],[16.320628,47.5730833],[16.3207112,47.573012],[16.320729,47.5728855],[16.3206223,47.5727222],[16.3207386,47.572573],[16.3208637,47.5724761],[16.3207133,47.5723094],[16.3206931,47.5722538],[16.32072,47.5721839],[16.3209636,47.5720723],[16.3208096,47.5719087],[16.3206705,47.5717993],[16.3207805,47.5716997],[16.3207694,47.571574],[16.3206357,47.571441],[16.3206151,47.5713544],[16.3204278,47.5711954],[16.3204598,47.5710412],[16.3202647,47.5706608],[16.3200295,47.5704529],[16.3200279,47.5703199],[16.3198514,47.5701921],[16.3196371,47.5699431],[16.3194914,47.5694485],[16.3193133,47.5693045],[16.3187334,47.5691121],[16.3184244,47.5689487],[16.318326,47.5688096],[16.3177949,47.5683222],[16.3177098,47.5680321],[16.3174709,47.5678692],[16.3171477,47.5676581],[16.3166633,47.5673425],[16.3155781,47.5667754],[16.3151322,47.5664611],[16.3144116,47.5659323],[16.3135224,47.5654767],[16.3131625,47.5653385],[16.313082,47.5651385],[16.3132237,47.5647719],[16.3133375,47.5641168],[16.3133582,47.5636445],[16.3133421,47.563551],[16.3133427,47.5634258],[16.3134849,47.5632285],[16.3137207,47.5629776],[16.3140172,47.562696],[16.3140738,47.5623158],[16.3143964,47.5620859],[16.3149067,47.5620178],[16.3153519,47.5618491],[16.3154058,47.5616073],[16.3154861,47.5613212],[16.3156194,47.5609216],[16.3155409,47.5606618],[16.3152376,47.5604692],[16.315487,47.5603625],[16.3156832,47.5602495],[16.3157718,47.5600998],[16.3157272,47.5598763],[16.3158353,47.5596998],[16.3157436,47.5595844],[16.3154751,47.5596275],[16.3155686,47.5593964],[16.3155994,47.5592538],[16.3153093,47.5590777],[16.3152037,47.5589047],[16.3152102,47.5584599],[16.3150873,47.5583193],[16.3147956,47.558236],[16.3146185,47.558145],[16.314348,47.5579968],[16.3143079,47.5577088],[16.3137233,47.5578582],[16.3134121,47.5575667],[16.3134626,47.557398],[16.3133642,47.5569118],[16.3129487,47.5565994],[16.3131911,47.5559468],[16.313176,47.5556404],[16.3130777,47.5553672],[16.3124501,47.5549192],[16.311804,47.5542394],[16.3117099,47.5540478],[16.3116088,47.5534733],[16.3115402,47.5528928],[16.3116994,47.5527399],[16.3113304,47.5520426],[16.3113126,47.5514191],[16.3113902,47.5512088],[16.3113595,47.5510577],[16.3109921,47.5507355],[16.3108869,47.5503951],[16.3110548,47.5500352],[16.3107102,47.5497924],[16.3104315,47.5496771],[16.3102055,47.5494627],[16.3101171,47.5492127],[16.3101795,47.5486093],[16.3102554,47.548419],[16.310224,47.548306],[16.3101423,47.5481428],[16.3098893,47.5479232],[16.3095474,47.5476155],[16.3092556,47.5468892],[16.3092012,47.5464852],[16.3093396,47.5461112],[16.309413,47.5458019],[16.3098355,47.545195],[16.3101401,47.5449997],[16.3105447,47.5448686],[16.3108969,47.5450366],[16.3113847,47.5449597],[16.3114714,47.5448396],[16.3113483,47.544538],[16.3109926,47.544298],[16.3116127,47.5434455],[16.3119926,47.5434075],[16.3128153,47.5432494],[16.3132605,47.542989],[16.3137162,47.5426949],[16.3145716,47.5423683],[16.3149842,47.5421942],[16.3155059,47.541859],[16.3160696,47.5422399],[16.3162206,47.5423353],[16.3166372,47.5417841],[16.3165142,47.5416232],[16.3165879,47.5414581],[16.3167874,47.5413491],[16.3170147,47.5413639],[16.3173038,47.541279],[16.3175329,47.5414793],[16.3177648,47.5415845],[16.3179595,47.5415988],[16.3180455,47.5415673],[16.3180997,47.5413296],[16.3183023,47.5411494],[16.3185596,47.541038],[16.3186053,47.5409362],[16.3186468,47.540885],[16.3188381,47.540925],[16.3190908,47.5410202],[16.3192395,47.5408933],[16.3192356,47.5404399],[16.3192587,47.540357],[16.319355,47.5402491],[16.3196279,47.5400593],[16.3201191,47.539894],[16.3203635,47.5398677],[16.3204681,47.5397771],[16.3204577,47.5396026],[16.3205082,47.539529],[16.3205818,47.5394766],[16.3209253,47.5395813],[16.3210525,47.5395459],[16.3210822,47.5394851],[16.3210812,47.5393981],[16.3210481,47.5393154],[16.3207881,47.5392733],[16.3205811,47.5391178],[16.3204136,47.5389226],[16.3206927,47.5387307],[16.321208,47.5387822],[16.321378,47.5388545],[16.3215972,47.5389681],[16.3218954,47.5390105],[16.3223246,47.5389572],[16.3226172,47.538885],[16.3226965,47.5388179],[16.3227352,47.5387633],[16.3227453,47.5386522],[16.3226179,47.5385959],[16.3225106,47.5384733],[16.3224576,47.5383518],[16.3224906,47.5380915],[16.3225512,47.5380049],[16.3227703,47.537864],[16.3230036,47.5378484],[16.3231433,47.537819],[16.3232034,47.537686],[16.323281,47.5375461],[16.323663,47.53717],[16.323875,47.5368831],[16.3240523,47.5367462],[16.3243398,47.5366761],[16.3244015,47.5366053],[16.3245588,47.5365319],[16.3247557,47.5362375],[16.3250734,47.5359925],[16.3254481,47.5358856],[16.3255679,47.5358646],[16.3261212,47.5354877],[16.326161,47.5353486],[16.3264776,47.5349839],[16.3265721,47.5347858],[16.3266291,47.5344755],[16.3269004,47.5340751],[16.3270132,47.5339598],[16.3273459,47.5338569],[16.3273431,47.5336154],[16.3274006,47.5335326],[16.327796,47.5329574],[16.3281082,47.5326833],[16.328001,47.5325236],[16.3280012,47.5322969],[16.3278527,47.5320467],[16.3277736,47.5318613],[16.3277308,47.5312787],[16.3280496,47.5308486],[16.328118,47.5307825],[16.3285077,47.5305709],[16.3285653,47.5303447],[16.3287376,47.5299226],[16.328944,47.5296734],[16.3292382,47.5294911],[16.329837,47.5290071],[16.3301499,47.5288],[16.3303641,47.5284181],[16.3305304,47.5285287],[16.3305205,47.5282935],[16.3314675,47.5281819],[16.3319125,47.5281977],[16.3324061,47.5279584],[16.3324948,47.5280107],[16.333161,47.5278263],[16.3335558,47.5276208],[16.3336777,47.5275798],[16.3337991,47.5275837],[16.3339338,47.5276643],[16.3341165,47.5276872],[16.3342218,47.5276453],[16.3345532,47.5274048],[16.3349972,47.5273434],[16.3351235,47.5272629],[16.3356857,47.5271658],[16.3361433,47.5269672],[16.3362729,47.5268511],[16.3365521,47.5264546],[16.3370263,47.5265364],[16.3372794,47.5262425],[16.3377356,47.5260142],[16.3378539,47.5258523],[16.3377961,47.5256995],[16.3374098,47.5257731],[16.337688,47.5254979],[16.3375713,47.5251677],[16.3375481,47.5249321],[16.3376743,47.5248177],[16.3379628,47.5247379],[16.3383183,47.5245527],[16.3384817,47.5244085],[16.338756,47.5241972],[16.3390086,47.5240848],[16.3390099,47.5239379],[16.3389458,47.5237832],[16.3391247,47.522959],[16.3392764,47.5228745],[16.3392666,47.5223675],[16.3393499,47.5220595],[16.3392757,47.5219192],[16.3393712,47.5215022],[16.3392722,47.5211133],[16.3393939,47.5209162],[16.3396156,47.5203668],[16.3396338,47.5195071],[16.3396503,47.5193525],[16.3398092,47.5189119],[16.3395186,47.5186503],[16.3394536,47.5182232],[16.33925,47.5179912],[16.3389873,47.5178782],[16.3390762,47.5178246],[16.3388105,47.5175006],[16.3390602,47.5170598],[16.339249,47.5167281],[16.3393109,47.5165493],[16.3393789,47.5164164],[16.3396889,47.5161726],[16.3394912,47.5160181],[16.3389022,47.5153249],[16.3384087,47.5147321],[16.338112,47.5143974],[16.3379349,47.5143101],[16.3377133,47.5141495],[16.3375242,47.5138554],[16.3374293,47.5137817],[16.3373339,47.5137612],[16.3372024,47.5135871],[16.3370937,47.5133318],[16.336802,47.512713],[16.3365942,47.5123072],[16.3364235,47.5120399],[16.3357186,47.5111942],[16.3350585,47.5099679],[16.3348434,47.5095803],[16.3345199,47.5090478],[16.3341164,47.50844],[16.3339407,47.5083386],[16.3337575,47.5082679],[16.333832,47.5081012],[16.3339896,47.5076589],[16.3339133,47.5074704],[16.3336994,47.5072307],[16.3336411,47.5069759],[16.3338531,47.5068213],[16.3338888,47.5067775],[16.3338165,47.5066342],[16.3338318,47.5065207],[16.3340865,47.5063194],[16.3341467,47.5060067],[16.333997,47.5059345],[16.3337315,47.5057495],[16.3336274,47.5055352],[16.3334835,47.5054175],[16.3333332,47.505374],[16.3332795,47.5052462],[16.3330761,47.505016],[16.3328253,47.5046296],[16.3326237,47.5043809],[16.332429,47.5042124],[16.3319208,47.5039143],[16.3314064,47.5036503],[16.3311079,47.5035127],[16.3305764,47.5032125],[16.3300776,47.5028858],[16.3296128,47.5026583],[16.3288638,47.5023318],[16.3282646,47.5020455],[16.3279222,47.5018432],[16.3272274,47.5014056],[16.3261879,47.5007232],[16.3260176,47.5005612],[16.3262724,47.5004179],[16.3267551,47.500243],[16.3267941,47.5000689],[16.3267562,47.49989],[16.3268645,47.4995489],[16.3270247,47.4993832],[16.3275196,47.4992235],[16.327735,47.4987675],[16.3278116,47.4986042],[16.3277618,47.4982011],[16.3278399,47.4978746],[16.3275714,47.4978227],[16.3274366,47.4978295],[16.3272567,47.4977609],[16.3271513,47.4976415],[16.3269146,47.4975111],[16.3266205,47.4974468],[16.3263803,47.497263],[16.3263579,47.4971871],[16.3260129,47.4968328],[16.3255451,47.4966486],[16.325237,47.4966256],[16.3249892,47.4967144],[16.3246476,47.4967291],[16.323584,47.4964263],[16.323396,47.4960938],[16.3228115,47.4957658],[16.3219556,47.4953249],[16.3218124,47.4953292],[16.3219119,47.4956241],[16.3217931,47.4956442],[16.3212863,47.4954113],[16.3207627,47.4952933],[16.3205147,47.4951565],[16.3197891,47.4947198],[16.3199202,47.4945153],[16.3203757,47.4940856],[16.3206694,47.4938722],[16.3208137,47.4937024],[16.3194503,47.4932646],[16.3191074,47.4931158],[16.318657,47.4928771],[16.3178571,47.492464],[16.3175455,47.4922699],[16.317006,47.4919088],[16.3166286,47.4916488],[16.3161806,47.491424],[16.3156937,47.4910702],[16.315157,47.4906401],[16.3145904,47.4901282],[16.3144846,47.4900591],[16.3137968,47.4897293],[16.3130696,47.4894171],[16.3119891,47.4889663],[16.3121367,47.4888075],[16.313361,47.4879593],[16.3137966,47.4876779],[16.3139635,47.4874831],[16.3141658,47.4870761],[16.3143746,47.4869134],[16.3149948,47.4865548],[16.3153775,47.4863773],[16.3157769,47.4860433],[16.3158119,47.4859813],[16.3155273,47.4854305],[16.3154242,47.4846821],[16.3153217,47.4845293],[16.3150459,47.4842748],[16.314569,47.4839532],[16.3145483,47.4836773],[16.3144713,47.4831571],[16.3143044,47.4829237],[16.313685,47.4826767],[16.3131326,47.4825148],[16.3128183,47.4824011],[16.3124597,47.4822025],[16.3122877,47.482019],[16.3122191,47.4818765],[16.3119665,47.4813515],[16.3118692,47.4812218],[16.3117462,47.4811078],[16.3112794,47.480898],[16.311009,47.480718],[16.3107196,47.4804987],[16.31021,47.4802325],[16.3096872,47.4800003],[16.3095095,47.4799826],[16.3086509,47.4800382],[16.3082436,47.4801209],[16.3077354,47.4801734],[16.306908,47.4802985],[16.3062769,47.480376],[16.3056643,47.4803041],[16.3051722,47.4801885],[16.3049147,47.4800965],[16.3042679,47.4797036],[16.3035016,47.4792875],[16.303242,47.4790984],[16.3029169,47.4789343],[16.3026617,47.4788668],[16.3022022,47.4786933],[16.30191,47.4785427],[16.3013796,47.4783715],[16.3011342,47.478342],[16.300856,47.4783729],[16.300681,47.4784258],[16.3005453,47.4785109],[16.3000921,47.4786538],[16.2999631,47.4786891],[16.29961,47.4787855],[16.2994252,47.478836],[16.2992027,47.4788267],[16.2988823,47.4787464],[16.2984364,47.4786346],[16.2982285,47.4786184],[16.2975656,47.4782456],[16.296968,47.4779805],[16.2969259,47.4778471],[16.2971381,47.4775969],[16.2978784,47.4776651],[16.2990315,47.4777075],[16.2993036,47.4775946],[16.299683,47.4774104],[16.3001471,47.4772702],[16.3006571,47.4770875],[16.3008622,47.4769603],[16.3014409,47.4764384],[16.3016965,47.4762547],[16.302086,47.476064],[16.3025201,47.4758963],[16.3030084,47.4757389],[16.3034521,47.4756459],[16.3040868,47.4752653],[16.3046595,47.4750189],[16.304926,47.4749372],[16.3053644,47.4746],[16.3052469,47.4737658],[16.3051728,47.4733615],[16.3050505,47.4728751],[16.3049153,47.4723992],[16.3046971,47.4720376],[16.3043414,47.4717308],[16.3041187,47.4714889],[16.3039241,47.471215],[16.3038334,47.4706037],[16.3037914,47.4701961],[16.303857,47.4696739],[16.3037852,47.4695034],[16.3037416,47.4693998],[16.3038152,47.4693261],[16.3040408,47.4692],[16.3041669,47.4690258],[16.3044173,47.4689484],[16.3043441,47.4688068],[16.3042131,47.468743],[16.304118,47.4686923],[16.3039187,47.4687161],[16.303774,47.4687515],[16.3033817,47.4685885],[16.3032787,47.4684032],[16.3032667,47.4683729],[16.3032871,47.468199],[16.3031452,47.4680654],[16.3031206,47.467852],[16.3028074,47.4672905],[16.3025477,47.4670251],[16.30215,47.4668803],[16.301954,47.466809],[16.3014497,47.4668021],[16.3010104,47.4667344],[16.3004606,47.4665703],[16.3003577,47.4664542],[16.300232,47.4663124],[16.3001191,47.4662138],[16.299857,47.4659849],[16.2996566,47.4659225],[16.2995938,47.465903],[16.2992316,47.4658442],[16.2990556,47.4658874],[16.2989188,47.4659141],[16.2986868,47.4659407],[16.2980671,47.4659544],[16.2970473,47.4657859],[16.2960458,47.4657753],[16.2950842,47.4657256],[16.2939127,47.4655651],[16.2930413,47.4652916],[16.2927233,47.4651663],[16.2924265,47.4650095],[16.292025,47.4648695],[16.2914556,47.4647099],[16.2906313,47.4641825],[16.2901859,47.4639849],[16.2898771,47.4637466],[16.2894562,47.4634095],[16.28928,47.4632615],[16.2887617,47.4627351],[16.2884605,47.4623463],[16.2882727,47.4620737],[16.2879368,47.4618424],[16.2873188,47.46133],[16.2870397,47.4611482],[16.2859082,47.4604513],[16.2852723,47.4599055],[16.285139,47.459758],[16.2849033,47.4592109],[16.2843706,47.4590358],[16.2841512,47.4588768],[16.2839621,47.4586822],[16.2835683,47.4583835],[16.2833126,47.4581498],[16.2829186,47.4577623],[16.2827399,47.457468],[16.2824031,47.4572454],[16.2820634,47.4569687],[16.2816569,47.4567152],[16.2816023,47.4564169],[16.2814088,47.4560715],[16.2814368,47.455906],[16.2812825,47.4555414],[16.2810727,47.4551409],[16.2807949,47.4552193],[16.2804306,47.4553639],[16.2798508,47.4555181],[16.2794242,47.4555285],[16.2787852,47.4554919],[16.2784291,47.455515],[16.2781426,47.455579],[16.2776164,47.455601],[16.2774129,47.4557445],[16.2771611,47.4558193],[16.2768257,47.4558012],[16.2761953,47.4555787],[16.2758887,47.4555907],[16.275768,47.4555218],[16.2756918,47.4553516],[16.2756767,47.4551145],[16.2750469,47.4551561],[16.2748358,47.4553822],[16.2744968,47.4558955],[16.274263,47.4561015],[16.2739818,47.4562151],[16.2735471,47.456257],[16.2732722,47.4563855],[16.2731039,47.4565341],[16.272543,47.4568193],[16.2722581,47.4567597],[16.2715512,47.4565319],[16.2711983,47.456404],[16.2707771,47.456319],[16.2705093,47.456365],[16.2702685,47.4561954],[16.2699078,47.4561369],[16.2696272,47.4559207],[16.268936,47.455526],[16.2685048,47.4553571],[16.2680943,47.4551095],[16.2674835,47.4548703],[16.2672143,47.4547191],[16.266743,47.4544252],[16.2666202,47.4541608],[16.2664764,47.4537772],[16.2664096,47.4533752],[16.2662386,47.4533753],[16.2659617,47.453419],[16.2653671,47.4531538],[16.2648478,47.45276],[16.2643379,47.4525471],[16.2634517,47.452521],[16.2630862,47.4526132],[16.262497,47.4527283],[16.2623207,47.4527237],[16.2621427,47.4526826],[16.2619431,47.4525349],[16.261577,47.452553],[16.2612065,47.4525489],[16.2605542,47.4518924],[16.260257,47.4517082],[16.2598469,47.4515975],[16.2595606,47.4516077],[16.2591729,47.451696],[16.2586241,47.4516759],[16.2579204,47.4515684],[16.2575157,47.4514434],[16.2566095,47.4513532],[16.2561149,47.4509287],[16.2554894,47.4504331],[16.2553852,47.4503268],[16.2552094,47.4503469],[16.2550278,47.4502766],[16.2549122,47.450125],[16.2546435,47.4500278],[16.254483,47.4498248],[16.2543684,47.4497525],[16.2540459,47.4493586],[16.2541183,47.4492421],[16.2542159,47.4491726],[16.2543054,47.4490455],[16.2541373,47.4485688],[16.254079,47.4484345],[16.2539486,47.4483122],[16.2538085,47.4482566],[16.2536824,47.4482359],[16.2535054,47.4482337],[16.2532103,47.4480726],[16.2531705,47.448093],[16.2529191,47.4480534],[16.2527902,47.4477542],[16.2527075,47.4475232],[16.2524773,47.4469971],[16.2522716,47.4465492],[16.2522231,47.4464408],[16.2521376,47.4462313],[16.2516337,47.4460412],[16.2514349,47.4459694],[16.2512699,47.4458139],[16.2509586,47.4455528],[16.2507145,47.4452863],[16.2503425,47.4448893],[16.2498832,47.4444662],[16.2493057,47.4441172],[16.2491448,47.4440453],[16.2486205,47.4436301],[16.2482282,47.4434293],[16.2480193,47.4433853],[16.2478456,47.44337],[16.2476205,47.4433988],[16.247343,47.4434598],[16.2472105,47.4434191],[16.2471955,47.443348],[16.2472148,47.4432304],[16.2471905,47.4431288],[16.2467417,47.4430363],[16.2454548,47.4427861],[16.24489,47.44258],[16.2443589,47.4423649],[16.2432108,47.4422726],[16.2430401,47.4419343],[16.2429347,47.4417547],[16.2426282,47.4413001],[16.2425973,47.44087],[16.2425193,47.4401356],[16.242502,47.4395555],[16.2420293,47.4394439],[16.2420321,47.4390453],[16.2420584,47.4385005],[16.2421593,47.4380224],[16.2421686,47.4375817],[16.2421171,47.4373722],[16.2418941,47.4371642],[16.2417417,47.4370517],[16.2415571,47.4369922],[16.2407309,47.4368267],[16.2403272,47.4367609],[16.2395883,47.4366127],[16.2393503,47.4365086],[16.2390961,47.43622],[16.2388041,47.436132],[16.2381502,47.4358591],[16.2379684,47.4358072],[16.237107,47.4354348],[16.2369968,47.435277],[16.2364457,47.4350952],[16.236203,47.4348059],[16.2358512,47.4343786],[16.235764,47.4342739],[16.235454,47.4340957],[16.2348018,47.4336904],[16.2345221,47.433602],[16.2340246,47.4335755],[16.233855,47.4335988],[16.2336404,47.4336946],[16.2335147,47.4336533],[16.2335073,47.4335087],[16.2333549,47.4333737],[16.2331886,47.4333734],[16.2327578,47.4330928],[16.2323847,47.4329521],[16.2314951,47.4330044],[16.2311561,47.4325547],[16.2309405,47.4320483],[16.2301582,47.4316431],[16.2293408,47.4313786],[16.2290935,47.4309786],[16.2290041,47.4307131],[16.2288378,47.4304189],[16.2288347,47.4301906],[16.2287312,47.4300158],[16.2284461,47.4299236],[16.2278416,47.4295505],[16.2275791,47.4294917],[16.2273353,47.4293015],[16.2269114,47.4291637],[16.2264866,47.4290331],[16.2262302,47.4290684],[16.2258082,47.4287863],[16.2252535,47.4283773],[16.2244767,47.4279042],[16.2242319,47.427544],[16.2239953,47.4273424],[16.2231433,47.4271357],[16.2221678,47.4270868],[16.2213486,47.4270124],[16.220785,47.4270017],[16.2203358,47.4269935],[16.2198274,47.4269735],[16.2195402,47.4269596],[16.2187738,47.426805],[16.2175826,47.4265328],[16.2167625,47.426256],[16.2156818,47.4259736],[16.2148188,47.4256978],[16.2146055,47.4254801],[16.2137548,47.425194],[16.2127677,47.4252781],[16.2123608,47.4251287],[16.2118312,47.4249618],[16.2105077,47.424916],[16.2097332,47.4247804],[16.209405,47.4245242],[16.2089505,47.4245699],[16.2081499,47.4246141],[16.2077899,47.4246618],[16.2073729,47.42466],[16.2070548,47.4246411],[16.206883,47.4246403],[16.2067691,47.4246225],[16.2060342,47.4243305],[16.2051879,47.4241512],[16.2034866,47.4237863],[16.2027777,47.42361],[16.2023825,47.4234719],[16.2017905,47.4232964],[16.201053,47.4229022],[16.2007771,47.4227341],[16.2002073,47.4225446],[16.1996237,47.4223412],[16.1989338,47.4223339],[16.1982626,47.422344],[16.1977253,47.4222659],[16.1970514,47.422261],[16.1963352,47.4222579],[16.1959519,47.4222828],[16.1956163,47.4223887],[16.1953195,47.4223862],[16.1952043,47.4224188],[16.1946316,47.4224317],[16.1941499,47.4224211],[16.1933036,47.4223646],[16.1928604,47.4223728],[16.1923534,47.4223975],[16.1916954,47.422346],[16.1914001,47.4223312],[16.1909146,47.4223329],[16.1889147,47.4225221],[16.1884009,47.4226275],[16.187828,47.4228116],[16.1869437,47.4230999],[16.1862149,47.42332],[16.1860091,47.4233631],[16.1857325,47.4234758],[16.1853884,47.4234826],[16.1845541,47.4233789],[16.1838624,47.4232971],[16.1829578,47.4232807],[16.1821104,47.42331],[16.18187,47.4233264],[16.1813473,47.4233213],[16.1808629,47.4233613],[16.1805384,47.4233885],[16.1799702,47.4235513],[16.1795458,47.4236655],[16.1792641,47.4237689],[16.1788894,47.4238354],[16.1787256,47.4238716],[16.1781067,47.4238763],[16.1779583,47.4236758],[16.1776459,47.4234025],[16.1771964,47.423339],[16.1768707,47.4231342],[16.1763951,47.4229674],[16.1761347,47.4229204],[16.1759439,47.4229642],[16.1757544,47.4228556],[16.1756173,47.4227513],[16.1754637,47.4227572],[16.1750469,47.4228613],[16.1745355,47.4228064],[16.1741428,47.4227643],[16.1739316,47.4227416],[16.173732,47.4226258],[16.1736179,47.4224715],[16.1735873,47.4224524],[16.1734306,47.4223545],[16.1731198,47.4223211],[16.172556,47.4222589],[16.172205,47.4222062],[16.1720378,47.4222062],[16.1717682,47.422401],[16.1713997,47.4222665],[16.1710068,47.4221162],[16.1707527,47.422075],[16.1703651,47.421906],[16.1696504,47.421632],[16.1692498,47.4216272],[16.168399,47.421438],[16.1670598,47.4208963],[16.166402,47.420506],[16.1658802,47.4205189],[16.165053,47.4207485],[16.164497,47.420749],[16.1642283,47.4207311],[16.1639414,47.4206664],[16.1632899,47.4205976],[16.163006,47.4205107],[16.16259,47.420469],[16.1616999,47.4204965],[16.1613831,47.4205289],[16.160475,47.420528],[16.1600562,47.4204662],[16.1597573,47.4204803],[16.1593056,47.4204285],[16.159134,47.4203712],[16.1588757,47.4203792],[16.1582265,47.4201977],[16.1580281,47.4201786],[16.157862,47.42014],[16.1576659,47.4201591],[16.1574352,47.4201467],[16.1573246,47.4201629],[16.1572827,47.4202195],[16.15697,47.420233],[16.1567388,47.4201972],[16.1566551,47.420086],[16.1566282,47.4199728],[16.1565493,47.4198938],[16.1565205,47.4198312],[16.156356,47.419809],[16.1557406,47.4199],[16.1553006,47.419965],[16.1551728,47.4199708],[16.1548052,47.419991],[16.1544603,47.4200276],[16.1543127,47.420053],[16.1541775,47.4200577],[16.1536486,47.4201426],[16.153229,47.420138],[16.1529014,47.4200638],[16.1525099,47.4200334],[16.1523724,47.419995],[16.1521273,47.419902],[16.1515864,47.419811],[16.1511142,47.4197483],[16.150383,47.419542],[16.149901,47.419593],[16.1497454,47.4195643],[16.1495571,47.4194733],[16.1486605,47.419172],[16.1483766,47.4190891],[16.1481764,47.4190486],[16.148008,47.418973],[16.147214,47.4185613],[16.1470018,47.4182923],[16.1462905,47.4178434],[16.1455912,47.4175441],[16.1452983,47.4173479],[16.1450891,47.4172549],[16.1449714,47.4172129],[16.1448007,47.4171802],[16.1446199,47.4170608],[16.1442941,47.4169859],[16.144034,47.4168578],[16.1437472,47.4167433],[16.1435559,47.41663],[16.1431465,47.4165208],[16.1430718,47.4166138],[16.142959,47.416926],[16.1427759,47.4171255],[16.142483,47.417359],[16.14188,47.417595],[16.1416869,47.4175196],[16.141151,47.4172861],[16.1409299,47.4171847],[16.1405977,47.4169696],[16.1402585,47.4167798],[16.1399665,47.4167007],[16.1398661,47.4166202],[16.1396491,47.4165027],[16.1392921,47.41628],[16.1390896,47.4161284],[16.1386849,47.4159955],[16.1382674,47.4159026],[16.1377039,47.4157209],[16.1375148,47.4156278],[16.1372719,47.4155727],[16.1370208,47.4155767],[16.1368486,47.4155925],[16.1365758,47.415634],[16.1363406,47.4156004],[16.1360691,47.4155629],[16.1356749,47.4155312],[16.1355552,47.4155925],[16.1351202,47.4155352],[16.1345042,47.4155688],[16.1337948,47.4156182],[16.1334591,47.4156231],[16.1333482,47.4154898],[16.1326284,47.4152886],[16.1325314,47.4152167],[16.1320602,47.414684],[16.131252,47.4141326],[16.1303778,47.4136019],[16.1300083,47.4135893],[16.1299143,47.4132243],[16.1298244,47.4132139],[16.129804,47.4132712],[16.1295109,47.4133812],[16.1292697,47.4133838],[16.1289194,47.4132969],[16.1284123,47.4132476],[16.1281399,47.413291],[16.1277487,47.4132653],[16.1274939,47.4133289],[16.1269312,47.412886],[16.1264378,47.4128129],[16.1259123,47.4127575],[16.1252642,47.4127299],[16.1248589,47.4126842],[16.1239476,47.4126884],[16.1234454,47.412724],[16.1227126,47.4128089],[16.1221959,47.4128385],[16.1218718,47.4128366],[16.1217089,47.4128119],[16.1211683,47.4128761],[16.1192971,47.4132766],[16.118532,47.4133838],[16.118044,47.4133753],[16.1173745,47.4135612],[16.117119,47.4137789],[16.116894,47.4138784],[16.1167908,47.4139445],[16.116503,47.413939],[16.1161461,47.4138752],[16.116079,47.4139989],[16.116014,47.4141335],[16.1159969,47.4141874],[16.1155941,47.4146678],[16.1154604,47.4147461],[16.1151602,47.4146983],[16.1150363,47.4145058],[16.1147659,47.4142484],[16.1146328,47.4142411],[16.1145095,47.4140502],[16.1141743,47.4139911],[16.1140528,47.4138284],[16.1137066,47.41377],[16.1132474,47.4136441],[16.1129456,47.4135844],[16.1120473,47.413606],[16.111744,47.4136774],[16.1113577,47.4138632],[16.1112895,47.4140292],[16.1110557,47.4143057],[16.1107829,47.4142687],[16.1104838,47.4142809],[16.1102782,47.4142243],[16.109881,47.414197],[16.109727,47.4141072],[16.1090832,47.414235],[16.1092021,47.4144067],[16.1093183,47.4146211],[16.1087316,47.4145554],[16.1081166,47.414436],[16.1078307,47.4143952],[16.1062851,47.4141072],[16.1049462,47.4140956],[16.10412,47.4142179],[16.1028128,47.4144562],[16.101748,47.4146983],[16.1012353,47.4147727],[16.100993,47.4143819],[16.100731,47.4141131],[16.1004143,47.4136832],[16.100593,47.4136232],[16.1007405,47.4135322],[16.1002549,47.4128797],[16.0999337,47.4123996],[16.0997704,47.4119532],[16.0996762,47.411569],[16.0997366,47.4098065],[16.099659,47.4095592],[16.0999732,47.4087427],[16.0998943,47.408533],[16.1000014,47.4081193],[16.1001084,47.4077723],[16.1002662,47.4074177],[16.1001056,47.4072861],[16.1001056,47.4071088],[16.1001704,47.4069811],[16.1003448,47.4067701],[16.1007761,47.4063233],[16.1008324,47.4060564],[16.1022425,47.4043254],[16.1026551,47.404144],[16.1030761,47.4036905],[16.1031892,47.4035735],[16.1032681,47.4035339],[16.1034901,47.4033542],[16.1035536,47.4033175],[16.1040467,47.4031563],[16.1042266,47.4029848],[16.1044271,47.4027082],[16.1046147,47.4019259],[16.1048356,47.4015311],[16.1049951,47.401427],[16.1054694,47.4017816],[16.1061314,47.4019493],[16.1067486,47.4021934],[16.1072894,47.4022399],[16.1075898,47.4018622],[16.106954,47.4016443],[16.106268,47.4011825],[16.1060948,47.400771],[16.1058441,47.4004048],[16.105706,47.4002523],[16.1055446,47.4000046],[16.1056691,47.3997518],[16.1056859,47.3996602],[16.1057234,47.3994739],[16.1058281,47.3991532],[16.1054535,47.3990834],[16.1052508,47.3990853],[16.1051895,47.3991004],[16.1051365,47.3990722],[16.1052612,47.3989961],[16.1056567,47.3987586],[16.1057004,47.3987311],[16.1058188,47.3986376],[16.1061218,47.3982445],[16.1064329,47.3979062],[16.1065507,47.3977131],[16.1066612,47.397477],[16.1068841,47.3971939],[16.1070464,47.3970672],[16.1073429,47.3967032],[16.1069027,47.3964774],[16.1066968,47.3961274],[16.1067795,47.3958378],[16.1068394,47.3957368],[16.1068758,47.3956483],[16.1067658,47.3954754],[16.106763,47.3953255],[16.106833,47.3950662],[16.1068259,47.3949311],[16.1066914,47.3948281],[16.1053706,47.394355],[16.1051264,47.3943152],[16.1046629,47.3946057],[16.104251,47.3951809],[16.1039919,47.3951914],[16.1038873,47.3952547],[16.103736,47.3953843],[16.102993,47.3952771],[16.1027448,47.3954421],[16.1024564,47.3951448],[16.1017877,47.3948431],[16.1016074,47.3944779],[16.1010887,47.394396],[16.1007577,47.3943268],[16.1003787,47.3938613],[16.1001998,47.3935657],[16.1000623,47.3934403],[16.0993414,47.3931531],[16.0990771,47.3928423],[16.0989946,47.3927026],[16.098732,47.392543],[16.0984574,47.3924036],[16.098081,47.3924791],[16.0979596,47.3924617],[16.0974343,47.3922127],[16.097127,47.3920085],[16.0968289,47.3919183],[16.0967347,47.3919409],[16.0966528,47.3919146],[16.0964833,47.3918632],[16.0961437,47.3916631],[16.0954802,47.391195],[16.0952246,47.3910372],[16.0945834,47.3905453],[16.0932163,47.3902095],[16.0929653,47.3901411],[16.0927121,47.3902752],[16.0922443,47.3909831],[16.091782,47.3915141],[16.0915309,47.3917644],[16.0913225,47.3918941],[16.0902135,47.3923449],[16.0893765,47.3926709],[16.0890477,47.3932449],[16.0888959,47.393525],[16.0884798,47.3938855],[16.0881799,47.3940811],[16.0875497,47.3942525],[16.0859206,47.3949101],[16.0854858,47.3951262],[16.0846674,47.3955635],[16.0844744,47.3956476],[16.0843108,47.395754],[16.0840108,47.3957447],[16.0835915,47.3959595],[16.0833587,47.3961079],[16.08251,47.3967555],[16.0823322,47.3971678],[16.0821726,47.3973522],[16.0826903,47.3978477],[16.0832128,47.3979669],[16.0837109,47.3980433],[16.0840576,47.3980768],[16.0842867,47.398144],[16.0848254,47.3983283],[16.0852877,47.3984885],[16.0856427,47.3986617],[16.0861132,47.3988349],[16.0866128,47.3989807],[16.0870874,47.3990417],[16.0873928,47.3990324],[16.0876075,47.3990138],[16.0878992,47.3989765],[16.0883395,47.3994478],[16.0884853,47.3996843],[16.0886724,47.3999023],[16.0890935,47.4003418],[16.0893659,47.4006864],[16.0892366,47.4010198],[16.0889394,47.401547],[16.0885844,47.4020368],[16.0884495,47.4021076],[16.0881083,47.4024838],[16.087635,47.4033425],[16.0875424,47.4034967],[16.0876295,47.4036125],[16.0875497,47.4039347],[16.0876268,47.4042868],[16.087657,47.4045512],[16.0875772,47.4048511],[16.0878744,47.4052031],[16.0880946,47.4053391],[16.0886532,47.4055383],[16.089077,47.4056817],[16.0897787,47.4059015],[16.0903731,47.4060021],[16.090951,47.4059779],[16.0915288,47.4060878],[16.0920104,47.4062107],[16.0922718,47.4063969],[16.0926186,47.4064565],[16.0929818,47.4064807],[16.0933175,47.4063466],[16.093678,47.4062962],[16.0937679,47.4062264],[16.094022,47.4061548],[16.094322,47.4061138],[16.0945377,47.4061236],[16.0945885,47.4061697],[16.0946646,47.4061383],[16.0947072,47.406071],[16.0952634,47.4066477],[16.0953044,47.4067191],[16.0954612,47.4067769],[16.0956181,47.4067489],[16.0957749,47.4066335],[16.0959373,47.4065571],[16.0961272,47.4064975],[16.0964404,47.4063992],[16.0966979,47.4065096],[16.0961877,47.407276],[16.0959813,47.4076727],[16.0959731,47.4077527],[16.0959318,47.4081438],[16.0958492,47.408291],[16.0957474,47.4083897],[16.0954799,47.4085239],[16.0953814,47.4085871],[16.0953071,47.4087361],[16.0949555,47.4086066],[16.0945063,47.408669],[16.0940578,47.4085592],[16.0936982,47.4085256],[16.0933703,47.4085484],[16.0932542,47.4085107],[16.092957,47.4084344],[16.0923544,47.4083524],[16.0918828,47.4082639],[16.0915784,47.4083878],[16.0911379,47.4084287],[16.0912619,47.408209],[16.0910115,47.4080847],[16.0908013,47.4078979],[16.0903263,47.4077863],[16.0896686,47.4077267],[16.0893164,47.4074641],[16.0891403,47.4073598],[16.0887671,47.4071254],[16.0883752,47.4071251],[16.088029,47.4070382],[16.0874286,47.4072983],[16.0871106,47.4075552],[16.0867902,47.4074604],[16.0866221,47.4074848],[16.086493,47.407438],[16.0862041,47.4074846],[16.0860665,47.4075367],[16.0862351,47.4076365],[16.0856,47.4077701],[16.0855133,47.4079762],[16.0854501,47.4081029],[16.0852359,47.4081461],[16.0851557,47.4081706],[16.0852395,47.4082154],[16.0853197,47.4082186],[16.0851529,47.4084381],[16.0849391,47.4084033],[16.0849575,47.4086318],[16.0851336,47.4086783],[16.0851794,47.4087925],[16.0848997,47.408818],[16.084564,47.4088869],[16.0842438,47.4089958],[16.0841815,47.4091961],[16.084103,47.409154],[16.0839296,47.4090165],[16.0834624,47.4087237],[16.0832057,47.408388],[16.0823636,47.4076795],[16.0813283,47.4070237],[16.0808322,47.4066178],[16.080189,47.406148],[16.0793989,47.4056926],[16.078445,47.40523],[16.077424,47.405013],[16.076864,47.404742],[16.076401,47.404562],[16.075667,47.4045191],[16.0754451,47.4045176],[16.074952,47.4045098],[16.074081,47.4044473],[16.073506,47.404371],[16.0732822,47.404299],[16.07301,47.404042],[16.0725093,47.4041194],[16.0720636,47.4041062],[16.0718518,47.4041253],[16.0717276,47.4041284],[16.0717191,47.4040901],[16.0719758,47.4039398],[16.072008,47.403649],[16.071615,47.403527],[16.0716816,47.4033679],[16.0718691,47.4032723],[16.071912,47.403188],[16.071797,47.4031552],[16.0716874,47.4031395],[16.0715115,47.4030083],[16.0714331,47.4030237],[16.071256,47.402943],[16.07114,47.4027623],[16.071003,47.402621],[16.070844,47.402257],[16.071035,47.402206],[16.0710053,47.4020875],[16.0710748,47.4020545],[16.07112,47.401882],[16.0709635,47.4018591],[16.070897,47.401782],[16.0710356,47.401619],[16.071062,47.40153],[16.0709549,47.4014862],[16.0706607,47.4015526],[16.070416,47.40146],[16.070439,47.4013455],[16.0705477,47.4013123],[16.0704618,47.4011823],[16.0705194,47.4010353],[16.070603,47.400958],[16.0705371,47.4008458],[16.0704407,47.4008417],[16.0704877,47.4007054],[16.070352,47.400584],[16.0704675,47.4003814],[16.0704363,47.4003342],[16.070505,47.400229],[16.0703755,47.400191],[16.0703822,47.4001649],[16.0701733,47.3999871],[16.0701712,47.3998653],[16.0701087,47.3998686],[16.069925,47.399961],[16.069646,47.39983],[16.0695735,47.3994073],[16.0695289,47.3993351],[16.06944,47.39908],[16.0692874,47.3989599],[16.0691524,47.3987553],[16.0690241,47.3986755],[16.0687747,47.3985497],[16.068667,47.398434],[16.0684846,47.3984315],[16.068417,47.3983961],[16.0680738,47.3983044],[16.0678533,47.3981876],[16.0676873,47.3981687],[16.06747,47.3980152],[16.0672923,47.3980038],[16.0671394,47.3978281],[16.0668914,47.3977871],[16.0667711,47.3976997],[16.0666985,47.3977398],[16.066495,47.39769],[16.0665108,47.3976368],[16.0664214,47.3973654],[16.066246,47.397072],[16.066279,47.396982],[16.0662697,47.3968119],[16.0663214,47.3962633],[16.0663909,47.3958854],[16.066385,47.395756],[16.0662426,47.3955245],[16.0662079,47.3953488],[16.066224,47.395144],[16.0661763,47.3950497],[16.0661556,47.3949897],[16.06613,47.394947],[16.0658476,47.3948316],[16.0657263,47.3947495],[16.0655706,47.394728],[16.0654408,47.3947221],[16.065334,47.394684],[16.0652894,47.3946261],[16.065214,47.3945743],[16.0651647,47.3945556],[16.064903,47.394357],[16.0646622,47.3937636],[16.0646391,47.3936445],[16.0646506,47.3934785],[16.0646766,47.3933555],[16.0646795,47.3932208],[16.0645353,47.3929592],[16.0643017,47.3925395],[16.064227,47.392024],[16.0640998,47.3918698],[16.063718,47.391236],[16.0637393,47.3910635],[16.0638489,47.3907394],[16.0640594,47.3904114],[16.0642699,47.3901864],[16.0643666,47.3900043],[16.0648785,47.39006],[16.0651265,47.3901107],[16.065392,47.390113],[16.0654985,47.3898921],[16.0655245,47.3897495],[16.0654451,47.3895332],[16.0654232,47.3892218],[16.065422,47.38893],[16.0654639,47.3887323],[16.0656611,47.3885387],[16.065769,47.388275],[16.0655906,47.3879457],[16.0656414,47.3877489],[16.065612,47.387617],[16.065888,47.387345],[16.0658088,47.3872314],[16.0656734,47.387161],[16.0656263,47.3870885],[16.0656384,47.3870196],[16.0653249,47.3866784],[16.0651802,47.3864485],[16.0647846,47.3861567],[16.0644894,47.3858189],[16.064103,47.385436],[16.0640237,47.3852736],[16.0639875,47.3851313],[16.06389,47.384956],[16.063524,47.3848874],[16.0632642,47.3846155],[16.062971,47.384529],[16.0624198,47.3845855],[16.06159,47.384494],[16.0608019,47.3843337],[16.060411,47.384238],[16.0587688,47.3838125],[16.0585258,47.3840011],[16.0580585,47.3843653],[16.058023,47.3844261],[16.0572638,47.3842105],[16.0567385,47.3842215],[16.0565492,47.3842471],[16.0561887,47.3841423],[16.0558188,47.3840958],[16.0555165,47.3839912],[16.05513,47.3838825],[16.0549177,47.383853],[16.054651,47.3838788],[16.0541665,47.3839728],[16.0540359,47.3839709],[16.0537855,47.3838917],[16.0533691,47.3836687],[16.052726,47.3831967],[16.0526071,47.3831177],[16.0521308,47.3829482],[16.0517307,47.3828376],[16.0511972,47.3827197],[16.0504216,47.3826497],[16.0501521,47.3826497],[16.0494309,47.3827197],[16.0485083,47.3828302],[16.0475339,47.3828413],[16.046233,47.3827455],[16.0457866,47.3826773],[16.0452695,47.3825741],[16.0445347,47.3824175],[16.0433862,47.3825465],[16.0423329,47.382399],[16.0413994,47.382235],[16.0410347,47.3821263],[16.0405938,47.3818904],[16.0403733,47.3817282],[16.0393228,47.3813928],[16.0387403,47.3812602],[16.038343,47.381192],[16.0380409,47.381168],[16.0372979,47.381074],[16.0364596,47.3809561],[16.0359126,47.3809284],[16.0357221,47.3809082],[16.0352636,47.3808135],[16.0350628,47.3807587],[16.0348527,47.3807118],[16.034599,47.3806679],[16.0343602,47.3805982],[16.0339411,47.3805156],[16.0332534,47.3802685],[16.0330524,47.3802282],[16.0326575,47.3800881],[16.0314355,47.3796181],[16.0309123,47.3794563],[16.0301161,47.3792886],[16.0304491,47.3787894],[16.0306608,47.3781875],[16.0307498,47.3780996],[16.0309255,47.3777337],[16.0311152,47.3773496],[16.0313604,47.377002],[16.0318995,47.3763839],[16.0325812,47.3757716],[16.0333199,47.374943],[16.0334483,47.3746958],[16.0334254,47.3744814],[16.0334825,47.3741163],[16.0336165,47.3738652],[16.0338333,47.373589],[16.033896,47.3734635],[16.0339408,47.3733295],[16.0339763,47.3728534],[16.0339792,47.3726339],[16.0340437,47.3722007],[16.0334722,47.3720731],[16.0327353,47.371845],[16.0321727,47.3716456],[16.0318927,47.3716177],[16.0316014,47.3715871],[16.0311416,47.3715172],[16.0307962,47.3715137],[16.030208,47.371406],[16.030073,47.371119],[16.029612,47.3710283],[16.0292614,47.3710089],[16.0280719,47.370826],[16.0276538,47.3708119],[16.027434,47.37079],[16.0265942,47.3705534],[16.0263968,47.3704092],[16.026041,47.3703124],[16.025483,47.370111],[16.0249768,47.3699954],[16.0243919,47.3698868],[16.0241867,47.3698199],[16.0233842,47.369635],[16.0230479,47.3695457],[16.022791,47.3694979],[16.0224859,47.3694346],[16.0219991,47.3693892],[16.0218058,47.3693855],[16.0213622,47.3693505],[16.020855,47.369281],[16.0186651,47.3687551],[16.0171955,47.3684159],[16.0167804,47.3683368],[16.0166722,47.3683179],[16.0160022,47.3682019],[16.0159256,47.3680663],[16.0153911,47.3674058],[16.0151588,47.367127],[16.0153811,47.3667901],[16.0157849,47.3665171],[16.0161564,47.3664003],[16.0163826,47.3662914],[16.0166608,47.3661745],[16.017115,47.3660077],[16.0179984,47.3653413],[16.0181802,47.3651978],[16.0183886,47.3650781],[16.018559,47.3649505],[16.0189944,47.3645763],[16.019302,47.364376],[16.0196422,47.3642021],[16.019998,47.364078],[16.0207743,47.3639919],[16.02108,47.363945],[16.0213867,47.3632564],[16.021498,47.362931],[16.0212914,47.3626886],[16.020794,47.362383],[16.0207623,47.3622375],[16.0206997,47.3621909],[16.0207234,47.3621653],[16.020846,47.361854],[16.0214738,47.3617337],[16.022304,47.361656],[16.022771,47.362014],[16.0230496,47.3626444],[16.023316,47.362995],[16.024338,47.363281],[16.0246743,47.3629891],[16.0247859,47.3628305],[16.025673,47.362193],[16.0258718,47.3614074],[16.02596,47.361268],[16.026138,47.361302],[16.0269931,47.3609188],[16.027244,47.360744],[16.026206,47.35997],[16.026383,47.35974],[16.027006,47.359314],[16.0272843,47.3594127],[16.0276409,47.3595638],[16.028721,47.359938],[16.028805,47.359317],[16.0287104,47.3588633],[16.028571,47.358461],[16.0283022,47.3584485],[16.028134,47.358514],[16.0277443,47.3588356],[16.027565,47.358949],[16.027228,47.358882],[16.0271346,47.358701],[16.027221,47.358449],[16.0271537,47.3582881],[16.026832,47.357949],[16.0270584,47.3575469],[16.027218,47.357386],[16.0275184,47.3572814],[16.027693,47.357179],[16.0277606,47.3570639],[16.027651,47.356736],[16.0278667,47.3565458],[16.028155,47.356416],[16.028468,47.356434],[16.028588,47.3566583],[16.0285471,47.3568758],[16.0285526,47.3570639],[16.0286,47.357165],[16.029064,47.357326],[16.0295516,47.3565271],[16.029713,47.35632],[16.0299324,47.3561808],[16.0302508,47.3561033],[16.030608,47.355932],[16.030977,47.355572],[16.0308661,47.3554079],[16.0308177,47.3551694],[16.0307399,47.354886],[16.030686,47.354788],[16.030866,47.354558],[16.0311517,47.3546081],[16.031421,47.354825],[16.0314048,47.3548957],[16.0320716,47.3556719],[16.0324421,47.3561422],[16.033784,47.356549],[16.034175,47.356425],[16.0343827,47.3559434],[16.0344974,47.3556131],[16.033551,47.355175],[16.033917,47.354871],[16.0339513,47.3545274],[16.0339479,47.3542144],[16.033877,47.353472],[16.033743,47.3532662],[16.03357,47.353053],[16.033009,47.3527171],[16.032748,47.35266],[16.032923,47.352144],[16.0331586,47.3518024],[16.0333662,47.3515868],[16.033924,47.350693],[16.0342889,47.3508228],[16.0347155,47.3509325],[16.035434,47.351173],[16.0354905,47.3513182],[16.0354061,47.3515032],[16.035308,47.351797],[16.035677,47.351876],[16.0362235,47.3513679],[16.036496,47.351036],[16.0364044,47.3507798],[16.036247,47.350442],[16.035619,47.349818],[16.035044,47.349801],[16.034784,47.350308],[16.0344789,47.3503364],[16.033889,47.350325],[16.0337558,47.350265],[16.03347,47.350098],[16.0333909,47.3500063],[16.0333596,47.3499342],[16.0333465,47.3496633],[16.0333697,47.3494939],[16.0333237,47.3492447],[16.0332541,47.3491455],[16.0332149,47.348976],[16.033269,47.348799],[16.033457,47.348592],[16.0340328,47.3484875],[16.034255,47.348486],[16.0346536,47.3486835],[16.0348663,47.348826],[16.035225,47.349151],[16.0357138,47.3487489],[16.035868,47.348416],[16.0365369,47.3483921],[16.0374242,47.3484372],[16.037659,47.348391],[16.0376367,47.3483794],[16.03763,47.347968],[16.03728,47.347781],[16.035865,47.347458],[16.0355909,47.3472883],[16.035092,47.347104],[16.0348561,47.3471722],[16.034606,47.347207],[16.034287,47.34709],[16.0342123,47.3468857],[16.034221,47.346791],[16.034609,47.346348],[16.0347061,47.3462948],[16.0350069,47.3461724],[16.0352376,47.346132],[16.0359026,47.3459939],[16.036107,47.345888],[16.0363555,47.345716],[16.0365317,47.3455691],[16.036909,47.345395],[16.0370085,47.3451386],[16.037119,47.344922],[16.0369143,47.344579],[16.036591,47.344165],[16.035569,47.344534],[16.035299,47.3444357],[16.0351834,47.3442739],[16.035166,47.344199],[16.0353211,47.3440402],[16.036101,47.343718],[16.0365211,47.3433443],[16.036819,47.342943],[16.037007,47.342926],[16.037303,47.3429219],[16.037509,47.3429687],[16.0380075,47.3431527],[16.0387456,47.3434104],[16.0389968,47.3434757],[16.039148,47.343499],[16.039655,47.342993],[16.0402772,47.3433101],[16.04087,47.343584],[16.0414376,47.3431101],[16.041476,47.342903],[16.04196,47.343009],[16.0421008,47.343163],[16.042086,47.343747],[16.042426,47.34385],[16.0429791,47.3434683],[16.043044,47.3433937],[16.043141,47.343356],[16.0433182,47.3433964],[16.043511,47.343212],[16.0434593,47.3430349],[16.0433683,47.3428987],[16.0434718,47.3428608],[16.0433781,47.342547],[16.0433455,47.3423435],[16.043339,47.34217],[16.0434454,47.3422169],[16.043978,47.341388],[16.043872,47.3413688],[16.0437646,47.3410136],[16.043637,47.340313],[16.0434566,47.3403361],[16.0433559,47.3403367],[16.0432,47.340368],[16.0430095,47.3402927],[16.0428031,47.3401566],[16.042539,47.340016],[16.0423801,47.3398438],[16.0422804,47.3396857],[16.0421154,47.339519],[16.042141,47.339364],[16.0422632,47.3392766],[16.0425153,47.3392805],[16.0427978,47.3392583],[16.0429363,47.3391401],[16.043047,47.339108],[16.0431379,47.3389277],[16.0433637,47.3388085],[16.0434986,47.3386166],[16.043812,47.338],[16.0444876,47.3376493],[16.0449206,47.3374955],[16.045209,47.337215],[16.0452427,47.3370835],[16.045116,47.336174],[16.0457859,47.3357343],[16.046065,47.335489],[16.0471997,47.3357549],[16.048009,47.335883],[16.048361,47.335513],[16.0483735,47.3349729],[16.048419,47.334726],[16.04901,47.334446],[16.049879,47.334772],[16.0501612,47.3346343],[16.0501596,47.3343777],[16.050264,47.3343643],[16.0503274,47.3343185],[16.0504151,47.3341653],[16.0504404,47.3340816],[16.0507227,47.3338263],[16.0509908,47.3335061],[16.051026,47.333464],[16.050946,47.3325068],[16.0509557,47.3322589],[16.051039,47.332026],[16.0509108,47.3319955],[16.0506928,47.3320589],[16.050305,47.332221],[16.0500973,47.3323137],[16.0501057,47.3324744],[16.049687,47.332658],[16.0496453,47.3327583],[16.0496579,47.3328453],[16.0496783,47.3329247],[16.0497691,47.333021],[16.0499118,47.3332667],[16.049826,47.333325],[16.0494354,47.3331808],[16.0492463,47.3330904],[16.049063,47.3329555],[16.048974,47.332837],[16.0489698,47.33271],[16.0490362,47.332543],[16.049137,47.332056],[16.049534,47.331889],[16.049011,47.331644],[16.049135,47.331278],[16.048511,47.331153],[16.048473,47.331311],[16.0482249,47.3313326],[16.04805,47.331477],[16.0475088,47.331252],[16.047453,47.331131],[16.0474821,47.331088],[16.0475544,47.3310369],[16.047961,47.330839],[16.0489954,47.3309802],[16.049682,47.331088],[16.0497416,47.3307766],[16.0497028,47.3305984],[16.0494547,47.3301531],[16.0491219,47.329943],[16.048908,47.32969],[16.048912,47.3292995],[16.04899,47.329258],[16.0488345,47.3290259],[16.0486874,47.3288933],[16.0484675,47.3285823],[16.0484571,47.3284723],[16.0483666,47.3283831],[16.04823,47.328057],[16.0480603,47.3279235],[16.047944,47.3277994],[16.0478328,47.3276216],[16.047811,47.32749],[16.047381,47.32735],[16.047784,47.327014],[16.0480648,47.3270361],[16.048925,47.327031],[16.049161,47.326836],[16.048501,47.326498],[16.048794,47.326179],[16.0487929,47.3259501],[16.048633,47.325734],[16.048801,47.325632],[16.0490334,47.3257723],[16.049308,47.325826],[16.049653,47.325729],[16.049703,47.325506],[16.048868,47.32539],[16.048685,47.324532],[16.0490745,47.3244122],[16.049138,47.324433],[16.0493995,47.3248865],[16.049544,47.3252],[16.050071,47.325348],[16.0503293,47.3251465],[16.0503891,47.3251227],[16.0505219,47.3249859],[16.0505524,47.3249144],[16.0505806,47.324828],[16.050638,47.324728],[16.0513276,47.3244136],[16.051369,47.324371],[16.051175,47.3241108],[16.0507759,47.3239529],[16.051059,47.32353],[16.0511574,47.3234941],[16.0518644,47.3233963],[16.0519806,47.3233977],[16.0523609,47.3233247],[16.0524831,47.3232908],[16.0525625,47.3232809],[16.0526366,47.3232966],[16.05269,47.323294],[16.0527594,47.3231493],[16.0527079,47.3229971],[16.052674,47.322839],[16.0527741,47.3227018],[16.0528492,47.3226595],[16.0529938,47.322591],[16.053052,47.322441],[16.0530948,47.3223139],[16.053083,47.322137],[16.0529967,47.3220991],[16.052703,47.321862],[16.052453,47.3218006],[16.0522472,47.3217686],[16.0521449,47.3217241],[16.0520597,47.3216685],[16.051929,47.321596],[16.0518752,47.3216047],[16.0518552,47.3216761],[16.0518868,47.3218317],[16.051852,47.3219764],[16.051783,47.322018],[16.0513853,47.3218791],[16.051183,47.3216696],[16.0510478,47.3215772],[16.050933,47.321527],[16.0508369,47.3215048],[16.0505915,47.3215356],[16.050542,47.321523],[16.0505127,47.321478],[16.050563,47.321401],[16.0507073,47.3212766],[16.0506923,47.3212196],[16.0507193,47.3211433],[16.0507093,47.3210848],[16.050735,47.320993],[16.0508161,47.320942],[16.0509109,47.3208964],[16.0510645,47.3208684],[16.051085,47.32084],[16.0510796,47.3207945],[16.0509908,47.3207574],[16.0507225,47.3207243],[16.0506171,47.3206957],[16.050452,47.320576],[16.0504594,47.3204912],[16.0505111,47.3204295],[16.0505803,47.3203948],[16.0506688,47.3203699],[16.050792,47.320318],[16.0507881,47.3201936],[16.050762,47.3200797],[16.0506279,47.3199179],[16.050631,47.319822],[16.0506683,47.3197833],[16.0507405,47.3197626],[16.0508754,47.3197569],[16.0510085,47.3197142],[16.0512481,47.3196722],[16.0515571,47.3196472],[16.0517046,47.3196469],[16.051792,47.319671],[16.0519031,47.3197778],[16.0519194,47.3198978],[16.0518989,47.3199404],[16.0518084,47.3200111],[16.051841,47.320225],[16.051932,47.3203269],[16.05206,47.320343],[16.0522134,47.3203059],[16.052278,47.32019],[16.0522952,47.3201108],[16.0522596,47.3199583],[16.0522689,47.3198536],[16.0522139,47.3197239],[16.0521348,47.3196369],[16.0521357,47.3195914],[16.052155,47.31951],[16.052301,47.3194757],[16.0523909,47.3194491],[16.0524584,47.3194207],[16.0526028,47.319275],[16.052698,47.319233],[16.0529381,47.3192084],[16.0530414,47.3192218],[16.0532247,47.3192153],[16.0533638,47.3192317],[16.0536081,47.3193192],[16.0537452,47.3193444],[16.0538188,47.3193084],[16.0538175,47.3192739],[16.053807,47.3192209],[16.0536798,47.3191155],[16.0533852,47.3190148],[16.0531857,47.3189675],[16.053106,47.31891],[16.0528245,47.3187776],[16.052558,47.318732],[16.052451,47.3187785],[16.0520578,47.3190218],[16.051938,47.319042],[16.0518127,47.3190283],[16.0516653,47.3189859],[16.0515804,47.3189187],[16.0514341,47.3187893],[16.0513344,47.3187231],[16.051193,47.318696],[16.0510997,47.3186955],[16.0509263,47.3188276],[16.0508578,47.3189919],[16.0508464,47.3191099],[16.0507361,47.3191555],[16.0506854,47.3191531],[16.0505842,47.3191553],[16.0505211,47.319153],[16.0504796,47.3191548],[16.0504262,47.3191448],[16.0503846,47.3191274],[16.0503513,47.3191375],[16.0502687,47.3191358],[16.0500971,47.3191782],[16.0500555,47.3191714],[16.0500323,47.3191599],[16.0499943,47.3191467],[16.0499338,47.3191074],[16.04985,47.3190992],[16.049785,47.319078],[16.0497521,47.3190447],[16.0496998,47.3190049],[16.0496896,47.3189335],[16.0496909,47.3188853],[16.0496786,47.3188408],[16.0496906,47.3187922],[16.049742,47.318757],[16.0498514,47.3187392],[16.0499206,47.3187221],[16.0500558,47.3186825],[16.0501022,47.3186682],[16.0501823,47.3186284],[16.0502433,47.3186349],[16.0502731,47.3186067],[16.0503117,47.3185703],[16.0504285,47.3185394],[16.0504466,47.3185073],[16.0505272,47.3184759],[16.0506065,47.3184951],[16.0506983,47.3184887],[16.0507552,47.3185295],[16.0507646,47.3185486],[16.0508021,47.3185712],[16.050927,47.318566],[16.0509568,47.3185427],[16.0509873,47.3184944],[16.0510284,47.3184792],[16.0510887,47.3184806],[16.0511618,47.3184357],[16.051199,47.3183901],[16.0512481,47.3183609],[16.0513406,47.3183463],[16.0514425,47.3183428],[16.051461,47.318304],[16.0514516,47.3182389],[16.0514431,47.3181357],[16.0514298,47.3181156],[16.0514393,47.3180645],[16.0514624,47.3180211],[16.051439,47.317963],[16.0513873,47.3179354],[16.0513332,47.3179424],[16.0512923,47.3179344],[16.051233,47.317906],[16.0513148,47.3178218],[16.0513289,47.3177737],[16.0513954,47.3176752],[16.0514854,47.3175929],[16.051525,47.31752],[16.0514752,47.3174608],[16.0514312,47.3174637],[16.0513175,47.3174078],[16.0512925,47.3173733],[16.0511522,47.317335],[16.0510333,47.3172691],[16.051007,47.317209],[16.0509359,47.317181],[16.0508621,47.3172054],[16.0507537,47.3172122],[16.050629,47.317193],[16.0505459,47.3171199],[16.0505323,47.3170696],[16.0504936,47.3170282],[16.050483,47.316971],[16.0505606,47.3169135],[16.050665,47.316862],[16.050744,47.3168706],[16.0508731,47.3168955],[16.0509983,47.3168877],[16.0511274,47.3169144],[16.0512607,47.3169278],[16.0513287,47.3169453],[16.051556,47.316959],[16.0516179,47.3169837],[16.0516571,47.3169963],[16.0517479,47.3170287],[16.051738,47.3171031],[16.0517565,47.3171449],[16.0518418,47.317227],[16.0518817,47.3173069],[16.0519484,47.3173389],[16.052032,47.317379],[16.0521182,47.3174067],[16.0522281,47.3174229],[16.0523485,47.3174136],[16.0524906,47.3174158],[16.0526413,47.3173707],[16.052692,47.317387],[16.0527336,47.3174321],[16.0527206,47.3175574],[16.052728,47.3175842],[16.0527229,47.3177219],[16.052775,47.317831],[16.0529478,47.3179549],[16.0530026,47.3179751],[16.0530721,47.3180002],[16.053162,47.318007],[16.0532204,47.3179845],[16.0532658,47.3179527],[16.0532531,47.3179031],[16.0532581,47.3177532],[16.053306,47.3177356],[16.0533088,47.317646],[16.0533851,47.3175737],[16.0533966,47.3175207],[16.0534795,47.3174505],[16.053492,47.31741],[16.0532723,47.3171718],[16.053079,47.316799],[16.0531083,47.3168209],[16.0531471,47.3167555],[16.0531966,47.3166734],[16.0532537,47.3166352],[16.0532717,47.3165762],[16.0532561,47.3165442],[16.0532839,47.316486],[16.053358,47.316406],[16.0534684,47.3163453],[16.0536008,47.3163149],[16.0536866,47.3162849],[16.0537566,47.3162826],[16.05383,47.316237],[16.0538706,47.3162129],[16.0539237,47.3160052],[16.0539295,47.3159279],[16.05407,47.315797],[16.054167,47.3157833],[16.0543148,47.3157711],[16.0544198,47.315721],[16.0546653,47.3156799],[16.054777,47.3156685],[16.0548698,47.3156282],[16.0550902,47.3155784],[16.055181,47.315571],[16.0552425,47.3155868],[16.0552827,47.3156108],[16.0553591,47.3156329],[16.0554484,47.3157037],[16.0554547,47.3157542],[16.0554851,47.315775],[16.0555387,47.315779],[16.0556724,47.3158472],[16.05581,47.315927],[16.0558452,47.3160124],[16.0558958,47.3160609],[16.0559466,47.3161206],[16.055943,47.316189],[16.0559181,47.316221],[16.0556788,47.316305],[16.0555719,47.3163866],[16.0555239,47.31643],[16.0554676,47.3164659],[16.0553993,47.3165447],[16.0552939,47.3165768],[16.055146,47.316627],[16.0550426,47.3167301],[16.0550639,47.3167756],[16.0550941,47.3168288],[16.055061,47.3168795],[16.055048,47.316996],[16.055117,47.3170259],[16.0556321,47.3171233],[16.0557626,47.317191],[16.0560341,47.3174336],[16.056159,47.317437],[16.056893,47.317044],[16.0568313,47.3169963],[16.0569329,47.3166258],[16.0570853,47.3163208],[16.0571128,47.3162772],[16.0571045,47.3162484],[16.057115,47.316209],[16.0571849,47.3162216],[16.0576125,47.3161266],[16.057893,47.316107],[16.0581458,47.3159486],[16.0582717,47.3158252],[16.0582872,47.3157669],[16.0583838,47.3156657],[16.058504,47.315579],[16.0586036,47.3155359],[16.0587501,47.3155563],[16.0589925,47.3155608],[16.0590415,47.3155747],[16.0591332,47.3155823],[16.059236,47.315552],[16.0593452,47.3155179],[16.0594033,47.3154764],[16.059533,47.315316],[16.0595563,47.3152713],[16.0595838,47.3152157],[16.0595942,47.3151332],[16.0596224,47.3150679],[16.059626,47.315009],[16.0595801,47.3148024],[16.0595145,47.3146978],[16.0593676,47.314468],[16.0593377,47.3143176],[16.059363,47.3141711],[16.0594975,47.313965],[16.0596094,47.3139283],[16.0597625,47.3139226],[16.0599145,47.3138712],[16.0600798,47.3137796],[16.060151,47.313703],[16.0602925,47.3134052],[16.06026,47.313041],[16.0602324,47.3128686],[16.0601561,47.3127785],[16.0599436,47.3126562],[16.059916,47.3126403],[16.059554,47.312634],[16.0594766,47.3126831],[16.0594841,47.3127272],[16.0593982,47.3128264],[16.0593132,47.3128278],[16.0592557,47.3128141],[16.0589974,47.3126879],[16.0589379,47.312727],[16.0585016,47.3128707],[16.058261,47.312876],[16.0583609,47.3115271],[16.058443,47.310122],[16.059812,47.309942],[16.059851,47.309741],[16.0597656,47.3097155],[16.0596091,47.3097956],[16.0594525,47.3098112],[16.059163,47.309748],[16.0590085,47.3096477],[16.0587844,47.3095427],[16.0586183,47.3094997],[16.0584566,47.3094319],[16.058368,47.309364],[16.0583411,47.309277],[16.0583551,47.3091444],[16.0584139,47.3091107],[16.0583784,47.3090121],[16.058393,47.308901],[16.0584468,47.3088852],[16.0585802,47.3087257],[16.0586209,47.3085983],[16.058816,47.308245],[16.0589366,47.3081179],[16.059124,47.3080135],[16.0591753,47.3079422],[16.059213,47.307859],[16.0591972,47.3077961],[16.0591477,47.3077617],[16.0590008,47.3077281],[16.0588391,47.307742],[16.0587082,47.3076828],[16.058577,47.307577],[16.0585659,47.3075289],[16.0585157,47.3072112],[16.0584258,47.307072],[16.0580639,47.3068492],[16.0580126,47.3067813],[16.058059,47.306657],[16.0582025,47.306482],[16.0583103,47.3063758],[16.0586354,47.306223],[16.0588314,47.3061217],[16.0588622,47.3060626],[16.058995,47.305967],[16.0591958,47.3059564],[16.0592697,47.3059586],[16.0593396,47.3059425],[16.059458,47.305901],[16.0595706,47.3057945],[16.0596732,47.3057162],[16.059866,47.305616],[16.0601121,47.3055979],[16.0602251,47.3056362],[16.0603072,47.3056936],[16.0603868,47.3058363],[16.0604843,47.3058415],[16.0605356,47.3058433],[16.060678,47.30581],[16.0607384,47.3057423],[16.0607396,47.3056386],[16.0606614,47.3056083],[16.0604869,47.3055457],[16.06045,47.305383],[16.060474,47.3052724],[16.060703,47.305158],[16.060961,47.305241],[16.0612161,47.3051294],[16.0613624,47.3051094],[16.06138,47.3050514],[16.0619353,47.3049496],[16.0617881,47.3048791],[16.0613518,47.3046702],[16.061198,47.304474],[16.062486,47.304738],[16.0625479,47.3046894],[16.0625492,47.3046119],[16.062597,47.304508],[16.0613723,47.3043134],[16.0612935,47.3042763],[16.0612417,47.3043202],[16.0611388,47.3043256],[16.061053,47.304295],[16.0609514,47.3042107],[16.060901,47.304123],[16.0609694,47.3039932],[16.061011,47.303871],[16.060628,47.3037217],[16.0606537,47.3036503],[16.0608282,47.3034658],[16.0609097,47.3034727],[16.060909,47.3034421],[16.060954,47.3034084],[16.061072,47.3033823],[16.061167,47.3034014],[16.0613467,47.303069],[16.0616432,47.3029308],[16.0617132,47.3029413],[16.0617226,47.3029011],[16.0617364,47.3028719],[16.061801,47.302831],[16.0620056,47.3028317],[16.06206,47.3028408],[16.0621885,47.3029089],[16.0622732,47.3029193],[16.062446,47.302892],[16.0628122,47.3027592],[16.062846,47.302668],[16.0627429,47.3025979],[16.0626821,47.3025868],[16.0624458,47.302484],[16.062278,47.3024303],[16.062109,47.302343],[16.0619036,47.3023554],[16.0617599,47.3023989],[16.0616521,47.3024894],[16.061519,47.302495],[16.0612389,47.3024859],[16.0608898,47.302432],[16.0606126,47.3023693],[16.060416,47.302308],[16.0602995,47.3022074],[16.060243,47.3020786],[16.0602687,47.3020142],[16.060311,47.301949],[16.0605382,47.3019081],[16.0607358,47.3019359],[16.060934,47.301895],[16.0610224,47.3018158],[16.0610873,47.3017764],[16.0611773,47.3017462],[16.0613826,47.3014869],[16.061429,47.301384],[16.0613637,47.3013684],[16.0611413,47.3014277],[16.0605279,47.3015791],[16.060247,47.301728],[16.0601558,47.3017375],[16.060033,47.301632],[16.0600377,47.3015373],[16.0600916,47.3013354],[16.0601763,47.3011979],[16.060316,47.301126],[16.0605125,47.3011266],[16.0610053,47.3012588],[16.061078,47.301213],[16.0610428,47.3011537],[16.0609848,47.3010952],[16.0609617,47.3010012],[16.0609821,47.3009009],[16.0610481,47.3008323],[16.0610991,47.3007396],[16.0611198,47.3007248],[16.0611281,47.3006678],[16.0610129,47.3006485],[16.0605573,47.3004427],[16.0606216,47.3002446],[16.0606673,47.3001857],[16.0604946,47.3001779],[16.060397,47.3001344],[16.060395,47.300073],[16.0605151,47.3000091],[16.0606923,47.2999878],[16.0608214,47.2998675],[16.0607561,47.2998387],[16.0605818,47.2996923],[16.0602174,47.2991684],[16.060166,47.298964],[16.0609078,47.2991945],[16.061112,47.29937],[16.0620576,47.2993755],[16.0621522,47.2993665],[16.0622038,47.299419],[16.0622529,47.2993779],[16.0623584,47.2993285],[16.062405,47.299306],[16.0626585,47.2992815],[16.062753,47.29925],[16.062802,47.2992137],[16.0627601,47.2991798],[16.062755,47.2991011],[16.062714,47.299064],[16.0626142,47.2990587],[16.061739,47.298865],[16.0617552,47.2988189],[16.0615161,47.2987506],[16.061422,47.298605],[16.0614539,47.2985732],[16.0614699,47.2984704],[16.0615212,47.2984304],[16.0618112,47.2982807],[16.0619597,47.2981752],[16.0621372,47.298077],[16.0622424,47.2979656],[16.062322,47.2978455],[16.062361,47.297716],[16.061448,47.29763],[16.0609745,47.2972937],[16.061016,47.2972391],[16.0609072,47.297211],[16.060841,47.2971649],[16.0608128,47.2970692],[16.0607435,47.29703],[16.0606229,47.2970135],[16.06051,47.2970152],[16.0603714,47.2970726],[16.0600403,47.297097],[16.0598657,47.2970413],[16.0598302,47.2970359],[16.0598247,47.2969073],[16.0598529,47.2968011],[16.0599836,47.2966343],[16.060028,47.29657],[16.0600274,47.2963833],[16.059926,47.296209],[16.0597806,47.2960648],[16.0596459,47.2959532],[16.05951,47.295771],[16.0594397,47.2958106],[16.059417,47.296359],[16.0591649,47.2964522],[16.059121,47.2964657],[16.058987,47.2965071],[16.0589351,47.2960419],[16.0589368,47.295866],[16.0589787,47.2958187],[16.0589082,47.2957819],[16.058891,47.295731],[16.0589828,47.2956],[16.0591033,47.2956097],[16.0593196,47.2955694],[16.0593002,47.2955453],[16.0594092,47.2955756],[16.0593575,47.2954888],[16.0594122,47.295447],[16.0595449,47.2954068],[16.0597964,47.2953302],[16.059943,47.295305],[16.0600426,47.2953559],[16.0601458,47.2954],[16.0601564,47.2954273],[16.0602584,47.2954311],[16.0602559,47.2954956],[16.0603928,47.2955329],[16.060492,47.2955913],[16.0608091,47.2956632],[16.061038,47.29574],[16.0611336,47.2957445],[16.061339,47.2957306],[16.061456,47.295704],[16.0615109,47.2956191],[16.061955,47.295295],[16.0620551,47.2953511],[16.062143,47.295358],[16.0623182,47.295196],[16.0623544,47.2951932],[16.0624724,47.2951326],[16.0624999,47.2951069],[16.062586,47.295099],[16.0627968,47.2950047],[16.0627558,47.2949228],[16.0626991,47.2948912],[16.0626429,47.2948896],[16.062322,47.2949507],[16.062155,47.29491],[16.0621475,47.2948901],[16.0620056,47.2948217],[16.0619781,47.2947958],[16.0616521,47.2946478],[16.0615315,47.2946374],[16.0615263,47.2946214],[16.0612389,47.294519],[16.0611593,47.2944441],[16.0611387,47.2943921],[16.0611639,47.2943702],[16.0612312,47.2943588],[16.0613364,47.2943936],[16.061494,47.294419],[16.0615854,47.2944041],[16.0617481,47.2943452],[16.0617887,47.2943115],[16.061955,47.2942509],[16.0619935,47.2941952],[16.062219,47.294038],[16.0623477,47.2940229],[16.0624704,47.2940321],[16.0625286,47.2940241],[16.0626711,47.2940472],[16.062777,47.294038],[16.0630152,47.2939481],[16.0630361,47.2939164],[16.063264,47.293713],[16.0633718,47.2936486],[16.063457,47.293625],[16.0636053,47.293659],[16.06369,47.2937583],[16.063739,47.293931],[16.0636798,47.294035],[16.0634847,47.2941813],[16.063418,47.294324],[16.0634604,47.2943662],[16.06338,47.294488],[16.0634539,47.2945521],[16.0639903,47.2948219],[16.064038,47.29489],[16.0643009,47.2949141],[16.064337,47.2949211],[16.0644523,47.294902],[16.064592,47.294819],[16.0647398,47.2946426],[16.064786,47.2945138],[16.064749,47.2943785],[16.0647478,47.2943261],[16.0647896,47.2942909],[16.0648142,47.2940559],[16.0647167,47.2940455],[16.064419,47.2939689],[16.064252,47.29385],[16.0644504,47.2937117],[16.064555,47.293706],[16.0645184,47.2936035],[16.064562,47.293555],[16.0646808,47.2935302],[16.0647937,47.2935598],[16.0649554,47.2935389],[16.0650632,47.2934658],[16.0651197,47.2933909],[16.065122,47.293234],[16.0650942,47.2931981],[16.0649559,47.2932001],[16.0648407,47.2931265],[16.064702,47.293089],[16.0645396,47.2931055],[16.0644087,47.2931629],[16.064291,47.29323],[16.063978,47.293175],[16.0637234,47.2929349],[16.0636592,47.2926267],[16.063627,47.292429],[16.0637106,47.2923882],[16.064179,47.292465],[16.0642675,47.2926215],[16.064421,47.292646],[16.0647193,47.2925936],[16.0649374,47.2925815],[16.065035,47.2925919],[16.0651864,47.2926337],[16.0652763,47.2925904],[16.065447,47.292558],[16.065556,47.2924718],[16.0655765,47.2922873],[16.0655551,47.292157],[16.0655233,47.2921032],[16.0655149,47.2919565],[16.065592,47.291799],[16.0657793,47.2917296],[16.0659274,47.291695],[16.0660231,47.2916066],[16.0660334,47.2914986],[16.0660231,47.2914238],[16.066068,47.291233],[16.0661309,47.2911714],[16.0662464,47.2911244],[16.0664235,47.291093],[16.0665672,47.2909746],[16.066573,47.290867],[16.065281,47.290697],[16.0653013,47.2905384],[16.0656157,47.2903465],[16.0656231,47.2903513],[16.0656991,47.2903121],[16.0656428,47.2902776],[16.0656611,47.2902435],[16.0657405,47.2901718],[16.065833,47.290049],[16.065898,47.2900316],[16.0661668,47.2900119],[16.066256,47.289984],[16.0662336,47.289843],[16.066022,47.289706],[16.0658691,47.2896463],[16.0657562,47.2896219],[16.065416,47.289671],[16.065365,47.289658],[16.0653404,47.2895924],[16.0653737,47.289474],[16.065351,47.289374],[16.0652916,47.2892964],[16.0651813,47.2892442],[16.064933,47.289181],[16.0648014,47.2891641],[16.0646474,47.2892059],[16.0645781,47.2892825],[16.0643163,47.2893887],[16.0641957,47.2893695],[16.064134,47.289335],[16.0641392,47.2892772],[16.0642369,47.2892104],[16.0642573,47.2891084],[16.0644007,47.2890242],[16.0645653,47.2888281],[16.0647064,47.2887532],[16.065108,47.288501],[16.0651428,47.288459],[16.065171,47.2883406],[16.0650466,47.2883105],[16.065046,47.288184],[16.065171,47.28774],[16.0652059,47.28766],[16.0652645,47.2876494],[16.0652409,47.2875788],[16.0651659,47.2875273],[16.065151,47.287426],[16.0651967,47.2872977],[16.0651299,47.2869687],[16.065007,47.286837],[16.0648784,47.2867876],[16.0647501,47.2868172],[16.0641828,47.2868103],[16.0639185,47.2867128],[16.0636669,47.286671],[16.063453,47.286663],[16.0633384,47.286617],[16.06331,47.286486],[16.0633666,47.2864342],[16.0636336,47.286328],[16.0637822,47.2862489],[16.063966,47.286162],[16.0641495,47.2860198],[16.0644542,47.2857007],[16.0645482,47.2856209],[16.0645898,47.2856047],[16.0646268,47.28562],[16.064768,47.2856229],[16.064866,47.285644],[16.0649939,47.2857186],[16.0650606,47.2857935],[16.065122,47.285907],[16.0651505,47.2860198],[16.06509,47.286074],[16.0648194,47.2861121],[16.064696,47.28618],[16.0647655,47.2863036],[16.064893,47.286391],[16.065017,47.2864063],[16.0651402,47.2863767],[16.0652095,47.2863262],[16.0653198,47.2863054],[16.0654867,47.2863506],[16.0657048,47.2863785],[16.065867,47.286358],[16.0664005,47.2861573],[16.0665074,47.286138],[16.0665943,47.2860949],[16.066733,47.285973],[16.0667777,47.2858771],[16.066803,47.28567],[16.0667675,47.2855811],[16.066485,47.285121],[16.0661309,47.2850831],[16.0660231,47.2851214],[16.0658973,47.2851249],[16.0655461,47.28504],[16.0655226,47.2849839],[16.065501,47.2847245],[16.0655715,47.2846096],[16.0655287,47.2845711],[16.0654839,47.2845208],[16.0655457,47.2844389],[16.0660821,47.2840768],[16.066216,47.284],[16.0663191,47.2839705],[16.066381,47.2839516],[16.0666981,47.2839375],[16.0668937,47.2838693],[16.066996,47.283809],[16.0669359,47.2838001],[16.0666635,47.2837744],[16.066191,47.283695],[16.0660026,47.2835945],[16.0658434,47.2834935],[16.065566,47.28327],[16.0655406,47.2832114],[16.065592,47.283104],[16.065674,47.2830495],[16.0664081,47.2830965],[16.066619,47.283125],[16.066564,47.283493],[16.066854,47.283543],[16.067101,47.283341],[16.0672371,47.2830512],[16.0672987,47.2828702],[16.067285,47.282652],[16.067634,47.282658],[16.0676273,47.2825707],[16.067301,47.282324],[16.0674768,47.2820329],[16.0676324,47.2816896],[16.067808,47.28139],[16.0679224,47.2812944],[16.068107,47.281207],[16.0683233,47.2811672],[16.0685303,47.2812003],[16.068649,47.2811706],[16.0685955,47.2810716],[16.0687421,47.2809237],[16.0688169,47.2808709],[16.0690595,47.280476],[16.069175,47.2803489],[16.0692828,47.2803454],[16.069432,47.2803374],[16.0695728,47.2801608],[16.069706,47.280147],[16.0699167,47.2801574],[16.0704737,47.280382],[16.0708535,47.2804603],[16.0709382,47.2804586],[16.071048,47.280415],[16.0710692,47.2801369],[16.0710547,47.2800388],[16.071123,47.2797308],[16.071141,47.2793842],[16.0710871,47.279224],[16.0711058,47.2791556],[16.0710731,47.2790158],[16.071078,47.2789693],[16.0710558,47.2789439],[16.0710845,47.2789071],[16.071139,47.278816],[16.0713139,47.2786827],[16.0714991,47.2785789],[16.071581,47.278492],[16.071893,47.2784091],[16.0720624,47.2784561],[16.0722036,47.2784405],[16.0722934,47.2784126],[16.072422,47.278293],[16.0724654,47.278181],[16.0724089,47.2781026],[16.0722986,47.2780313],[16.0721266,47.2779599],[16.0720111,47.277885],[16.071994,47.277847],[16.072047,47.2777892],[16.072453,47.277728],[16.0725655,47.2775994],[16.0724808,47.2774409],[16.0724938,47.2773918],[16.072725,47.277125],[16.072908,47.2770147],[16.0730544,47.2769624],[16.0733221,47.2769088],[16.0734723,47.2769036],[16.0736399,47.2769101],[16.0737959,47.2768827],[16.073865,47.276849],[16.0739037,47.2768056],[16.073898,47.2767076],[16.0738417,47.2766106],[16.0737879,47.2766044],[16.07369,47.2764998],[16.073703,47.27642],[16.073767,47.2763822],[16.074054,47.2763548],[16.0743352,47.276394],[16.074444,47.276432],[16.074592,47.276047],[16.0747782,47.275964],[16.0749323,47.275981],[16.074998,47.276005],[16.075096,47.275789],[16.0750055,47.2757721],[16.0749123,47.2756491],[16.0748968,47.2755995],[16.074824,47.2756049],[16.0746549,47.2755158],[16.0744353,47.2753969],[16.074418,47.2753159],[16.0745787,47.2750571],[16.0747103,47.2749584],[16.0746607,47.2749252],[16.0747222,47.2746833],[16.0745191,47.2746462],[16.0744475,47.2745847],[16.0744308,47.2745461],[16.0744799,47.2744966],[16.074492,47.2744681],[16.0745449,47.2744622],[16.0744877,47.2743464],[16.0744802,47.2742369],[16.0745272,47.2741118],[16.0746051,47.2740795],[16.0749109,47.274002],[16.075019,47.2739202],[16.075044,47.273851],[16.0750129,47.2737798],[16.074086,47.273757],[16.074164,47.273529],[16.0744568,47.2734276],[16.074875,47.273361],[16.074843,47.2732641],[16.0748677,47.2731614],[16.075039,47.273076],[16.0753033,47.2730608],[16.0755875,47.2730315],[16.0762455,47.2728847],[16.076375,47.272802],[16.0762771,47.2727],[16.0761402,47.2726802],[16.0757296,47.2726311],[16.0754485,47.2726059],[16.0751334,47.2726269],[16.0749011,47.272527],[16.0744623,47.2725462],[16.074242,47.272445],[16.0744793,47.272432],[16.0748562,47.2725043],[16.074905,47.2725093],[16.074943,47.272342],[16.0748195,47.272325],[16.0747553,47.2723205],[16.0747002,47.2722894],[16.074673,47.272223],[16.0747373,47.2721605],[16.0748431,47.2721296],[16.0749224,47.2720791],[16.0750679,47.2719458],[16.075199,47.2719473],[16.0754087,47.2720703],[16.0754612,47.2720949],[16.0755166,47.2720955],[16.0755601,47.2720753],[16.0756839,47.272057],[16.075757,47.27201],[16.0757953,47.2719636],[16.075758,47.271903],[16.075156,47.27183],[16.075144,47.2718006],[16.0751295,47.2717053],[16.075231,47.271602],[16.0754976,47.2716037],[16.0755902,47.2716311],[16.075665,47.2715935],[16.075801,47.271625],[16.075924,47.271453],[16.076259,47.271626],[16.0761454,47.2717385],[16.0760861,47.2717905],[16.0761501,47.2719196],[16.0761426,47.2719433],[16.0761655,47.2720632],[16.0761879,47.2721148],[16.0762661,47.272139],[16.0763667,47.272051],[16.0766283,47.2717552],[16.0766685,47.27169],[16.0768541,47.2717992],[16.0765299,47.2722452],[16.0766059,47.2722847],[16.0767065,47.2723089],[16.0768161,47.2723165],[16.0768465,47.2723233],[16.0769368,47.2722922],[16.0770464,47.2722088],[16.0773016,47.2721906],[16.0774935,47.2721876],[16.0775829,47.2721208],[16.0776536,47.2719835],[16.0776142,47.2718909],[16.0775851,47.2718732],[16.0775845,47.2718425],[16.0776222,47.2717749],[16.0777466,47.271711],[16.0777327,47.271643],[16.0776783,47.2715163],[16.0776124,47.2714752],[16.0775906,47.2714264],[16.077556,47.2714051],[16.0775475,47.2713459],[16.0775557,47.2712941],[16.0774935,47.2712379],[16.0774018,47.2711515],[16.0772275,47.271068],[16.0772118,47.2710165],[16.0772096,47.2709133],[16.0774242,47.2707828],[16.0775312,47.2707515],[16.0776008,47.270707],[16.0776475,47.2706346],[16.0776206,47.2705637],[16.077633,47.2704974],[16.0776861,47.2704459],[16.0778407,47.2703368],[16.0778803,47.2702549],[16.0778177,47.270129],[16.0777506,47.270085],[16.0776847,47.2700785],[16.0775069,47.2700122],[16.07746,47.2699439],[16.0775114,47.2698999],[16.0777998,47.2698484],[16.0780033,47.2698438],[16.078031,47.269817],[16.0780643,47.2698082],[16.0780816,47.2697845],[16.0782067,47.2697406],[16.0782894,47.2696769],[16.0777573,47.2695829],[16.0775718,47.2693766],[16.0782106,47.2692089],[16.0784683,47.2689032],[16.0783095,47.2687728],[16.0776545,47.2689973],[16.077223,47.2690276],[16.0771693,47.2687955],[16.0772006,47.2686059],[16.0772811,47.2684329],[16.0770575,47.2683343],[16.0769145,47.2683055],[16.0767557,47.2681993],[16.0766931,47.2680855],[16.0766976,47.2678913],[16.0767736,47.2678276],[16.0770911,47.2678959],[16.0773638,47.2680294],[16.0777573,47.2681492],[16.0779324,47.2683538],[16.0780346,47.2683434],[16.0782335,47.2683237],[16.078323,47.2682327],[16.0783543,47.2680886],[16.078314,47.2679778],[16.0782559,47.2679247],[16.0782067,47.2678246],[16.0782022,47.2677351],[16.0782402,47.2674878],[16.0778848,47.2676896],[16.0776344,47.2676532],[16.0774799,47.2675282],[16.0770732,47.2673148],[16.0769659,47.2671009],[16.0769189,47.266843],[16.0773929,47.2666534],[16.078077,47.2665457],[16.0791412,47.2663454],[16.0793916,47.2663363],[16.0794459,47.2661046],[16.0795906,47.2656566],[16.0795012,47.2654609],[16.0795258,47.2653168],[16.0796018,47.2652652],[16.0797002,47.2652531],[16.0800221,47.2652955],[16.0801384,47.2653289],[16.0802166,47.2653957],[16.0803932,47.2654609],[16.0804804,47.2654306],[16.0806235,47.2653274],[16.0807398,47.2651605],[16.0807957,47.2651332],[16.0811131,47.2650634],[16.081139,47.2650106],[16.0811937,47.2649538],[16.0812438,47.2649347],[16.0812629,47.2649208],[16.0812786,47.2648662],[16.0812585,47.2648085],[16.0812674,47.2647114],[16.0812806,47.2646881],[16.0813241,47.2646739],[16.0813336,47.2645944],[16.0813713,47.26456],[16.0813721,47.2645262],[16.0814147,47.2644749],[16.0814261,47.2644307],[16.0814161,47.2644148],[16.0815081,47.2643475],[16.0816609,47.2640514],[16.0817034,47.2639559],[16.0816005,47.2639149],[16.0808829,47.2637632],[16.0808851,47.2636494],[16.0808068,47.2635356],[16.0806816,47.2634688],[16.0804827,47.263481],[16.0804134,47.2637708],[16.0803843,47.2642062],[16.0803105,47.2643306],[16.0802121,47.2643974],[16.0800892,47.2644292],[16.0798142,47.2644065],[16.0796063,47.2643761],[16.0795347,47.2642851],[16.0795556,47.2641491],[16.0794699,47.2641167],[16.0794475,47.263927],[16.0795191,47.2637875],[16.0797046,47.2634961],[16.0801026,47.2632716],[16.0804044,47.2631366],[16.0806593,47.2629924],[16.0809119,47.2626996],[16.0817838,47.2625509],[16.081916,47.2625343],[16.0819419,47.2624896],[16.0820573,47.2624126],[16.082345,47.2623203],[16.0823696,47.2622717],[16.0823763,47.2621974],[16.0822936,47.2620988],[16.0821393,47.2619804],[16.082079,47.2619061],[16.0820566,47.2617604],[16.0822399,47.2617741],[16.0824568,47.2617695],[16.0824724,47.261677],[16.0822153,47.2615859],[16.0820409,47.2615495],[16.081453,47.261501],[16.0809589,47.2619941],[16.0808672,47.262035],[16.080742,47.2619653],[16.0807353,47.2618697],[16.0808493,47.2617058],[16.0813255,47.2614555],[16.0812517,47.2614312],[16.081169,47.2613341],[16.0811752,47.2612896],[16.0812093,47.2612688],[16.0813113,47.2611569],[16.0813493,47.2611384],[16.0814239,47.2610488],[16.0814082,47.2610033],[16.0813322,47.2609775],[16.0811992,47.2609696],[16.0811381,47.2609681],[16.0810111,47.2609585],[16.0809723,47.2609639],[16.0808426,47.2609684],[16.0805475,47.2608546],[16.0805207,47.2608061],[16.0805328,47.2607351],[16.0805654,47.260718],[16.0807241,47.2606998],[16.0807599,47.2606634],[16.0807487,47.2605967],[16.0806436,47.2605527],[16.0805609,47.2605329],[16.0804589,47.2605411],[16.0804115,47.2605661],[16.0803664,47.2605542],[16.0802412,47.2604707],[16.0801652,47.2603402],[16.0801965,47.2602462],[16.0802949,47.2601703],[16.0803776,47.2601172],[16.0804916,47.2600777],[16.0805944,47.2600823],[16.0806459,47.2601263],[16.080657,47.2602219],[16.0808046,47.2602659],[16.0809142,47.2602871],[16.0810036,47.2602704],[16.0810684,47.2602386],[16.0811534,47.2601733],[16.0812898,47.2600049],[16.0813032,47.2599321],[16.0812674,47.2598471],[16.081169,47.2597804],[16.0809745,47.2597318],[16.0806638,47.2596969],[16.0805831,47.2596745],[16.0804707,47.2596853],[16.080353,47.2596574],[16.0802188,47.2596696],[16.0801249,47.2597212],[16.0797605,47.2600595],[16.0796878,47.2601544],[16.0796443,47.2602431],[16.0796577,47.2603236],[16.0796596,47.2603557],[16.0796063,47.2604085],[16.0794788,47.2604434],[16.0793456,47.2604012],[16.079273,47.2603956],[16.079054,47.2603448],[16.0788528,47.2603524],[16.0787723,47.2603296],[16.0787254,47.2602856],[16.0787187,47.2602295],[16.0787366,47.2601688],[16.0787388,47.2599791],[16.078703,47.2599002],[16.0786531,47.2598702],[16.0785667,47.2598835],[16.0784526,47.2598881],[16.0782559,47.2599306],[16.0781396,47.2599913],[16.0781083,47.2600307],[16.0780301,47.2600474],[16.0779949,47.2600385],[16.0779568,47.2599856],[16.0779792,47.2599633],[16.0779608,47.2599108],[16.0780266,47.2598206],[16.0780629,47.2597475],[16.0781039,47.259665],[16.0782425,47.2595937],[16.0784392,47.2595467],[16.078572,47.2595314],[16.0786357,47.2595522],[16.0788707,47.2596134],[16.079063,47.2595907],[16.0792195,47.2595194],[16.0793134,47.2594617],[16.0794028,47.2593919],[16.0795194,47.2593396],[16.0796157,47.2593589],[16.0796841,47.2593921],[16.0797337,47.2594162],[16.0797829,47.2594678],[16.0799126,47.2595345],[16.0800154,47.2595224],[16.0800489,47.2594996],[16.0800802,47.25931],[16.0800758,47.2591628],[16.0799819,47.2590718],[16.0798611,47.2590308],[16.0797225,47.259002],[16.079566,47.258964],[16.0792955,47.2589397],[16.0790764,47.2589807],[16.0789624,47.2589489],[16.0789042,47.25887],[16.078902,47.2587865],[16.0789065,47.2586894],[16.0789646,47.2586393],[16.0790429,47.2585862],[16.0791614,47.2585847],[16.0793,47.258612],[16.0794296,47.2585999],[16.0794709,47.2585516],[16.0797695,47.2583313],[16.0798611,47.2582463],[16.0798634,47.2581629],[16.0797404,47.2581373],[16.0795968,47.2581612],[16.0795677,47.2581522],[16.0795356,47.2581385],[16.0795245,47.2580822],[16.0795426,47.2580718],[16.0795373,47.2580129],[16.0795467,47.2579566],[16.0795622,47.2579239],[16.0796098,47.2578882],[16.07966,47.2578488],[16.0797248,47.2578191],[16.0797948,47.2578085],[16.0798235,47.2578041],[16.0799466,47.2578185],[16.0799816,47.2578168],[16.0799839,47.2578167],[16.0800243,47.2578079],[16.0800458,47.2578012],[16.0800514,47.2577973],[16.0800515,47.2577973],[16.0800972,47.2577658],[16.0801337,47.2577335],[16.0801608,47.2577095],[16.0801608,47.2576878],[16.0801608,47.2576751],[16.080189,47.2576048],[16.0801977,47.2575832],[16.080193,47.2575744],[16.0801845,47.2575586],[16.0801906,47.2574962],[16.0801976,47.2574595],[16.0802704,47.2574373],[16.0802985,47.2574288],[16.0803479,47.2574137],[16.080473,47.2573757],[16.0805549,47.2573053],[16.0806878,47.2571912],[16.0806712,47.2571822],[16.0806019,47.2571453],[16.0805967,47.2571425],[16.0806677,47.2571275],[16.0806767,47.2571256],[16.0806834,47.2571232],[16.0806868,47.2571221],[16.0806929,47.25712],[16.0807335,47.2570925],[16.0807489,47.2570691],[16.080744,47.257064],[16.0807439,47.2570639],[16.0807444,47.257063],[16.080776,47.2570088],[16.0807821,47.2569966],[16.0807724,47.2569777],[16.0807708,47.2569746],[16.0807735,47.256973],[16.0807856,47.2569659],[16.0808043,47.2568933],[16.0807988,47.2568786],[16.080811,47.2568563],[16.0808305,47.2567858],[16.0808367,47.2567729],[16.0808295,47.2567505],[16.0808044,47.2567203],[16.0807825,47.2566941],[16.0807841,47.2566692],[16.0807911,47.2566156],[16.0807862,47.2565557],[16.0807902,47.2565275],[16.0807926,47.2565107],[16.080788,47.2564492],[16.0807723,47.2564296],[16.0807562,47.2564212],[16.0807194,47.2564021],[16.0807102,47.2563808],[16.0807047,47.2563678],[16.0806644,47.2563538],[16.0805887,47.2563358],[16.080566,47.2563304],[16.0805293,47.2563224],[16.0804616,47.2563033],[16.0804405,47.2562974],[16.0803947,47.2562945],[16.0803562,47.2562968],[16.080282,47.2563166],[16.0802753,47.2563211],[16.0802731,47.2563225],[16.0802389,47.2563452],[16.0802156,47.2563598],[16.0801915,47.2563878],[16.0801559,47.2564291],[16.0801072,47.2564856],[16.0800728,47.2565001],[16.0800442,47.2565086],[16.0800151,47.2565203],[16.0799778,47.2565245],[16.0799567,47.2565207],[16.0799429,47.2565137],[16.0799189,47.256502],[16.0798977,47.2564715],[16.0798848,47.2564346],[16.0798869,47.2563707],[16.0798919,47.2563618],[16.0798921,47.2563559],[16.0798936,47.2563102],[16.0799067,47.2562851],[16.0799308,47.2562414],[16.0799464,47.2562129],[16.0799604,47.2561989],[16.0799665,47.256193],[16.0799733,47.2561832],[16.0800136,47.2561263],[16.0800365,47.2561021],[16.0801029,47.2560277],[16.0801653,47.255965],[16.0802088,47.2559385],[16.0802239,47.2559314],[16.0802605,47.2559261],[16.0803654,47.2559266],[16.0804076,47.2559495],[16.080459,47.2559779],[16.0804595,47.2559791],[16.0804813,47.2560266],[16.0805255,47.256061],[16.0805438,47.2560691],[16.0805615,47.256077],[16.0805935,47.2560811],[16.080627,47.256068],[16.0806782,47.2560587],[16.0807185,47.2560513],[16.0807334,47.2560321],[16.0807373,47.2560271],[16.0807434,47.2560012],[16.0808324,47.2559053],[16.0808647,47.2558458],[16.0808871,47.2558268],[16.0809032,47.2557881],[16.0809039,47.2557865],[16.0808343,47.2557792],[16.0808154,47.2557771],[16.0804565,47.2557395],[16.0804478,47.2557104],[16.0804195,47.2556121],[16.0804187,47.2556092],[16.0804014,47.2555493],[16.0809158,47.2554974],[16.0809459,47.2554944],[16.0809494,47.2554985],[16.0809601,47.255511],[16.0810079,47.2555671],[16.0810289,47.2555568],[16.081034,47.2555543],[16.0810761,47.2555333],[16.0811408,47.2555197],[16.0811861,47.2555189],[16.0812303,47.2555298],[16.0812731,47.2555509],[16.0813068,47.2555966],[16.0813071,47.255597],[16.0813291,47.2556159],[16.0813548,47.2556243],[16.0814614,47.2556276],[16.0814927,47.2556208],[16.0815094,47.2556125],[16.0815167,47.2556089],[16.0815358,47.2556041],[16.0815639,47.2555971],[16.0816102,47.255573],[16.0816257,47.255557],[16.0816379,47.2555259],[16.0816535,47.2555149],[16.0816582,47.2554783],[16.0816419,47.2554508],[16.0816231,47.2554452],[16.0816002,47.2554409],[16.0815515,47.2554146],[16.0815428,47.2554129],[16.0814975,47.2554042],[16.0814812,47.2553814],[16.081452,47.2553451],[16.0814453,47.2553301],[16.0814453,47.2552908],[16.0814469,47.2552666],[16.0814718,47.2552485],[16.0815057,47.2552384],[16.081596,47.255237],[16.0816489,47.2552374],[16.0816779,47.2552441],[16.0817039,47.2552706],[16.0817233,47.2552889],[16.0817642,47.2553182],[16.0818295,47.2553641],[16.0818743,47.2553889],[16.081897,47.2553953],[16.0819052,47.2554027],[16.0819193,47.2554154],[16.0819426,47.2554269],[16.0819636,47.2554347],[16.0819711,47.2554309],[16.0819919,47.2554284],[16.0820033,47.2554187],[16.0820065,47.2554161],[16.0820237,47.2554016],[16.0820224,47.2553932],[16.0820214,47.255387],[16.0820283,47.2553673],[16.0820425,47.2553552],[16.0820557,47.255344],[16.0820489,47.2553211],[16.0820428,47.2552749],[16.0819987,47.2552055],[16.0819867,47.2551882],[16.0819629,47.2551777],[16.0819479,47.2551711],[16.0819446,47.2551503],[16.0819417,47.2551327],[16.0819339,47.2550845],[16.0819448,47.2550568],[16.0819629,47.2550009],[16.0820332,47.2549363],[16.0820513,47.2549239],[16.0821402,47.2548875],[16.0821959,47.2548531],[16.0822047,47.2548404],[16.0822497,47.2547797],[16.0822502,47.2547792],[16.0822802,47.2547566],[16.0822689,47.254746],[16.0822642,47.2547416],[16.0823073,47.2546717],[16.0823601,47.2546207],[16.082438,47.2545367],[16.0824782,47.2545028],[16.0825197,47.2544677],[16.0825262,47.2544196],[16.0825258,47.2544176],[16.0825225,47.2544004],[16.0825218,47.2543968],[16.0825192,47.2543929],[16.0824965,47.254358],[16.082477,47.2543431],[16.082439,47.2543312],[16.0824332,47.254328],[16.082421,47.2543212],[16.0824067,47.2543166],[16.0823539,47.2543177],[16.0823092,47.2543193],[16.082237,47.2543278],[16.0821589,47.2543343],[16.0820989,47.2543472],[16.0820453,47.2543588],[16.0819748,47.2543608],[16.0818399,47.254349],[16.0818188,47.254343],[16.081796,47.2543366],[16.0817767,47.2543352],[16.0817289,47.2543319],[16.0816966,47.2543172],[16.0816614,47.2543012],[16.0816244,47.2542857],[16.0815938,47.2542913],[16.0815883,47.2542923],[16.0815331,47.254293],[16.0814576,47.254292],[16.081437,47.2542918],[16.0813438,47.2543021],[16.0813317,47.2543034],[16.0812915,47.2543084],[16.0812646,47.2543012],[16.0812483,47.2542861],[16.081243,47.2542747],[16.0812338,47.2542492],[16.0812481,47.2542148],[16.0812698,47.2542041],[16.0812935,47.2541918],[16.0813266,47.2541806],[16.0813577,47.2541701],[16.0814184,47.254127],[16.0814348,47.2541055],[16.0814596,47.2540733],[16.0815267,47.2540267],[16.0816227,47.2539806],[16.0816842,47.2539567],[16.081754,47.2539192],[16.0818128,47.2538945],[16.0819125,47.2538737],[16.0819699,47.2538557],[16.0819819,47.253854],[16.0819948,47.253852],[16.0820047,47.2538471],[16.0820822,47.2538092],[16.0821091,47.2537968],[16.0821121,47.2537954],[16.0821127,47.2537941],[16.0821184,47.2537824],[16.0821521,47.2537585],[16.0822031,47.2537223],[16.0822119,47.2537078],[16.0822521,47.2536923],[16.0823551,47.2536717],[16.0824432,47.253697],[16.0824573,47.253706],[16.0825243,47.2537485],[16.0825296,47.2537518],[16.0825339,47.2537593],[16.0825509,47.2537887],[16.0825795,47.2538405],[16.0825785,47.2538631],[16.0825773,47.2538886],[16.0825862,47.2539379],[16.0825848,47.2539637],[16.082584,47.2539786],[16.0825799,47.2539895],[16.0825737,47.2539985],[16.0825503,47.2540326],[16.0825014,47.2540932],[16.0824724,47.2541226],[16.0824666,47.2541422],[16.0824787,47.2541666],[16.082479,47.2541673],[16.0824807,47.2541786],[16.0824811,47.254181],[16.0824831,47.2541818],[16.0825274,47.2542006],[16.0825462,47.2542083],[16.0825723,47.2542017],[16.0825867,47.2542022],[16.0826092,47.254203],[16.082629,47.2541878],[16.0826443,47.2541738],[16.0826644,47.2541554],[16.0827036,47.2541233],[16.0827343,47.2540995],[16.0827814,47.2540634],[16.0827944,47.2540535],[16.0828013,47.254049],[16.0828633,47.2540088],[16.0828854,47.2539924],[16.0829421,47.2539712],[16.0829434,47.2539752],[16.0829595,47.2540229],[16.0829675,47.2540463],[16.0830412,47.2542862],[16.0830462,47.2542856],[16.083095,47.2542801],[16.0831858,47.254159],[16.0831874,47.2541568],[16.0831679,47.2540775],[16.0831522,47.2540139],[16.0831451,47.2539746],[16.0831345,47.2539274],[16.0831712,47.2539238],[16.0831878,47.2539071],[16.0832305,47.2538802],[16.0832491,47.2538389],[16.0832535,47.2538293],[16.0832505,47.2538222],[16.0832383,47.2537935],[16.0832335,47.2537821],[16.0832085,47.2537608],[16.0831981,47.253752],[16.0831686,47.2537457],[16.0831469,47.2537411],[16.0831109,47.2537248],[16.083086,47.2537002],[16.0830858,47.253673],[16.0830975,47.2536275],[16.0831012,47.2535935],[16.0831416,47.2535567],[16.0831696,47.2535413],[16.0832158,47.2535224],[16.0832535,47.2535178],[16.0832885,47.253518],[16.0833662,47.2535499],[16.083382,47.2535592],[16.0833836,47.2535601],[16.0834078,47.2535691],[16.0834698,47.2535871],[16.0834919,47.2535953],[16.0835221,47.2535991],[16.0835226,47.2535991],[16.083564,47.2535869],[16.0835788,47.2535661],[16.0835842,47.25354],[16.0835622,47.2535204],[16.0835517,47.2534789],[16.0835045,47.2534284],[16.083448,47.2533931],[16.0833943,47.2533762],[16.0833758,47.2533565],[16.0833015,47.2533145],[16.0832658,47.2532972],[16.0832369,47.2532921],[16.0831492,47.253303],[16.0831046,47.2533094],[16.0830304,47.2533107],[16.0830049,47.2533179],[16.0829635,47.2533288],[16.082878,47.2533952],[16.0828632,47.2534163],[16.0828371,47.2534319],[16.0828186,47.2534395],[16.082762,47.2534561],[16.082682,47.2534644],[16.0826582,47.2534476],[16.0826557,47.2534458],[16.0826327,47.2534426],[16.0825598,47.2534285],[16.0825045,47.2534179],[16.0824923,47.2534141],[16.0824205,47.2533921],[16.0823851,47.2533857],[16.0823323,47.2533761],[16.0821958,47.2533417],[16.0821467,47.2533414],[16.0821222,47.2533413],[16.0821056,47.2533422],[16.0820901,47.2533429],[16.0820471,47.2533202],[16.0820057,47.2532862],[16.0819874,47.2532592],[16.0819865,47.2532428],[16.0820135,47.2531901],[16.0820116,47.253174],[16.0820328,47.253164],[16.0820685,47.2531072],[16.0820681,47.2530861],[16.0820609,47.2530631],[16.0820486,47.2530477],[16.0820164,47.2530404],[16.0819622,47.2530352],[16.0819614,47.2530351],[16.0819284,47.2530389],[16.0819188,47.2530551],[16.0819175,47.2530573],[16.0818829,47.2530707],[16.0818777,47.2530778],[16.0818344,47.2531092],[16.0818339,47.2531095],[16.0817863,47.2531376],[16.0817332,47.2531826],[16.0817085,47.2531888],[16.0816449,47.2532049],[16.0816085,47.2532156],[16.081557,47.2532064],[16.0814747,47.2531781],[16.0814661,47.2531634],[16.0814631,47.2531425],[16.0814288,47.2530815],[16.0813972,47.2530145],[16.0813418,47.2529634],[16.0812962,47.2529079],[16.0812821,47.2528947],[16.0812831,47.2528558],[16.0813182,47.2528091],[16.0813672,47.252786],[16.0814955,47.2527518],[16.0815392,47.2527426],[16.0815643,47.2527421],[16.0816588,47.2527511],[16.081687,47.252755],[16.0817592,47.252765],[16.0817597,47.2527651],[16.0817599,47.2527652],[16.0818157,47.2527823],[16.0818459,47.2527943],[16.0818597,47.2527921],[16.0819144,47.2527836],[16.0819474,47.2527851],[16.0819756,47.2527737],[16.0820268,47.2527386],[16.0820282,47.252668],[16.0820137,47.2526334],[16.0820254,47.2526294],[16.0820857,47.2526088],[16.0821105,47.2526002],[16.0821915,47.2525843],[16.0822018,47.2525823],[16.0823954,47.252671],[16.0826363,47.2527815],[16.0828365,47.2526824],[16.0829051,47.2523983],[16.0829068,47.2523914],[16.0829069,47.2523908],[16.0828781,47.2523485],[16.0828532,47.2523304],[16.0828353,47.2523174],[16.082822,47.2523067],[16.082762,47.2522585],[16.0826802,47.2522294],[16.0826711,47.2522262],[16.0826422,47.2522134],[16.0825815,47.2521864],[16.0825413,47.2521707],[16.0825378,47.2521694],[16.0825058,47.2521568],[16.082295,47.252169],[16.0822689,47.2521739],[16.0822497,47.2521868],[16.0822398,47.2521934],[16.0822198,47.2522069],[16.0822215,47.2522169],[16.0822289,47.2522625],[16.0822271,47.2522718],[16.08222,47.2523085],[16.0822047,47.2523307],[16.0822046,47.2523309],[16.0820813,47.252333],[16.0820555,47.2523361],[16.0820133,47.2523231],[16.0818385,47.252297],[16.0818269,47.2522854],[16.0817637,47.252222],[16.0817246,47.2522185],[16.0817124,47.2522174],[16.0816992,47.2522085],[16.0815004,47.2520735],[16.0813898,47.2519984],[16.0813805,47.2520048],[16.081322,47.2520464],[16.0813167,47.2520501],[16.0813062,47.2520402],[16.0812898,47.2520245],[16.0812747,47.2520198],[16.081257,47.2520179],[16.0812394,47.2520045],[16.08115,47.2519915],[16.0810502,47.2519613],[16.0810496,47.2519607],[16.0810109,47.2519167],[16.0810141,47.251876],[16.0810141,47.2518533],[16.0810142,47.2518342],[16.0810155,47.2518166],[16.0810176,47.2517884],[16.0810141,47.2517456],[16.0810132,47.2517346],[16.0810172,47.2517056],[16.0810404,47.2516742],[16.0810431,47.2516705],[16.081077,47.2516298],[16.081141,47.251615],[16.0811974,47.2516081],[16.0812007,47.2516077],[16.0812122,47.2516089],[16.0812224,47.25161],[16.0812497,47.2516129],[16.0812533,47.2516144],[16.0813087,47.2516374],[16.0813321,47.2516316],[16.0813657,47.2516234],[16.0814206,47.2516202],[16.0814986,47.25159],[16.0815458,47.2516088],[16.0815562,47.2516187],[16.0816859,47.2516659],[16.081733,47.2516573],[16.0817538,47.2516544],[16.081773,47.2516611],[16.0818411,47.2516682],[16.081854,47.251657],[16.0818949,47.2516663],[16.0819288,47.2516741],[16.0819989,47.2516974],[16.0820811,47.2517472],[16.0821162,47.251754],[16.082152,47.251741],[16.0822375,47.2517367],[16.0822382,47.2517365],[16.0822711,47.2517275],[16.0822834,47.2516996],[16.0822841,47.251698],[16.0823792,47.2516592],[16.0825122,47.2515908],[16.0825165,47.2515866],[16.0825735,47.2515308],[16.0825818,47.2515154],[16.0825831,47.251513],[16.0826044,47.2514833],[16.0826045,47.2514831],[16.0826066,47.2514782],[16.0826263,47.2514308],[16.0826708,47.2513986],[16.0827042,47.2513792],[16.0827891,47.2513879],[16.0828221,47.2514002],[16.0828267,47.2514028],[16.0828496,47.2514159],[16.0828535,47.2514181],[16.0828635,47.2514339],[16.0828633,47.2514342],[16.0828504,47.2514537],[16.0828505,47.2514541],[16.082856,47.2514679],[16.0828558,47.2514681],[16.0828211,47.2515035],[16.0827915,47.2515602],[16.0827914,47.2515606],[16.0827834,47.2515931],[16.0827761,47.2516223],[16.0827639,47.2516671],[16.0827497,47.2516766],[16.0827497,47.2516772],[16.0827473,47.2517327],[16.0827442,47.2518077],[16.0827446,47.2518082],[16.0827858,47.2518598],[16.0828012,47.2518743],[16.0828071,47.2518798],[16.0828532,47.2519918],[16.0828534,47.2519921],[16.0829073,47.2520586],[16.0829297,47.2520755],[16.0829556,47.2520949],[16.0830118,47.2521129],[16.0830433,47.2521113],[16.0831074,47.2520852],[16.0831077,47.252085],[16.0831401,47.25202],[16.0831424,47.2520153],[16.0831961,47.2519481],[16.0832108,47.2518842],[16.0832255,47.2518172],[16.0832499,47.2517675],[16.0832513,47.2517647],[16.0832603,47.2517069],[16.0832626,47.251692],[16.0832731,47.2516723],[16.0833209,47.2516062],[16.0833753,47.2514812],[16.0833756,47.2514805],[16.0833726,47.2514217],[16.0833714,47.2513982],[16.0833774,47.2513597],[16.0834201,47.2513168],[16.0834428,47.2513023],[16.0834948,47.2512886],[16.0835499,47.251282],[16.083604,47.2512995],[16.0836638,47.2513257],[16.0836907,47.2513401],[16.0836888,47.25137],[16.0836605,47.2514033],[16.0836608,47.2514038],[16.0836918,47.2514599],[16.0837323,47.2515041],[16.0837872,47.2515508],[16.0838465,47.2516015],[16.0838549,47.2516229],[16.0838556,47.2516629],[16.0838558,47.2516763],[16.0838557,47.2516765],[16.0838467,47.2517],[16.0838131,47.2517318],[16.0838158,47.2517418],[16.0838279,47.251788],[16.0838297,47.2517904],[16.0838435,47.2518092],[16.0838584,47.2518204],[16.0838856,47.2518272],[16.0839102,47.2518269],[16.0839134,47.2518249],[16.0839335,47.2518124],[16.083951,47.2517947],[16.0839669,47.251757],[16.0840136,47.2517129],[16.0840539,47.2516597],[16.0840623,47.2516404],[16.0840623,47.2516403],[16.0840795,47.2516012],[16.0840937,47.2515281],[16.0840948,47.2515226],[16.0840948,47.2515223],[16.0840676,47.2514743],[16.0840329,47.2514325],[16.0840352,47.2513914],[16.0840293,47.2513538],[16.0840224,47.2513087],[16.0840216,47.2513035],[16.0840359,47.2512605],[16.0840397,47.251249],[16.0840405,47.2512357],[16.0840421,47.251208],[16.0840429,47.2511945],[16.0840459,47.2511715],[16.0840492,47.2511465],[16.084045,47.2511231],[16.084043,47.2511118],[16.0840449,47.2511014],[16.0840463,47.2510941],[16.0840391,47.2510798],[16.0840238,47.2510493],[16.0840155,47.2510328],[16.0839664,47.2509966],[16.0839566,47.2509951],[16.0838743,47.2509821],[16.0838519,47.2509722],[16.0838485,47.2509707],[16.0838214,47.2509728],[16.0837625,47.2509923],[16.08374,47.2509921],[16.0836607,47.2510382],[16.0835861,47.2510509],[16.0834538,47.2510473],[16.0834033,47.2510515],[16.0833812,47.2510593],[16.0833067,47.2510723],[16.0833009,47.2510733],[16.083264,47.2510797],[16.0831943,47.2510858],[16.0830927,47.2511043],[16.0830716,47.2511041],[16.0829821,47.2510981],[16.0829442,47.251086],[16.082881,47.2510737],[16.0828576,47.2510434],[16.0828384,47.2510006],[16.0828238,47.2509695],[16.0828224,47.2509566],[16.0828224,47.2509561],[16.0828234,47.2509554],[16.0828624,47.250929],[16.082865,47.2509272],[16.0828906,47.2509202],[16.0829102,47.2509062],[16.082983,47.2508977],[16.082995,47.250842],[16.0830162,47.2507582],[16.0830338,47.2506964],[16.0830359,47.250678],[16.0830376,47.2506642],[16.0830376,47.2506635],[16.0830539,47.2506521],[16.0830931,47.2506175],[16.0831374,47.2505798],[16.0831563,47.2505626],[16.0832285,47.2505242],[16.0832502,47.2505124],[16.083273,47.2505085],[16.0833027,47.2505089],[16.0833552,47.250533],[16.0833939,47.2505346],[16.0834227,47.2505223],[16.083496,47.2505091],[16.0835286,47.2504781],[16.0836273,47.2504798],[16.0836594,47.2504834],[16.0837323,47.2505115],[16.0838036,47.250534],[16.0838499,47.2505471],[16.0838777,47.2505453],[16.0840284,47.2505508],[16.0840837,47.2505672],[16.0841415,47.2505931],[16.0841914,47.2506088],[16.0842571,47.2506317],[16.0842956,47.2506493],[16.084316,47.2506746],[16.0843966,47.2507032],[16.0844517,47.2507244],[16.0844631,47.2507338],[16.0845099,47.2507401],[16.0845316,47.250743],[16.0845715,47.2507492],[16.0845819,47.2507508],[16.0846006,47.2507469],[16.0846057,47.2507458],[16.0846665,47.2507527],[16.0847366,47.2507442],[16.0847625,47.2507408],[16.0848188,47.2507518],[16.0848878,47.2507507],[16.0849486,47.250751],[16.0850419,47.250765],[16.0851158,47.2507773],[16.0851807,47.2507695],[16.0852464,47.250772],[16.0853196,47.2507642],[16.085349,47.2507632],[16.0853645,47.2507627],[16.0853691,47.250762],[16.0854262,47.2507541],[16.0855015,47.2507355],[16.0855474,47.2507134],[16.0855494,47.2507131],[16.0855725,47.250709],[16.0856234,47.2506815],[16.0856304,47.2506777],[16.0856497,47.2506657],[16.0856781,47.2506479],[16.0856885,47.2506309],[16.0856778,47.2506209],[16.0856833,47.2506051],[16.0856868,47.2505951],[16.0856875,47.2505946],[16.0856999,47.2505856],[16.0857034,47.2505463],[16.0857036,47.2505441],[16.0857179,47.2505049],[16.085718,47.2505046],[16.0857135,47.2504846],[16.0857046,47.2504773],[16.0856783,47.2504558],[16.0856747,47.2504528],[16.0856556,47.2504433],[16.0856291,47.2504295],[16.0855746,47.2504436],[16.0855463,47.2504432],[16.0854778,47.2504336],[16.0854324,47.2504191],[16.0853772,47.2504018],[16.0853274,47.250396],[16.085274,47.2503746],[16.0852599,47.2503676],[16.0852005,47.2503379],[16.0851874,47.2503269],[16.085163,47.2503062],[16.0851153,47.2502838],[16.0851048,47.2502789],[16.0850781,47.2502663],[16.0850641,47.2502554],[16.0850174,47.2502531],[16.0849453,47.2502445],[16.084872,47.2502355],[16.0848252,47.2502249],[16.0848013,47.2502079],[16.0847663,47.2501498],[16.0847654,47.2501339],[16.0847635,47.2501014],[16.0847814,47.2500564],[16.0847925,47.2500359],[16.0848373,47.2500024],[16.0848477,47.2499864],[16.0848761,47.2499702],[16.0849069,47.2499527],[16.0849304,47.2499366],[16.0849293,47.2499215],[16.0849292,47.2499212],[16.0849423,47.2498961],[16.0849426,47.2498955],[16.0849251,47.2498761],[16.0849198,47.2498669],[16.0849161,47.2498603],[16.0849159,47.2498482],[16.0849159,47.2498476],[16.084902,47.2498413],[16.0848697,47.2498478],[16.084793,47.2498466],[16.0847525,47.2498389],[16.0847044,47.2498165],[16.084651,47.2498012],[16.0846436,47.2497991],[16.0846326,47.2497938],[16.0846213,47.2497883],[16.0845844,47.2497725],[16.0845351,47.2497561],[16.0845146,47.2497545],[16.0844101,47.2497461],[16.0843503,47.249723],[16.0843331,47.2497218],[16.084301,47.2497079],[16.0842346,47.2496792],[16.0842313,47.2496761],[16.0842192,47.2496648],[16.0841854,47.2496551],[16.0841353,47.2496408],[16.0841183,47.2496357],[16.0840686,47.2496207],[16.0840077,47.2496153],[16.083996,47.2496028],[16.0839344,47.2495692],[16.083894,47.2495324],[16.0838823,47.249524],[16.0838643,47.2495111],[16.083838,47.2494924],[16.0838368,47.249477],[16.0838113,47.2494494],[16.0838026,47.2494401],[16.0837878,47.2493787],[16.0837873,47.2493768],[16.0837495,47.2493409],[16.0837088,47.2493294],[16.0835871,47.2493161],[16.083561,47.2493269],[16.0835368,47.249348],[16.0835241,47.249359],[16.0834946,47.2493696],[16.0834618,47.2493804],[16.0834415,47.2493848],[16.0834374,47.2493857],[16.0833661,47.249378],[16.0833435,47.24938],[16.0833237,47.2493746],[16.0833176,47.2493743],[16.0833078,47.2493738],[16.0832934,47.2493682],[16.083265,47.2493573],[16.0832626,47.2493508],[16.0832286,47.2493427],[16.0832023,47.249325],[16.0831999,47.2493128],[16.0831994,47.2493121],[16.0831869,47.2492972],[16.0831855,47.2492738],[16.0831852,47.24927],[16.0831826,47.2492634],[16.0831731,47.24924],[16.0831838,47.2491779],[16.0831841,47.249177],[16.0832034,47.2491153],[16.083198,47.2491039],[16.0831979,47.2491037],[16.0832229,47.2490737],[16.0832492,47.2490606],[16.0832651,47.2490458],[16.0832796,47.2490398],[16.0833127,47.249026],[16.0833177,47.2490239],[16.0833265,47.2490251],[16.0833785,47.249032],[16.0833859,47.249033],[16.0834543,47.2490282],[16.083495,47.2490403],[16.083512,47.2490454],[16.0835754,47.2490573],[16.0835896,47.24906],[16.0836352,47.2490645],[16.0836732,47.2490682],[16.0837197,47.2490657],[16.0837522,47.2490549],[16.0837561,47.2490536],[16.0837934,47.2490202],[16.0837971,47.2490169],[16.0838097,47.2489969],[16.0838169,47.2489856],[16.0838171,47.2489853],[16.0838123,47.2489794],[16.083796,47.2489588],[16.0837914,47.248951],[16.0837881,47.2489454],[16.0837959,47.2489079],[16.0838008,47.2488846],[16.0838149,47.2488754],[16.0838377,47.2488695],[16.0838549,47.2488269],[16.0838604,47.2488184],[16.0838834,47.2487829],[16.0838984,47.2487483],[16.0838931,47.2487248],[16.0838873,47.2487212],[16.0838533,47.2486997],[16.0838499,47.2486976],[16.0838264,47.248688],[16.0838077,47.248683],[16.0837873,47.2486812],[16.0837691,47.2486888],[16.0837421,47.248695],[16.0837195,47.2486936],[16.0836682,47.2486826],[16.0836107,47.2486635],[16.0835329,47.2486545],[16.0835018,47.2486508],[16.0834738,47.2486506],[16.0834331,47.2486503],[16.0834272,47.2486514],[16.0833724,47.2486618],[16.0833449,47.2486571],[16.0833325,47.2486609],[16.0833247,47.2486633],[16.0833243,47.2486641],[16.0833108,47.2486872],[16.0832922,47.2487084],[16.0832754,47.2487125],[16.0832745,47.2487128],[16.0832263,47.2487161],[16.0832073,47.2487181],[16.0831992,47.248719],[16.0831978,47.2487188],[16.08318,47.248716],[16.0831522,47.2487118],[16.0831307,47.2487085],[16.0830878,47.2487164],[16.0830808,47.2487176],[16.0830596,47.2487189],[16.0830167,47.2487237],[16.0829927,47.2487264],[16.0829443,47.2487282],[16.0828857,47.2487306],[16.0828628,47.2487232],[16.0828389,47.2487155],[16.0828153,47.2487019],[16.0827908,47.2486821],[16.0827639,47.2486702],[16.0827635,47.2486674],[16.0827612,47.2486516],[16.0827726,47.2486245],[16.082779,47.2486095],[16.0827794,47.2486084],[16.0827731,47.2485949],[16.0827711,47.2485397],[16.0827832,47.2485223],[16.0827917,47.248491],[16.0827971,47.2484713],[16.0828062,47.2484221],[16.082818,47.2483922],[16.0828199,47.2483873],[16.0828192,47.2483831],[16.0828127,47.2483457],[16.0828108,47.2483046],[16.0828189,47.2482518],[16.0828193,47.2482496],[16.0828258,47.2482192],[16.0828396,47.2482042],[16.0828461,47.248186],[16.0828499,47.2481756],[16.0828676,47.2481473],[16.0828726,47.2481132],[16.0828675,47.2480787],[16.0828666,47.2480727],[16.0828815,47.2480352],[16.082876,47.2480106],[16.0828701,47.2479844],[16.0828804,47.2479358],[16.0828798,47.2479191],[16.0829109,47.2478545],[16.0829237,47.2478349],[16.082931,47.2478236],[16.0829317,47.2478225],[16.0829606,47.2478013],[16.0829622,47.247801],[16.0830085,47.2477916],[16.0830125,47.2477909],[16.0830529,47.2477955],[16.0830761,47.2477989],[16.0830818,47.2478007],[16.0831256,47.2478143],[16.0831366,47.2478178],[16.0831931,47.2478282],[16.0832784,47.2478392],[16.0833596,47.2478593],[16.0833971,47.2478624],[16.083487,47.2478561],[16.0835111,47.2478584],[16.0835878,47.2478657],[16.0835895,47.2478659],[16.0836627,47.2478709],[16.0837261,47.2478799],[16.0837389,47.2478838],[16.0837751,47.2478948],[16.0837842,47.2478966],[16.0838012,47.2479],[16.0838138,47.24791],[16.0838157,47.2479115],[16.0838245,47.2479185],[16.0838363,47.2479444],[16.0838475,47.247971],[16.0838512,47.2479796],[16.0838624,47.248006],[16.0838631,47.2480076],[16.0838794,47.2480492],[16.083904,47.2480879],[16.0839051,47.24809],[16.0839134,47.2481063],[16.0839214,47.2481134],[16.0839535,47.2481419],[16.0839666,47.2481548],[16.0839984,47.2481903],[16.0840224,47.2482423],[16.0840343,47.248257],[16.0840332,47.2482762],[16.0840329,47.248282],[16.0840335,47.2483051],[16.0840338,47.2483161],[16.0840251,47.24832],[16.084012,47.2483259],[16.0840004,47.2483651],[16.0839968,47.2483772],[16.0839769,47.2484231],[16.083973,47.2484307],[16.0839545,47.2484663],[16.0839544,47.248467],[16.0839447,47.2485059],[16.0839446,47.2485103],[16.0839442,47.248533],[16.0839442,47.2485376],[16.0839589,47.2485589],[16.0839624,47.248564],[16.083998,47.2485757],[16.084036,47.2485802],[16.084043,47.2485802],[16.0840751,47.2485798],[16.0840832,47.2485751],[16.0841162,47.2485559],[16.0841205,47.2485168],[16.0841233,47.2485152],[16.084139,47.2485062],[16.0841487,47.2485006],[16.084171,47.248494],[16.084186,47.2484886],[16.084197,47.2484846],[16.0842344,47.248471],[16.0843328,47.2484442],[16.0843614,47.2484413],[16.0843793,47.2484394],[16.084416,47.2484258],[16.084423,47.2484231],[16.0844555,47.2484025],[16.0844836,47.2483538],[16.0845214,47.2483223],[16.0845224,47.2483215],[16.0845551,47.2482816],[16.0845685,47.2482681],[16.0845738,47.2482651],[16.0846131,47.248243],[16.0846272,47.2482351],[16.0846286,47.2482343],[16.0846788,47.248208],[16.0846832,47.2482057],[16.0847009,47.248201],[16.0847198,47.2481992],[16.0847382,47.2482031],[16.0847698,47.2482142],[16.084773,47.2482186],[16.0847849,47.248235],[16.0847852,47.2482354],[16.084834,47.2482815],[16.0848339,47.2482916],[16.0848336,47.2483278],[16.0848332,47.2483767],[16.0848329,47.2484258],[16.0848329,47.2484263],[16.084833,47.2484265],[16.0848349,47.2484461],[16.084874,47.2484807],[16.0848961,47.2484945],[16.0849367,47.2484933],[16.0849856,47.2485108],[16.085009,47.2485251],[16.0850116,47.2485251],[16.085057,47.2485253],[16.0850711,47.2485262],[16.0850846,47.2485271],[16.0851431,47.2485168],[16.085173,47.2485139],[16.0852024,47.2485196],[16.0852591,47.2485405],[16.0853221,47.2485784],[16.0853555,47.248592],[16.0853946,47.2486163],[16.0854139,47.2486171],[16.0854426,47.2486183],[16.085475,47.2486175],[16.0854958,47.248617],[16.0856065,47.2486171],[16.0856271,47.2486056],[16.0856429,47.2486036],[16.0857206,47.2485937],[16.0857398,47.2485871],[16.0857531,47.2485825],[16.0857658,47.2485781],[16.0857942,47.2485529],[16.085795,47.2485518],[16.0858133,47.2485255],[16.0858175,47.2485196],[16.085815,47.2485042],[16.0858148,47.2485028],[16.0858088,47.248456],[16.0858103,47.2484504],[16.0858136,47.2484378],[16.0858151,47.2484322],[16.0858365,47.2484127],[16.0858666,47.2484044],[16.0859061,47.2484086],[16.0859242,47.2484148],[16.085951,47.2484301],[16.0860129,47.2484829],[16.0860271,47.2485025],[16.0860554,47.2485344],[16.0860798,47.2485442],[16.0861214,47.2485456],[16.0861303,47.2485425],[16.0861542,47.2485342],[16.0861664,47.24853],[16.0861962,47.2484908],[16.0862051,47.2484517],[16.0862091,47.2484356],[16.0862204,47.2483905],[16.0862194,47.24837],[16.0862183,47.2483466],[16.0862183,47.2483462],[16.0862165,47.248345],[16.0861831,47.2483228],[16.0861749,47.2483077],[16.0861738,47.2483057],[16.08617,47.248236],[16.0861815,47.2481825],[16.0862031,47.2480817],[16.0862325,47.2480181],[16.0862463,47.2479664],[16.086248,47.2479601],[16.0862533,47.2479225],[16.0862554,47.2479072],[16.0862555,47.2479069],[16.0862555,47.2478993],[16.0862554,47.2478638],[16.0862532,47.2478393],[16.0862488,47.2477896],[16.0862481,47.2477578],[16.0862459,47.2477551],[16.0862182,47.2477222],[16.0861591,47.2476953],[16.0861521,47.2476922],[16.0861071,47.2476518],[16.0860405,47.247619],[16.0860198,47.2476079],[16.0859938,47.2476022],[16.0859207,47.247627],[16.0858612,47.2476519],[16.0858141,47.247693],[16.0857265,47.247726],[16.085702,47.2477213],[16.0855923,47.2477187],[16.0855463,47.2476982],[16.0855137,47.2476766],[16.0854503,47.2476448],[16.0854199,47.2476198],[16.0853036,47.2475503],[16.0852915,47.2475442],[16.0852302,47.247513],[16.0852281,47.2475119],[16.0851677,47.2474654],[16.0851377,47.2474317],[16.0851083,47.2473957],[16.0850753,47.2473651],[16.0850377,47.2473282],[16.0849504,47.2472867],[16.0848743,47.247255],[16.0848508,47.2472417],[16.0848507,47.2472417],[16.0848212,47.2472019],[16.0848104,47.2471756],[16.084828,47.2471467],[16.084858,47.2471379],[16.0848701,47.2471247],[16.0849749,47.2471017],[16.0850029,47.2470898],[16.0850083,47.2470894],[16.0850543,47.2470865],[16.0851046,47.2470701],[16.0851104,47.2470683],[16.085161,47.2470543],[16.0852141,47.2470395],[16.0852818,47.2470172],[16.0853073,47.2470111],[16.0853387,47.2470151],[16.0853947,47.2470226],[16.0854423,47.2470433],[16.0854884,47.247069],[16.0855624,47.2471371],[16.0856297,47.2471834],[16.0856424,47.2471941],[16.0856696,47.2472101],[16.0857071,47.2472239],[16.0857372,47.247227],[16.0857831,47.2472163],[16.0858499,47.2471689],[16.0858667,47.2471313],[16.0859001,47.2470929],[16.0859364,47.2470594],[16.0859351,47.2470227],[16.0859351,47.247022],[16.0859205,47.2469765],[16.0859039,47.2469632],[16.0858387,47.2469554],[16.0858001,47.2469353],[16.0857757,47.2469038],[16.0857668,47.2468718],[16.0857851,47.2468207],[16.0857899,47.2467851],[16.08579,47.2467848],[16.0857738,47.246754],[16.0857734,47.2467532],[16.0857695,47.2467384],[16.085761,47.2467065],[16.0857032,47.2466728],[16.0856598,47.2466408],[16.0856233,47.2466217],[16.0855946,47.2466129],[16.0854941,47.2465974],[16.0854669,47.2465913],[16.0854636,47.2465928],[16.0854106,47.2466163],[16.0853755,47.2466208],[16.0853511,47.246624],[16.085306,47.2466395],[16.0853051,47.2466398],[16.0852632,47.2466542],[16.0852454,47.2466683],[16.0851835,47.2466852],[16.085145,47.2467005],[16.0850984,47.2466941],[16.0850466,47.2466756],[16.0850128,47.2466658],[16.0849664,47.2466412],[16.0848936,47.2465968],[16.0848501,47.2465543],[16.0848437,47.2465464],[16.0848191,47.2465161],[16.0847951,47.2464808],[16.0847864,47.246468],[16.0847613,47.2464196],[16.0847616,47.2463799],[16.0847616,47.2463789],[16.0847616,47.2463785],[16.0847642,47.2463573],[16.0847581,47.2463292],[16.084758,47.2463287],[16.0847894,47.2463101],[16.0847965,47.2463043],[16.0848245,47.2462816],[16.0848324,47.2462722],[16.0848342,47.24627],[16.0848576,47.2462638],[16.0849019,47.2462651],[16.0849512,47.246276],[16.0849536,47.2462773],[16.0849851,47.2462945],[16.0850173,47.2463274],[16.0850176,47.2463277],[16.0850339,47.2463458],[16.0850575,47.2463722],[16.0851056,47.2463973],[16.0851596,47.2464007],[16.0851994,47.246414],[16.0852205,47.2464104],[16.0852502,47.2464053],[16.0852524,47.2464044],[16.0853078,47.2463824],[16.0853836,47.2463511],[16.0853877,47.2463495],[16.0854457,47.2463261],[16.0854493,47.2463253],[16.0854955,47.2463151],[16.0855333,47.2462912],[16.0855366,47.2462892],[16.0855959,47.2462589],[16.0855984,47.246257],[16.0856386,47.2462262],[16.0856475,47.2462013],[16.0856481,47.2461996],[16.0856407,47.2461669],[16.0856442,47.246157],[16.0856538,47.2461292],[16.0856531,47.2461258],[16.0856493,47.2461079],[16.0856466,47.2460953],[16.0855937,47.2460566],[16.0855897,47.2460544],[16.0855544,47.246035],[16.0855518,47.2460336],[16.0854988,47.2460068],[16.0854807,47.2460007],[16.0854233,47.245981],[16.085417,47.2459732],[16.085416,47.245972],[16.0853376,47.2459737],[16.0852728,47.2459778],[16.0852504,47.2459764],[16.0852285,47.2459849],[16.0851452,47.2459927],[16.0851148,47.2459911],[16.0850469,47.2459924],[16.0850088,47.2459754],[16.0849584,47.2459548],[16.0849292,47.2459373],[16.0849121,47.2459277],[16.0848811,47.245887],[16.0848724,47.2458479],[16.0848669,47.2457999],[16.0848668,47.2457993],[16.0849001,47.2457581],[16.0849075,47.2457375],[16.0849225,47.2457221],[16.0849283,47.2457194],[16.0849409,47.2457134],[16.0849563,47.2457125],[16.084963,47.2457121],[16.084997,47.2457322],[16.0850348,47.2457505],[16.0851055,47.2457556],[16.0851117,47.2457535],[16.085153,47.2457396],[16.0851856,47.2457251],[16.0852217,47.2457032],[16.0852351,47.2456951],[16.0852581,47.2456566],[16.0852779,47.2456232],[16.0853036,47.2455847],[16.0853457,47.2455562],[16.0853981,47.2455427],[16.0854616,47.245543],[16.0855519,47.2455337],[16.085584,47.2455419],[16.0856231,47.2455584],[16.0856468,47.2455747],[16.0856468,47.2455752],[16.0856478,47.2456084],[16.0856479,47.2456085],[16.0856546,47.2456262],[16.0856544,47.2456268],[16.0856454,47.2456508],[16.0856251,47.2456903],[16.0855657,47.2457397],[16.0855656,47.2457404],[16.0855656,47.2457407],[16.0855608,47.2457736],[16.0855733,47.2457873],[16.085574,47.245788],[16.0855958,47.2458072],[16.0856159,47.2458222],[16.0856691,47.2458454],[16.0856711,47.2458454],[16.0856981,47.2458453],[16.0857293,47.2458334],[16.0857373,47.2458303],[16.0858014,47.2458386],[16.0858299,47.2458471],[16.0858674,47.2458552],[16.0858854,47.2458699],[16.0859009,47.2458839],[16.0859098,47.2459219],[16.0859297,47.2459738],[16.0859302,47.2459756],[16.0859326,47.2459844],[16.0859461,47.2459973],[16.0859626,47.2460131],[16.0860193,47.2460188],[16.0860301,47.2460171],[16.0860766,47.2460095],[16.0860927,47.2460029],[16.0861016,47.2459992],[16.0861205,47.2459915],[16.0861389,47.2459748],[16.0861527,47.2459622],[16.0861729,47.2459448],[16.0861733,47.2459444],[16.0861593,47.2459077],[16.0861526,47.2458873],[16.0861437,47.2458604],[16.0861517,47.2458389],[16.0861883,47.2458068],[16.0862436,47.2457472],[16.0862575,47.2457441],[16.0862745,47.2457402],[16.0862823,47.245736],[16.0863197,47.2457158],[16.0863272,47.2457118],[16.0863322,47.2457013],[16.0863355,47.2456942],[16.0863415,47.2456816],[16.0863443,47.2456757],[16.0863574,47.2456323],[16.0863639,47.245587],[16.0863644,47.2455831],[16.0864102,47.245542],[16.0864112,47.2455411],[16.0864389,47.245497],[16.086444,47.245492],[16.0864766,47.24546],[16.0864793,47.2454549],[16.0864881,47.2454381],[16.0864952,47.2453988],[16.0864957,47.2453962],[16.0864958,47.2453958],[16.0864731,47.2453542],[16.0864587,47.2453371],[16.08644,47.2453279],[16.0863868,47.2453249],[16.0863447,47.2453572],[16.0863406,47.2453603],[16.0863219,47.2453743],[16.0862889,47.245372],[16.0862489,47.2453787],[16.0862266,47.245379],[16.0862199,47.245379],[16.0861817,47.2453902],[16.0861805,47.2453906],[16.0861804,47.2453906],[16.0861126,47.2453919],[16.0860964,47.2453894],[16.0860844,47.2453877],[16.0860814,47.2453868],[16.086032,47.2453736],[16.0859877,47.2453526],[16.0859672,47.2453368],[16.0859621,47.2453298],[16.0859327,47.2452893],[16.0859254,47.2452304],[16.0858816,47.2451745],[16.0858813,47.2451741],[16.0858686,47.2451514],[16.0858465,47.2451121],[16.0858027,47.2450616],[16.0857936,47.2450334],[16.0857935,47.245033],[16.0858192,47.2449802],[16.0858381,47.2449212],[16.0858544,47.2448851],[16.0858547,47.2448844],[16.0858589,47.2448776],[16.0858946,47.24482],[16.0858909,47.2447993],[16.085864,47.2447762],[16.0858631,47.2447754],[16.0858596,47.2447719],[16.0858367,47.2447493],[16.0857878,47.2447307],[16.0857444,47.2447142],[16.0857073,47.244699],[16.0856587,47.2446762],[16.0856586,47.2446761],[16.0856584,47.2446752],[16.0856552,47.2446555],[16.0856422,47.2446153],[16.0856416,47.2446135],[16.0856632,47.2445879],[16.0857053,47.244567],[16.0857545,47.244552],[16.0857551,47.2445518],[16.0857552,47.2445517],[16.0857695,47.2445392],[16.0857876,47.2445382],[16.0858543,47.2445346],[16.0859184,47.2445551],[16.0859529,47.2445682],[16.0859614,47.2445715],[16.0860123,47.2446177],[16.0860142,47.2446198],[16.0860322,47.2446396],[16.0860397,47.2446412],[16.0860638,47.2446462],[16.0861193,47.2446519],[16.0861219,47.2446537],[16.0861503,47.2446733],[16.0862571,47.2446818],[16.0862574,47.2446819],[16.0862725,47.2446866],[16.0863098,47.2446984],[16.08631,47.2446984],[16.0863786,47.244693],[16.0864708,47.2446928],[16.0865076,47.2446883],[16.0865729,47.2446763],[16.0866425,47.2446668],[16.0866962,47.2446483],[16.0867042,47.2446455],[16.0867798,47.2446188],[16.0867906,47.244615],[16.0868791,47.244576],[16.0869148,47.2445512],[16.0869872,47.2444907],[16.087032,47.2444497],[16.0870334,47.2444479],[16.0871009,47.2443624],[16.0871042,47.2443583],[16.0871676,47.2443291],[16.0871882,47.2443169],[16.0872997,47.2442901],[16.0873757,47.2442754],[16.0874074,47.2442561],[16.0874076,47.2442559],[16.0873963,47.2442187],[16.0873345,47.2441615],[16.0873338,47.2441611],[16.0872847,47.2441333],[16.0872833,47.2441037],[16.0872854,47.2440992],[16.087321,47.2440249],[16.0873288,47.2440051],[16.0873292,47.2440041],[16.0873154,47.2439568],[16.087313,47.2439547],[16.0872872,47.2439326],[16.0872854,47.2439311],[16.0872228,47.2438924],[16.0871994,47.2438843],[16.0871496,47.2438885],[16.0871304,47.2438902],[16.0871115,47.2438912],[16.0870844,47.2438928],[16.0870673,47.2438862],[16.087054,47.243881],[16.0870378,47.2438642],[16.0870329,47.2438591],[16.0870321,47.2438583],[16.0870218,47.2438332],[16.0870136,47.2438133],[16.0869888,47.2437719],[16.0869364,47.2437491],[16.086916,47.2437348],[16.0868506,47.243725],[16.0867956,47.2437098],[16.0867563,47.2437068],[16.0867099,47.2437048],[16.0866946,47.2437041],[16.0866633,47.2437052],[16.0866452,47.2436977],[16.0866422,47.2436964],[16.0866149,47.2436836],[16.0866011,47.2436692],[16.0865846,47.2436518],[16.0865704,47.24362],[16.0865773,47.2435917],[16.0865778,47.2435893],[16.0865778,47.2435885],[16.0865778,47.2435769],[16.0866053,47.243535],[16.086613,47.243525],[16.0866328,47.2434991],[16.0866679,47.2434274],[16.0866672,47.2434264],[16.0866346,47.2433854],[16.0866334,47.2433838],[16.0865731,47.2433248],[16.0865316,47.2432749],[16.086487,47.2432486],[16.0864831,47.2432494],[16.086449,47.2432563],[16.0864117,47.2432542],[16.0864109,47.243254],[16.0864095,47.2432536],[16.0863858,47.2432473],[16.0863468,47.2432245],[16.0863255,47.24319],[16.086321,47.2431827],[16.0862929,47.2431364],[16.0862927,47.2431361],[16.0862966,47.2431037],[16.0862981,47.2430921],[16.0862724,47.2430514],[16.0862504,47.2430178],[16.0862423,47.2430054],[16.0862421,47.243005],[16.0861913,47.2429685],[16.0861898,47.2429141],[16.0861898,47.2429126],[16.0862044,47.2428948],[16.0862299,47.2428921],[16.0862749,47.2428806],[16.0863134,47.2428808],[16.0863263,47.2428819],[16.0863561,47.2428846],[16.0863987,47.2428834],[16.0864216,47.2428827],[16.0864904,47.2428697],[16.0865314,47.2428567],[16.0865548,47.2428401],[16.0865795,47.2427896],[16.0865768,47.2427527],[16.0865749,47.2427254],[16.0865744,47.242719],[16.0865752,47.2427092],[16.086578,47.2426735],[16.0865792,47.2426583],[16.08661,47.2426284],[16.0866276,47.2426113],[16.0866787,47.2425698],[16.0866793,47.2425693],[16.0867,47.2425516],[16.08674,47.24255],[16.0867814,47.2425453],[16.0868551,47.2425535],[16.0869037,47.242581],[16.0869034,47.2425852],[16.0869017,47.2426112],[16.0869097,47.2426262],[16.0869431,47.2426434],[16.0869752,47.2426542],[16.0869815,47.2426564],[16.0870248,47.2426631],[16.0870463,47.2426721],[16.0870481,47.2426728],[16.0870563,47.2426783],[16.0870833,47.2426967],[16.0871147,47.2427216],[16.0871108,47.2427764],[16.0871108,47.2427768],[16.0871166,47.242801],[16.087089,47.2428048],[16.0870875,47.242805],[16.0870534,47.2428381],[16.0870416,47.2428495],[16.0870214,47.2428613],[16.0869885,47.2428806],[16.0869883,47.2428812],[16.0869739,47.2429299],[16.0869553,47.2429487],[16.0869538,47.2429502],[16.0869535,47.2429521],[16.0869489,47.2429791],[16.0869473,47.242988],[16.0869663,47.2429911],[16.0870181,47.2429994],[16.0870347,47.2430021],[16.0870565,47.2430055],[16.0870883,47.2430304],[16.0871028,47.2430448],[16.0871411,47.2430637],[16.0871666,47.2430763],[16.0871779,47.2430812],[16.0871967,47.2430893],[16.0872325,47.243096],[16.0872806,47.2431034],[16.0873011,47.2431066],[16.087315,47.2431039],[16.0873249,47.243102],[16.0873605,47.2431177],[16.0873686,47.2431213],[16.0874392,47.2431292],[16.0874554,47.243131],[16.0874556,47.2431311],[16.0874706,47.2431415],[16.0874982,47.2431403],[16.0875214,47.2431362],[16.0875391,47.2431248],[16.0875407,47.2431238],[16.0875803,47.2431197],[16.0876242,47.2431176],[16.0876485,47.2431132],[16.0876645,47.2431103],[16.0876703,47.2431084],[16.0876901,47.2431017],[16.0876971,47.243099],[16.0877132,47.2430927],[16.0877394,47.2430809],[16.0877809,47.2430472],[16.0877958,47.2430263],[16.0878004,47.2430198],[16.087809,47.2430077],[16.0878092,47.2430074],[16.0878101,47.2429981],[16.0878157,47.2429408],[16.0878155,47.2429402],[16.0878069,47.2429129],[16.0877744,47.2428879],[16.0877407,47.2428814],[16.0877292,47.2428617],[16.0877343,47.2428445],[16.08775,47.2428345],[16.0877523,47.242829],[16.0877758,47.2427698],[16.0877878,47.2427239],[16.0877923,47.242685],[16.0878012,47.2426605],[16.0878001,47.24266],[16.0877743,47.2426492],[16.0877571,47.2426011],[16.0877567,47.2425999],[16.0877573,47.2425738],[16.0877498,47.2425535],[16.0877473,47.2425488],[16.0877372,47.2425296],[16.0877338,47.2425066],[16.0877329,47.2425002],[16.0877328,47.2424999],[16.0877457,47.2424704],[16.087765,47.2424693],[16.0877731,47.2424688],[16.0878031,47.2424564],[16.0878208,47.2424465],[16.0878215,47.2424462],[16.0878535,47.2424489],[16.0879207,47.2424616],[16.0879481,47.2424747],[16.087973,47.2424866],[16.0880067,47.2424924],[16.0880139,47.2424937],[16.0880186,47.2424935],[16.0880615,47.2424916],[16.0880666,47.2424836],[16.088072,47.242475],[16.0881399,47.242465],[16.0881885,47.2424577],[16.0881912,47.2424557],[16.0882158,47.2424379],[16.0882414,47.2424111],[16.0882513,47.2424007],[16.0882511,47.2423946],[16.0882487,47.2423407],[16.0882366,47.2423136],[16.0882297,47.2422981],[16.0882606,47.2422359],[16.088261,47.2422353],[16.0882615,47.2422343],[16.088263,47.2422333],[16.0882746,47.2422261],[16.088299,47.2421998],[16.0883111,47.2421339],[16.0882904,47.2420925],[16.0882726,47.2420914],[16.0881928,47.2420028],[16.0881638,47.2419772],[16.0881429,47.2419793],[16.0881061,47.2419829],[16.0880125,47.2419479],[16.0880111,47.2419473],[16.0879172,47.2419749],[16.0878337,47.242008],[16.0877782,47.2420284],[16.0877776,47.2420286],[16.0877484,47.2420364],[16.0876644,47.2420097],[16.0876612,47.2420087],[16.0875586,47.2419596],[16.0874916,47.2419254],[16.0874294,47.2418892],[16.0874284,47.2418884],[16.0873984,47.2418631],[16.0873498,47.2417778],[16.0873266,47.2417544],[16.0872872,47.2417146],[16.0872795,47.2417117],[16.0872678,47.2417073],[16.0872508,47.2416987],[16.087238,47.2416923],[16.0872026,47.2416936],[16.0871567,47.2417107],[16.0871051,47.2417615],[16.0871121,47.2418429],[16.0871122,47.2418442],[16.0871091,47.24187],[16.0870872,47.241936],[16.087079,47.2419413],[16.0870602,47.2419535],[16.0870399,47.2419693],[16.087038,47.241973],[16.0870255,47.2419968],[16.086987,47.2420496],[16.0869859,47.2420511],[16.0869864,47.2420548],[16.0869927,47.2421001],[16.0869912,47.242174],[16.087004,47.2421922],[16.0870249,47.2422387],[16.0870266,47.2422425],[16.0870153,47.2422663],[16.0869924,47.242295],[16.0869535,47.2422969],[16.0869516,47.242297],[16.0869392,47.2422881],[16.086903,47.2422622],[16.0868493,47.2422381],[16.0868423,47.242235],[16.0868271,47.2422133],[16.0868208,47.2422042],[16.0868097,47.2421676],[16.086759,47.2420668],[16.0867585,47.2420659],[16.086784,47.24202],[16.0868341,47.2419429],[16.0868824,47.2418452],[16.0868838,47.2418364],[16.0868975,47.2417468],[16.0868408,47.241698],[16.0868161,47.2416877],[16.0867976,47.2416801],[16.0867517,47.2417046],[16.0866902,47.2416933],[16.0866549,47.2416908],[16.0866531,47.2416906],[16.0866345,47.2416577],[16.0866341,47.2416569],[16.0865784,47.2415915],[16.0865702,47.2415561],[16.0865263,47.2414902],[16.0864613,47.2414354],[16.0864589,47.2414334],[16.0864577,47.2413868],[16.0865416,47.2413008],[16.0865485,47.2412833],[16.0865649,47.2412738],[16.0865761,47.2412717],[16.0867188,47.2412453],[16.0867402,47.2412258],[16.0867407,47.2412253],[16.0867422,47.241224],[16.0867384,47.2412127],[16.0867298,47.2411868],[16.0867259,47.2411749],[16.0867178,47.2411578],[16.0866955,47.2411107],[16.0866936,47.2411109],[16.0866299,47.2411178],[16.0866173,47.2411192],[16.0865173,47.2411301],[16.0855702,47.2412331],[16.0855701,47.2412331],[16.0855596,47.2411652],[16.0855534,47.241096],[16.0865389,47.2409915],[16.0865419,47.2408651],[16.0868288,47.2407298],[16.0868713,47.2406493],[16.086811,47.2406053],[16.0865516,47.2406478],[16.0863862,47.2406493],[16.0862319,47.2405734],[16.0860396,47.240537],[16.0859423,47.2405772],[16.0857579,47.2405673],[16.0855522,47.2407677],[16.0853555,47.2407161],[16.0855959,47.2405133],[16.0854759,47.2404907],[16.0854135,47.240448],[16.0853495,47.2403888],[16.0853712,47.2402805],[16.0855129,47.2402096],[16.0855934,47.2401964],[16.0856666,47.2401603],[16.0856956,47.2400604],[16.0858141,47.2400406],[16.0859393,47.2400695],[16.0860063,47.2400543],[16.0860175,47.2399966],[16.0859884,47.2399506],[16.0859925,47.2398678],[16.08601,47.2398131],[16.0860123,47.2397702],[16.085872,47.2397592],[16.0858629,47.2397786],[16.0857719,47.2397788],[16.0857058,47.2397611],[16.0855391,47.2397629],[16.0853736,47.2398054],[16.0852663,47.2398038],[16.0851255,47.2397871],[16.0850271,47.2397188],[16.0850003,47.2396384],[16.0850182,47.2395762],[16.0851501,47.239438],[16.0852462,47.2394122],[16.0854698,47.2394562],[16.0856218,47.2395321],[16.0856956,47.2395139],[16.0857381,47.2394684],[16.085747,47.2393667],[16.0857134,47.2393019],[16.0855719,47.2392173],[16.0854099,47.2391812],[16.0852417,47.2391618],[16.0851814,47.2391117],[16.0851791,47.2390297],[16.0852529,47.2389811],[16.0853468,47.2389569],[16.0854184,47.2389265],[16.0856173,47.2387717],[16.0856635,47.2386843],[16.085823,47.2386001],[16.0858811,47.2385197],[16.0859035,47.2383573],[16.08587,47.2382495],[16.0857815,47.2381608],[16.0856084,47.2381766],[16.0854921,47.2382905],[16.085434,47.2383831],[16.0853379,47.2384241],[16.0852306,47.2384286],[16.0850539,47.2383998],[16.0848617,47.2384104],[16.0846426,47.2384438],[16.0844861,47.2384848],[16.0843944,47.2384666],[16.0844011,47.2384165],[16.0844302,47.2383527],[16.0845258,47.2383037],[16.0845443,47.2382448],[16.0846224,47.238119],[16.0846783,47.2380704],[16.0847856,47.2379869],[16.0848058,47.2378958],[16.0847074,47.2377729],[16.0846402,47.2377372],[16.0845911,47.2377364],[16.0843989,47.237744],[16.0842535,47.2377865],[16.0842278,47.2378262],[16.0842557,47.2378524],[16.0842267,47.2378958],[16.0841283,47.2378958],[16.0840233,47.2378275],[16.0840613,47.2377531],[16.0841708,47.2376787],[16.0842379,47.2376044],[16.0842983,47.2375072],[16.0843117,47.2372689],[16.0842781,47.2371672],[16.0842692,47.23707],[16.0842804,47.2369714],[16.084381,47.236859],[16.0844726,47.2367664],[16.0846023,47.2366966],[16.0847633,47.2366374],[16.0848907,47.2366222],[16.085007,47.2366298],[16.0851344,47.2366192],[16.085197,47.2365888],[16.0851925,47.2364887],[16.0850808,47.2364629],[16.0847387,47.2363111],[16.0845636,47.2361868],[16.0845397,47.2361699],[16.0844687,47.2359963],[16.0844318,47.2359713],[16.0842111,47.2360378],[16.0841774,47.2360541],[16.0841342,47.2360625],[16.0840792,47.2360591],[16.083952,47.2360159],[16.0839465,47.2359944],[16.0839081,47.2359724],[16.0838153,47.2359467],[16.0837505,47.235889],[16.0837617,47.2358344],[16.0839629,47.2357008],[16.0840485,47.2356677],[16.0840936,47.235663],[16.0841173,47.2356833],[16.0841692,47.2356778],[16.0842324,47.2356603],[16.0842749,47.2356261],[16.0843418,47.2355034],[16.08441,47.2354519],[16.0844621,47.2354177],[16.0845263,47.2354154],[16.0845999,47.2354297],[16.0847141,47.2354944],[16.0847856,47.2355445],[16.0850897,47.2355733],[16.0851881,47.2355581],[16.0852775,47.2354655],[16.0853191,47.2353528],[16.0853096,47.2352838],[16.0853395,47.2352379],[16.0854153,47.2351656],[16.0854564,47.2350587],[16.0854273,47.2349388],[16.0854214,47.2349105],[16.0853155,47.2349327],[16.0849506,47.2349723],[16.0846985,47.2349585],[16.0845218,47.234998],[16.0843631,47.2352439],[16.0842737,47.2352484],[16.0839741,47.2349752],[16.083755,47.2348553],[16.0836544,47.23462],[16.0832564,47.2344742],[16.0833168,47.2343528],[16.0835404,47.234289],[16.0838668,47.2344408],[16.0840568,47.2344879],[16.0841977,47.2344682],[16.084542,47.2343634],[16.0847812,47.2340735],[16.0849421,47.2340887],[16.0849958,47.2342739],[16.0848997,47.2344454],[16.0847655,47.2345805],[16.0848594,47.2347004],[16.0850651,47.2347885],[16.0851232,47.2347627],[16.0850667,47.2347132],[16.0850507,47.2346766],[16.0850467,47.2346292],[16.0850813,47.2346065],[16.0852516,47.23458],[16.08532,47.2345471],[16.0853401,47.2344788],[16.085286,47.2343192],[16.0852529,47.234283],[16.0851116,47.2341721],[16.0851322,47.2340826],[16.0852328,47.2340097],[16.085281,47.233982],[16.0853222,47.233987],[16.085437,47.2339962],[16.0855749,47.2339778],[16.085823,47.2339687],[16.085984,47.2339854],[16.0860801,47.2340097],[16.0861285,47.234017],[16.0862232,47.2339566],[16.0862076,47.2338093],[16.0862836,47.2337137],[16.086514,47.2335391],[16.0865104,47.233501],[16.0864337,47.2333956],[16.0862003,47.2333128],[16.0860354,47.2333934],[16.0859259,47.2334055],[16.0856956,47.2333934],[16.085472,47.2332871],[16.085206,47.2333433],[16.0849399,47.2333706],[16.0847961,47.2332723],[16.0847498,47.2328698],[16.0848856,47.2326832],[16.0852239,47.2324477],[16.0853895,47.2323622],[16.0854756,47.2322745],[16.0854491,47.2321981],[16.0851047,47.2320249],[16.0849656,47.2319822],[16.0847687,47.2319562],[16.0846366,47.2319445],[16.0843767,47.2318586],[16.084272,47.23173],[16.0843509,47.2316488],[16.0846015,47.2315454],[16.08474,47.231506],[16.0849434,47.231477],[16.0851283,47.2314834],[16.0852618,47.2315088],[16.0853976,47.2314723],[16.0854241,47.2314599],[16.0854275,47.2314208],[16.0854076,47.231396],[16.0854005,47.2313391],[16.0855358,47.2312099],[16.085599,47.2310572],[16.085634,47.230876],[16.0855592,47.2306359],[16.0855662,47.2304737],[16.0856178,47.2303544],[16.0855733,47.2302034],[16.0854679,47.2301064],[16.0854234,47.2300269],[16.0853854,47.2297714],[16.0853548,47.2296677],[16.08533,47.229547],[16.0852173,47.2294735],[16.0849872,47.2294851],[16.0848651,47.229448],[16.0846908,47.2294717],[16.0845598,47.2294816],[16.0842502,47.2294274],[16.0841478,47.2294503],[16.0841308,47.2294751],[16.084105,47.2295975],[16.0839547,47.2298722],[16.083884,47.229952],[16.0837842,47.2299919],[16.083611,47.230001],[16.0834494,47.229968],[16.083319,47.229814],[16.0833862,47.2297359],[16.083762,47.229524],[16.0836976,47.2294083],[16.0835184,47.2292909],[16.0832714,47.2291109],[16.083135,47.229059],[16.0829412,47.2290775],[16.082788,47.229224],[16.0827188,47.2293876],[16.0827118,47.2294894],[16.0827399,47.2295927],[16.082606,47.229839],[16.0825057,47.2298774],[16.0823839,47.2298885],[16.0821217,47.2298837],[16.0819367,47.2298583],[16.0817165,47.2298758],[16.081534,47.229917],[16.0814262,47.2299092],[16.0813231,47.2298774],[16.0812755,47.2298204],[16.081114,47.229753],[16.0809532,47.2296277],[16.080918,47.2295498],[16.080966,47.229434],[16.0814285,47.2290982],[16.0817774,47.2289567],[16.081836,47.228797],[16.0817891,47.2286943],[16.0816955,47.2286514],[16.0815245,47.2286466],[16.0814402,47.2285719],[16.0815175,47.2284685],[16.0817602,47.2284467],[16.081831,47.228429],[16.082188,47.228199],[16.08222,47.2281171],[16.0821544,47.227993],[16.0820069,47.2279199],[16.0817353,47.2278865],[16.081506,47.227888],[16.0813185,47.2277593],[16.081295,47.2276384],[16.081116,47.227573],[16.0808595,47.2275335],[16.0805317,47.2275494],[16.080315,47.227475],[16.0801476,47.2273347],[16.080157,47.227235],[16.0802671,47.2271089],[16.0805059,47.2270548],[16.0805,47.226997],[16.0803912,47.2269451],[16.0801476,47.226872],[16.0799299,47.2268417],[16.0798338,47.2267654],[16.0797706,47.2266414],[16.0797753,47.2265619],[16.0798409,47.2264919],[16.079948,47.226401],[16.0799743,47.2262804],[16.079895,47.22619],[16.0798034,47.226177],[16.0796652,47.2262279],[16.079506,47.2264235],[16.0794194,47.2264362],[16.0793006,47.2264012],[16.0792705,47.2263638],[16.0792835,47.2262907],[16.0793221,47.2262325],[16.0793165,47.2259898],[16.079287,47.225923],[16.0793468,47.2258542],[16.0795763,47.2258478],[16.0797659,47.2258192],[16.079923,47.225719],[16.0800563,47.2257206],[16.0803935,47.2258001],[16.0804778,47.225859],[16.0804529,47.22597],[16.0804825,47.2261882],[16.0804122,47.2263726],[16.080421,47.226519],[16.0804846,47.2266301],[16.080559,47.226845],[16.080852,47.226994],[16.0809532,47.2268767],[16.081051,47.226835],[16.0811662,47.2268745],[16.081185,47.2269769],[16.081303,47.227036],[16.0813981,47.2270628],[16.081526,47.227007],[16.0816065,47.2269578],[16.0817025,47.2267018],[16.081821,47.226634],[16.0819507,47.2266318],[16.0820444,47.22667],[16.0821146,47.2267447],[16.08222,47.2267797],[16.0823465,47.2267861],[16.0824261,47.2267495],[16.0824422,47.2266378],[16.0824212,47.2265842],[16.0824752,47.2264092],[16.0824659,47.2262883],[16.0824237,47.2261723],[16.082302,47.226077],[16.0821357,47.2260037],[16.0819226,47.2260737],[16.0817751,47.2261086],[16.0815831,47.2260816],[16.08147,47.226009],[16.0814871,47.2258669],[16.0815222,47.2257588],[16.0817236,47.2253485],[16.0818243,47.2252531],[16.081943,47.225204],[16.0820514,47.2252499],[16.0821498,47.2253803],[16.082321,47.225453],[16.0824752,47.2254376],[16.0825783,47.225358],[16.082763,47.225317],[16.0831333,47.225339],[16.0833555,47.22532],[16.08365,47.225336],[16.0837959,47.2252897],[16.083802,47.225231],[16.0837702,47.2251529],[16.0836592,47.2250479],[16.0835805,47.2249191],[16.0834306,47.2247903],[16.0833417,47.2247124],[16.0833393,47.2246472],[16.083428,47.224533],[16.0837866,47.2244818],[16.0843556,47.2245677],[16.0844531,47.2245634],[16.0846602,47.2244946],[16.0846842,47.2245386],[16.0844147,47.224725],[16.084388,47.224828],[16.08466,47.2247474],[16.085035,47.224466],[16.084995,47.2243995],[16.0850271,47.2243535],[16.0850313,47.2243202],[16.0848443,47.2242045],[16.0846397,47.2239231],[16.0843231,47.2236785],[16.0842502,47.223569],[16.0839038,47.2232773],[16.083805,47.223194],[16.0837538,47.2232414],[16.0837421,47.2235467],[16.0836953,47.2236183],[16.083623,47.223651],[16.083161,47.223704],[16.0830724,47.2236644],[16.083007,47.223558],[16.0830911,47.223464],[16.0832644,47.2233431],[16.083427,47.223164],[16.0833467,47.2229151],[16.0833729,47.2228641],[16.0832012,47.2227547],[16.0831707,47.222645],[16.0831824,47.2225368],[16.083386,47.222366],[16.0835103,47.2223206],[16.0837859,47.222377],[16.0839072,47.2224175],[16.0839614,47.2223984],[16.0840863,47.2222983],[16.084234,47.222102],[16.0844399,47.2221265],[16.0846967,47.2222698],[16.0847548,47.2222643],[16.085038,47.222177],[16.0851682,47.2222251],[16.08537,47.222351],[16.0854843,47.2223492],[16.085557,47.222273],[16.0856716,47.2219595],[16.085597,47.221843],[16.0854281,47.2217544],[16.0852642,47.2217162],[16.085037,47.2214379],[16.084819,47.221271],[16.0846343,47.2212486],[16.084515,47.221252],[16.0844376,47.2213186],[16.0843603,47.2214395],[16.0841753,47.2215349],[16.083968,47.221524],[16.0838568,47.2214474],[16.0837444,47.2213488],[16.083679,47.221209],[16.083695,47.221075],[16.0837959,47.2211007],[16.0839786,47.2211039],[16.084328,47.221079],[16.0846296,47.2210053],[16.084763,47.220956],[16.0850394,47.2207636],[16.085289,47.220704],[16.0854749,47.2207254],[16.0856201,47.2208065],[16.085692,47.220968],[16.0858332,47.2209799],[16.0859593,47.2209015],[16.085795,47.220581],[16.0852969,47.2202085],[16.084977,47.220139],[16.0849235,47.2201731],[16.0848333,47.2201799],[16.0847724,47.220269],[16.084694,47.220468],[16.0844471,47.220569],[16.0843837,47.2205496],[16.084275,47.220613],[16.084079,47.220528],[16.0841472,47.2204805],[16.0841964,47.2203867],[16.0841378,47.2202387],[16.0840582,47.2201083],[16.084063,47.219924],[16.0844664,47.2196463],[16.084858,47.219324],[16.0851986,47.219224],[16.085606,47.2192018],[16.085726,47.219149],[16.0858379,47.2190555],[16.085905,47.218881],[16.0859386,47.2187485],[16.0859362,47.2185895],[16.0858683,47.2184638],[16.0858262,47.2184161],[16.085737,47.218354],[16.0855709,47.2183223],[16.085222,47.2183541],[16.0851377,47.2183334],[16.085034,47.218278],[16.0849996,47.2182062],[16.0849996,47.2181282],[16.085177,47.217814],[16.0852782,47.2177338],[16.0854023,47.2176654],[16.085469,47.217635],[16.0855897,47.2176908],[16.0857629,47.2177672],[16.086605,47.217964],[16.08718,47.217783],[16.0875005,47.2179008],[16.0877861,47.2182014],[16.0879407,47.2182968],[16.0880976,47.2183016],[16.0883154,47.2181982],[16.0884746,47.2181028],[16.08854,47.218008],[16.0885565,47.2178181],[16.08845,47.217706],[16.0881491,47.2175477],[16.0879945,47.2174411],[16.0878213,47.2172678],[16.0870462,47.2167],[16.086779,47.216526],[16.0866715,47.2164852],[16.086531,47.216463],[16.0861517,47.2164677],[16.086041,47.2164767],[16.0859606,47.2164895],[16.0858988,47.2164121],[16.0856833,47.2163214],[16.085532,47.216226],[16.0855826,47.2160892],[16.0856974,47.2160144],[16.0858074,47.2159985],[16.0858753,47.2159778],[16.0859667,47.2158824],[16.0860322,47.2157218],[16.0860299,47.2156486],[16.0860603,47.2155325],[16.086179,47.215338],[16.086339,47.2152351],[16.0864795,47.215173],[16.0866083,47.2150951],[16.086674,47.215005],[16.0867207,47.214909],[16.0867394,47.2147992],[16.0867066,47.2146656],[16.0867137,47.2145257],[16.086752,47.214227],[16.0868307,47.2141121],[16.0869197,47.2140373],[16.0870415,47.2139674],[16.0872288,47.2138719],[16.08729,47.213766],[16.0872803,47.2136826],[16.0872288,47.2135602],[16.087136,47.213435],[16.086997,47.2133057],[16.0868167,47.2132118],[16.0866411,47.2131259],[16.086596,47.213079],[16.0866153,47.2127935],[16.086634,47.2127028],[16.0866724,47.2126419],[16.0867183,47.2124944],[16.08673,47.2123195],[16.0867113,47.2121652],[16.086632,47.211968],[16.0865521,47.2118502],[16.086355,47.211716],[16.0862079,47.211688],[16.0860135,47.2116816],[16.085841,47.211631],[16.0856786,47.211486],[16.085577,47.211222],[16.0856248,47.2110772],[16.0858262,47.2106604],[16.0859643,47.2104488],[16.0860499,47.2103728],[16.086281,47.210101],[16.0864889,47.2099796],[16.086702,47.209954],[16.0870391,47.2099923],[16.0873201,47.2100941],[16.0873753,47.2101107],[16.0874466,47.2100718],[16.0875538,47.209794],[16.0876082,47.2097123],[16.0877248,47.2096374],[16.0878221,47.2095113],[16.0879102,47.2092987],[16.088072,47.209178],[16.0881842,47.2091747],[16.088262,47.209211],[16.0882638,47.2092653],[16.0882287,47.2093576],[16.0881631,47.2094721],[16.0881936,47.2095485],[16.0883317,47.2097616],[16.0884324,47.2099334],[16.0885167,47.2101068],[16.0885355,47.2102325],[16.0885261,47.210355],[16.088546,47.210436],[16.0886151,47.2105045],[16.088676,47.2105315],[16.0887977,47.2105475],[16.0889546,47.2104695],[16.08906,47.2103534],[16.089318,47.209864],[16.0893527,47.2097839],[16.0893597,47.2096137],[16.0893574,47.2094419],[16.0893902,47.209251],[16.089529,47.209101],[16.0896969,47.2090649],[16.089835,47.209073],[16.0900177,47.2091285],[16.0902332,47.2092335],[16.090287,47.2092796],[16.090476,47.209322],[16.0908186,47.2092828],[16.0909216,47.2092446],[16.09098,47.209184],[16.0910223,47.2089869],[16.0909286,47.2088804],[16.0908233,47.2088136],[16.0903948,47.2083777],[16.090351,47.208253],[16.0904556,47.2081263],[16.0905915,47.2080134],[16.0907905,47.2079291],[16.0909357,47.207883],[16.0910293,47.20784],[16.09108,47.207771],[16.0911277,47.2076523],[16.0910645,47.2074423],[16.091029,47.207219],[16.0910972,47.2070987],[16.0911862,47.206973],[16.0913291,47.2068617],[16.0913806,47.2067869],[16.0913829,47.2066914],[16.091357,47.206594],[16.0912588,47.2065292],[16.0911324,47.2065149],[16.090955,47.206549],[16.0908678,47.206596],[16.0905118,47.2069157],[16.090429,47.206964],[16.0903034,47.2070001],[16.0900974,47.2070096],[16.089976,47.20699],[16.0898093,47.2069396],[16.0896665,47.2068664],[16.089491,47.206681],[16.0894159,47.2064369],[16.089417,47.206313],[16.0895606,47.2061231],[16.0897021,47.2058538],[16.0897555,47.2057115],[16.0899288,47.2055317],[16.090189,47.205348],[16.0902332,47.2052167],[16.0901372,47.205091],[16.0901301,47.2049988],[16.0901957,47.2049399],[16.0902491,47.2049287],[16.0903011,47.2049399],[16.090439,47.204963],[16.0905189,47.2050163],[16.0906336,47.2052008],[16.090746,47.2052645],[16.090855,47.205269],[16.0909357,47.2052358],[16.0910059,47.2051213],[16.0909989,47.2050417],[16.0910762,47.2049208],[16.0912521,47.2047967],[16.0914321,47.2045358],[16.091518,47.204522],[16.0916569,47.2045422],[16.091849,47.204613],[16.0919121,47.2046886],[16.0918817,47.2048206],[16.0918302,47.204889],[16.091853,47.204939],[16.0920058,47.2050163],[16.092093,47.205018],[16.0921978,47.2048763],[16.0921908,47.2046663],[16.092439,47.2044467],[16.0925702,47.2043004],[16.0926381,47.2041031],[16.0926287,47.2039472],[16.0926826,47.2038183],[16.0927739,47.2037595],[16.0928675,47.2037356],[16.0930104,47.2037531],[16.0932352,47.2038502],[16.093388,47.203852],[16.093518,47.203733],[16.0934928,47.2036608],[16.0934202,47.2036179],[16.0930736,47.2035272],[16.0928465,47.2033649],[16.0926849,47.2032106],[16.092449,47.203115],[16.0923336,47.2030929],[16.0921674,47.2031263],[16.0919356,47.203287],[16.0916533,47.2033665],[16.091198,47.203548],[16.0909989,47.2035336],[16.090839,47.203489],[16.0907366,47.2034222],[16.0906035,47.203239],[16.090382,47.203035],[16.090362,47.2029576],[16.0903667,47.2028336],[16.090458,47.2027429],[16.0904896,47.2027244],[16.0905985,47.202719],[16.0908209,47.2027492],[16.09113,47.202727],[16.09144,47.202621],[16.091611,47.202445],[16.091574,47.2023816],[16.0915542,47.2022005],[16.0915375,47.2021765],[16.0915272,47.2021182],[16.0914836,47.202046],[16.0914836,47.2019776],[16.091544,47.201848],[16.0917248,47.2017183],[16.0920222,47.2015894],[16.0921018,47.201494],[16.092153,47.201408],[16.0921159,47.2013603],[16.0918021,47.2010962],[16.0916803,47.2010262],[16.0914134,47.2009149],[16.091389,47.200829],[16.0916378,47.2007603],[16.0917032,47.2007171],[16.0920082,47.2005823],[16.0921039,47.2005855],[16.0922774,47.200498],[16.0925233,47.2004598],[16.0927715,47.2004487],[16.092838,47.200397],[16.0928207,47.2003389],[16.0927341,47.2002753],[16.0926662,47.2001559],[16.0927601,47.2000085],[16.0928008,47.1999093],[16.0928146,47.1998079],[16.0927621,47.1997365],[16.092698,47.199711],[16.0922582,47.199954],[16.0921599,47.1999554],[16.0920023,47.1998678],[16.0919246,47.1997871],[16.0918304,47.1996981],[16.0917342,47.199648],[16.091584,47.199613],[16.0914497,47.1996564],[16.0913269,47.1997301],[16.0912491,47.199833],[16.0911304,47.199954],[16.090998,47.200013],[16.0908909,47.2000277],[16.090777,47.199971],[16.0907435,47.1998872],[16.0908131,47.1996995],[16.090966,47.19934],[16.0911365,47.1991752],[16.0913473,47.1991195],[16.0915459,47.1990458],[16.091781,47.198839],[16.0917895,47.1987857],[16.091726,47.1987357],[16.091395,47.1986],[16.0913883,47.1985493],[16.0914313,47.1984839],[16.0915106,47.1984647],[16.0916848,47.1984642],[16.0917326,47.1984497],[16.0919073,47.1984333],[16.0919795,47.1984413],[16.092343,47.198385],[16.0924451,47.1984244],[16.0925148,47.1984856],[16.0925148,47.1985284],[16.0924541,47.1987118],[16.0924653,47.1987882],[16.0925216,47.1988371],[16.09262,47.198865],[16.0927532,47.1988692],[16.0929377,47.19886],[16.0931041,47.1988096],[16.0932945,47.1987927],[16.0933828,47.1988112],[16.0935605,47.198792],[16.093866,47.198742],[16.0940286,47.1987973],[16.0940308,47.1988707],[16.0940668,47.1989395],[16.094185,47.198977],[16.0942782,47.1989578],[16.094399,47.198846],[16.0943705,47.1985268],[16.0944627,47.1984031],[16.0945032,47.1980408],[16.0944708,47.1979408],[16.0944901,47.1977925],[16.0944514,47.1975808],[16.0944874,47.1974051],[16.094627,47.197176],[16.095083,47.196926],[16.095535,47.196904],[16.0956795,47.1969435],[16.0957409,47.1969683],[16.095693,47.1970003],[16.095666,47.1971025],[16.0956975,47.1971988],[16.09581,47.197223],[16.0959105,47.1971805],[16.0961901,47.1969694],[16.0962647,47.1968596],[16.09624,47.196774],[16.0959602,47.1965936],[16.0956552,47.1964811],[16.0954972,47.1963824],[16.0952,47.19635],[16.0949945,47.1964442],[16.0948225,47.1964491],[16.0946885,47.1964467],[16.094419,47.1965007],[16.093984,47.1966843],[16.0938348,47.1966611],[16.0937913,47.1966252],[16.0937634,47.1965598],[16.0935179,47.1964859],[16.0932197,47.1964426],[16.0931767,47.1964827],[16.0931637,47.1965957],[16.0932414,47.1968427],[16.0932087,47.1968952],[16.093138,47.196907],[16.0930207,47.1968786],[16.0929524,47.1968258],[16.092881,47.196492],[16.0929668,47.1963778],[16.093048,47.196191],[16.0931978,47.1960932],[16.093343,47.196056],[16.0935769,47.1960742],[16.093667,47.1961164],[16.0938504,47.1961586],[16.0939933,47.196165],[16.0941581,47.1961498],[16.094311,47.196152],[16.0944594,47.1961122],[16.0945868,47.1959897],[16.0946177,47.1959807],[16.0946551,47.1958588],[16.094708,47.195787],[16.094781,47.195745],[16.095258,47.1957659],[16.095531,47.195819],[16.0959509,47.1960932],[16.096192,47.19623],[16.096389,47.1962473],[16.0965412,47.1962283],[16.096701,47.196157],[16.0968333,47.1960446],[16.0970429,47.1957974],[16.0971927,47.195655],[16.097262,47.195556],[16.097315,47.1954429],[16.0973305,47.1953141],[16.097246,47.195147],[16.0971223,47.1950607],[16.0969545,47.1949784],[16.0962833,47.1948496],[16.096147,47.194861],[16.0960472,47.1949024],[16.09592,47.195068],[16.095926,47.1951979],[16.0959806,47.1952927],[16.095947,47.195401],[16.0959027,47.195417],[16.095771,47.195414],[16.0956712,47.1953521],[16.0955998,47.1952444],[16.0955562,47.1950818],[16.0955322,47.1947696],[16.095539,47.1946507],[16.0955159,47.1945582],[16.0955252,47.1944104],[16.0957197,47.1940456],[16.0957489,47.1939353],[16.0959043,47.1937094],[16.096097,47.193578],[16.096215,47.1935173],[16.0964138,47.193494],[16.0967525,47.1934898],[16.097008,47.193495],[16.0971006,47.1934412],[16.097113,47.1933483],[16.0971969,47.1932787],[16.097296,47.193232],[16.0974179,47.1932316],[16.0975853,47.1932153],[16.0976719,47.1932308],[16.0977873,47.1932766],[16.097875,47.193283],[16.0980576,47.193228],[16.098079,47.193165],[16.0980203,47.1930358],[16.0978401,47.1928437],[16.0977624,47.1927191],[16.097708,47.192551],[16.0977469,47.19247],[16.0978554,47.1924063],[16.0979644,47.1922229],[16.098098,47.1921089],[16.0982192,47.1920287],[16.0982347,47.1919231],[16.098098,47.1917816],[16.0979706,47.1918302],[16.0978183,47.191921],[16.0975449,47.1921427],[16.097402,47.1922124],[16.097211,47.192246],[16.097057,47.1921976],[16.097018,47.19212],[16.0970384,47.192035],[16.0971107,47.1919912],[16.0971689,47.1919294],[16.097166,47.191856],[16.0970912,47.191676],[16.0970104,47.191562],[16.097019,47.19149],[16.0971782,47.1914121],[16.0972248,47.1913403],[16.0973056,47.1910721],[16.0974703,47.1909412],[16.097588,47.190899],[16.0977344,47.1909201],[16.0979737,47.1911144],[16.0981446,47.1911524],[16.0982471,47.1911524],[16.0985676,47.1910777],[16.0988468,47.1910553],[16.0989804,47.1910109],[16.099084,47.190953],[16.0991356,47.1909006],[16.0994279,47.1907047],[16.0995118,47.1905168],[16.099459,47.1904598],[16.0993032,47.1904231],[16.0992537,47.1903824],[16.099244,47.19027],[16.0995491,47.1900649],[16.099628,47.189953],[16.0996236,47.189877],[16.099546,47.1898242],[16.0993502,47.1897799],[16.0992974,47.1896785],[16.0994154,47.1895666],[16.0995211,47.1895645],[16.0997075,47.189594],[16.09997,47.189564],[16.1004315,47.1894462],[16.1008292,47.1893026],[16.1009411,47.1892541],[16.101015,47.189133],[16.1010405,47.1889901],[16.1007733,47.1886311],[16.100662,47.188588],[16.1005092,47.1885952],[16.09994,47.18871],[16.0998784,47.1887663],[16.099902,47.188935],[16.0997945,47.1890091],[16.099665,47.189004],[16.0995677,47.1889838],[16.0994558,47.188931],[16.099393,47.188838],[16.0995926,47.1886713],[16.099605,47.1886037],[16.0995397,47.1885699],[16.099438,47.188554],[16.0993284,47.188572],[16.0992104,47.1886311],[16.099132,47.188715],[16.0991041,47.1889396],[16.0990398,47.1890411],[16.0990395,47.189214],[16.0989742,47.189252],[16.098877,47.189234],[16.0987567,47.1891295],[16.098766,47.1890492],[16.098822,47.188988],[16.0988749,47.1888809],[16.0988485,47.1888303],[16.0987492,47.1887471],[16.0986635,47.1886417],[16.0986324,47.1884474],[16.0987225,47.1880631],[16.098788,47.187871],[16.0988903,47.1877759],[16.098972,47.187718],[16.0991513,47.1876893],[16.0992912,47.1876915],[16.099461,47.187742],[16.0995708,47.1878329],[16.0995926,47.1879322],[16.0995053,47.1880212],[16.099569,47.188113],[16.099931,47.188215],[16.10002,47.188406],[16.1001767,47.1884305],[16.1003228,47.1884158],[16.100414,47.188382],[16.1004843,47.1883271],[16.100475,47.188137],[16.1007081,47.1879237],[16.100731,47.187667],[16.1008479,47.1876239],[16.1010312,47.1876513],[16.1013078,47.1877823],[16.1014507,47.187816],[16.1015936,47.1878308],[16.101657,47.187796],[16.1017303,47.1877421],[16.1018764,47.1875457],[16.1019044,47.1873451],[16.10196,47.187229],[16.1021281,47.1871931],[16.1022743,47.187197],[16.1024885,47.1872205],[16.1026159,47.1871846],[16.102714,47.187104],[16.1027244,47.187074],[16.1027153,47.1869735],[16.1025538,47.1868109],[16.1025382,47.1867032],[16.1026159,47.1866124],[16.1026812,47.1865701],[16.1028769,47.1865321],[16.103085,47.186538],[16.1032032,47.1864814],[16.103469,47.186218],[16.1034673,47.1861478],[16.1033772,47.1860105],[16.1031069,47.1857487],[16.103043,47.1856861],[16.1029705,47.1856467],[16.1028522,47.1855084],[16.1027837,47.1853833],[16.102615,47.185151],[16.1024295,47.1850138],[16.1021467,47.1848828],[16.102062,47.184759],[16.1021001,47.1846632],[16.1021902,47.1845851],[16.102535,47.184465],[16.1026501,47.1842218],[16.1026656,47.183903],[16.1025762,47.1836495],[16.1025469,47.183501],[16.1024599,47.1833658],[16.1023263,47.1833046],[16.1022517,47.1832581],[16.1021771,47.1831884],[16.1022088,47.1831021],[16.1023355,47.1830218],[16.1024278,47.1829402],[16.1025458,47.1826294],[16.1026124,47.1825186],[16.1026767,47.18245],[16.1030652,47.1822604],[16.10334,47.1822224],[16.1036904,47.1821789],[16.1037977,47.1821231],[16.104061,47.182066],[16.1043509,47.1820503],[16.1046883,47.1821274],[16.1048359,47.1821366],[16.1049887,47.1820764],[16.1052034,47.1819542],[16.1054447,47.1817592],[16.1055171,47.1816644],[16.1055681,47.1815659],[16.1055735,47.1814912],[16.1056513,47.1813818],[16.1056432,47.181194],[16.1055413,47.1807766],[16.1054715,47.1806453],[16.1053964,47.1803554],[16.1050103,47.1800984],[16.1049485,47.1798924],[16.1051658,47.1798504],[16.1054689,47.17969],[16.1055708,47.179309],[16.1057318,47.1789827],[16.1062065,47.1785487],[16.1064506,47.1782206],[16.1066651,47.1778504],[16.1067295,47.1776299],[16.1065176,47.1774384],[16.1063755,47.1773728],[16.1062896,47.1773181],[16.1062896,47.1772178],[16.1063862,47.177103],[16.1065713,47.1770501],[16.1066115,47.1769516],[16.1065096,47.1768933],[16.1062762,47.1769443],[16.1062172,47.1769115],[16.1062145,47.1768167],[16.1063084,47.1767511],[16.1063808,47.1767128],[16.106523,47.1766891],[16.1067,47.1766217],[16.1064103,47.1760346],[16.1063996,47.1759871],[16.1062226,47.176102],[16.1060911,47.1761585],[16.1059865,47.1762187],[16.1058981,47.1759415],[16.1059061,47.1756371],[16.1060123,47.1752227],[16.1060791,47.1751882],[16.1062118,47.1750591],[16.1063201,47.1749867],[16.1066732,47.1748731],[16.1067926,47.1746392],[16.1063383,47.1743802],[16.1068122,47.1737782],[16.107055,47.173719],[16.1072699,47.1735098],[16.1073526,47.1733672],[16.1074024,47.1732114],[16.1073085,47.173029],[16.1071089,47.1728153],[16.1068213,47.1722973],[16.106768,47.172176],[16.10681,47.1720962],[16.1070139,47.1719941],[16.1071158,47.1717644],[16.107215,47.171655],[16.1072981,47.1715419],[16.1074001,47.1714854],[16.107451,47.1714709],[16.1077058,47.1713177],[16.1076924,47.171283],[16.1076334,47.1712502],[16.1075503,47.1712411],[16.1072016,47.1713322],[16.1069736,47.1714252],[16.10681,47.1714508],[16.1067992,47.1714234],[16.1074296,47.1709311],[16.1077246,47.1706029],[16.1077461,47.1705628],[16.1079043,47.1704114],[16.1079982,47.1703677],[16.108135,47.1703458],[16.1083952,47.1702801],[16.1084247,47.1700869],[16.1078882,47.1700832],[16.1079177,47.1699245],[16.108116,47.1696035],[16.1081949,47.1696162],[16.1086933,47.169559],[16.1087119,47.1694663],[16.1088281,47.1693937],[16.1089468,47.1693518],[16.1090235,47.1693022],[16.1086607,47.1693329],[16.1086419,47.1693101],[16.1090939,47.169063],[16.1091582,47.1690913],[16.1092601,47.1690472],[16.109399,47.169021],[16.1094978,47.1689662],[16.10956,47.168864],[16.1095933,47.168757],[16.1096439,47.1687365],[16.1098344,47.1686981],[16.11,47.1685941],[16.1102705,47.1684642],[16.1104057,47.1683796],[16.1104744,47.1683096],[16.1104894,47.1681812],[16.110443,47.168118],[16.110101,47.1680045],[16.1098509,47.1679062],[16.1097625,47.1678783],[16.1095939,47.1678985],[16.1094956,47.1679331],[16.1093279,47.1680617],[16.1091758,47.1680819],[16.1090191,47.1680338],[16.108955,47.168],[16.108929,47.1678397],[16.108959,47.1677186],[16.1091007,47.167291],[16.109172,47.167182],[16.1093432,47.1671787],[16.109527,47.167253],[16.1096738,47.1672371],[16.1097875,47.1672006],[16.1098326,47.1671641],[16.1098776,47.1670895],[16.1098275,47.167054],[16.1096588,47.1670211],[16.1093776,47.1670342],[16.1092804,47.1670093],[16.1093046,47.1668723],[16.109278,47.166787],[16.1091548,47.1663778],[16.1093381,47.1660809],[16.1094786,47.1660393],[16.1096711,47.1660913],[16.1099826,47.1663342],[16.1101553,47.1664055],[16.1102244,47.1663869],[16.1102881,47.1662927],[16.1103583,47.1661806],[16.1104591,47.1661494],[16.1105538,47.1661473],[16.1108043,47.1662657],[16.1109295,47.166274],[16.1109998,47.1662179],[16.1111555,47.1660477],[16.1112533,47.1660186],[16.1113266,47.1660539],[16.1114763,47.166085],[16.1115557,47.1660539],[16.1116473,47.1659272],[16.1116137,47.1658151],[16.1114763,47.1657258],[16.1112136,47.1656655],[16.1109723,47.1656863],[16.1107462,47.1656115],[16.1101995,47.1652294],[16.1101628,47.1651277],[16.1102148,47.1650425],[16.110343,47.1649345],[16.1104409,47.1648605],[16.1106676,47.1647678],[16.1108898,47.1646023],[16.1110425,47.164542],[16.1113327,47.1646064],[16.1114671,47.1646189],[16.1115526,47.1646085],[16.1116137,47.1645462],[16.1115577,47.1644307],[16.1115947,47.1643059],[16.1116748,47.1641911],[16.111632,47.1640582],[16.1115343,47.1639564],[16.1113464,47.1638339],[16.1108867,47.1636407],[16.1107554,47.163541],[16.1106821,47.1634019],[16.1107035,47.1632835],[16.1107615,47.1631818],[16.1109478,47.1631402],[16.1111189,47.1631859],[16.1111628,47.1632035],[16.1112747,47.1632108],[16.1115435,47.1631319],[16.1116901,47.1631111],[16.1118773,47.1631028],[16.1120719,47.1630904],[16.1123376,47.1630904],[16.1124293,47.1630738],[16.1125148,47.1629948],[16.112582,47.1628578],[16.1125362,47.1627622],[16.1123651,47.1625795],[16.1120475,47.1625193],[16.1119467,47.1624216],[16.1119253,47.1622929],[16.1119894,47.1621745],[16.1120999,47.161977],[16.1120785,47.1618521],[16.1121421,47.1616844],[16.1121788,47.1616221],[16.1123254,47.1615058],[16.1125698,47.1615037],[16.1127561,47.1615909],[16.1129089,47.161734],[16.1130096,47.1618796],[16.1132204,47.1618837],[16.1134372,47.1618505],[16.1134922,47.161782],[16.1133609,47.1616491],[16.113367,47.1615785],[16.1134189,47.1615411],[16.113573,47.1614724],[16.1136877,47.1614123],[16.1136847,47.1612939],[16.1136114,47.1611922],[16.1132234,47.1610011],[16.1130279,47.160945],[16.1128477,47.1608391],[16.1128172,47.1606314],[16.1128691,47.1605566],[16.1129546,47.1604777],[16.1133242,47.1603448],[16.1133731,47.1601724],[16.1132796,47.1599938],[16.1132876,47.1598712],[16.1127744,47.1595493],[16.1124537,47.1592939],[16.1123896,47.1590218],[16.112078,47.1587227],[16.1121208,47.1586355],[16.1121727,47.1586002],[16.1123682,47.1585649],[16.1124476,47.1584901],[16.1122979,47.1581515],[16.11202,47.1579438],[16.1119925,47.1578421],[16.1118947,47.1576738],[16.1118153,47.1576614],[16.1116534,47.1577112],[16.1114488,47.1577299],[16.1113632,47.157705],[16.1112227,47.1576136],[16.1112472,47.1575284],[16.1113571,47.157462],[16.1115496,47.1573747],[16.1119222,47.1570029],[16.1119344,47.1569136],[16.1117725,47.1568762],[16.1115038,47.1568846],[16.111296,47.1568285],[16.1110511,47.1565961],[16.1110811,47.1565458],[16.1111708,47.1564878],[16.1113908,47.1564496],[16.111556,47.156366],[16.1119772,47.1562469],[16.1121299,47.1562594],[16.1123865,47.1564463],[16.1125087,47.1564567],[16.1126889,47.1564172],[16.1128055,47.1563193],[16.1131165,47.1561763],[16.1131807,47.1560039],[16.1131685,47.1558834],[16.1130768,47.155711],[16.1128172,47.1555365],[16.1127277,47.1555036],[16.1126708,47.1555188],[16.1125728,47.155792],[16.1125117,47.1558356],[16.1121055,47.1558398],[16.1117787,47.1557193],[16.1117267,47.1555324],[16.1117695,47.1554036],[16.1118506,47.1553577],[16.1119619,47.1552063],[16.1119344,47.1550796],[16.1117145,47.1550131],[16.1117206,47.1549529],[16.1118459,47.1548906],[16.1119589,47.1548885],[16.112066,47.1549373],[16.1122796,47.154982],[16.1127225,47.1551938],[16.1128508,47.1552104],[16.1129098,47.155184],[16.1129513,47.1551536],[16.1129485,47.1549466],[16.1130642,47.154829],[16.1131013,47.1546538],[16.1134372,47.1544897],[16.1134647,47.154257],[16.1133517,47.1539745],[16.1131318,47.1539081],[16.1128661,47.1539621],[16.11275,47.1539351],[16.112585,47.1538104],[16.1124995,47.1536817],[16.1124751,47.1532371],[16.1122796,47.1531748],[16.1119619,47.1532683],[16.1118611,47.1532642],[16.1118367,47.1532081],[16.1118031,47.1529817],[16.1118397,47.152911],[16.1120719,47.1527469],[16.1122949,47.1526805],[16.1127072,47.1525122],[16.1129149,47.1523377],[16.11348,47.1520843],[16.1138558,47.1518929],[16.1140207,47.1518288],[16.114207,47.1517042],[16.1143536,47.1515276],[16.1144483,47.1513614],[16.1145002,47.1511205],[16.1145155,47.1506905],[16.1146468,47.1505035],[16.1146285,47.1502542],[16.1145521,47.1499904],[16.11443,47.1497848],[16.1145399,47.1494503],[16.1144849,47.1493111],[16.1143108,47.1492343],[16.1131104,47.1493402],[16.1129516,47.149307],[16.1128874,47.1492301],[16.1128997,47.1489559],[16.1129974,47.1488687],[16.1133884,47.148771],[16.1136144,47.1485093],[16.1136816,47.1483161],[16.1138379,47.1481289],[16.1138863,47.1479795],[16.1140115,47.1478736],[16.1140817,47.1478487],[16.1142406,47.1478487],[16.1144147,47.1479151],[16.1145582,47.1478362],[16.1146926,47.1477219],[16.114995,47.1477323],[16.1150561,47.1476492],[16.11505,47.1474373],[16.1150012,47.1473875],[16.1148912,47.1473854],[16.1146132,47.1474664],[16.1144483,47.1474436],[16.1144422,47.147402],[16.1144697,47.1473542],[16.1144636,47.1472109],[16.114378,47.1471403],[16.1142131,47.1470593],[16.1140573,47.1467871],[16.1141367,47.1467206],[16.1146132,47.1465648],[16.1148881,47.1462802],[16.11505,47.1462054],[16.1152944,47.146168],[16.1154715,47.1459998],[16.1155021,47.1458772],[16.1154257,47.1457338],[16.1152822,47.1456528],[16.115215,47.1455199],[16.1151661,47.1452311],[16.1150073,47.1448758],[16.1148637,47.1446203],[16.1147201,47.144533],[16.1146804,47.1444271],[16.1147476,47.1443585],[16.1150311,47.1443153],[16.1152156,47.1442584],[16.1152924,47.1442626],[16.1153751,47.1443763],[16.1155418,47.1444977],[16.1160488,47.1444354],[16.1162993,47.144531],[16.1165681,47.1443024],[16.1165773,47.1441653],[16.1168766,47.1439306],[16.1168308,47.1438703],[16.116452,47.1436958],[16.1163207,47.1435691],[16.1161405,47.1435358],[16.1156273,47.1437747],[16.1154318,47.1437955],[16.1153524,47.1437706],[16.1153646,47.1436563],[16.1154441,47.1433904],[16.1150321,47.143178],[16.1149019,47.1431412],[16.1146896,47.1429998],[16.1145216,47.1429624],[16.114207,47.1430393],[16.1139107,47.1430331],[16.1137244,47.142925],[16.1137305,47.1426342],[16.1138937,47.1425281],[16.1139957,47.1425271],[16.1142895,47.1426757],[16.1145705,47.1426736],[16.1147293,47.1425344],[16.1147293,47.1424804],[16.1145827,47.1422997],[16.1144605,47.1420067],[16.1139565,47.1420358],[16.1137504,47.1420842],[16.1133914,47.1421002],[16.1131226,47.1422124],[16.1130249,47.1421584],[16.1129088,47.1419776],[16.1129149,47.1418384],[16.1130066,47.1416764],[16.1132265,47.1415143],[16.1133029,47.1413938],[16.1133059,47.1413149],[16.1131707,47.141303],[16.1129887,47.1414288],[16.112765,47.1414329],[16.1127023,47.1413923],[16.1124845,47.1411265],[16.1124636,47.1410453],[16.1128724,47.1406272],[16.1129589,47.1405846],[16.1135288,47.1405765],[16.1136541,47.1406292],[16.1137347,47.1409357],[16.1139853,47.1408687],[16.1140479,47.1407835],[16.1141703,47.140753],[16.1146894,47.1407267],[16.1147939,47.1405704],[16.1146894,47.140404],[16.1145104,47.1401929],[16.1140808,47.1399209],[16.1140002,47.139925],[16.1138421,47.1400021],[16.113681,47.1400346],[16.1135944,47.1399595],[16.1136153,47.1398824],[16.1141673,47.1395962],[16.1144746,47.1395617],[16.1148147,47.1396449],[16.1149759,47.1395759],[16.115125,47.1393791],[16.1152325,47.1391051],[16.1152504,47.1388798],[16.1151967,47.1387479],[16.115128,47.138691],[16.1147551,47.1386038],[16.1146059,47.1386017],[16.1145402,47.138549],[16.1146268,47.1384313],[16.1147521,47.1383338],[16.114946,47.1382932],[16.1151101,47.1382121],[16.1150773,47.1380598],[16.1147461,47.1379401],[16.1146387,47.1377371],[16.1145432,47.1376113],[16.114412,47.1375869],[16.1139346,47.1376722],[16.1137555,47.1376438],[16.1136541,47.1375687],[16.1136511,47.1374997],[16.1137018,47.1373414],[16.1138212,47.1372277],[16.1138009,47.1371402],[16.1136243,47.1370166],[16.1134363,47.1368908],[16.1134452,47.1368299],[16.1135228,47.1367893],[16.1137048,47.1367913],[16.1137973,47.1367792],[16.1139346,47.1367081],[16.1140987,47.1364686],[16.1141554,47.1362027],[16.1141345,47.1361175],[16.1140121,47.1359551],[16.1139082,47.1358795],[16.11386,47.135868],[16.1137138,47.135738],[16.1135049,47.1352549],[16.1134661,47.1351209],[16.1134721,47.1350154],[16.1135348,47.1349687],[16.1136839,47.1349667],[16.1139614,47.1350093],[16.1141733,47.13492],[16.1144418,47.1347941],[16.1147282,47.1345465],[16.1148625,47.1343882],[16.1149222,47.1342624],[16.1149669,47.1340979],[16.1149192,47.1339579],[16.1148686,47.1339062],[16.1148263,47.1337819],[16.1148504,47.1337184],[16.1149043,47.1336737],[16.1150309,47.1335277],[16.1150232,47.1334612],[16.1150803,47.1333429],[16.1150258,47.1331928],[16.1147699,47.1330102],[16.1146353,47.1325386],[16.1145271,47.1324224],[16.1143961,47.1321861],[16.1143677,47.132006],[16.1142908,47.1316883],[16.114208,47.131557],[16.1141171,47.1314772],[16.1138295,47.1313145],[16.1136977,47.1312473],[16.1134923,47.1311345],[16.1133768,47.1311091],[16.1131662,47.1309832],[16.1131121,47.1308438],[16.1129982,47.1307217],[16.112451,47.130491],[16.1121639,47.1301387],[16.1120016,47.1300689],[16.1118223,47.1300283],[16.1114835,47.1297629],[16.111379,47.129594],[16.1109311,47.1293232],[16.110646,47.129246],[16.1105951,47.1291508],[16.1106151,47.1289474],[16.1105069,47.1286704],[16.1102819,47.1285387],[16.1101567,47.1283992],[16.1100542,47.1280428],[16.1100371,47.1278897],[16.110005,47.127811],[16.1099204,47.1277503],[16.1096869,47.1276728],[16.1095502,47.1276592],[16.109484,47.127636],[16.1094705,47.1275759],[16.1095673,47.1273493],[16.109561,47.127216],[16.1093993,47.1270141],[16.109087,47.126885],[16.1091374,47.1267875],[16.1091602,47.1266306],[16.109144,47.126515],[16.1089295,47.1263768],[16.108907,47.126307],[16.1089352,47.1261405],[16.1088723,47.1258824],[16.1088712,47.1257743],[16.1088498,47.1256659],[16.1087502,47.1255031],[16.1087113,47.1253504],[16.1087326,47.1252323],[16.1086363,47.1250556],[16.1085024,47.1247476],[16.1085395,47.1246721],[16.1085993,47.1246159],[16.1085622,47.1244648],[16.1085224,47.1244105],[16.1084245,47.1240939],[16.1084032,47.1239657],[16.1083402,47.1238216],[16.1083402,47.1237267],[16.108378,47.123621],[16.1083686,47.1235581],[16.1082775,47.1234787],[16.1081352,47.123409],[16.1080839,47.123345],[16.108045,47.123272],[16.1081295,47.1231804],[16.108232,47.1231455],[16.108351,47.122949],[16.1083145,47.1228917],[16.1081665,47.1228568],[16.108045,47.122672],[16.1081095,47.1224306],[16.108123,47.122316],[16.1080754,47.1221962],[16.107698,47.121724],[16.1077081,47.1216247],[16.1077566,47.1215449],[16.1077622,47.1214813],[16.1078134,47.1213457],[16.1076398,47.1211578],[16.107548,47.121033],[16.1075658,47.1209496],[16.1075401,47.1209001],[16.107592,47.120728],[16.1075315,47.1207112],[16.1074377,47.12066],[16.107099,47.120685],[16.1071045,47.1207606],[16.107004,47.120945],[16.106672,47.120946],[16.106554,47.120564],[16.1065863,47.1204274],[16.106908,47.120281],[16.106871,47.1201639],[16.1067486,47.1200457],[16.106654,47.119912],[16.106834,47.119897],[16.1070105,47.120098],[16.107124,47.120301],[16.1075145,47.1203208],[16.107681,47.120258],[16.1077508,47.1201871],[16.1076853,47.1200108],[16.1074632,47.120005],[16.1074091,47.119821],[16.107367,47.119502],[16.1074803,47.1194412],[16.1078214,47.1194487],[16.107865,47.119326],[16.1075088,47.1192417],[16.107426,47.119161],[16.107503,47.119042],[16.1076967,47.1190596],[16.10799,47.1190344],[16.10808,47.119007],[16.108027,47.118891],[16.1080953,47.118829],[16.108212,47.1187651],[16.1083686,47.118736],[16.1085224,47.1187283],[16.1086021,47.1186721],[16.10861,47.11861],[16.1085708,47.1184977],[16.108477,47.118453],[16.1081496,47.1185028],[16.10806,47.118444],[16.1078515,47.11841],[16.1078028,47.1184276],[16.1077252,47.1184822],[16.1077394,47.1186081],[16.1077081,47.1186701],[16.1074708,47.1187724],[16.1073986,47.1188597],[16.1073362,47.1189244],[16.1072756,47.1189379],[16.1071529,47.1189007],[16.107103,47.1187715],[16.1068637,47.1186042],[16.106809,47.118547],[16.1068084,47.1184551],[16.1069536,47.118304],[16.107047,47.118229],[16.10715,47.1182575],[16.107275,47.118257],[16.1074034,47.1182071],[16.1075116,47.1181354],[16.107578,47.118035],[16.1075572,47.1179726],[16.1072696,47.1180017],[16.1071443,47.118056],[16.106819,47.11807],[16.1067216,47.1179858],[16.106585,47.1178399],[16.1065,47.117781],[16.107451,47.117623],[16.107412,47.1175231],[16.1073095,47.1174708],[16.1071956,47.117372],[16.10717,47.117288],[16.1072383,47.1172015],[16.1073579,47.1171395],[16.107412,47.117093],[16.1074547,47.1169884],[16.107422,47.116928],[16.1071899,47.1168392],[16.1069621,47.1168547],[16.106835,47.116922],[16.10655,47.117263],[16.1067628,47.1174786],[16.1067628,47.1175483],[16.1067201,47.1176413],[16.106437,47.117703],[16.1062924,47.1175947],[16.1061461,47.1175582],[16.1060282,47.11756],[16.1058517,47.1174437],[16.105801,47.117335],[16.1058716,47.1172635],[16.1060339,47.117186],[16.1063927,47.1171027],[16.1064069,47.1169884],[16.1062912,47.1168814],[16.1062848,47.116768],[16.106216,47.11669],[16.1060769,47.1166237],[16.1058289,47.1164866],[16.105698,47.1165098],[16.1056211,47.1165679],[16.1055499,47.1166513],[16.1055357,47.1167772],[16.105457,47.116847],[16.1052652,47.1168508],[16.1051495,47.1168215],[16.104878,47.1167927],[16.104719,47.116722],[16.1046986,47.1166648],[16.1047555,47.1165563],[16.104841,47.1164749],[16.104848,47.116412],[16.1047698,47.1163316],[16.1046274,47.1163122],[16.1044424,47.1160991],[16.104418,47.11601],[16.1045298,47.1158832],[16.1044936,47.1157813],[16.1044613,47.1157242],[16.1045613,47.1156943],[16.1047897,47.1156554],[16.10488,47.115547],[16.10482,47.115348],[16.1047214,47.1151903],[16.104617,47.115112],[16.1045164,47.1151225],[16.10433,47.1152711],[16.104232,47.115297],[16.103861,47.115183],[16.1038017,47.1150315],[16.1037989,47.1148609],[16.1038473,47.1147776],[16.1046587,47.1147079],[16.1050972,47.1145199],[16.1051798,47.1144269],[16.1052396,47.1143184],[16.105231,47.114239],[16.1051883,47.1141673],[16.1049862,47.1141595],[16.1047897,47.1141285],[16.10471,47.114051],[16.10471,47.1139541],[16.1047356,47.1138631],[16.104707,47.11375],[16.104317,47.113746],[16.1041373,47.1139266],[16.1039982,47.113989],[16.103947,47.114058],[16.1041149,47.1142138],[16.1042003,47.1142525],[16.1043057,47.1144308],[16.10434,47.114602],[16.103858,47.114702],[16.1038554,47.1145873],[16.1037863,47.1145232],[16.1036309,47.1145099],[16.1034158,47.1143887],[16.1031839,47.1142118],[16.102873,47.114068],[16.1027113,47.1140665],[16.1026714,47.1141033],[16.1025661,47.1141498],[16.102465,47.114127],[16.1024265,47.1140704],[16.1024607,47.1140026],[16.1025831,47.1139076],[16.1026999,47.1138476],[16.1028772,47.1136398],[16.1029917,47.1135971],[16.1029857,47.1135609],[16.102816,47.113436],[16.1025279,47.1130045],[16.1024624,47.1129754],[16.1022232,47.1129599],[16.1021093,47.1128921],[16.1017563,47.1125317],[16.1016367,47.1123553],[16.1016974,47.1122914],[16.1018365,47.1122965],[16.1019295,47.1124159],[16.1020477,47.112499],[16.1022506,47.1124771],[16.102317,47.1123616],[16.1022615,47.1122804],[16.1021649,47.1122281],[16.1016538,47.1122681],[16.1015399,47.1123146],[16.1013861,47.1122863],[16.1012817,47.1123011],[16.1011978,47.1122804],[16.101092,47.112295],[16.1009912,47.1123331],[16.1009161,47.1124277],[16.1008911,47.1125356],[16.10077,47.112614],[16.1003876,47.1126113],[16.09995,47.11273],[16.0998008,47.1126965],[16.0997062,47.1126246],[16.0996339,47.1125394],[16.099512,47.112526],[16.0991944,47.112865],[16.099044,47.112899],[16.0987689,47.1128404],[16.098602,47.112832],[16.0984407,47.1129028],[16.0982321,47.1129464],[16.0978677,47.1129577],[16.097737,47.1129312],[16.0973971,47.112969],[16.0972567,47.1129645],[16.0966996,47.1130032],[16.0964048,47.1130618],[16.096274,47.1130353],[16.0956482,47.1130618],[16.095311,47.113101],[16.0950753,47.1130562],[16.0949835,47.1130107],[16.094692,47.112719],[16.0947499,47.1126019],[16.0948555,47.1125243],[16.0948528,47.112352],[16.094784,47.1122],[16.0946484,47.1118474],[16.094754,47.111632],[16.0949772,47.1113389],[16.0952298,47.1110745],[16.0955368,47.1108027],[16.095563,47.110704],[16.0954883,47.1105924],[16.0954363,47.1105475],[16.095133,47.1104754],[16.0948863,47.1104524],[16.0948006,47.1104162],[16.0944528,47.1103312],[16.0943468,47.1102757],[16.094294,47.110185],[16.0943382,47.1101492],[16.0943455,47.1100972],[16.0945289,47.1098634],[16.0948576,47.1096599],[16.094987,47.109592],[16.0950967,47.1095823],[16.0951782,47.1097709],[16.095307,47.109903],[16.0955287,47.1099909],[16.0956863,47.1099854],[16.095801,47.109951],[16.0958873,47.1098781],[16.0959064,47.1096525],[16.095879,47.109475],[16.0953928,47.1090368],[16.095144,47.108874],[16.0949772,47.1088223],[16.09482,47.108793],[16.0944446,47.1088408],[16.0941104,47.1088204],[16.0938239,47.1088555],[16.0935776,47.108916],[16.0935559,47.1089494],[16.0935373,47.1090542],[16.0935559,47.1092023],[16.093532,47.1093468],[16.0934789,47.1094335],[16.093385,47.109447],[16.0933197,47.1094335],[16.0928977,47.1092186],[16.092765,47.1091319],[16.092654,47.108999],[16.0925579,47.1087038],[16.092526,47.108394],[16.0926084,47.1082919],[16.0928525,47.1081456],[16.0931233,47.1080209],[16.0933197,47.1078493],[16.093605,47.107461],[16.0936094,47.1072877],[16.0936381,47.1070978],[16.0935803,47.1069142],[16.0935934,47.1068257],[16.093529,47.106537],[16.093601,47.1063753],[16.0937682,47.1062109],[16.093796,47.106095],[16.0937958,47.1060458],[16.0937284,47.1059833],[16.09351,47.105924],[16.09315,47.105929],[16.092757,47.1062452],[16.092616,47.106273],[16.092358,47.106234],[16.0921678,47.1060862],[16.091984,47.105861],[16.0919156,47.1056527],[16.0919395,47.1054305],[16.0919395,47.1051125],[16.091826,47.104709],[16.091995,47.104491],[16.0920958,47.1044337],[16.092189,47.104314],[16.0923304,47.1042357],[16.0924062,47.1042251],[16.0926694,47.1042978],[16.092893,47.104412],[16.0930755,47.1044098],[16.0932241,47.1043357],[16.093312,47.104177],[16.0932294,47.1040178],[16.0929519,47.1038656],[16.0929269,47.1037847],[16.092675,47.103658],[16.0923376,47.1036185],[16.0920802,47.1036077],[16.092025,47.103564],[16.0920218,47.1033602],[16.092122,47.102915],[16.0923164,47.1027459],[16.0924942,47.102605],[16.092664,47.102496],[16.0927331,47.1024099],[16.092751,47.10222],[16.092493,47.102008],[16.0924093,47.1019962],[16.0920775,47.1020594],[16.091865,47.102023],[16.0917936,47.1018661],[16.09143,47.101677],[16.0914883,47.1015825],[16.091739,47.10132],[16.0917192,47.1011525],[16.0914671,47.1008941],[16.091351,47.100799],[16.0913769,47.1006032],[16.091568,47.1003088],[16.0916563,47.1002655],[16.091852,47.100056],[16.0921678,47.0999583],[16.0924226,47.0999637],[16.0926163,47.0999059],[16.092649,47.099845],[16.0926906,47.0997469],[16.092611,47.0995048],[16.0926057,47.0991326],[16.0926322,47.0989917],[16.092634,47.098842],[16.0924916,47.0984641],[16.0923562,47.0982907],[16.092148,47.098166],[16.091759,47.098217],[16.0915228,47.0983846],[16.091443,47.098499],[16.0913052,47.098493],[16.0909236,47.0983795],[16.0907823,47.0983683],[16.09072,47.098298],[16.0907425,47.0981786],[16.090927,47.097822],[16.0912654,47.0974668],[16.0914644,47.0973078],[16.0916874,47.0971903],[16.092169,47.096722],[16.0921359,47.0963989],[16.0921324,47.096294],[16.0923589,47.096193],[16.092801,47.096149],[16.093033,47.0960557],[16.0934471,47.09579],[16.0937337,47.0956852],[16.0939991,47.0956274],[16.094076,47.095519],[16.094023,47.0954323],[16.0939248,47.0953817],[16.0936488,47.0953401],[16.0935081,47.0952805],[16.093301,47.095171],[16.0930804,47.0949559],[16.0929932,47.0948433],[16.0929667,47.0947493],[16.092955,47.094528],[16.0930066,47.094426],[16.0930277,47.0941855],[16.093112,47.094087],[16.0932294,47.0940573],[16.093935,47.094],[16.094031,47.0939525],[16.0940761,47.0939163],[16.094182,47.093811],[16.0942043,47.0937937],[16.0941776,47.0936807],[16.0941822,47.0936254],[16.0941182,47.0935167],[16.0940942,47.0933927],[16.094064,47.093269],[16.0940071,47.0931412],[16.0939062,47.0931357],[16.0935745,47.0931809],[16.093374,47.093157],[16.0931074,47.0929492],[16.0930306,47.092803],[16.092996,47.0927923],[16.0929456,47.0927465],[16.092871,47.0927157],[16.0927543,47.0926442],[16.0926438,47.0925716],[16.0926041,47.0925156],[16.0925096,47.0924424],[16.0924133,47.0923932],[16.0923217,47.0922738],[16.0923371,47.0921754],[16.0923203,47.0920811],[16.0923456,47.0920263],[16.0922341,47.0918799],[16.0922023,47.091757],[16.0922023,47.0916161],[16.0922209,47.0912312],[16.092187,47.09099],[16.0921014,47.0907578],[16.091888,47.090538],[16.0917139,47.0904144],[16.0913397,47.0902663],[16.0908009,47.0901542],[16.090626,47.090088],[16.0903249,47.0898438],[16.0902878,47.0897847],[16.0898375,47.0893935],[16.089511,47.089209],[16.0882026,47.0888333],[16.0876771,47.088667],[16.0872471,47.0884664],[16.0868516,47.0881773],[16.0865817,47.0878591],[16.0864793,47.0876555],[16.0863855,47.0873536],[16.0863777,47.0869621],[16.0864455,47.0866037],[16.0865682,47.0862816],[16.0867297,47.0859821],[16.0869965,47.0856536],[16.0873236,47.0853408],[16.0891341,47.0841562],[16.0894987,47.0838541],[16.0896684,47.083656],[16.0899007,47.0833756],[16.0900367,47.0831241],[16.090196,47.0828106],[16.0902887,47.0823421],[16.0903137,47.0821778],[16.0903297,47.0819286],[16.0902586,47.0816364],[16.0901087,47.0813801],[16.0898763,47.08118],[16.0893579,47.0809086],[16.0892708,47.0808072],[16.0892526,47.0805796],[16.0891697,47.0804841],[16.0891132,47.0804481],[16.0886603,47.0803996],[16.0882942,47.0804168],[16.0876571,47.0803326],[16.0875615,47.0802723],[16.0876241,47.0801461],[16.0876805,47.0801273],[16.0878287,47.0800599],[16.0879229,47.0800232],[16.0879461,47.0799643],[16.087972,47.0799124],[16.0879578,47.0798671],[16.0878851,47.079855],[16.0878682,47.0798169],[16.0878368,47.07963],[16.0878865,47.0794579],[16.0880402,47.0793587],[16.0881627,47.0793453],[16.08832,47.0793994],[16.0883494,47.0794314],[16.0886773,47.0795104],[16.0887964,47.0794953],[16.0888396,47.0794517],[16.0889007,47.0794371],[16.0888652,47.0793432],[16.0888281,47.0792269],[16.0888038,47.0791853],[16.0886199,47.0790524],[16.0884131,47.0788265],[16.0883768,47.0787618],[16.0883188,47.0784805],[16.0882911,47.0784641],[16.0882585,47.0784323],[16.088139,47.0783457],[16.0880015,47.0782936],[16.0879204,47.0782784],[16.0878733,47.0782611],[16.0876935,47.0782736],[16.0876453,47.078262],[16.0876126,47.0782334],[16.0875885,47.0781119],[16.0876587,47.0779912],[16.0876488,47.0779731],[16.0876677,47.0779272],[16.0878162,47.0778334],[16.0880526,47.0777945],[16.0881477,47.0777457],[16.0881936,47.0777061],[16.0882361,47.0776518],[16.0882238,47.0775976],[16.0880701,47.0774742],[16.0880355,47.0773839],[16.0879498,47.077309],[16.0878481,47.0772769],[16.0877794,47.0772235],[16.0876867,47.0772139],[16.0875024,47.0770618],[16.0873539,47.0769595],[16.0872891,47.0768881],[16.0872485,47.076731],[16.0873688,47.0764401],[16.0874045,47.0764318],[16.0875026,47.0761199],[16.0876232,47.0759453],[16.0876882,47.0758927],[16.0878115,47.0758297],[16.0879549,47.0757956],[16.0879964,47.0757801],[16.0881635,47.075751],[16.0884281,47.0757799],[16.0885411,47.075881],[16.0886192,47.075918],[16.0887673,47.0759376],[16.0888966,47.0760299],[16.0889034,47.0760575],[16.0889512,47.0760802],[16.0890543,47.0761753],[16.0891346,47.0762876],[16.089223,47.0764971],[16.0892834,47.0765193],[16.0893861,47.0765205],[16.0895117,47.0764851],[16.0896192,47.0763979],[16.0896646,47.0762743],[16.0896381,47.0762523],[16.08965,47.0761818],[16.0896552,47.0761479],[16.0896343,47.0761339],[16.0895185,47.0758384],[16.0894609,47.0754913],[16.0894262,47.0754577],[16.0893908,47.075441],[16.0893704,47.0754244],[16.0892993,47.075414],[16.0891868,47.0754159],[16.0891309,47.0754114],[16.0887004,47.0754077],[16.088559,47.0753752],[16.0883434,47.0753104],[16.0880862,47.0753214],[16.0880105,47.0753402],[16.0878272,47.075332],[16.0875799,47.075258],[16.0874769,47.0751851],[16.0873925,47.0749538],[16.087302,47.0748594],[16.0870009,47.0746455],[16.0869615,47.0746105],[16.0867743,47.074538],[16.0866008,47.074425],[16.0865513,47.0743345],[16.0865087,47.0742281],[16.086502,47.0741989],[16.0865973,47.0741379],[16.0868326,47.0739658],[16.0869061,47.0739618],[16.0869615,47.073918],[16.087111,47.0738624],[16.0871977,47.0738178],[16.0873024,47.0737528],[16.0873931,47.0736914],[16.0875138,47.0735041],[16.0874961,47.0733842],[16.0874069,47.0733161],[16.0873047,47.0732723],[16.0872802,47.0732418],[16.0872913,47.0732159],[16.0872785,47.0731828],[16.0872802,47.0731543],[16.0872675,47.073119],[16.087309,47.0730716],[16.0873869,47.072972],[16.0873911,47.0729402],[16.0875275,47.0728617],[16.0875843,47.0728404],[16.087668,47.0727977],[16.0878187,47.0727739],[16.0879527,47.0727737],[16.0880548,47.0727873],[16.0883454,47.0727223],[16.0884752,47.0726254],[16.0885333,47.0725552],[16.0886407,47.0723912],[16.0886514,47.0722629],[16.08863,47.0721581],[16.0886238,47.0720809],[16.0886815,47.0720337],[16.0887192,47.0719861],[16.08886,47.0719552],[16.0890995,47.072054],[16.0892591,47.0721277],[16.0893422,47.0721462],[16.0894074,47.0720912],[16.0893872,47.0720385],[16.0893716,47.0719185],[16.0893465,47.0718616],[16.0893683,47.0717729],[16.0894327,47.0717161],[16.0895189,47.0716718],[16.0896652,47.0716718],[16.0897417,47.0716877],[16.0898238,47.0716718],[16.09003,47.0715072],[16.0901659,47.0714408],[16.0902422,47.0714257],[16.0903575,47.0714966],[16.0903915,47.0715488],[16.0904024,47.0716143],[16.0904362,47.0716853],[16.0905168,47.0717645],[16.0906249,47.0717847],[16.0907672,47.0717863],[16.0908625,47.0717408],[16.0911157,47.0713931],[16.0911946,47.0710407],[16.091242,47.0709147],[16.0914635,47.0705648],[16.0914817,47.0704491],[16.091468,47.0703303],[16.0914446,47.0702145],[16.0913336,47.0700553],[16.0912734,47.0700189],[16.0912131,47.0699095],[16.0912182,47.0698508],[16.0911531,47.0696886],[16.0910461,47.0697102],[16.0906453,47.0698504],[16.0901988,47.0701851],[16.0899659,47.070151],[16.0898,47.0699527],[16.0899363,47.0697566],[16.090299,47.0695836],[16.0903751,47.069627],[16.0907744,47.0695946],[16.0910566,47.0695858],[16.0911924,47.0696074],[16.0912817,47.0695339],[16.0913703,47.0695148],[16.0914939,47.0695317],[16.0916386,47.0695919],[16.0917065,47.0696219],[16.0919668,47.0695995],[16.0922383,47.0695613],[16.0925033,47.0694907],[16.0926313,47.0694482],[16.0927342,47.0693814],[16.0928816,47.0691914],[16.0929129,47.0691126],[16.0929291,47.0689889],[16.0926065,47.0688678],[16.0925562,47.0688862],[16.0924629,47.0688626],[16.092343,47.0687957],[16.0922451,47.0686667],[16.0922792,47.0686032],[16.0923368,47.0685772],[16.0923421,47.0685588],[16.0923972,47.0685305],[16.0926119,47.0685309],[16.0928133,47.0685703],[16.0930528,47.0685259],[16.093216,47.0684438],[16.0933397,47.0683281],[16.0934347,47.0681649],[16.0935194,47.0680344],[16.0935597,47.0678131],[16.0935432,47.0677025],[16.093355,47.0676228],[16.0930315,47.0676089],[16.0929593,47.0675952],[16.0928349,47.0675078],[16.0927777,47.0674092],[16.0928598,47.067241],[16.0928777,47.0670361],[16.093006,47.0667882],[16.0931051,47.066645],[16.0933533,47.0663749],[16.0934274,47.0661579],[16.0934435,47.0660807],[16.0934537,47.0659992],[16.0938314,47.065622],[16.0941429,47.0652651],[16.0943859,47.0650409],[16.0945868,47.0648687],[16.0949263,47.0647133],[16.0951125,47.0646403],[16.0951937,47.0645731],[16.0952022,47.0640786],[16.0950878,47.0639274],[16.0949676,47.0638364],[16.0948885,47.0638182],[16.0947382,47.063743],[16.094647,47.0635749],[16.0946375,47.0635352],[16.0949894,47.0632945],[16.0950352,47.0633069],[16.0951038,47.0631873],[16.0950969,47.0630645],[16.09508,47.0629593],[16.0951075,47.0627239],[16.0950397,47.0626836],[16.0949751,47.0624898],[16.0950096,47.0623774],[16.0952006,47.0623434],[16.0953734,47.0624329],[16.0956665,47.062522],[16.0961119,47.06249],[16.0962972,47.0624606],[16.0964675,47.0624318],[16.0965795,47.0623377],[16.0967246,47.0622333],[16.0967537,47.0621491],[16.0965708,47.0614287],[16.0967268,47.0614712],[16.096889,47.0614307],[16.0971564,47.0614199],[16.097186,47.0614361],[16.0974264,47.0613966],[16.0974999,47.0613678],[16.0980927,47.0611995],[16.0983916,47.0610818],[16.0986508,47.0607364],[16.098987,47.060531],[16.0989832,47.0604108],[16.098842,47.060265],[16.0986862,47.0601879],[16.098257,47.060027],[16.0978529,47.0600823],[16.0976152,47.0601894],[16.0973156,47.060235],[16.097229,47.060215],[16.0971668,47.0601062],[16.0972285,47.0598537],[16.0972716,47.0598318],[16.097359,47.059423],[16.097237,47.0592293],[16.0970887,47.0590949],[16.09685,47.058988],[16.0969578,47.0588937],[16.0970638,47.0588416],[16.097242,47.058645],[16.0979317,47.058459],[16.098116,47.0583687],[16.098215,47.05823],[16.1046429,47.0607464],[16.1047395,47.0606821],[16.1047451,47.0605994],[16.1050604,47.0602168],[16.1051919,47.0600088],[16.1055267,47.0594271],[16.1057901,47.0590628],[16.1063995,47.0582293],[16.10684,47.05771],[16.1070644,47.0570473],[16.1075729,47.0560756],[16.1080272,47.0550595],[16.1082566,47.0545951],[16.1084682,47.0543447],[16.1084812,47.0542791],[16.1085738,47.0538114],[16.1088449,47.0530979],[16.1089704,47.052775],[16.109069,47.052342],[16.1093048,47.0520072],[16.1096926,47.0513626],[16.109719,47.051229],[16.109961,47.051272],[16.1107255,47.0507595],[16.1106422,47.050614],[16.1107675,47.0505851],[16.1108485,47.0505111],[16.1109067,47.0503289],[16.1110499,47.050167],[16.1111481,47.0498565],[16.1111849,47.0495733],[16.1112331,47.0491136],[16.1111658,47.0489109],[16.111234,47.048803],[16.1114038,47.0487616],[16.111525,47.048809],[16.1117434,47.0489978],[16.1118288,47.0490839],[16.112257,47.049373],[16.112489,47.049392],[16.1125639,47.0493059],[16.1125358,47.0491856],[16.112577,47.04909],[16.113324,47.049378],[16.1135195,47.0494714],[16.1136547,47.0496202],[16.113706,47.049758],[16.113878,47.049929],[16.113895,47.0499334],[16.1140369,47.0499699],[16.1141364,47.0499709],[16.114237,47.049972],[16.114568,47.049756],[16.1148649,47.0491952],[16.114883,47.048887],[16.114782,47.048687],[16.1145294,47.0485918],[16.114139,47.04856],[16.1135964,47.0486967],[16.113135,47.048943],[16.1128584,47.0488969],[16.112726,47.04886],[16.1127483,47.0483334],[16.112771,47.048224],[16.1129492,47.0479699],[16.1130323,47.0478803],[16.113213,47.047773],[16.113376,47.0477685],[16.1135469,47.0477681],[16.1137513,47.0478024],[16.113924,47.047859],[16.114114,47.0479745],[16.1142106,47.0480764],[16.114347,47.048372],[16.1144558,47.0484072],[16.114559,47.048406],[16.1148239,47.0483466],[16.1149691,47.0482581],[16.1153398,47.0478711],[16.115469,47.0478],[16.1156283,47.0477419],[16.1157989,47.04772],[16.115974,47.047737],[16.1163652,47.048006],[16.116607,47.048188],[16.1166979,47.0483524],[16.1167431,47.0485071],[16.116775,47.048718],[16.1168939,47.0487858],[16.1169951,47.0488384],[16.117114,47.048823],[16.1172796,47.0486569],[16.1173512,47.0485254],[16.11737,47.048437],[16.1173606,47.0483027],[16.1172454,47.0480313],[16.117028,47.0478123],[16.116893,47.047626],[16.1168744,47.047539],[16.1168967,47.0474331],[16.116967,47.047333],[16.1171157,47.0472141],[16.1172455,47.0471341],[16.1173945,47.04707],[16.117532,47.047042],[16.1177491,47.0470453],[16.1178658,47.0470592],[16.1180537,47.047105],[16.1181325,47.0471108],[16.1184174,47.0470972],[16.118552,47.047034],[16.1186594,47.0469485],[16.118686,47.046878],[16.1186574,47.0467639],[16.118648,47.0466331],[16.1186633,47.0465007],[16.1187021,47.0463808],[16.1189706,47.0457869],[16.1190582,47.0457012],[16.1191469,47.0456518],[16.119011,47.045411],[16.1192,47.045239],[16.1196584,47.0452194],[16.1197783,47.0452192],[16.1199609,47.0451806],[16.1203484,47.0451221],[16.120622,47.045048],[16.1208268,47.0449694],[16.1210329,47.0447887],[16.121068,47.044726],[16.1210882,47.0445994],[16.1210498,47.0444221],[16.1209251,47.0437008],[16.1209243,47.0435327],[16.12101,47.043153],[16.12096,47.0429249],[16.1209042,47.0428419],[16.1208145,47.0427716],[16.1207433,47.0426994],[16.1206808,47.0424836],[16.1206974,47.0424141],[16.120956,47.0421916],[16.1210579,47.0420469],[16.1210748,47.0419303],[16.121077,47.041856],[16.1209874,47.0419231],[16.1209438,47.0419332],[16.120611,47.04206],[16.120523,47.0419853],[16.120486,47.041862],[16.119334,47.04253],[16.1191141,47.042361],[16.119075,47.042223],[16.119286,47.0420983],[16.1196834,47.0421425],[16.11981,47.042077],[16.120072,47.041714],[16.1200875,47.0415781],[16.119957,47.041462],[16.1197912,47.041416],[16.119185,47.041448],[16.1188397,47.0415932],[16.118709,47.0416],[16.1186211,47.0415175],[16.1186106,47.0413562],[16.1186745,47.0411823],[16.11865,47.041095],[16.1185808,47.0410532],[16.1185523,47.041036],[16.1184349,47.0410649],[16.1181993,47.0412602],[16.118117,47.041304],[16.1180471,47.0412598],[16.118022,47.041201],[16.118115,47.04109],[16.1183297,47.0409502],[16.1183991,47.0408281],[16.1183311,47.0406656],[16.1181785,47.0405457],[16.118176,47.040434],[16.1187536,47.0402721],[16.119461,47.040225],[16.1198577,47.0404833],[16.1199936,47.0404993],[16.1202418,47.0403654],[16.12043,47.040323],[16.1207129,47.0403474],[16.1209116,47.0403832],[16.1210634,47.0403813],[16.121276,47.040346],[16.1213701,47.0403127],[16.1216665,47.0400179],[16.121697,47.03988],[16.1216438,47.039788],[16.1214679,47.039678],[16.121451,47.039625],[16.1213262,47.0396327],[16.120858,47.039514],[16.120702,47.039684],[16.120473,47.0397571],[16.119884,47.039859],[16.1196075,47.0398232],[16.1194345,47.0397888],[16.118896,47.039731],[16.1187392,47.0396434],[16.1187068,47.0395009],[16.1185727,47.0393707],[16.118315,47.039025],[16.1179733,47.0390195],[16.117796,47.038952],[16.117715,47.038606],[16.1174223,47.0387393],[16.116947,47.038896],[16.1168195,47.0388889],[16.116713,47.038848],[16.116286,47.038407],[16.1165852,47.0382814],[16.117058,47.038001],[16.1172089,47.0377167],[16.1172183,47.0376991],[16.1172388,47.0376729],[16.117342,47.037541],[16.1175973,47.0374333],[16.1180197,47.0373265],[16.118312,47.037233],[16.118551,47.0369994],[16.11862,47.036794],[16.11856,47.036578],[16.1181881,47.036481],[16.1180779,47.0364523],[16.117644,47.036221],[16.1172634,47.0361557],[16.116931,47.03622],[16.1168064,47.0361631],[16.1166998,47.0360491],[16.116514,47.035948],[16.116193,47.0358737],[16.1159162,47.0358591],[16.115689,47.035811],[16.1147409,47.0354203],[16.1145515,47.0353322],[16.11437,47.035281],[16.114811,47.034278],[16.1152099,47.0337653],[16.1154061,47.0335801],[16.115773,47.033051],[16.1157912,47.032843],[16.1157376,47.0327607],[16.115621,47.032714],[16.115368,47.0326683],[16.1151035,47.0327224],[16.1148738,47.0328358],[16.114645,47.032845],[16.1145896,47.0327392],[16.1146434,47.0324485],[16.114776,47.0322743],[16.1147979,47.0321619],[16.114863,47.032041],[16.115124,47.0319384],[16.115454,47.031935],[16.1158582,47.0321868],[16.116005,47.032197],[16.1162363,47.032126],[16.116397,47.032014],[16.1167332,47.0322184],[16.1170178,47.0324477],[16.117272,47.032513],[16.1174787,47.032508],[16.118059,47.032268],[16.1180604,47.0322681],[16.118213,47.0322787],[16.1182283,47.0322798],[16.1185704,47.0325276],[16.1186489,47.0325845],[16.1187712,47.032618],[16.118957,47.032616],[16.1189954,47.0326065],[16.1191385,47.0325709],[16.1192951,47.032532],[16.119538,47.032402],[16.119992,47.0319658],[16.1201485,47.0317445],[16.120484,47.031493],[16.120725,47.0314291],[16.1211342,47.0313736],[16.121306,47.031255],[16.1213906,47.0310855],[16.1213936,47.0309487],[16.121353,47.030844],[16.121087,47.030569],[16.120909,47.03048],[16.1205543,47.0303928],[16.1202185,47.0303454],[16.120095,47.030287],[16.1200757,47.030204],[16.1202344,47.029854],[16.120227,47.02976],[16.1200854,47.0295238],[16.1199342,47.0292716],[16.119814,47.02924],[16.1194323,47.0293963],[16.119294,47.0294412],[16.1189846,47.0295417],[16.118845,47.029587],[16.1184498,47.0299697],[16.1183409,47.0302312],[16.118286,47.030289],[16.1179457,47.0303051],[16.1176523,47.0302512],[16.116925,47.030074],[16.1165914,47.0301089],[16.1164441,47.0301428],[16.1162668,47.0302158],[16.1162109,47.0301486],[16.11593,47.030101],[16.1157825,47.0301664],[16.115657,47.030287],[16.1156021,47.0305291],[16.1156099,47.0307196],[16.115462,47.030844],[16.115209,47.030849],[16.1151372,47.0307804],[16.115058,47.030644],[16.1150349,47.0304631],[16.1151733,47.0302971],[16.1152038,47.0301678],[16.115178,47.029971],[16.11483,47.029659],[16.1145553,47.0296505],[16.114299,47.02961],[16.1152073,47.028896],[16.1156743,47.0287076],[16.116176,47.028556],[16.1162845,47.0285939],[16.117111,47.028662],[16.1175457,47.0285462],[16.1177857,47.0283275],[16.118337,47.028204],[16.118625,47.0283489],[16.1189997,47.0286171],[16.119404,47.028822],[16.1196595,47.02884],[16.11998,47.0287853],[16.120315,47.0288645],[16.120405,47.028834],[16.1207525,47.0286111],[16.120919,47.028205],[16.1209851,47.0279359],[16.12083,47.027163],[16.1209987,47.0269517],[16.1211374,47.0269216],[16.121318,47.02675],[16.121297,47.026518],[16.121786,47.026299],[16.1222073,47.026308],[16.1225177,47.0263553],[16.122997,47.026502],[16.1232676,47.0266758],[16.123533,47.02696],[16.124011,47.027109],[16.1242292,47.0271055],[16.12439,47.026955],[16.1245237,47.0267417],[16.1245631,47.0264409],[16.124553,47.026346],[16.1244628,47.0262134],[16.124207,47.025981],[16.124114,47.025543],[16.1239744,47.0254289],[16.1237783,47.0253587],[16.1229927,47.0252356],[16.122733,47.025177],[16.1224112,47.0249475],[16.122373,47.024871],[16.1224552,47.0247729],[16.1225697,47.024774],[16.1227411,47.0247657],[16.1228867,47.0247568],[16.1229766,47.0246961],[16.123107,47.0244521],[16.1234964,47.0243684],[16.123869,47.024206],[16.1240007,47.0240691],[16.1240363,47.0239406],[16.123962,47.023857],[16.1237952,47.0238001],[16.1235509,47.0237626],[16.1232751,47.0237888],[16.123084,47.023846],[16.122536,47.024185],[16.121415,47.024556],[16.1212589,47.0247692],[16.120996,47.024971],[16.1204867,47.0248385],[16.120408,47.0247647],[16.1201458,47.0244523],[16.12002,47.024353],[16.1200763,47.0242499],[16.1203853,47.0240625],[16.1209572,47.0231143],[16.1212978,47.0227713],[16.121466,47.02266],[16.1217186,47.0225961],[16.121927,47.022609],[16.1221365,47.0227365],[16.1223828,47.0229885],[16.122562,47.023024],[16.1228535,47.0229815],[16.123346,47.022856],[16.123509,47.022753],[16.1235069,47.0226339],[16.1233695,47.0224736],[16.1233105,47.0223121],[16.123397,47.022158],[16.1236767,47.0219748],[16.1238824,47.0218791],[16.123985,47.021726],[16.1242123,47.0217729],[16.12518,47.02226],[16.1252262,47.0221913],[16.125368,47.022192],[16.1254171,47.02209],[16.1254424,47.0219289],[16.125408,47.021451],[16.124574,47.021104],[16.124642,47.0209936],[16.1246691,47.0208303],[16.1247243,47.0206624],[16.1248649,47.0204015],[16.1248818,47.0201744],[16.124848,47.019929],[16.1249982,47.0198173],[16.125129,47.019762],[16.1253096,47.0197937],[16.1257484,47.0199727],[16.125929,47.020007],[16.1260802,47.0199403],[16.126105,47.019876],[16.125944,47.019613],[16.124847,47.019177],[16.1247562,47.0190472],[16.124752,47.018896],[16.124978,47.018711],[16.1254091,47.0185349],[16.1267768,47.0177793],[16.127451,47.017566],[16.1276305,47.0174371],[16.1277989,47.0172592],[16.1279111,47.0169651],[16.128065,47.016769],[16.128316,47.016676],[16.1289534,47.0167181],[16.1297414,47.0168128],[16.12997,47.01682],[16.130203,47.016691],[16.1302725,47.0165109],[16.1301976,47.0162858],[16.130247,47.016129],[16.1309154,47.0156048],[16.131243,47.015259],[16.131322,47.015224],[16.131512,47.01524],[16.1319894,47.0155431],[16.132244,47.015624],[16.1324486,47.0155936],[16.132574,47.015506],[16.1326562,47.0153753],[16.132623,47.015213],[16.1323511,47.0150159],[16.1322517,47.0149456],[16.1320079,47.01477],[16.1315699,47.0145395],[16.131455,47.014386],[16.1314239,47.0142191],[16.1314545,47.0140891],[16.1317037,47.0138117],[16.131605,47.013714],[16.1313636,47.0136456],[16.1309162,47.013554],[16.130662,47.013477],[16.1305941,47.0133444],[16.1306936,47.0132524],[16.130888,47.013148],[16.1306429,47.0130328],[16.130184,47.012904],[16.130438,47.0124735],[16.130718,47.012126],[16.1307288,47.0121051],[16.130851,47.011869],[16.1312872,47.0116652],[16.131616,47.011421],[16.1320717,47.0111827],[16.13258,47.011],[16.133153,47.011121],[16.1336322,47.0110666],[16.133847,47.010918],[16.1339981,47.0109347],[16.13418,47.011097],[16.1347646,47.0109898],[16.1348595,47.0110384],[16.1349825,47.0110042],[16.1358955,47.0108985],[16.1365234,47.0109565],[16.1367801,47.0108738],[16.137117,47.010612],[16.1371891,47.0104804],[16.137191,47.0103604],[16.1371467,47.0101026],[16.137157,47.010021],[16.137413,47.0097865],[16.137522,47.009576],[16.137651,47.0095914],[16.1379023,47.0099107],[16.138051,47.010017],[16.1382011,47.0100459],[16.1383499,47.0100519],[16.138812,47.009981],[16.1389454,47.0099168],[16.1390551,47.0097362],[16.1391937,47.0096408],[16.1393347,47.0095839],[16.1395221,47.0093817],[16.1396206,47.0093354],[16.1398442,47.0092702],[16.140103,47.009081],[16.140205,47.0089536],[16.1402125,47.0088082],[16.140118,47.008649],[16.1399169,47.0085218],[16.1396858,47.0082895],[16.1395313,47.0081695],[16.1393534,47.008007],[16.13913,47.00785],[16.1387756,47.0076909],[16.138354,47.007637],[16.138206,47.0076406],[16.1379033,47.0076978],[16.1378237,47.0076814],[16.1377293,47.0075605],[16.1376083,47.0073311],[16.1374842,47.0072556],[16.1373288,47.0070789],[16.13711,47.006966],[16.1367363,47.0068689],[16.13633,47.006902],[16.1357892,47.0069745],[16.1354675,47.0070741],[16.135351,47.007088],[16.1352702,47.0070685],[16.135198,47.0070232],[16.135177,47.006967],[16.1352641,47.0068262],[16.1354741,47.0066553],[16.1357471,47.0065412],[16.1358692,47.0064773],[16.1361489,47.0062785],[16.1362657,47.0061494],[16.1363834,47.0060768],[16.136441,47.006033],[16.1365819,47.0059762],[16.136834,47.005932],[16.1370923,47.0058311],[16.1371639,47.0057768],[16.1375811,47.0055932],[16.137706,47.005545],[16.1379755,47.0054984],[16.1380801,47.0054619],[16.138305,47.005487],[16.1383928,47.0054357],[16.1384463,47.0053476],[16.1386111,47.0051968],[16.1389164,47.0049894],[16.1391406,47.004723],[16.139256,47.00456],[16.1393059,47.0044908],[16.1393335,47.0043207],[16.1392839,47.0042086],[16.1392735,47.0040483],[16.1392842,47.0039596],[16.1392401,47.0037791],[16.139237,47.003708],[16.1392868,47.0036495],[16.1394838,47.0035044],[16.1395274,47.0034098],[16.139488,47.00326],[16.1394159,47.0031639],[16.139029,47.002958],[16.1388252,47.0028857],[16.1383326,47.0028003],[16.138078,47.002685],[16.138133,47.002513],[16.1382408,47.0024445],[16.1384195,47.0024043],[16.1385663,47.0023894],[16.1387013,47.0023408],[16.1390371,47.0023613],[16.139111,47.002353],[16.1392001,47.0023824],[16.1393579,47.002514],[16.1395749,47.0027665],[16.1399214,47.002956],[16.140028,47.0030416],[16.1401338,47.0030964],[16.140329,47.003139],[16.1407473,47.0031382],[16.141195,47.002936],[16.1417381,47.0029708],[16.141913,47.00295],[16.1419925,47.0029215],[16.142146,47.002764],[16.1422142,47.002619],[16.1421638,47.0024581],[16.1421034,47.0023556],[16.1419476,47.0021773],[16.1418693,47.0020211],[16.1418861,47.0019404],[16.1419455,47.0018529],[16.1420755,47.001804],[16.142329,47.0017899],[16.1426353,47.0017258],[16.142697,47.001667],[16.142782,47.0013646],[16.142786,47.00124],[16.142675,47.0010854],[16.1424041,47.0009342],[16.142307,47.000803],[16.142359,47.0007114],[16.1424535,47.0006534],[16.1425557,47.0006252],[16.142689,47.0005884],[16.142742,47.000507],[16.1429301,47.0001721],[16.142934,47.000045],[16.1429017,46.9999127],[16.1422665,46.9996506],[16.1418371,46.9995737],[16.141523,46.9994237],[16.141492,46.999323],[16.1416005,46.9991622],[16.141734,46.999105],[16.141869,46.9990747],[16.142135,46.999084],[16.142362,46.999136],[16.1426342,46.9992373],[16.1427246,46.9993326],[16.1431175,46.9995176],[16.143211,46.999597],[16.143608,46.99946],[16.1436958,46.9993368],[16.143933,46.999069],[16.1440629,46.9988457],[16.1440924,46.9987924],[16.1441079,46.9987136],[16.1440737,46.9986677],[16.1441042,46.9985721],[16.1440739,46.9983655],[16.144074,46.998236],[16.144026,46.9981513],[16.1438673,46.9981099],[16.1433684,46.9979336],[16.143178,46.997771],[16.1433378,46.9977331],[16.1436091,46.9977577],[16.14415,46.997741],[16.1443321,46.9976789],[16.144544,46.997574],[16.1446674,46.9975688],[16.1447499,46.9976221],[16.144801,46.997655],[16.1449012,46.9977984],[16.1448444,46.9979486],[16.1447028,46.9980688],[16.144637,46.998225],[16.1446985,46.9983852],[16.1448221,46.9986096],[16.1448428,46.9986472],[16.1450598,46.9988548],[16.145133,46.998976],[16.1450501,46.99938],[16.1451979,46.9996072],[16.145477,46.999756],[16.1455999,46.9998106],[16.1458967,46.9998935],[16.1460211,46.9999316],[16.1463966,46.99997],[16.146615,47.000116],[16.146748,47.000732],[16.1470788,47.0007427],[16.147553,47.000533],[16.1477094,47.0005291],[16.1483699,47.0006329],[16.148746,47.000624],[16.149121,47.000393],[16.1491507,47.0001066],[16.1488983,46.9996233],[16.148889,46.999285],[16.14856,46.998998],[16.14814,46.9989101],[16.147701,46.998918],[16.147414,46.99905],[16.1470361,46.9988573],[16.1466367,46.998842],[16.146598,46.9988405],[16.1465342,46.9988105],[16.1465498,46.9986607],[16.1465621,46.9985416],[16.146578,46.998389],[16.1470685,46.9982912],[16.1472084,46.998276],[16.1476913,46.9980702],[16.148403,46.997969],[16.149509,46.998075],[16.149854,46.997829],[16.149879,46.99754],[16.1496111,46.9972546],[16.149381,46.996954],[16.1490123,46.996769],[16.147885,46.996387],[16.148106,46.995703],[16.1483274,46.9957074],[16.148487,46.995748],[16.1487676,46.9959721],[16.148908,46.996331],[16.1493521,46.996482],[16.149524,46.996439],[16.1497251,46.99619],[16.1499861,46.9959683],[16.1500393,46.9958183],[16.150658,46.995373],[16.150723,46.995052],[16.150374,46.994853],[16.1500609,46.994859],[16.1491928,46.9950269],[16.148621,46.99511],[16.1482859,46.9949495],[16.14783,46.994632],[16.1478576,46.9945102],[16.1483396,46.9941949],[16.148585,46.99382],[16.148924,46.993769],[16.1493255,46.9940452],[16.14967,46.994121],[16.149981,46.993883],[16.1499414,46.993597],[16.150026,46.99321],[16.1498014,46.993041],[16.149358,46.992966],[16.1492939,46.9927838],[16.149363,46.992648],[16.1496211,46.9925642],[16.149917,46.992566],[16.150629,46.992732],[16.1507705,46.9929194],[16.1507608,46.993206],[16.150889,46.993405],[16.1510517,46.9934557],[16.151199,46.9935016],[16.1514216,46.9935709],[16.152028,46.993795],[16.1522074,46.9938154],[16.152825,46.993633],[16.1531898,46.9933459],[16.153278,46.99308],[16.1532369,46.9929487],[16.1528032,46.9926322],[16.152717,46.992472],[16.152885,46.992183],[16.152838,46.9921562],[16.1523424,46.9918729],[16.15185,46.9917487],[16.151796,46.99167],[16.1519084,46.9916116],[16.152579,46.991597],[16.153108,46.992056],[16.153625,46.992128],[16.1537173,46.9929506],[16.153864,46.993305],[16.1539834,46.9934053],[16.1541717,46.9935255],[16.1542905,46.9935264],[16.1546758,46.9933506],[16.155464,46.993027],[16.155607,46.992796],[16.155534,46.992324],[16.1553356,46.9922041],[16.1551923,46.9921818],[16.1549651,46.992178],[16.1548888,46.9921155],[16.15472,46.991977],[16.1545433,46.991611],[16.1545713,46.9915154],[16.154313,46.991086],[16.1545057,46.9909326],[16.1545216,46.9908126],[16.1537927,46.9908354],[16.1529,46.99096],[16.15165,46.99129],[16.151287,46.9913135],[16.1505977,46.9912744],[16.150133,46.991331],[16.1498408,46.9914206],[16.1495398,46.9915574],[16.14848,46.992193],[16.1477157,46.9924585],[16.147058,46.99253],[16.1458408,46.9925057],[16.1455422,46.992449],[16.1453211,46.9923615],[16.144629,46.991994],[16.144239,46.991877],[16.1440873,46.9918621],[16.143888,46.991866],[16.1436218,46.9919435],[16.143434,46.992083],[16.1431591,46.9924539],[16.1429341,46.992903],[16.142787,46.993072],[16.142649,46.993193],[16.142296,46.993336],[16.1414862,46.9935055],[16.140917,46.993697],[16.1408576,46.9936473],[16.1408199,46.9936157],[16.1407792,46.9935816],[16.139759,46.992929],[16.139679,46.9930792],[16.1391534,46.9935525],[16.1390728,46.993625],[16.138548,46.99393],[16.1381073,46.9940471],[16.1380479,46.9940629],[16.1373481,46.9943278],[16.1369072,46.9944947],[16.1368644,46.9945075],[16.136396,46.994648],[16.1357731,46.9947629],[16.1354389,46.994753],[16.134923,46.994845],[16.1348403,46.9948315],[16.1346176,46.9947953],[16.1343907,46.9947735],[16.133911,46.994709],[16.1326743,46.9943326],[16.1323115,46.9942221],[16.1316363,46.993996],[16.1311514,46.9938591],[16.1306493,46.9937675],[16.130715,46.993442],[16.13057,46.993366],[16.1303661,46.9934462],[16.129463,46.993386],[16.129032,46.993204],[16.1288766,46.9930714],[16.1287765,46.9927577],[16.1287947,46.9927003],[16.128735,46.992597],[16.1286686,46.9924998],[16.1286143,46.992316],[16.128523,46.992172],[16.1281517,46.9920318],[16.127966,46.991893],[16.127176,46.991734],[16.1267842,46.9917047],[16.1264446,46.9917658],[16.1263667,46.9917525],[16.126204,46.991752],[16.1260832,46.991668],[16.1257551,46.9915347],[16.125586,46.991355],[16.1253947,46.991298],[16.1252476,46.991307],[16.1249947,46.991234],[16.1248302,46.9911421],[16.1247885,46.9911072],[16.1243544,46.9910753],[16.1242499,46.9909864],[16.1241825,46.9910105],[16.1239017,46.9909215],[16.1237217,46.9909309],[16.1234603,46.9909258],[16.1234121,46.9908881],[16.1232897,46.9909033],[16.1231635,46.9908688],[16.123071,46.9908916],[16.1227631,46.9907617],[16.1225797,46.9907699],[16.1223026,46.9907203],[16.1218717,46.9906984],[16.12171,46.990667],[16.1214051,46.9902335],[16.1212811,46.9898832],[16.1210014,46.9892516],[16.120971,46.989085],[16.1210285,46.9889526],[16.1209663,46.9884429],[16.120952,46.9872792],[16.1212455,46.987129],[16.121538,46.98684],[16.121532,46.986668],[16.121305,46.9863446],[16.1211242,46.9859066],[16.1208042,46.9853902],[16.1207286,46.9850726],[16.120625,46.984859],[16.119683,46.983769],[16.1196007,46.9832728],[16.1194374,46.9829117],[16.1193591,46.9828048],[16.1190782,46.9822631],[16.118785,46.9817701],[16.118769,46.9817399],[16.118532,46.981339],[16.1184155,46.9809459],[16.118374,46.980541],[16.1184656,46.9803052],[16.118616,46.980087],[16.1181247,46.979877],[16.117831,46.979712],[16.1170993,46.9796045],[16.1162767,46.9793707],[16.115778,46.979247],[16.11473,46.978987],[16.1143916,46.9791976],[16.1142691,46.9794595],[16.1139367,46.9795517],[16.1136696,46.9798305],[16.1134976,46.979929],[16.113369,46.979915],[16.1132394,46.9798073],[16.1131715,46.9797046],[16.1128587,46.979479],[16.112752,46.979402],[16.1126924,46.9791751],[16.1126865,46.9789756],[16.1123387,46.9785254],[16.1122649,46.978381],[16.1122882,46.9782569],[16.1121665,46.9778607],[16.112063,46.977634],[16.111687,46.977185],[16.1116732,46.9769024],[16.1116998,46.9767188],[16.1116949,46.9765142],[16.111585,46.976259],[16.1112296,46.9762483],[16.11071,46.976085],[16.1102476,46.9750024],[16.110205,46.974767],[16.1095937,46.9747178],[16.109669,46.973631],[16.109887,46.972985],[16.108966,46.972708],[16.1084127,46.9728131],[16.1081028,46.9727376],[16.1077353,46.9725441],[16.1073008,46.9721799],[16.1069464,46.9719983],[16.1073771,46.9718148],[16.1077925,46.9713846],[16.1080479,46.9703207],[16.108144,46.97019],[16.1082692,46.9700811],[16.1083494,46.9699567],[16.1084484,46.9698845],[16.108804,46.969626],[16.109027,46.9695663],[16.109287,46.969551],[16.1094278,46.9694034],[16.1094792,46.9693163],[16.1095136,46.9691105],[16.1096085,46.9691068],[16.1096459,46.9688982],[16.1096551,46.968562],[16.1095813,46.9682469],[16.1095406,46.967824],[16.1095458,46.9676261],[16.1096159,46.9673766],[16.109581,46.967096],[16.1093048,46.9665936],[16.1092638,46.9663348],[16.1093054,46.966052],[16.1088169,46.9658407],[16.1080182,46.9653919],[16.107732,46.965324],[16.10685,46.965007],[16.1055865,46.964268],[16.1051962,46.9641474],[16.10517,46.9641335],[16.1050609,46.9640754],[16.1048773,46.9639796],[16.104735,46.963866],[16.1042806,46.9632486],[16.1039726,46.9628583],[16.103816,46.962615],[16.1038014,46.9625236],[16.104047,46.96123],[16.103993,46.9612433],[16.1038463,46.9613365],[16.103681,46.961329],[16.1035685,46.9612707],[16.1034016,46.961233],[16.1032735,46.9612442],[16.103107,46.9612198],[16.1029396,46.9612298],[16.1027661,46.9612401],[16.10244,46.9611495],[16.1022372,46.9610633],[16.1018815,46.9610188],[16.101728,46.96101],[16.10122,46.961203],[16.1010699,46.9611698],[16.1008894,46.9610439],[16.100646,46.960977],[16.1004264,46.9600425],[16.1003505,46.9594018],[16.1002716,46.9590981],[16.10021,46.958861],[16.1000115,46.9583523],[16.0999434,46.9580788],[16.099838,46.9577991],[16.0996019,46.957518],[16.0994702,46.957309],[16.099477,46.957022],[16.0993581,46.9568703],[16.0992229,46.956789],[16.0987291,46.9566323],[16.098221,46.956416],[16.0980122,46.9564081],[16.097306,46.95632],[16.0970737,46.9561695],[16.0968089,46.9560901],[16.09636,46.955997],[16.0961503,46.9553446],[16.096096,46.9551098],[16.0960774,46.9550518],[16.0960285,46.9549396],[16.0958774,46.9546703],[16.0955161,46.9542876],[16.0954024,46.9540361],[16.0951772,46.9536391],[16.0950439,46.9533492],[16.0950394,46.9531082],[16.0950157,46.9529627],[16.0949075,46.9525949],[16.0949042,46.952396],[16.0949592,46.9521102],[16.0948334,46.9519514],[16.0947254,46.9517576],[16.0947603,46.9516583],[16.0947915,46.9515996],[16.0949626,46.9514619],[16.0949975,46.9514133],[16.0950541,46.951416],[16.0951096,46.9513849],[16.095125,46.9513292],[16.095162,46.9513264],[16.0952725,46.9512063],[16.0952316,46.951151],[16.0952678,46.9511161],[16.095231,46.9510644],[16.0952897,46.9510461],[16.0952921,46.9509881],[16.095321,46.9509523],[16.0952896,46.9509231],[16.0952815,46.9508611],[16.0953212,46.9508251],[16.0952661,46.950811],[16.0952455,46.9507762],[16.0952048,46.9507499],[16.0952682,46.9506964],[16.0952573,46.9506373],[16.0953199,46.9506031],[16.0952843,46.9505794],[16.0953019,46.9505416],[16.095397,46.9504983],[16.09542,46.9504353],[16.0955247,46.9504448],[16.0956815,46.9503839],[16.0957175,46.9503445],[16.0956924,46.9503181],[16.0957713,46.9502755],[16.0958414,46.9502619],[16.0958009,46.9502134],[16.095797,46.9501393],[16.0957549,46.9500686],[16.0957258,46.9499398],[16.0957054,46.9499095],[16.0957136,46.9498671],[16.0957368,46.9498412],[16.0956,46.9497632],[16.0955251,46.9497308],[16.095515,46.9496601],[16.0955738,46.9496841],[16.0956187,46.9496715],[16.0956537,46.9497037],[16.0957014,46.9496684],[16.0957793,46.9496579],[16.0957983,46.9496064],[16.0957624,46.9496074],[16.0957093,46.9495794],[16.0957454,46.9495667],[16.0957305,46.9495415],[16.0957311,46.9494996],[16.0957701,46.9494566],[16.0958028,46.9494293],[16.0957643,46.9493932],[16.095705,46.9493722],[16.0956848,46.9493434],[16.0957339,46.9492998],[16.0957638,46.949237],[16.0957785,46.949266],[16.0958146,46.9492304],[16.0958197,46.9491632],[16.09576,46.9491332],[16.0956865,46.949156],[16.0956957,46.9491233],[16.0956342,46.9491024],[16.095614,46.9490756],[16.0956607,46.9490675],[16.0957045,46.9490494],[16.0957256,46.9490141],[16.0956943,46.9489305],[16.0957793,46.9488465],[16.0957471,46.9488196],[16.0956843,46.9488629],[16.0956636,46.9488137],[16.0955881,46.9488219],[16.0956084,46.9487837],[16.0955547,46.9487532],[16.0955633,46.9487309],[16.0956187,46.9487377],[16.0956428,46.9487029],[16.0956214,46.9486599],[16.0955636,46.9486565],[16.0955357,46.9486959],[16.0955102,46.9486925],[16.0955009,46.9486563],[16.0954748,46.9486488],[16.0954202,46.9486441],[16.0954886,46.9485634],[16.0954462,46.9485622],[16.0954026,46.948501],[16.0954615,46.9484755],[16.0954072,46.9482753],[16.0954549,46.9482512],[16.0954425,46.9482297],[16.0953588,46.9482069],[16.095384,46.9481687],[16.0954407,46.9481513],[16.095459,46.9481188],[16.0953676,46.9481042],[16.0953712,46.9480655],[16.0953259,46.948051],[16.0952919,46.9480778],[16.095197,46.94811],[16.095221,46.9480232],[16.0952213,46.9480188],[16.0952249,46.9479665],[16.0952429,46.9479309],[16.0952232,46.9478881],[16.0952448,46.9478256],[16.095299,46.947816],[16.0953417,46.9478501],[16.0953192,46.947899],[16.0954071,46.9478782],[16.0953962,46.9478212],[16.0954583,46.9477742],[16.0954253,46.9477656],[16.0953635,46.947776],[16.0952607,46.9477367],[16.0952792,46.9477179],[16.0953055,46.9477286],[16.0952542,46.9476677],[16.0952515,46.9475886],[16.095329,46.947518],[16.0952043,46.9473569],[16.0952516,46.9473288],[16.0950841,46.9472499],[16.0951328,46.9472306],[16.0951828,46.947245],[16.0952681,46.9471436],[16.0951638,46.9471106],[16.095315,46.947036],[16.0952573,46.9469869],[16.0952538,46.9469483],[16.0952091,46.9469375],[16.0952247,46.9468702],[16.0952294,46.9468415],[16.0952084,46.9468137],[16.095158,46.9467872],[16.0950943,46.946751],[16.0951118,46.9467139],[16.0950712,46.9466907],[16.095082,46.94666],[16.095048,46.9466446],[16.0950387,46.9466385],[16.0950168,46.9466242],[16.0950122,46.9466049],[16.0950632,46.9465899],[16.0950008,46.9465682],[16.0949748,46.9465405],[16.0949924,46.9465157],[16.0949504,46.9464922],[16.0949324,46.9464676],[16.0949807,46.9464546],[16.0949953,46.9464079],[16.0950501,46.946376],[16.0950319,46.9463491],[16.0950573,46.9463207],[16.0949737,46.9462321],[16.0949761,46.9462029],[16.0950089,46.9461743],[16.0949582,46.9461445],[16.0949737,46.9461183],[16.0950113,46.946108],[16.0950448,46.9461114],[16.0950631,46.9460977],[16.095015,46.9460627],[16.0949252,46.9460804],[16.0949154,46.9460514],[16.094959,46.9460408],[16.0949741,46.9460196],[16.0949475,46.9460002],[16.0949461,46.9459819],[16.095005,46.9459509],[16.0949528,46.9459198],[16.0949275,46.9458771],[16.0948949,46.9458752],[16.0948887,46.9458351],[16.0949312,46.945837],[16.094932,46.9457819],[16.0949831,46.9457406],[16.0949595,46.9457112],[16.0949634,46.945644],[16.0949758,46.9456032],[16.0949163,46.9455801],[16.0949299,46.9455347],[16.094965,46.9455301],[16.0949692,46.9455021],[16.0950254,46.9454836],[16.095069,46.9454325],[16.0950598,46.9453908],[16.0950908,46.9453873],[16.0951092,46.945409],[16.0951286,46.9453964],[16.0951418,46.9453674],[16.0951977,46.9453544],[16.0952045,46.9453224],[16.0952295,46.9452954],[16.0952851,46.9452916],[16.0953328,46.9452175],[16.0953659,46.9452314],[16.095402,46.9452275],[16.0953754,46.9451668],[16.0953808,46.9451518],[16.0953651,46.9451227],[16.0954466,46.9450721],[16.0954777,46.9451036],[16.095542,46.945064],[16.0955071,46.9450381],[16.0954921,46.9449946],[16.0954614,46.944991],[16.0955011,46.9449458],[16.0954619,46.9448975],[16.0954914,46.9448772],[16.095426,46.944739],[16.0954914,46.9446988],[16.0954887,46.9446215],[16.0955496,46.9445935],[16.0955649,46.9445493],[16.0956427,46.9445336],[16.0956299,46.9444974],[16.0956538,46.9444782],[16.0956165,46.9444176],[16.0955476,46.9444085],[16.0955457,46.9443622],[16.0955629,46.9443513],[16.0956033,46.9443595],[16.0956307,46.9443274],[16.0956195,46.9443007],[16.0956961,46.9442645],[16.0956742,46.9442398],[16.0956758,46.9442156],[16.0956314,46.9441444],[16.0956991,46.9441234],[16.0957054,46.9440678],[16.0957997,46.9439996],[16.0957815,46.943985],[16.0957481,46.943991],[16.0956957,46.943941],[16.0957104,46.9439192],[16.0957604,46.9439208],[16.0957525,46.9438707],[16.0958003,46.9438376],[16.0957732,46.9438165],[16.0957985,46.9437978],[16.0957317,46.9437433],[16.0957661,46.9437247],[16.0957665,46.9436976],[16.0957934,46.9436859],[16.0958461,46.9437332],[16.09592,46.943767],[16.095981,46.9436841],[16.0959456,46.9436718],[16.0958999,46.9436866],[16.0959135,46.9436646],[16.0959574,46.943641],[16.0960519,46.9436222],[16.0960564,46.9435743],[16.0960138,46.9435282],[16.0960609,46.9435266],[16.0960624,46.9435101],[16.0960165,46.9434602],[16.0960693,46.9434516],[16.09607,46.94343],[16.0959521,46.943347],[16.0958456,46.9433127],[16.0958245,46.943259],[16.0957666,46.9432094],[16.095786,46.9431558],[16.0957772,46.9430783],[16.09568,46.943018],[16.0957326,46.9429399],[16.0958227,46.9428842],[16.0957992,46.9428369],[16.0958815,46.9428244],[16.0958844,46.9427785],[16.0958967,46.9427509],[16.0959458,46.9427408],[16.0959711,46.9426978],[16.0960163,46.9427091],[16.096041,46.942644],[16.0960827,46.9426236],[16.0961066,46.9425944],[16.0960836,46.9425703],[16.096132,46.94257],[16.0961402,46.9425196],[16.0960018,46.9424975],[16.0959216,46.9424584],[16.0958834,46.9424514],[16.0959589,46.9424118],[16.095967,46.9423735],[16.0960128,46.9423479],[16.0961063,46.9423404],[16.0961919,46.9422991],[16.0962216,46.9423191],[16.0962904,46.9423162],[16.0963265,46.9422772],[16.096292,46.9421945],[16.0963404,46.9421357],[16.0962902,46.9420903],[16.0961948,46.9420419],[16.0961414,46.9420352],[16.09608,46.9421178],[16.0959341,46.9419996],[16.095965,46.9419581],[16.0959379,46.9419083],[16.0960001,46.9419108],[16.0960454,46.9418847],[16.0960544,46.9418521],[16.0960386,46.9417543],[16.0959257,46.9416793],[16.0960009,46.9416543],[16.0960181,46.9416166],[16.0960859,46.9415881],[16.0961126,46.9415523],[16.0961034,46.9415132],[16.0960712,46.9414187],[16.096013,46.941384],[16.0959821,46.9413333],[16.0960278,46.9412714],[16.0960128,46.9412532],[16.0959275,46.941244],[16.0958818,46.9411593],[16.0958188,46.9411073],[16.0957822,46.940987],[16.0957675,46.9408825],[16.0957771,46.9407807],[16.0956764,46.9407795],[16.0954724,46.9407602],[16.0953716,46.9406674],[16.0952522,46.9406424],[16.0951762,46.9405955],[16.0950666,46.9405637],[16.0949725,46.9405775],[16.0949115,46.9405412],[16.0948224,46.9405664],[16.0946962,46.9405682],[16.0946059,46.9405925],[16.094217,46.940469],[16.0940765,46.9403075],[16.0939108,46.9401946],[16.0938822,46.940138],[16.0938805,46.9401328],[16.0938498,46.9400359],[16.0938033,46.9399453],[16.093779,46.939898],[16.0938067,46.939794],[16.0937967,46.9397318],[16.0937975,46.939727],[16.0938146,46.9396197],[16.0938196,46.9395008],[16.0938789,46.9393344],[16.0938826,46.9392922],[16.093938,46.9392464],[16.0940529,46.9391626],[16.0941439,46.9390286],[16.0942551,46.9388238],[16.0943575,46.9385319],[16.094529,46.938205],[16.0947372,46.9375199],[16.0948544,46.9372535],[16.0950184,46.9368808],[16.0950376,46.9367296],[16.0951065,46.9365803],[16.0952546,46.9362929],[16.0952491,46.9361288],[16.0952193,46.9352411],[16.0951375,46.9350002],[16.0951118,46.9348661],[16.0950722,46.9347145],[16.0951375,46.9347121],[16.095176,46.93447],[16.0950545,46.9344194],[16.0948827,46.9342961],[16.0946221,46.9344997],[16.0944177,46.934632],[16.094093,46.934795],[16.0937597,46.9349147],[16.0934925,46.9349892],[16.093141,46.935047],[16.0928988,46.9350839],[16.0920355,46.9351252],[16.091438,46.935116],[16.0884686,46.9348872],[16.085127,46.934609],[16.0845296,46.9346138],[16.0841681,46.93466],[16.0829982,46.9348303],[16.0826157,46.9348544],[16.082324,46.934865],[16.0821257,46.9348474],[16.0812646,46.9347035],[16.0806108,46.9345579],[16.0791198,46.9342013],[16.078295,46.934051],[16.0776457,46.9340151],[16.077381,46.934015],[16.0770628,46.9340354],[16.0765116,46.9341582],[16.0761677,46.9342728],[16.075762,46.934425],[16.073049,46.935724],[16.0727761,46.9355588],[16.071373,46.935264],[16.0712082,46.935408],[16.070875,46.93551],[16.070221,46.935523],[16.070171,46.935139],[16.0698469,46.9346977],[16.069751,46.934567],[16.0692864,46.93446],[16.0688368,46.9345213],[16.068776,46.9341221],[16.068254,46.933609],[16.0683208,46.9329532],[16.0683372,46.9327913],[16.0683379,46.9327849],[16.0684774,46.9324442],[16.0684023,46.9317638],[16.0684407,46.9316275],[16.068521,46.9315254],[16.0685292,46.9313545],[16.067999,46.9310751],[16.0679469,46.9308689],[16.0679443,46.9307669],[16.067941,46.9306377],[16.067897,46.930581],[16.0676876,46.9304862],[16.0673418,46.9302467],[16.0671662,46.9302333],[16.0670848,46.9301448],[16.066867,46.9297692],[16.0664541,46.9289949],[16.066409,46.9289417],[16.0664552,46.9288044],[16.0663248,46.9287078],[16.0661554,46.9285166],[16.0661534,46.9284308],[16.0660864,46.9283272],[16.0660296,46.9282755],[16.066022,46.9281504],[16.0659368,46.9280864],[16.0658099,46.9281308],[16.0657654,46.9281132],[16.0658054,46.9280487],[16.0657621,46.9279709],[16.0658205,46.9279463],[16.0657484,46.9278846],[16.0656537,46.9278628],[16.0655628,46.9277513],[16.0654959,46.92765],[16.0655246,46.9276282],[16.0655472,46.9276078],[16.0655475,46.9275583],[16.0655891,46.9275348],[16.0655749,46.9275118],[16.0654733,46.9275002],[16.065358,46.9275062],[16.0653569,46.9274661],[16.0654399,46.9274389],[16.0654356,46.9273963],[16.0653414,46.9273696],[16.0653132,46.9273748],[16.0652818,46.9273521],[16.0653305,46.9273047],[16.0652336,46.9273173],[16.065124,46.9272219],[16.0651422,46.927182],[16.065016,46.927128],[16.0649433,46.9270034],[16.064963,46.9269492],[16.0648964,46.92691],[16.0647707,46.9267539],[16.0648151,46.9267175],[16.0646739,46.9266853],[16.064598,46.9265762],[16.0646825,46.9265143],[16.0645245,46.9264069],[16.064457,46.926433],[16.0643451,46.9263388],[16.0644007,46.9262903],[16.0642878,46.9261957],[16.0642126,46.9262231],[16.0641658,46.9261551],[16.0639845,46.9260642],[16.063904,46.9259829],[16.0638959,46.9259275],[16.0638216,46.9259276],[16.0637906,46.9258917],[16.0637642,46.9258902],[16.0637713,46.9258406],[16.0635409,46.9257795],[16.0635305,46.925759],[16.0635314,46.9257078],[16.0635775,46.9256626],[16.0635699,46.9255946],[16.0634078,46.9255351],[16.0633084,46.9254153],[16.0633104,46.9253285],[16.0632391,46.9253053],[16.063207,46.9252543],[16.0631953,46.9251917],[16.0631752,46.9251342],[16.0631715,46.9250402],[16.063047,46.9250087],[16.063017,46.9248964],[16.062931,46.924806],[16.062977,46.924761],[16.0629782,46.9246977],[16.0629915,46.9246421],[16.0629964,46.9243198],[16.0630357,46.9242424],[16.0630501,46.9242141],[16.0628205,46.9237875],[16.062787,46.9235465],[16.0627139,46.9234702],[16.0625745,46.9234116],[16.0625167,46.9232636],[16.0625122,46.9230329],[16.0624681,46.9229626],[16.0624109,46.922883],[16.0623716,46.9227044],[16.0623347,46.9226419],[16.062309,46.9225257],[16.062245,46.9223354],[16.0622234,46.922212],[16.0621781,46.9221451],[16.0621546,46.9219565],[16.0620878,46.9218628],[16.0620289,46.9216313],[16.0619909,46.9210043],[16.0618878,46.9207594],[16.0617026,46.9204954],[16.061355,46.91969],[16.0613198,46.9189476],[16.0614288,46.9184287],[16.0614651,46.9180798],[16.0615254,46.9178571],[16.0617563,46.9173544],[16.0618442,46.9167329],[16.0620508,46.9163092],[16.062075,46.9162234],[16.0622661,46.9156681],[16.062273,46.915505],[16.0622703,46.9152828],[16.0621788,46.9149611],[16.061873,46.914238],[16.0618632,46.913941],[16.0618638,46.9139248],[16.061899,46.913725],[16.061849,46.9137255],[16.0617621,46.9137112],[16.0615876,46.9134148],[16.061533,46.913322],[16.0612007,46.9130179],[16.0610232,46.9128555],[16.0610018,46.9128359],[16.0600652,46.9121726],[16.0596165,46.9119187],[16.0595038,46.9118521],[16.0590353,46.9115752],[16.0589477,46.9115235],[16.058787,46.911396],[16.058706,46.9113773],[16.0584836,46.9113408],[16.058268,46.9112954],[16.0575172,46.9110445],[16.0566934,46.9108463],[16.0565087,46.9108033],[16.0560512,46.9107213],[16.056033,46.910718],[16.0551564,46.9106943],[16.054708,46.910667],[16.0540474,46.9103739],[16.0539897,46.9103405],[16.0536483,46.9101427],[16.0530948,46.9096908],[16.0527565,46.9095219],[16.0516396,46.9087718],[16.0515472,46.9087261],[16.051397,46.908685],[16.051083,46.9086523],[16.050869,46.9086656],[16.0504928,46.9087127],[16.0501809,46.9087518],[16.0500972,46.9087623],[16.0499042,46.9087973],[16.049624,46.908885],[16.0494116,46.9089869],[16.0491186,46.9092331],[16.0488147,46.9096341],[16.0486542,46.9097685],[16.0485919,46.9098115],[16.048382,46.9099562],[16.048217,46.91007],[16.0478979,46.910245],[16.047619,46.91034],[16.0474064,46.9103629],[16.0471255,46.9103116],[16.047084,46.910304],[16.046237,46.909805],[16.0460953,46.9096212],[16.0458206,46.9087468],[16.0458121,46.9087197],[16.045572,46.9082643],[16.0455388,46.9082013],[16.0451881,46.9078922],[16.045092,46.9078275],[16.0449404,46.9077254],[16.044573,46.907328],[16.0435374,46.90662],[16.0434975,46.9065986],[16.0430954,46.906383],[16.0430453,46.9063752],[16.04251,46.9062921],[16.0418498,46.9060888],[16.041692,46.906016],[16.0410683,46.9059424],[16.0407943,46.9058397],[16.0406546,46.9058124],[16.0406735,46.9057818],[16.039819,46.905266],[16.0392084,46.9050318],[16.0388495,46.9049576],[16.0387092,46.9049083],[16.0383347,46.9047766],[16.0382807,46.9047576],[16.0380364,46.9046648],[16.0378946,46.904588],[16.037728,46.9043594],[16.0376284,46.9040598],[16.03727,46.903642],[16.0371763,46.9035294],[16.036515,46.903002],[16.0361687,46.9022154],[16.0361883,46.9020107],[16.036147,46.9019992],[16.0361654,46.9019091],[16.0363515,46.901656],[16.036634,46.900802],[16.0367372,46.9002056],[16.0366678,46.8995721],[16.0366734,46.8994146],[16.036802,46.898939],[16.0368101,46.8988212],[16.0362795,46.8981219],[16.0362065,46.8979801],[16.036142,46.897855],[16.0361959,46.8977366],[16.0362256,46.8973724],[16.0362333,46.8973115],[16.0362521,46.8971614],[16.0362671,46.8970425],[16.0362789,46.8969488],[16.0363011,46.8962102],[16.0362283,46.8956598],[16.0363536,46.8947517],[16.0363651,46.8945814],[16.0362823,46.8943113],[16.0361414,46.8940394],[16.035858,46.893091],[16.0357562,46.8929105],[16.035689,46.89283],[16.0355671,46.8927769],[16.0355614,46.8928756],[16.035389,46.892864],[16.034335,46.89281],[16.0334178,46.892894],[16.0333974,46.8928533],[16.0326398,46.8929804],[16.032182,46.892987],[16.0316232,46.8928668],[16.0314345,46.8928289],[16.031204,46.892746],[16.0309169,46.8925924],[16.0302267,46.8920914],[16.029966,46.891939],[16.0298358,46.8918928],[16.0291094,46.8916448],[16.028372,46.891309],[16.0278198,46.8908948],[16.0273695,46.8906931],[16.02684,46.890479],[16.0259072,46.8899267],[16.0253401,46.8895095],[16.0250295,46.8893416],[16.0245728,46.8890285],[16.024232,46.8888922],[16.023933,46.888732],[16.0237629,46.88857],[16.0235382,46.8882506],[16.0234202,46.8880223],[16.0234304,46.887953],[16.023385,46.8878409],[16.0226523,46.8871766],[16.022051,46.886768],[16.0210677,46.886561],[16.020594,46.886513],[16.0203107,46.8863265],[16.0201466,46.8860292],[16.0197756,46.8857194],[16.019549,46.885599],[16.0188151,46.8853346],[16.0184602,46.8851545],[16.0183419,46.8851072],[16.0178283,46.8849381],[16.016993,46.884673],[16.0162982,46.8845027],[16.01588,46.884456],[16.0144756,46.8845183],[16.0142844,46.8845581],[16.0138717,46.8845655],[16.013812,46.884538],[16.0129864,46.8837019],[16.012795,46.883484],[16.0126069,46.8829945],[16.0125543,46.8825816],[16.0125596,46.8824381],[16.012575,46.882026],[16.012465,46.8817933],[16.0121195,46.8813559],[16.0120914,46.8813179],[16.0119227,46.8810892],[16.0118831,46.8810259],[16.0116456,46.8806459],[16.011596,46.8805666],[16.0113429,46.8803359],[16.01105,46.879934],[16.0107286,46.8793755],[16.0106671,46.8790534],[16.0104799,46.8785903],[16.0104042,46.8784422],[16.01024,46.878121],[16.0096552,46.8772834],[16.00961,46.877215],[16.0095849,46.8770607],[16.0095868,46.8770468],[16.0096194,46.8768105],[16.0096243,46.8767748],[16.0097852,46.8756086],[16.009742,46.875327],[16.0094403,46.8748112],[16.0093255,46.8746149],[16.009147,46.8743621],[16.0090217,46.8741848],[16.008888,46.873904],[16.0088496,46.8728904],[16.008845,46.872768],[16.00855,46.872015],[16.0084586,46.8715423],[16.0084232,46.8713595],[16.008452,46.870817],[16.0086327,46.8705826],[16.009119,46.869838],[16.0088822,46.8697273],[16.008873,46.869624],[16.009017,46.869109],[16.0092418,46.8687671],[16.0093162,46.8686933],[16.0094411,46.8685131],[16.009464,46.8683507],[16.0094347,46.8682952],[16.0094807,46.8682335],[16.0096041,46.8680967],[16.0096388,46.8680583],[16.0095551,46.8678292],[16.009611,46.867343],[16.0095814,46.8670286],[16.0095712,46.8666719],[16.0095022,46.866461],[16.0094186,46.8661258],[16.0094312,46.8659557],[16.0094907,46.8655174],[16.009561,46.8650255],[16.009548,46.864722],[16.0095481,46.8646239],[16.009484,46.8643989],[16.0093507,46.8638353],[16.0093166,46.8634689],[16.0093357,46.8633431],[16.0092697,46.8626978],[16.0091951,46.8623199],[16.0091998,46.8621727],[16.0091576,46.8619519],[16.0091021,46.8618378],[16.0091171,46.8617344],[16.0090624,46.8611122],[16.0089655,46.8607636],[16.0088035,46.8604945],[16.0086485,46.8598796],[16.0086716,46.8597857],[16.0086119,46.8593294],[16.0085746,46.8592752],[16.0085855,46.8592482],[16.0085664,46.8591293],[16.008538,46.8588022],[16.0085392,46.8586148],[16.008507,46.8585],[16.008373,46.8579719],[16.008299,46.857836],[16.0080965,46.8576108],[16.007698,46.857326],[16.0076958,46.8572818],[16.007826,46.857177],[16.0077355,46.8571556],[16.0076962,46.8570551],[16.0075863,46.8570329],[16.0075458,46.8569591],[16.0074336,46.8569024],[16.0073998,46.8568414],[16.0074328,46.8567974],[16.0072903,46.8567783],[16.0073047,46.8567187],[16.0074136,46.8566798],[16.0073388,46.8566561],[16.0071762,46.8566482],[16.0070488,46.8566014],[16.0071343,46.8565964],[16.0071436,46.856573],[16.0069836,46.8565085],[16.007002,46.85647],[16.0069201,46.8564178],[16.0069431,46.8564017],[16.0066722,46.8562159],[16.0066055,46.8561086],[16.0065777,46.8560078],[16.0065081,46.8558612],[16.006518,46.8556578],[16.0065009,46.8556013],[16.0064764,46.8556093],[16.0063936,46.8555858],[16.006364,46.855457],[16.006234,46.8553984],[16.0061688,46.8553569],[16.006224,46.8553334],[16.0061374,46.8553155],[16.0062011,46.8552867],[16.0060725,46.8551954],[16.006034,46.85512],[16.0058968,46.8550609],[16.005546,46.855085],[16.0054986,46.8549539],[16.0053521,46.8548966],[16.005313,46.85477],[16.0053392,46.8546657],[16.0053833,46.8545827],[16.0053865,46.8545024],[16.0052901,46.8544885],[16.0051686,46.8543762],[16.0050853,46.8543296],[16.0050524,46.8542781],[16.0050232,46.8542535],[16.0048475,46.8542113],[16.0047899,46.8541377],[16.0047519,46.8541236],[16.0046645,46.853975],[16.0046694,46.8538461],[16.0046201,46.853588],[16.004436,46.8533],[16.0044333,46.8528925],[16.0043769,46.8527026],[16.0045147,46.8526653],[16.0044523,46.8525975],[16.0043642,46.8524814],[16.0042808,46.852493],[16.0040305,46.852391],[16.0039917,46.85231],[16.0036763,46.8520091],[16.0034598,46.8518763],[16.0032391,46.8516602],[16.0031747,46.8515373],[16.0031641,46.8514799],[16.0031536,46.851423],[16.0031264,46.8513319],[16.0030835,46.8512273],[16.0030279,46.8511864],[16.0030125,46.8511364],[16.0028882,46.8510567],[16.0028908,46.8509994],[16.0028686,46.8509369],[16.0028989,46.8508194],[16.0028042,46.8507923],[16.0027505,46.850752],[16.0027621,46.8507268],[16.002647,46.850705],[16.0027264,46.850624],[16.002746,46.850522],[16.0026028,46.8504331],[16.0025575,46.8503828],[16.0026001,46.8503316],[16.00254,46.850139],[16.0023674,46.8500165],[16.0022257,46.8498649],[16.002164,46.8499052],[16.0018313,46.8497356],[16.0018064,46.8496947],[16.0017673,46.849671],[16.0018716,46.8496124],[16.0018437,46.8495662],[16.0017456,46.8496012],[16.0016152,46.8495563],[16.0016607,46.8495122],[16.0015756,46.8495249],[16.0016164,46.8494744],[16.001505,46.8494938],[16.0015229,46.8494384],[16.0014869,46.8494016],[16.0014853,46.8493589],[16.0014387,46.8493568],[16.0014238,46.849311],[16.0013756,46.8493191],[16.0012703,46.8492535],[16.0012418,46.8492903],[16.001198,46.8491469],[16.0012094,46.8490767],[16.0012404,46.8490598],[16.0011821,46.8490254],[16.0011657,46.8489502],[16.0011871,46.8489272],[16.0012355,46.848875],[16.0012121,46.8487723],[16.0011713,46.8485927],[16.0012006,46.8484518],[16.0012482,46.8482226],[16.001251,46.848209],[16.0012711,46.8481904],[16.0014174,46.8480552],[16.0014448,46.8479552],[16.001609,46.847707],[16.0017976,46.8476091],[16.0018728,46.8475269],[16.001882,46.8475206],[16.0022364,46.8472787],[16.002468,46.847221],[16.002672,46.846894],[16.002768,46.8468289],[16.0031417,46.84677],[16.0032117,46.8466805],[16.0034415,46.8466564],[16.003507,46.8465946],[16.0033509,46.8464706],[16.003313,46.8464014],[16.003321,46.846323],[16.0037122,46.8464673],[16.003836,46.846427],[16.004049,46.8462864],[16.0044846,46.8458795],[16.0045077,46.845832],[16.004479,46.845752],[16.0049866,46.8456559],[16.0050213,46.8456493],[16.005245,46.845548],[16.0052578,46.8455036],[16.0052845,46.845411],[16.0053305,46.8453529],[16.00537,46.845303],[16.005693,46.8454068],[16.0058873,46.8453253],[16.006067,46.84525],[16.0057176,46.8449155],[16.0054346,46.844609],[16.0052585,46.8444183],[16.0044932,46.8437942],[16.004476,46.8437733],[16.004231,46.843475],[16.0040496,46.8431577],[16.0040246,46.8430364],[16.0039182,46.8425211],[16.0037658,46.8422004],[16.003478,46.841775],[16.0030453,46.8412727],[16.0030191,46.8412422],[16.0029247,46.841186],[16.0025701,46.8409749],[16.002389,46.8407466],[16.0019531,46.8403497],[16.001848,46.840254],[16.001826,46.8400612],[16.0019359,46.8397662],[16.0020124,46.839677],[16.0020838,46.8395739],[16.0020065,46.8394383],[16.0020364,46.8392227],[16.002045,46.839161],[16.0018579,46.8388236],[16.0018137,46.8386299],[16.001619,46.838364],[16.0008339,46.838263],[16.000787,46.838257],[16.00031,46.8380864],[16.0002309,46.8380109],[16.0000802,46.8380562],[15.999871,46.838074],[15.9998529,46.8380608],[15.9996101,46.8378833],[15.9994281,46.8377504],[15.9997387,46.8375517],[15.9997778,46.8374989],[15.999845,46.8373335],[15.9999394,46.8373007],[16.000045,46.837302],[16.0002623,46.8369859],[16.0002949,46.8367711],[16.0005013,46.8367033],[16.0007294,46.8365994],[16.000751,46.836555],[16.0004026,46.8364849],[16.0002471,46.8363969],[16.0000952,46.8363721],[16.000017,46.836341],[15.999919,46.836319],[15.9996368,46.8363221],[15.9995754,46.8362941],[15.9992884,46.8363006],[15.9990654,46.8362204],[15.9989007,46.8362367],[15.9986876,46.8361988],[15.9986553,46.8361748],[15.9985703,46.8361627],[15.9984512,46.8361695],[15.9983631,46.8361447],[15.9982872,46.8361334],[15.9982373,46.8360827],[15.9982284,46.8360381],[15.9982074,46.8360224],[15.99817,46.8359821],[15.9981355,46.8359784],[15.9980703,46.8359241],[15.9979774,46.8358758],[15.9976423,46.8356235],[15.9974831,46.8354023],[15.9971758,46.8352073],[15.9967081,46.8353175],[15.9962508,46.8353987]]]}}