{"type":"Feature","properties":{"name":"Kärnten"},"geometry":{"type":"Polygon","coordinates":[[[12.6568293,47.0998399],[12.6568369,47.0995206],[12.659661,47.0976889],[12.6613738,47.0961949],[12.6620531,47.0953831],[12.6641562,47.0943287],[12.664973,47.0934417],[12.6685681,47.0914378],[12.6708929,47.0909285],[12.6743661,47.0909509],[12.6759617,47.0899413],[12.6773088,47.0887509],[12.6773503,47.0881572],[12.6778189,47.0877648],[12.678739,47.0872787],[12.6798618,47.0870418],[12.6795066,47.0868318],[12.679303,47.0864652],[12.6792335,47.0858075],[12.680861,47.084048],[12.6816362,47.0834921],[12.6826379,47.0831164],[12.683725,47.0831891],[12.6856996,47.0818975],[12.6859748,47.0816291],[12.6860503,47.0808827],[12.6858983,47.0802746],[12.6860255,47.079902],[12.6875896,47.0783602],[12.6893035,47.07718],[12.6921408,47.0760787],[12.6921424,47.0756077],[12.6925087,47.0752226],[12.6944896,47.0741346],[12.6949712,47.0739422],[12.6956946,47.0739192],[12.6960127,47.0737248],[12.6974219,47.0738636],[12.6995944,47.0730604],[12.6999303,47.072625],[12.7000285,47.07171],[12.7007227,47.0709366],[12.7012909,47.0705836],[12.7101385,47.0497384],[12.7105218,47.048436],[12.711117,47.0481719],[12.7114781,47.0473887],[12.7118963,47.0471368],[12.7122135,47.0466711],[12.7127865,47.0464463],[12.7134954,47.045537],[12.7145849,47.0447087],[12.7163653,47.0441623],[12.7164113,47.0438985],[12.7167985,47.0437938],[12.7170631,47.0434904],[12.7225315,47.0432774],[12.7280339,47.0424752],[12.7307983,47.0423847],[12.7336,47.0416611],[12.7348394,47.0416795],[12.7386392,47.0422572],[12.7414333,47.0419963],[12.7424265,47.0417531],[12.7432287,47.0419824],[12.7438921,47.0418999],[12.7449049,47.0424003],[12.7461224,47.042366],[12.7473866,47.0429603],[12.748165,47.0427298],[12.7491053,47.0430695],[12.7500384,47.0429498],[12.751335,47.0431691],[12.753434,47.044015],[12.7537491,47.0443083],[12.7539419,47.0448055],[12.7546397,47.0454896],[12.757823,47.0458263],[12.7606936,47.0445374],[12.7659316,47.0444309],[12.7722815,47.0401529],[12.7686734,47.0392975],[12.7664667,47.0371712],[12.7608049,47.0351644],[12.7596626,47.0349115],[12.7561326,47.0335174],[12.7544035,47.026724],[12.7541414,47.026328],[12.7548889,47.0248646],[12.7478289,47.0210565],[12.7465156,47.0199809],[12.7456189,47.0187548],[12.7445507,47.0182853],[12.7422789,47.014542],[12.7403695,47.0144038],[12.7387146,47.0140592],[12.7357774,47.0130009],[12.7361811,47.0104507],[12.7358628,47.0076275],[12.7375751,47.0057802],[12.7374578,47.0038501],[12.736239,47.0026776],[12.7335609,47.0010951],[12.7317791,46.9988721],[12.7293844,46.9974973],[12.7246429,46.9957888],[12.7259091,46.9923704],[12.7273974,46.991705],[12.7294371,46.9888686],[12.7320914,46.9865921],[12.7338206,46.9848715],[12.7363405,46.9828716],[12.7389751,46.9787884],[12.7417991,46.9729285],[12.7410903,46.9689912],[12.7421665,46.968591],[12.743975,46.9674622],[12.7445794,46.960525],[12.7505508,46.9566631],[12.7595772,46.9566137],[12.7607151,46.953413],[12.7624827,46.9510622],[12.7666335,46.9477869],[12.7688368,46.9465511],[12.7696499,46.9447865],[12.7726492,46.9442092],[12.7776086,46.9421847],[12.7801784,46.9400772],[12.7864143,46.9395651],[12.7841731,46.9369335],[12.7829487,46.931895],[12.7893171,46.9288356],[12.7988286,46.9235678],[12.8024121,46.922546],[12.808466,46.9226045],[12.811956,46.9228832],[12.8172704,46.9205019],[12.82002,46.9207794],[12.8218329,46.9168211],[12.8225126,46.9170282],[12.8252527,46.9169952],[12.8309584,46.9151761],[12.8370622,46.9124933],[12.8370038,46.9119021],[12.8377626,46.9114913],[12.8384308,46.9099714],[12.8361033,46.9080185],[12.8323939,46.9031991],[12.8320706,46.9026828],[12.8317617,46.9008321],[12.8319906,46.8997964],[12.8355881,46.8968217],[12.8361911,46.8961919],[12.8366587,46.8953395],[12.8379059,46.8946339],[12.8398756,46.8928877],[12.8419196,46.8929817],[12.8412609,46.8898617],[12.8415005,46.8874153],[12.8413484,46.8870498],[12.8419997,46.8846644],[12.8418988,46.8840965],[12.8421014,46.8831346],[12.8420073,46.8824916],[12.8421364,46.8808871],[12.8419504,46.8798516],[12.8421939,46.878832],[12.8427206,46.8778626],[12.8430046,46.8766585],[12.843448,46.8757449],[12.8433418,46.8748139],[12.843634,46.8733599],[12.8427671,46.8700251],[12.8428778,46.869277],[12.8427345,46.8667117],[12.8422239,46.8645345],[12.8416668,46.8631396],[12.8412105,46.8627659],[12.8411187,46.8624407],[12.8412504,46.8621718],[12.8411643,46.8609827],[12.8438295,46.859676],[12.8497155,46.858799],[12.8523188,46.8570838],[12.8604312,46.8534525],[12.8612366,46.8532168],[12.8680407,46.8498814],[12.8712795,46.8488283],[12.8714685,46.8485348],[12.8717802,46.8485048],[12.8723813,46.8479296],[12.873424,46.8460832],[12.8766159,46.844475],[12.879905,46.8441836],[12.8815387,46.8435377],[12.886482,46.8425068],[12.8869263,46.8412126],[12.8878215,46.8398468],[12.8874122,46.8389225],[12.8877299,46.8384133],[12.8880332,46.8384265],[12.8893269,46.8373251],[12.8921336,46.8341742],[12.8939353,46.8327829],[12.8938551,46.8321595],[12.8920177,46.8297239],[12.8923501,46.8289706],[12.8956044,46.8258101],[12.8978787,46.8245005],[12.9054713,46.8226332],[12.9071211,46.8226764],[12.9077961,46.8223121],[12.9140838,46.8213531],[12.9172681,46.8195292],[12.9188399,46.8188684],[12.9244364,46.8143025],[12.926317,46.8140724],[12.9302018,46.8123613],[12.9317188,46.8121359],[12.9341158,46.8111913],[12.9362998,46.8093312],[12.9388733,46.80833],[12.9432936,46.8056175],[12.9437913,46.8055744],[12.9445677,46.8049162],[12.9462561,46.8046243],[12.9511308,46.8023962],[12.9529573,46.8010533],[12.956405,46.7998812],[12.9587579,46.7997879],[12.9624416,46.7992475],[12.9634931,46.7986522],[12.964769,46.7966217],[12.9651023,46.7934372],[12.9646861,46.7914701],[12.9650949,46.7910868],[12.9660031,46.789557],[12.9657882,46.7876995],[12.9638846,46.7856633],[12.9640619,46.7855202],[12.9639342,46.7853338],[12.9629606,46.7853026],[12.960643,46.7840408],[12.9606088,46.7838716],[12.9595762,46.7832673],[12.9581718,46.7831387],[12.9580993,46.7827288],[12.9573283,46.78239],[12.9561845,46.7825676],[12.9556872,46.7820483],[12.9553414,46.7819708],[12.9549755,46.7819562],[12.9539716,46.7824518],[12.953295,46.7821838],[12.9517597,46.7805345],[12.9511929,46.7803444],[12.9503308,46.7791011],[12.9467252,46.7764917],[12.9460241,46.7748436],[12.9463489,46.7744602],[12.9467329,46.7734316],[12.9466535,46.7726942],[12.9455799,46.7722997],[12.9446706,46.7714932],[12.9457931,46.7708477],[12.9447886,46.7695035],[12.944228,46.7697587],[12.9438871,46.7692541],[12.9432862,46.7690231],[12.9425137,46.7689845],[12.9407055,46.7684772],[12.9314328,46.7640461],[12.9285678,46.7648005],[12.926902,46.7649866],[12.9229525,46.7649532],[12.9212903,46.7652175],[12.9163467,46.7670673],[12.9138491,46.7688905],[12.9117622,46.7714118],[12.9104554,46.7722808],[12.8993908,46.7768509],[12.8985558,46.775835],[12.8853116,46.7683],[12.8827996,46.7666181],[12.8813602,46.764972],[12.8805004,46.7644187],[12.8798433,46.764287],[12.8798709,46.7640923],[12.8787449,46.7634546],[12.876999,46.762693],[12.8726862,46.7620495],[12.8667996,46.7606216],[12.8599502,46.7606258],[12.8568487,46.7601732],[12.8412353,46.7493396],[12.834705,46.7490147],[12.8331726,46.7482832],[12.8292603,46.749323],[12.8285495,46.7504943],[12.8262772,46.7518527],[12.8223478,46.7499909],[12.8167759,46.7501424],[12.8137557,46.7489586],[12.8126277,46.7553202],[12.8099206,46.7562871],[12.8075551,46.7561575],[12.8058196,46.7566662],[12.8016311,46.7566815],[12.8005228,46.7563884],[12.7987942,46.7549536],[12.7961224,46.7554819],[12.7941459,46.754563],[12.79103,46.7564517],[12.7887255,46.7536194],[12.7871276,46.7521907],[12.777029,46.7520989],[12.7664827,46.7495303],[12.7607074,46.7503119],[12.7580633,46.7501811],[12.7571455,46.7502855],[12.7527288,46.7472898],[12.7482068,46.7474538],[12.7401902,46.742363],[12.7384268,46.7410277],[12.7349564,46.7413091],[12.7309071,46.7434924],[12.7249674,46.7434517],[12.7233643,46.7428784],[12.7231785,46.7426036],[12.7233391,46.7423421],[12.7198121,46.7413766],[12.7183307,46.7406112],[12.7167863,46.7391235],[12.7161356,46.7387735],[12.7154919,46.7379858],[12.714164,46.7372379],[12.7128359,46.7367608],[12.7117322,46.7356583],[12.7125774,46.734602],[12.712653,46.7336501],[12.7133594,46.7329706],[12.7143656,46.7310352],[12.7137756,46.7289253],[12.7131247,46.7282706],[12.7132639,46.72783],[12.7127696,46.727137],[12.7128303,46.7268577],[12.7123587,46.7260308],[12.7121419,46.7247069],[12.7116353,46.7242216],[12.7118603,46.7233869],[12.7113475,46.7223439],[12.7114109,46.7219793],[12.7108041,46.7215107],[12.710726,46.720781],[12.7100894,46.7199223],[12.7100306,46.718574],[12.7102686,46.7169834],[12.7095887,46.7156069],[12.7091231,46.7150518],[12.7095649,46.7144771],[12.7093271,46.7140869],[12.7094525,46.713576],[12.7097491,46.7133125],[12.712957,46.7122582],[12.7140862,46.7114064],[12.7142481,46.7107086],[12.7146699,46.7100837],[12.7158739,46.7092226],[12.7162069,46.7087882],[12.7172351,46.7083687],[12.7184982,46.7071941],[12.7209834,46.7038557],[12.7213299,46.7035924],[12.7215275,46.7029518],[12.7203769,46.7026387],[12.7191289,46.7025254],[12.7186778,46.7026147],[12.7178125,46.703141],[12.7163299,46.7032346],[12.7147165,46.7040175],[12.7143202,46.7040152],[12.7136486,46.703617],[12.7127487,46.7037358],[12.712379,46.7038813],[12.7119147,46.7044872],[12.7110886,46.7050357],[12.7098554,46.7045353],[12.708374,46.7051887],[12.7065943,46.7051591],[12.705387,46.7053416],[12.7041211,46.70459],[12.7028352,46.7041518],[12.7015884,46.7044546],[12.7009318,46.7044435],[12.6986263,46.7038775],[12.6977123,46.7043141],[12.6963268,46.7043557],[12.6938841,46.7028557],[12.690889,46.7034232],[12.6900803,46.7032474],[12.6894565,46.7026751],[12.6894296,46.7022875],[12.6902265,46.7022557],[12.6910398,46.7018686],[12.6917821,46.7018938],[12.6924995,46.7016536],[12.6926774,46.7012695],[12.692507,46.7002434],[12.693035,46.6986724],[12.6932888,46.6983463],[12.6935457,46.6970522],[12.6936464,46.696015],[12.6934067,46.6954857],[12.6935695,46.693122],[12.6929738,46.6926456],[12.6927942,46.6914202],[12.6925758,46.691202],[12.6923559,46.6890634],[12.6921436,46.6887906],[12.6888121,46.68679],[12.6888169,46.6870319],[12.6885998,46.6870846],[12.6875572,46.6869314],[12.6866978,46.6862125],[12.6860129,46.6848498],[12.6857422,46.6835641],[12.6869482,46.6822239],[12.6877508,46.6805465],[12.6871252,46.6809229],[12.6860797,46.680703],[12.685232,46.6800553],[12.6837366,46.6800316],[12.690099,46.6748627],[12.6890402,46.6730439],[12.687824,46.6730088],[12.689256,46.6717026],[12.6914977,46.6646658],[12.6906419,46.656976],[12.691178,46.6560214],[12.6919083,46.6553566],[12.6926722,46.6549308],[12.6938576,46.6545898],[12.6941698,46.6540696],[12.6948719,46.6535095],[12.6979645,46.6524196],[12.6992133,46.6515788],[12.7015338,46.6508763],[12.7034055,46.6508564],[12.7053868,46.6505464],[12.7066257,46.6500887],[12.7076724,46.6498966],[12.7103553,46.6501522],[12.7110188,46.6499732],[12.7112297,46.6496012],[12.7119966,46.6491654],[12.7132148,46.6489227],[12.7153007,46.6488825],[12.7159269,46.649209],[12.716702,46.648729],[12.716704,46.6483405],[12.7164416,46.6479953],[12.7167399,46.6468656],[12.717397,46.646743],[12.7180521,46.6462018],[12.7183011,46.6463331],[12.7193358,46.646009],[12.7192111,46.6455212],[12.7188864,46.6454774],[12.7187865,46.6452946],[12.7191737,46.6448519],[12.7193773,46.6439577],[12.7199957,46.6436544],[12.7209871,46.6428282],[12.7216105,46.6416824],[12.7232981,46.6411167],[12.724338,46.6410532],[12.7256499,46.6404397],[12.726804,46.640422],[12.7268126,46.6402055],[12.7272441,46.6397942],[12.7276887,46.6395969],[12.7276267,46.6392036],[12.7279122,46.6388238],[12.7279294,46.638208],[12.7284614,46.6380917],[12.7285541,46.6379417],[12.728553,46.6371258],[12.7280881,46.6368315],[12.7287016,46.6358994],[12.7301311,46.6347258],[12.7313958,46.6342959],[12.7330375,46.6348233],[12.7343182,46.6356215],[12.7349972,46.6357108],[12.7350119,46.6351601],[12.7354122,46.6349819],[12.7365752,46.6350611],[12.7377594,46.6348799],[12.7396186,46.6359827],[12.7402206,46.6365132],[12.7434167,46.637352],[12.7437624,46.6372986],[12.7451047,46.6378097],[12.745619,46.6383137],[12.7451674,46.6385582],[12.7455473,46.6397814],[12.7454128,46.640241],[12.7462479,46.6408395],[12.7465225,46.6415712],[12.7463446,46.6417152],[12.7463806,46.6418971],[12.7465645,46.6421514],[12.7486258,46.6438043],[12.7489608,46.6438153],[12.7500912,46.6444133],[12.7506134,46.6451223],[12.7510281,46.6453853],[12.7513341,46.6452403],[12.7525426,46.6455344],[12.753644,46.6455979],[12.7553072,46.6464221],[12.7564233,46.6471932],[12.7573916,46.6472843],[12.7585285,46.6471593],[12.7590629,46.6474715],[12.7595538,46.6473106],[12.7625959,46.6479539],[12.7632657,46.6474959],[12.7664014,46.6463975],[12.7690354,46.6462677],[12.7699149,46.6465505],[12.7704011,46.6463935],[12.7712954,46.6467468],[12.7735583,46.646831],[12.7747728,46.6466074],[12.7759404,46.646697],[12.7775533,46.646144],[12.7781638,46.6461728],[12.7786141,46.6458793],[12.77979,46.6456212],[12.7800032,46.6454244],[12.7810735,46.6455965],[12.7828239,46.645034],[12.7843726,46.6450057],[12.7868634,46.6438214],[12.7879425,46.6437256],[12.7887178,46.6438495],[12.7895963,46.6434032],[12.7912988,46.64325],[12.791849,46.6429456],[12.7939512,46.6429272],[12.7945857,46.6424325],[12.7954088,46.6424144],[12.7954102,46.6402674],[12.7956158,46.6396603],[12.7959766,46.639387],[12.7959511,46.6386894],[12.7963503,46.6384122],[12.7965098,46.6380025],[12.7969018,46.6377604],[12.7972755,46.6377601],[12.7979847,46.6369164],[12.7985311,46.636764],[12.7991843,46.6361331],[12.8000517,46.63593],[12.8006284,46.6351691],[12.8016595,46.6344596],[12.8027664,46.6339534],[12.8035063,46.6338764],[12.8041883,46.6330878],[12.8055316,46.6329498],[12.8085838,46.631711],[12.8090638,46.6311059],[12.8095541,46.6312414],[12.8103173,46.6310126],[12.811699,46.6308901],[12.813428,46.631301],[12.814586,46.6311786],[12.8155298,46.6314422],[12.8165726,46.6314425],[12.8166697,46.6306553],[12.8157893,46.6304772],[12.8153849,46.6300541],[12.8156913,46.6299124],[12.8163894,46.6300397],[12.8171224,46.6296868],[12.8173501,46.629189],[12.8187353,46.6285145],[12.818988,46.6281833],[12.8205008,46.6283948],[12.8215151,46.6287871],[12.8229695,46.6289401],[12.8242919,46.6298164],[12.8254327,46.6295304],[12.8273993,46.6300373],[12.8278393,46.6304424],[12.8284481,46.6305597],[12.8287449,46.6311827],[12.8290659,46.6313046],[12.8294553,46.631195],[12.83022,46.6315022],[12.8312711,46.6313045],[12.8307646,46.6299161],[12.8310718,46.6297508],[12.8309249,46.6295078],[12.8309304,46.6289694],[12.8323953,46.6286945],[12.8325521,46.6288426],[12.8329154,46.6288215],[12.8328433,46.6286266],[12.8333794,46.628241],[12.8358083,46.6275832],[12.8369523,46.6275274],[12.8371959,46.6274598],[12.8372865,46.6272574],[12.8362789,46.6257831],[12.8360722,46.6249098],[12.8354614,46.6243449],[12.8351113,46.623555],[12.8351404,46.622974],[12.834373,46.622545],[12.8343493,46.6222493],[12.833607,46.6218739],[12.8334191,46.6214483],[12.8337683,46.6204416],[12.8342223,46.6199104],[12.8335263,46.6180595],[12.8335116,46.6168979],[12.8339446,46.6159721],[12.8340912,46.6150882],[12.8345459,46.614342],[12.8331018,46.6121555],[12.8334422,46.6103701],[12.8338249,46.6097989],[12.8365451,46.6085191],[12.8373368,46.6079643],[12.8390587,46.6077402],[12.8401595,46.6072235],[12.8414723,46.6072257],[12.8426032,46.6063533],[12.8456652,46.6061562],[12.847713,46.6054465],[12.8491857,46.6056206],[12.8503808,46.6055644],[12.8507001,46.6052095],[12.8525435,46.6048738],[12.852714,46.6046143],[12.8540125,46.6048249],[12.8547542,46.6052236],[12.8556241,46.6050063],[12.8572276,46.6053043],[12.8577642,46.6056777],[12.8584614,46.6058012],[12.8589564,46.6061246],[12.860472,46.606308],[12.8613462,46.6071622],[12.8630503,46.6079874],[12.8637521,46.6084996],[12.8637554,46.6086771],[12.8642279,46.6091487],[12.8654457,46.6099031],[12.865858,46.6097785],[12.8658887,46.6096277],[12.8669965,46.6096628],[12.8679666,46.6089052],[12.8694675,46.6083865],[12.871484,46.6083455],[12.8726317,46.6080346],[12.8731051,46.6075097],[12.8747072,46.6079853],[12.8755472,46.6085122],[12.8764367,46.6088049],[12.8769364,46.6087987],[12.8773909,46.6091768],[12.8792455,46.6087198],[12.8805829,46.6076598],[12.8821103,46.6071487],[12.8824472,46.6071072],[12.8835718,46.6074308],[12.884812,46.6069951],[12.8850461,46.6071461],[12.8857776,46.607047],[12.886772,46.6072781],[12.8880795,46.606649],[12.889097,46.6067292],[12.8898865,46.6071925],[12.890998,46.6073119],[12.8917992,46.6080742],[12.89387,46.6080703],[12.8947518,46.6086569],[12.8958403,46.6091154],[12.8962488,46.6094844],[12.8984633,46.6094149],[12.8990571,46.6097202],[12.8998123,46.6093238],[12.901266,46.609006],[12.9020538,46.6084645],[12.9034806,46.608328],[12.905114,46.6075978],[12.9066692,46.6081033],[12.9070735,46.6080109],[12.9079571,46.608131],[12.9100488,46.6096779],[12.9125044,46.6091719],[12.9136147,46.6092846],[12.9158261,46.6090753],[12.9174889,46.6087356],[12.9184716,46.6088921],[12.9203672,46.6087402],[12.9228143,46.6091281],[12.9242331,46.6089871],[12.9246401,46.6095041],[12.9250817,46.6097699],[12.9259603,46.6099417],[12.9272257,46.6099207],[12.9273613,46.6100818],[12.9271878,46.610444],[12.927878,46.610562],[12.9287247,46.6104337],[12.9295729,46.6100651],[12.9318097,46.6097346],[12.9318398,46.6099482],[12.9330441,46.6099384],[12.9335746,46.6097038],[12.9335867,46.608763],[12.9340061,46.6083017],[12.9359118,46.6079203],[12.9364538,46.6073616],[12.9370365,46.6073313],[12.9372008,46.6070638],[12.938526,46.6065386],[12.9396563,46.6057491],[12.9395969,46.6055474],[12.9409105,46.6052807],[12.941206,46.6050278],[12.9427377,46.6045767],[12.9449631,46.6035797],[12.9464957,46.6033863],[12.9481467,46.6028926],[12.9484336,46.6024988],[12.9488921,46.6022459],[12.9493883,46.6025066],[12.9495489,46.6028827],[12.9502494,46.6027411],[12.950998,46.6033944],[12.9511098,46.6036937],[12.9506046,46.604246],[12.9514062,46.6043349],[12.9520423,46.6041547],[12.9521541,46.604393],[12.9524913,46.6043352],[12.9526026,46.6046036],[12.95285,46.6047243],[12.9534691,46.6046241],[12.9535241,46.6044637],[12.9537398,46.6046347],[12.953748,46.6049634],[12.9543005,46.6055327],[12.9548701,46.6055499],[12.9550134,46.6056866],[12.9557322,46.6053172],[12.9558657,46.6053761],[12.955977,46.6057623],[12.9565485,46.6065035],[12.9571745,46.6063415],[12.9573236,46.6061524],[12.9578901,46.6062224],[12.9584429,46.6057332],[12.9589849,46.6055072],[12.9591857,46.605666],[12.9599624,46.6052269],[12.9603043,46.6054573],[12.9603742,46.6053424],[12.9608954,46.605486],[12.9610757,46.6051381],[12.9614342,46.6049897],[12.9617312,46.6046],[12.9621308,46.6048591],[12.9624441,46.604699],[12.9627064,46.6048243],[12.9632138,46.6044687],[12.9636195,46.6047277],[12.963796,46.6050508],[12.9642065,46.605036],[12.9645261,46.6052674],[12.9656266,46.6049337],[12.966685,46.6051233],[12.9678599,46.6041071],[12.9678935,46.603795],[12.9683626,46.6037767],[12.9684927,46.6034385],[12.9696775,46.6034826],[12.9698431,46.6031588],[12.9707507,46.6033913],[12.9713546,46.6038191],[12.9716386,46.6034072],[12.9717919,46.6026407],[12.9716747,46.6022112],[12.9723483,46.6026568],[12.9727319,46.6025235],[12.9728924,46.6027007],[12.9736932,46.602128],[12.9740438,46.6020795],[12.9739206,46.6023881],[12.9742078,46.602675],[12.9746562,46.6020353],[12.9751184,46.6019834],[12.9754568,46.6017398],[12.9764359,46.601653],[12.9768597,46.601827],[12.9770596,46.6010959],[12.9773176,46.6010722],[12.9776136,46.6006851],[12.9782043,46.6007024],[12.978876,46.6013263],[12.9797886,46.6017035],[12.9799891,46.6019401],[12.9805158,46.602055],[12.9807372,46.6019525],[12.9813081,46.6022698],[12.9820392,46.6022113],[12.9820416,46.6018767],[12.9822497,46.6016783],[12.9822529,46.601161],[12.9832309,46.6007718],[12.9834202,46.6004635],[12.9861084,46.5997178],[12.9867474,46.5997077],[12.9871846,46.5994471],[12.9879144,46.5994962],[12.988014,46.5997183],[12.9882861,46.5997903],[12.9899309,46.5999644],[12.990791,46.5996733],[12.990857,46.5998116],[12.9913047,46.5998915],[12.9916228,46.5996791],[12.9921716,46.6001996],[12.9922027,46.6005594],[12.9929579,46.6007802],[12.9929138,46.6012085],[12.9931378,46.6017363],[12.9946169,46.6013489],[12.9951034,46.6013975],[12.9972153,46.6021076],[12.9983366,46.6021748],[12.9991546,46.602477],[13.0017356,46.6023292],[13.0026707,46.6015536],[13.0035095,46.6014934],[13.0036496,46.6011838],[13.004983,46.6001554],[13.0073619,46.5992382],[13.0126302,46.6009718],[13.0149953,46.6010941],[13.0169974,46.6018742],[13.0188164,46.6007955],[13.0206159,46.6005516],[13.0209409,46.6015135],[13.0214992,46.6022284],[13.0229689,46.6012682],[13.0241372,46.600842],[13.0245828,46.6003125],[13.0253601,46.5999045],[13.0259002,46.5998656],[13.0260685,46.5997122],[13.0258865,46.5993325],[13.0266924,46.5990012],[13.0274318,46.5984638],[13.0276253,46.5972221],[13.0283155,46.5972778],[13.0288815,46.597141],[13.0310645,46.5965478],[13.0314074,46.5962321],[13.0319193,46.5962939],[13.0325828,46.5960206],[13.0326868,46.5963183],[13.0334398,46.5965608],[13.0344838,46.5966567],[13.0359527,46.5964624],[13.0389218,46.5971799],[13.0409558,46.5972337],[13.0426941,46.596821],[13.0446651,46.5956453],[13.0466232,46.5953033],[13.0490136,46.5955792],[13.0491538,46.5957713],[13.0496886,46.595851],[13.0508832,46.5966639],[13.0514019,46.5967552],[13.0516503,46.5970301],[13.0537504,46.597147],[13.0560629,46.5976031],[13.0562631,46.5974075],[13.0580119,46.5972636],[13.0597529,46.5967948],[13.0604689,46.5969415],[13.0613207,46.5971989],[13.0612803,46.5973789],[13.0616909,46.5976072],[13.0618197,46.5982619],[13.0624344,46.5994505],[13.06269,46.5997172],[13.0634369,46.5999009],[13.0686079,46.5989008],[13.0691773,46.5990263],[13.0700663,46.5997056],[13.070352,46.5997156],[13.0709729,46.5992591],[13.0714281,46.5992727],[13.0724785,46.5987702],[13.0739579,46.5995914],[13.0750394,46.5992986],[13.0774376,46.5996881],[13.0789535,46.5991499],[13.0803288,46.5997326],[13.080637,46.59969],[13.0813986,46.6001408],[13.0818415,46.6002218],[13.082068,46.5999905],[13.0823775,46.599977],[13.0820557,46.6004098],[13.0821853,46.6007094],[13.0835495,46.6020434],[13.0837431,46.6020548],[13.0855716,46.6017845],[13.0861769,46.6014816],[13.0872187,46.6013845],[13.0884361,46.600991],[13.0906466,46.6008315],[13.0914845,46.6003317],[13.0919493,46.6004783],[13.0923234,46.6003988],[13.092586,46.6001033],[13.0932891,46.5998329],[13.0935568,46.5992116],[13.0942132,46.5989949],[13.0950335,46.5982775],[13.09549,46.5982249],[13.0966949,46.5973225],[13.0982318,46.5970501],[13.0986958,46.5967441],[13.1005291,46.5963402],[13.1012867,46.5958531],[13.1026889,46.5953974],[13.1041258,46.595316],[13.1059296,46.5943795],[13.1072954,46.5951871],[13.10752,46.5955276],[13.108299,46.5953518],[13.1090187,46.5960412],[13.1103876,46.5957378],[13.1111253,46.5953322],[13.1118966,46.5953241],[13.1128052,46.5949908],[13.113136,46.5944931],[13.1138582,46.5939269],[13.114185,46.5940912],[13.1148317,46.5938153],[13.1151444,46.5940983],[13.117721,46.5941888],[13.1181899,46.5937406],[13.1187826,46.5937238],[13.1197005,46.5933465],[13.1217726,46.591744],[13.1235079,46.5914679],[13.1241419,46.5916658],[13.1250497,46.5914228],[13.1257861,46.5909313],[13.1258699,46.5912313],[13.1265677,46.591588],[13.1282858,46.5918847],[13.1303079,46.590695],[13.1304832,46.5912495],[13.1315685,46.5915431],[13.1330575,46.5916886],[13.1332151,46.5913395],[13.1347381,46.5907758],[13.1360017,46.5911052],[13.1363688,46.5909217],[13.136809,46.5912203],[13.1376832,46.5912842],[13.1379388,46.5906805],[13.1398612,46.5902914],[13.1401239,46.590039],[13.142132,46.5897989],[13.1425293,46.5890319],[13.1429071,46.5886963],[13.1429378,46.5883982],[13.1437698,46.5879366],[13.1438103,46.5876326],[13.1445893,46.5877329],[13.1463337,46.5870975],[13.1477293,46.5879925],[13.1480191,46.588639],[13.1498944,46.5890833],[13.1507647,46.5896826],[13.150696,46.589815],[13.1509082,46.5900311],[13.1512913,46.5898138],[13.1512202,46.5897259],[13.1532093,46.5887875],[13.1552686,46.589096],[13.1563921,46.5890124],[13.1568198,46.5887397],[13.1580583,46.5885536],[13.1593331,46.5885635],[13.1597867,46.5887407],[13.1605767,46.5886539],[13.1611385,46.5884221],[13.162553,46.5882103],[13.1654907,46.5892652],[13.1686047,46.5889037],[13.1685772,46.5883385],[13.1683819,46.5882266],[13.1687326,46.5879064],[13.1685347,46.5873102],[13.1691234,46.5867158],[13.1691936,46.5859886],[13.1691206,46.585606],[13.1686407,46.5849507],[13.1713719,46.5834933],[13.1744591,46.582676],[13.1750472,46.5819322],[13.1770693,46.5817146],[13.1772798,46.5807326],[13.1771892,46.5800012],[13.1774174,46.5795395],[13.1780892,46.5795302],[13.1782186,46.5792186],[13.1788173,46.5791172],[13.1789662,46.5786157],[13.1788867,46.5781355],[13.1791333,46.5778026],[13.1812177,46.5775451],[13.1814642,46.5772918],[13.1820061,46.5771964],[13.1821452,46.5768673],[13.1845865,46.5766592],[13.1857522,46.5762721],[13.1867519,46.5754019],[13.1876862,46.5752686],[13.188894,46.5747589],[13.1894809,46.5741779],[13.1906153,46.5739451],[13.1927555,46.5725819],[13.1932084,46.5726587],[13.1932291,46.572348],[13.1946585,46.5718639],[13.1958665,46.5718808],[13.196582,46.571446],[13.1972807,46.5713853],[13.1986819,46.5713753],[13.2002015,46.5717121],[13.2024246,46.5718895],[13.2033291,46.5722519],[13.2040692,46.5713573],[13.2046091,46.5713979],[13.2059994,46.5706452],[13.2070306,46.5704472],[13.2087915,46.5696032],[13.2090118,46.5692747],[13.2101176,46.5693781],[13.2104226,46.5696489],[13.2107727,46.5693379],[13.2121189,46.5697083],[13.2128512,46.5695172],[13.2133521,46.5697612],[13.2138063,46.5697023],[13.2149782,46.570351],[13.2154213,46.5699309],[13.2156308,46.5705395],[13.2159992,46.5706204],[13.2165125,46.5704169],[13.2173526,46.5704978],[13.2179299,46.5701674],[13.2182605,46.5696834],[13.2188246,46.5695474],[13.2185945,46.5689487],[13.2188218,46.5687131],[13.2186882,46.5683503],[13.218773,46.5681372],[13.2192183,46.567889],[13.2194157,46.567401],[13.2208671,46.5661371],[13.2206623,46.5659348],[13.2220716,46.5652303],[13.2242533,46.565063],[13.2244741,46.5647207],[13.226499,46.5642253],[13.2267332,46.5638013],[13.2277247,46.5631308],[13.2281062,46.5621746],[13.2283981,46.5619888],[13.228495,46.5614015],[13.2288789,46.561021],[13.2311377,46.560052],[13.231422,46.5598626],[13.2314534,46.5595686],[13.2323728,46.5589605],[13.2324636,46.5584301],[13.2321989,46.5579493],[13.2324357,46.5577076],[13.2323069,46.5574802],[13.2328667,46.55571],[13.2328319,46.5553528],[13.2324294,46.5549568],[13.2325591,46.5536274],[13.2338714,46.5535553],[13.2352568,46.5537828],[13.2361116,46.5536065],[13.2369388,46.5533477],[13.2370514,46.5531517],[13.2385572,46.5524774],[13.2388427,46.5525072],[13.2391486,46.5523289],[13.2393334,46.5519566],[13.23979,46.5517007],[13.2397099,46.5519311],[13.2402861,46.5532764],[13.2400583,46.5536383],[13.2406058,46.5542459],[13.2409027,46.5542622],[13.2411919,46.5555057],[13.2421835,46.5560688],[13.2438296,46.5560297],[13.2444107,46.5562463],[13.2449084,46.5560392],[13.245124,46.5561884],[13.2460449,46.5559938],[13.2470732,46.5573948],[13.2475618,46.5577799],[13.2474765,46.5579071],[13.2479497,46.5584621],[13.2482372,46.5583238],[13.2483966,46.5584738],[13.2483542,46.5587687],[13.248718,46.5589216],[13.2488096,46.5591661],[13.249326,46.5590464],[13.2495801,46.5592642],[13.2500424,46.5592584],[13.2516964,46.5597122],[13.25206,46.5599448],[13.2520782,46.5602419],[13.252572,46.5604481],[13.2535302,46.5602822],[13.2540545,46.5599961],[13.25583,46.5599461],[13.2563456,46.5594707],[13.2565011,46.5590302],[13.2579251,46.5584251],[13.2581808,46.5584895],[13.2599857,46.5579366],[13.2610421,46.5573076],[13.2611597,46.5576998],[13.2623893,46.5583348],[13.2648749,46.55881],[13.2649661,46.5590593],[13.2652218,46.5589728],[13.2661919,46.5596194],[13.2670114,46.5597327],[13.267062,46.5599598],[13.2676011,46.5602122],[13.2677035,46.5606161],[13.2681722,46.5609175],[13.2694727,46.5612599],[13.2699787,46.5608664],[13.2732752,46.5609446],[13.2745175,46.5599339],[13.276245,46.5599194],[13.2769386,46.5600965],[13.2777733,46.5597033],[13.2788362,46.5595759],[13.2792176,46.5592624],[13.2791095,46.559204],[13.2792276,46.559044],[13.2812888,46.5589733],[13.2824165,46.5581831],[13.2832885,46.558197],[13.2846348,46.5579551],[13.28529,46.557088],[13.2854796,46.5571051],[13.2869651,46.5585159],[13.287543,46.5586847],[13.2878194,46.559188],[13.2887436,46.5591946],[13.2897113,46.5596375],[13.2927456,46.559986],[13.2950061,46.560465],[13.2957531,46.5602684],[13.2975519,46.5602932],[13.2995165,46.5592374],[13.3002148,46.5590975],[13.3006076,46.5587328],[13.3004308,46.5584867],[13.3006305,46.5582182],[13.3015819,46.5576723],[13.3026594,46.5571498],[13.3040604,46.5568423],[13.3042324,46.5561136],[13.3051914,46.5560727],[13.3051575,46.5559728],[13.3058149,46.5557176],[13.3063708,46.5552793],[13.3066734,46.554996],[13.3066318,46.554846],[13.3071578,46.5546046],[13.308119,46.5544885],[13.3087395,46.5541043],[13.3107121,46.553937],[13.3109612,46.5536803],[13.3108449,46.5533326],[13.3117195,46.5533021],[13.3120573,46.5531219],[13.3126779,46.5536335],[13.3137527,46.5535307],[13.3140818,46.553347],[13.3139151,46.5528143],[13.315214,46.5524142],[13.3178667,46.5526581],[13.3183458,46.5525091],[13.3193174,46.5528975],[13.3199665,46.5529386],[13.320346,46.5526671],[13.3205633,46.5522073],[13.3201709,46.5518201],[13.3201394,46.5512831],[13.3205735,46.5512327],[13.3219538,46.5522804],[13.321919,46.552656],[13.3221645,46.552966],[13.3220956,46.5532101],[13.323138,46.5545042],[13.3236638,46.5544643],[13.3239063,46.5547024],[13.3253241,46.5551709],[13.3259648,46.5556415],[13.3263508,46.5564077],[13.327123,46.5570864],[13.3276863,46.5581293],[13.32835,46.558099],[13.32916,46.5588147],[13.3299553,46.5588063],[13.3303053,46.5589943],[13.3309403,46.5588832],[13.3320495,46.5594639],[13.3319775,46.5601272],[13.3323341,46.5608139],[13.3349398,46.5625717],[13.3353424,46.5630083],[13.3352258,46.563132],[13.3354191,46.563442],[13.3364884,46.5638581],[13.3381852,46.5636935],[13.3385782,46.5640388],[13.3382553,46.5646636],[13.3383795,46.5651136],[13.3393707,46.5663887],[13.34037,46.5667212],[13.3424994,46.5678331],[13.342722,46.5682738],[13.3433578,46.5687691],[13.343562,46.569262],[13.343948,46.569626],[13.3446079,46.5697925],[13.344723,46.570001],[13.3450801,46.5697765],[13.3458431,46.568465],[13.347092,46.5681238],[13.3484227,46.5673788],[13.349252,46.5674305],[13.3500661,46.5676954],[13.3508559,46.5670417],[13.3521218,46.566758],[13.3524704,46.566506],[13.3540538,46.5674749],[13.35492,46.5675166],[13.3557719,46.5679813],[13.3561651,46.5685468],[13.3605049,46.5696779],[13.3619813,46.5699364],[13.3622848,46.5698434],[13.3628835,46.570071],[13.364463,46.5698728],[13.3658361,46.5693968],[13.3662643,46.5689829],[13.366926,46.569046],[13.3704904,46.5669938],[13.3708724,46.5673235],[13.3701827,46.571076],[13.3698088,46.5719067],[13.3687258,46.5728997],[13.3683952,46.5737781],[13.3699054,46.5750921],[13.370422,46.5760223],[13.3709911,46.5766349],[13.3717027,46.5784739],[13.3722403,46.5792771],[13.3744403,46.5785663],[13.3769098,46.5783977],[13.3779686,46.5778688],[13.37899,46.5777151],[13.379214,46.577474],[13.3818865,46.5768694],[13.3885779,46.5766742],[13.3891331,46.5762479],[13.3905273,46.5761336],[13.3967901,46.5738577],[13.3980782,46.5727895],[13.4008487,46.5721104],[13.4010125,46.5719153],[13.401728,46.571701],[13.4029814,46.5719648],[13.4057553,46.5720009],[13.4078153,46.571633],[13.4098573,46.5720601],[13.4091456,46.5714777],[13.4087476,46.5708105],[13.4078791,46.5685],[13.406974,46.5642568],[13.4069824,46.563189],[13.407502,46.5614953],[13.408002,46.5615054],[13.4091622,46.5610533],[13.4108184,46.5607682],[13.4117876,46.5608957],[13.4142103,46.5608018],[13.4150634,46.5604713],[13.4163713,46.5603792],[13.4174913,46.559616],[13.4179519,46.559592],[13.4186671,46.5592309],[13.4207933,46.5588666],[13.4231989,46.5587946],[13.4246339,46.5580171],[13.4265844,46.5576034],[13.4274866,46.5575881],[13.4294023,46.5581356],[13.43063,46.55801],[13.4325205,46.5585813],[13.4336791,46.5585331],[13.4339146,46.5587579],[13.4366288,46.5592468],[13.4383114,46.5589372],[13.4388204,46.5590399],[13.4395435,46.5587037],[13.4397622,46.5577836],[13.440735,46.5575833],[13.4420175,46.5567922],[13.4427015,46.5566305],[13.444913,46.5568444],[13.4460491,46.5565133],[13.4480218,46.5571312],[13.4497155,46.5573717],[13.4507665,46.5589709],[13.4516132,46.5592602],[13.4538773,46.5594535],[13.45481,46.5589213],[13.4559709,46.5592201],[13.4570104,46.5589452],[13.4572965,46.5591256],[13.4583997,46.5590428],[13.4613057,46.5585229],[13.462167,46.5591282],[13.4626644,46.5588504],[13.4646785,46.5583756],[13.4670836,46.5580631],[13.4691442,46.5573902],[13.4706436,46.5575869],[13.4747245,46.5573486],[13.4752367,46.5576122],[13.4763379,46.5594488],[13.4771014,46.5600373],[13.4783908,46.5607017],[13.4794841,46.560687],[13.480759,46.5610621],[13.4817104,46.5607766],[13.4831152,46.561026],[13.4853036,46.5617286],[13.4889906,46.562505],[13.4895781,46.5628435],[13.4909979,46.5631052],[13.4921753,46.5636177],[13.4957326,46.5643545],[13.4972779,46.5649363],[13.4989999,46.5658705],[13.5012168,46.5660088],[13.5023825,46.5659214],[13.5026311,46.5661209],[13.5035553,46.5660628],[13.5042521,46.5663077],[13.5065449,46.5622908],[13.5062659,46.561628],[13.5065953,46.5612207],[13.5067804,46.5604025],[13.507125,46.5600843],[13.507152,46.5586841],[13.5055318,46.5571097],[13.5053889,46.5559271],[13.5080383,46.5558961],[13.5115139,46.555414],[13.5120945,46.5535971],[13.5119243,46.5521934],[13.5144256,46.5493839],[13.5149233,46.5486299],[13.5156792,46.5485623],[13.5167076,46.5479431],[13.519886,46.5469057],[13.520339,46.5469661],[13.5219931,46.5477159],[13.5232479,46.5477309],[13.5249798,46.5480467],[13.5260406,46.5486826],[13.5289194,46.5491097],[13.5296276,46.5493516],[13.5337159,46.5494488],[13.5348628,46.5496584],[13.5363789,46.5504547],[13.5364459,46.5509902],[13.5372617,46.5510821],[13.5375608,46.5514543],[13.5383263,46.5514101],[13.5390656,46.5521839],[13.5392392,46.5528806],[13.5402988,46.5529813],[13.541129,46.5528242],[13.5426625,46.5536086],[13.5441921,46.5536327],[13.5445026,46.5532617],[13.5458524,46.5534326],[13.5460512,46.5536175],[13.5470264,46.55346],[13.5477929,46.5531282],[13.5482094,46.5532207],[13.5490862,46.5530998],[13.5500494,46.5524171],[13.5507641,46.5521995],[13.5515739,46.5522567],[13.5575123,46.5512548],[13.559524,46.5517267],[13.5600197,46.5515905],[13.5603491,46.5517869],[13.5613003,46.5518445],[13.5629163,46.5514648],[13.5636795,46.5510769],[13.5637574,46.549764],[13.5642773,46.548628],[13.5656025,46.5480626],[13.5665996,46.5480435],[13.5684901,46.546493],[13.5689478,46.5457344],[13.5692884,46.5445151],[13.5690948,46.5429779],[13.5692567,46.5421621],[13.5699255,46.5410025],[13.5699568,46.5404921],[13.5692873,46.5396855],[13.5697312,46.5392969],[13.5709177,46.538851],[13.5738206,46.5386572],[13.5757768,46.5380572],[13.5766122,46.5380058],[13.5783434,46.5383232],[13.5782487,46.5383873],[13.5784328,46.5385341],[13.5812257,46.5394609],[13.5829296,46.5396897],[13.5834186,46.540036],[13.5836311,46.5405113],[13.5835532,46.5410244],[13.5836885,46.541767],[13.5840827,46.5421436],[13.585302,46.5426987],[13.5856353,46.5436436],[13.5871633,46.5445823],[13.587906,46.5445661],[13.5911748,46.5452706],[13.5918374,46.5457046],[13.5920032,46.5461667],[13.5941641,46.5457841],[13.5948046,46.545879],[13.5973816,46.5456907],[13.598951,46.5447901],[13.6008959,46.5432137],[13.6027611,46.5428997],[13.6027695,46.5430831],[13.6041323,46.5429509],[13.6057415,46.54303],[13.6067964,46.5434807],[13.6077134,46.5433744],[13.608009,46.5435504],[13.6095264,46.5436093],[13.6102363,46.5434835],[13.6106025,46.5436249],[13.6114919,46.543334],[13.6116302,46.5430238],[13.611855,46.542921],[13.6138092,46.5424704],[13.6150956,46.542648],[13.6152564,46.5424778],[13.6163659,46.5423133],[13.6167577,46.5425683],[13.6179924,46.5423711],[13.6187592,46.5425571],[13.6195189,46.5423423],[13.6199649,46.5424755],[13.6204165,46.5422571],[13.6229121,46.5421464],[13.6238287,46.541788],[13.6279452,46.5413336],[13.6286826,46.540872],[13.6289509,46.540399],[13.6298353,46.5395347],[13.630904,46.5390996],[13.6318279,46.5383524],[13.6323232,46.5382588],[13.6346419,46.5369315],[13.6371622,46.5363498],[13.6379965,46.53568],[13.6406772,46.5347847],[13.6426681,46.5333707],[13.6429516,46.5326496],[13.6439419,46.5323164],[13.6444551,46.5327262],[13.6445602,46.5329684],[13.6444128,46.5332485],[13.6454931,46.5331926],[13.6459612,46.5329869],[13.6464832,46.5330541],[13.6466141,46.5328083],[13.6480904,46.5325004],[13.648454,46.532195],[13.6514522,46.5315481],[13.6532092,46.5309175],[13.654341,46.5307474],[13.6552033,46.5301563],[13.6566784,46.5300029],[13.6584476,46.5292852],[13.6590102,46.5276697],[13.6605477,46.5274328],[13.6627158,46.5268275],[13.6667133,46.5267868],[13.6689172,46.5258431],[13.6694955,46.5250724],[13.671169,46.5248925],[13.6718245,46.5243738],[13.6722137,46.5235591],[13.6730682,46.5231375],[13.6736802,46.5232745],[13.6738304,46.5235249],[13.674714,46.5230093],[13.6754619,46.5230002],[13.6760099,46.52317],[13.6765959,46.5229557],[13.6768969,46.523055],[13.6788307,46.5227981],[13.6804148,46.5216896],[13.683068,46.5216633],[13.6847118,46.5218574],[13.6857145,46.5216494],[13.6876721,46.5218398],[13.6888306,46.5215238],[13.6898719,46.5215085],[13.6911282,46.5210038],[13.6918569,46.5215009],[13.6930728,46.5215195],[13.694001,46.5219355],[13.6943598,46.5225938],[13.6966133,46.5232398],[13.698256,46.5232641],[13.7016473,46.5224475],[13.702581,46.5224273],[13.7027257,46.5219665],[13.7036483,46.5215983],[13.7042358,46.5216073],[13.705271,46.5210415],[13.708535,46.5209796],[13.7096343,46.5212729],[13.7103704,46.5212235],[13.711676,46.5221552],[13.7136868,46.5229971],[13.7140783,46.52299],[13.714204,46.5226581],[13.7145425,46.522511],[13.7153638,46.522503],[13.7163404,46.5227979],[13.7172937,46.5225759],[13.7209661,46.523203],[13.721468,46.5234613],[13.7228395,46.523109],[13.7258357,46.5231444],[13.7262381,46.5224596],[13.7262285,46.522004],[13.7294009,46.5204989],[13.7323232,46.5195413],[13.7340145,46.5182445],[13.7352787,46.5180187],[13.7374045,46.5170752],[13.742812,46.5170138],[13.7445005,46.5171472],[13.7453398,46.517459],[13.7463303,46.5175558],[13.7477488,46.5172207],[13.7488112,46.5174621],[13.7541123,46.5180392],[13.7552645,46.5177316],[13.7574523,46.5174558],[13.7586025,46.5171008],[13.7592025,46.516747],[13.7595579,46.5167869],[13.7606052,46.5165008],[13.7649112,46.5148622],[13.7663477,46.514501],[13.7675242,46.5150942],[13.767723,46.5155976],[13.7702821,46.5161048],[13.7708152,46.5160694],[13.7712709,46.5163614],[13.7724852,46.5160708],[13.7743579,46.5160054],[13.7763634,46.5176023],[13.7766853,46.5173576],[13.7780618,46.5173909],[13.7786941,46.5171311],[13.7785973,46.5161559],[13.779474,46.514799],[13.7797576,46.5137907],[13.7797121,46.5130228],[13.7801576,46.5121111],[13.7836836,46.5112766],[13.7844907,46.5107699],[13.7850335,46.5107005],[13.7860625,46.5101108],[13.7874027,46.5088571],[13.789761,46.507725],[13.7901018,46.5076228],[13.7919859,46.5079209],[13.7928961,46.5072189],[13.793167,46.5064794],[13.7937203,46.5057122],[13.7944625,46.5053395],[13.7952371,46.5054023],[13.7983053,46.5064703],[13.8021548,46.5065175],[13.8045933,46.5070071],[13.8058932,46.507007],[13.8079167,46.5063591],[13.8107842,46.5059879],[13.8122031,46.5062023],[13.8125237,46.5066851],[13.8137128,46.5069005],[13.815341,46.5076051],[13.8160108,46.5081734],[13.8159888,46.5085042],[13.8162675,46.5086471],[13.8162211,46.5089623],[13.816499,46.5093662],[13.8173234,46.510105],[13.8188302,46.5103697],[13.8198675,46.5102917],[13.8208514,46.5105134],[13.8212456,46.511944],[13.8220624,46.5126948],[13.8230125,46.5129929],[13.8252879,46.5131579],[13.8270977,46.5135928],[13.8291951,46.5152593],[13.8287974,46.5160555],[13.8286229,46.5169292],[13.829575,46.5174867],[13.8300638,46.5182084],[13.8312998,46.5186698],[13.8323027,46.5187022],[13.8343357,46.5184243],[13.8342948,46.5180228],[13.8354791,46.5169701],[13.8379315,46.5160291],[13.8393936,46.5159688],[13.8402769,46.5156979],[13.8419647,46.5159539],[13.843993,46.5154232],[13.8460201,46.5145938],[13.8478094,46.5142535],[13.848476,46.5141732],[13.8520436,46.5144871],[13.8552923,46.5138644],[13.8586456,46.5142596],[13.8598165,46.5147661],[13.8606323,46.5153544],[13.8609775,46.5151565],[13.8623708,46.5150765],[13.8630325,46.5154687],[13.8632283,46.5158034],[13.8639623,46.5160445],[13.8659421,46.5174821],[13.8670434,46.5180152],[13.8688084,46.5182545],[13.8714386,46.5192053],[13.8724456,46.519164],[13.8747984,46.5187128],[13.8771627,46.5194987],[13.8780812,46.519431],[13.8787994,46.5191274],[13.8793799,46.5193874],[13.8803386,46.5202517],[13.8804231,46.5208344],[13.8807056,46.5210419],[13.880992,46.5216641],[13.8814182,46.5218577],[13.881453,46.522329],[13.8819842,46.5227736],[13.882675,46.5225873],[13.8835937,46.5220408],[13.8851328,46.5216588],[13.8856191,46.5216975],[13.886766,46.5211387],[13.8874975,46.5209688],[13.8893381,46.520742],[13.8908248,46.5212095],[13.8923762,46.5212041],[13.8936915,46.520497],[13.8948242,46.5201519],[13.8956558,46.5193277],[13.8976586,46.5191004],[13.8983989,46.5192788],[13.8996419,46.5190084],[13.9004505,46.5191471],[13.9007282,46.5188835],[13.9012199,46.5188072],[13.9018108,46.5191218],[13.9039163,46.5188813],[13.9057653,46.5193618],[13.9064544,46.5194418],[13.9067168,46.5193238],[13.9084574,46.520093],[13.9088371,46.5206288],[13.910136,46.5206954],[13.9103996,46.5205854],[13.9113298,46.5210766],[13.9120536,46.5211288],[13.9143822,46.5205631],[13.9156484,46.52],[13.9174287,46.5195194],[13.9197616,46.5195609],[13.9203595,46.5191885],[13.9231506,46.5186407],[13.9233771,46.5183424],[13.9254143,46.5169766],[13.9256393,46.5164829],[13.9263391,46.515743],[13.9271383,46.514306],[13.9273478,46.5140637],[13.9280276,46.5137952],[13.929621,46.5137183],[13.9297446,46.5135866],[13.9311911,46.5137356],[13.9346501,46.5126943],[13.9351135,46.5127759],[13.9356581,46.5124881],[13.9375365,46.5122249],[13.9380873,46.5115489],[13.9388714,46.5114721],[13.9392427,46.5116039],[13.9395033,46.5114716],[13.9409383,46.5116383],[13.9412032,46.5115002],[13.9422046,46.5115921],[13.9429557,46.5114791],[13.9444103,46.5107646],[13.9447727,46.5103587],[13.9454062,46.510073],[13.9460217,46.5095582],[13.9466162,46.5095946],[13.9485846,46.5080507],[13.9497686,46.5077202],[13.9499343,46.5075482],[13.9508073,46.5076095],[13.9525201,46.5073609],[13.9523447,46.5064442],[13.9525354,46.5062953],[13.9530581,46.5062298],[13.9550115,46.5048103],[13.9555947,46.5048938],[13.9566404,46.5046089],[13.9566828,46.5044351],[13.9574691,46.5041116],[13.9580534,46.5035238],[13.9598133,46.5029186],[13.9605143,46.501352],[13.9608348,46.5012007],[13.9611416,46.5007177],[13.9620352,46.5007455],[13.9673232,46.497858],[13.9685158,46.4974731],[13.9696537,46.4968166],[13.9699069,46.497019],[13.9719023,46.4967877],[13.9732937,46.4970789],[13.9743789,46.4974901],[13.9745055,46.4978558],[13.9756419,46.4982696],[13.9781628,46.4967057],[13.9795006,46.4961248],[13.9808218,46.4956199],[13.9829167,46.4952621],[13.9832431,46.4946576],[13.9848862,46.4940074],[13.9858843,46.4933406],[13.9869807,46.4930398],[13.9887601,46.4928983],[13.988911,46.4926023],[13.9888374,46.4918305],[13.9893824,46.491081],[13.989228,46.4902607],[13.9896986,46.4888113],[13.9895335,46.4883321],[13.9900613,46.4880075],[13.9904587,46.4880413],[13.9924488,46.4873474],[13.9932617,46.4873965],[13.9940726,46.4876599],[13.9965822,46.4871019],[13.9979159,46.4869636],[13.9989762,46.4864006],[14.0001515,46.4853035],[14.0017577,46.4844164],[14.0021907,46.4838473],[14.0036988,46.4826992],[14.006498,46.4813609],[14.0080009,46.4813903],[14.011059,46.4819991],[14.0128946,46.482001],[14.0133443,46.4821444],[14.0145297,46.4821458],[14.0162342,46.4818808],[14.0168762,46.481618],[14.0178615,46.4816372],[14.0190636,46.4813564],[14.0209275,46.4816406],[14.0226204,46.4828214],[14.0243857,46.4833794],[14.0247827,46.4838984],[14.0248016,46.4844558],[14.0249942,46.4848197],[14.024862,46.4850963],[14.025384,46.4850849],[14.0256718,46.4852638],[14.0260208,46.4859707],[14.0273214,46.4860583],[14.0278471,46.4867921],[14.02855,46.4866884],[14.0310458,46.4868559],[14.0314456,46.487558],[14.0314463,46.4882237],[14.0318623,46.4886781],[14.0320267,46.4893803],[14.0343711,46.4909739],[14.0354843,46.4910281],[14.035978,46.4917001],[14.0376293,46.4919979],[14.038288,46.4921954],[14.0384147,46.4923866],[14.0405614,46.4930244],[14.0411997,46.4928262],[14.0417904,46.4928704],[14.0450716,46.492427],[14.0462218,46.4925047],[14.0466815,46.4926776],[14.0497894,46.4927157],[14.0507511,46.4931917],[14.0516196,46.493065],[14.051789,46.4925666],[14.0535682,46.491505],[14.0546331,46.4914571],[14.0553935,46.4910782],[14.0562534,46.4910096],[14.0578666,46.4905625],[14.0584025,46.4899662],[14.0610086,46.4898278],[14.0626714,46.4899262],[14.0628232,46.4897654],[14.0636263,46.4895912],[14.0653232,46.4895361],[14.067054,46.4882601],[14.070483,46.4872068],[14.0716827,46.4870873],[14.0736819,46.4872327],[14.0782205,46.4865817],[14.0802647,46.4868136],[14.0813814,46.4864777],[14.0837335,46.4861405],[14.085031,46.4863108],[14.0860187,46.4866363],[14.0873815,46.4861374],[14.0882676,46.4853468],[14.0915383,46.485697],[14.0932844,46.4851531],[14.0946429,46.4849278],[14.0947442,46.4846194],[14.0961052,46.483568],[14.0979125,46.4826035],[14.0987219,46.4824457],[14.099594,46.4819208],[14.0999533,46.4814609],[14.099272,46.4800672],[14.1009012,46.4794702],[14.1018628,46.4789407],[14.1024836,46.4789078],[14.104615,46.4799232],[14.1056639,46.4799282],[14.1070638,46.4793846],[14.1085786,46.4790656],[14.109101,46.4791925],[14.1125169,46.478633],[14.1150921,46.4778779],[14.1160533,46.4773844],[14.1186095,46.4772402],[14.1189519,46.4769341],[14.1215201,46.4766104],[14.1204618,46.4756104],[14.1201551,46.4749931],[14.1203783,46.4741631],[14.1214964,46.473258],[14.1239497,46.4724072],[14.1244122,46.471998],[14.1294814,46.4664253],[14.12923,46.4661276],[14.1292763,46.4658824],[14.1282044,46.4652419],[14.1283402,46.4650621],[14.1290903,46.464396],[14.1293784,46.4638131],[14.1304694,46.4627333],[14.1309369,46.461902],[14.1329388,46.4609646],[14.1340913,46.4598792],[14.1340933,46.4593265],[14.1343436,46.4592569],[14.1346333,46.4587326],[14.1350967,46.4587085],[14.1352019,46.4585696],[14.1355607,46.4576129],[14.1352871,46.4571958],[14.1353355,46.4563379],[14.1356481,46.4561583],[14.135497,46.4558908],[14.1358015,46.4557164],[14.1359831,46.4551369],[14.1356573,46.4546236],[14.1359656,46.4540238],[14.1358182,46.4535662],[14.1359335,46.4533181],[14.1350704,46.4523942],[14.1349518,46.4514586],[14.1350564,46.4513293],[14.1349116,46.4511731],[14.1350189,46.4509819],[14.1364858,46.4498018],[14.1367246,46.4494274],[14.1372008,46.4493454],[14.1381318,46.4485604],[14.138821,46.4483872],[14.1390637,46.448549],[14.1395565,46.4482215],[14.1403525,46.4482561],[14.1408903,46.4477087],[14.1408301,46.4473106],[14.1412796,46.4466255],[14.142134,46.4460587],[14.1426806,46.4458618],[14.1434363,46.446003],[14.1443691,46.4457567],[14.1445865,46.4450591],[14.1453816,46.4448296],[14.1462003,46.4441614],[14.146895,46.4439632],[14.147233,46.4436335],[14.1479345,46.4434929],[14.148245,46.4431065],[14.1491174,46.4429438],[14.1512941,46.4430094],[14.152236,46.4408734],[14.1517639,46.4407875],[14.151776,46.4403677],[14.1520972,46.440172],[14.1523245,46.4390528],[14.1521676,46.438831],[14.1525055,46.4385822],[14.1521919,46.4381697],[14.1525304,46.4373017],[14.1534003,46.4367766],[14.1542922,46.4364977],[14.1546429,46.4356738],[14.1553334,46.4355636],[14.156424,46.4351114],[14.1571853,46.435129],[14.1576807,46.4346737],[14.1591777,46.4342423],[14.1603392,46.4340655],[14.1611142,46.4341195],[14.1618984,46.4338716],[14.1625665,46.4339593],[14.1632223,46.4336044],[14.1664845,46.4333609],[14.1675524,46.4336149],[14.1683095,46.4332628],[14.1687138,46.4333264],[14.1688882,46.4331388],[14.169504,46.4331266],[14.1704116,46.4332582],[14.1714236,46.4337753],[14.1727565,46.4339737],[14.1745906,46.4338631],[14.1760634,46.434049],[14.1764899,46.4339612],[14.177654,46.4347549],[14.1778018,46.435158],[14.1780477,46.4353377],[14.178177,46.4359234],[14.1784201,46.4361018],[14.1785971,46.4369142],[14.1789597,46.4369889],[14.1790225,46.4372381],[14.1794188,46.4372631],[14.1794624,46.4375408],[14.1801745,46.4378698],[14.1802322,46.438044],[14.1804349,46.4380178],[14.1805304,46.4383032],[14.1814996,46.4385676],[14.1819593,46.4385116],[14.1825585,46.4381768],[14.183074,46.4382215],[14.1862746,46.4395739],[14.187157,46.4396628],[14.1871946,46.4398522],[14.1881112,46.4403698],[14.1885445,46.4402124],[14.1893364,46.4406516],[14.1892674,46.4411738],[14.1894825,46.4414436],[14.1899586,46.4416017],[14.1904213,46.441549],[14.19066,46.4419071],[14.1912951,46.4421624],[14.1912822,46.442791],[14.191014,46.4428548],[14.1909939,46.4430119],[14.1911656,46.4430914],[14.1910134,46.4436099],[14.1910945,46.4439308],[14.1919212,46.4430806],[14.1922197,46.4425064],[14.1937231,46.4421053],[14.1947458,46.4421926],[14.1949824,46.441621],[14.1952901,46.441453],[14.1954256,46.4411648],[14.1957826,46.4410556],[14.1972881,46.4412726],[14.1984364,46.4407339],[14.1989265,46.4408433],[14.1994537,46.440515],[14.2012729,46.4406613],[14.2023209,46.4401239],[14.2027038,46.4401512],[14.2037431,46.4397284],[14.2046119,46.4399433],[14.2052296,46.4394585],[14.2065479,46.4395337],[14.2069079,46.4393324],[14.2084088,46.439429],[14.2089952,46.4398162],[14.2095423,46.4398524],[14.2106773,46.4395583],[14.2113544,46.4398409],[14.2124945,46.4399068],[14.2126432,46.4406189],[14.2129347,46.4407443],[14.2129518,46.4409737],[14.2133501,46.4413789],[14.2132925,46.4418659],[14.213841,46.4419755],[14.2141722,46.4422735],[14.2146309,46.4422731],[14.2147653,46.4427152],[14.2146072,46.4428566],[14.2147654,46.4430176],[14.2158651,46.4431557],[14.216444,46.4430147],[14.2171799,46.4425414],[14.217694,46.4427201],[14.2178353,46.4430077],[14.2185691,46.4430214],[14.2191325,46.4428227],[14.2191937,46.4430713],[14.2190766,46.4431616],[14.219293,46.443241],[14.2194924,46.4430886],[14.2197067,46.4424958],[14.2213356,46.4419383],[14.2217358,46.4419786],[14.2220684,46.4415077],[14.222368,46.4414167],[14.2226687,46.441073],[14.2237364,46.4405627],[14.2238558,46.4403589],[14.2236412,46.4401301],[14.2236748,46.4397367],[14.2244032,46.4390169],[14.2243471,46.4387496],[14.2248021,46.4384968],[14.2251258,46.4379478],[14.2256898,46.43761],[14.2258586,46.4370399],[14.2263561,46.4366887],[14.2263655,46.4364705],[14.2270138,46.4358668],[14.2272252,46.4359012],[14.2275232,46.4355704],[14.2280099,46.4354677],[14.2280996,46.435303],[14.2288761,46.4352025],[14.2293533,46.4349679],[14.2293549,46.434786],[14.2301158,46.4346815],[14.2301099,46.4345134],[14.2308626,46.433867],[14.2327613,46.4334094],[14.2343907,46.4334432],[14.2352986,46.4330563],[14.2361804,46.4329585],[14.2371961,46.4322177],[14.2373432,46.432421],[14.2386345,46.4330624],[14.2393644,46.4329598],[14.2397752,46.4332597],[14.2410912,46.4335374],[14.2432025,46.4333758],[14.2443145,46.4338135],[14.2451985,46.4337356],[14.2457002,46.43389],[14.2457941,46.4340638],[14.2476549,46.4346314],[14.2485584,46.4344945],[14.2497217,46.4351083],[14.2502791,46.4352402],[14.2504964,46.4354611],[14.2503351,46.4355334],[14.2508512,46.4359275],[14.2519545,46.4360282],[14.254603,46.4372203],[14.2553979,46.4378248],[14.2560492,46.4388274],[14.2564508,46.4390213],[14.2578437,46.4392693],[14.2607818,46.4391228],[14.261708,46.4392704],[14.2625501,46.4391452],[14.2638353,46.4383077],[14.2645006,46.4382715],[14.2649192,46.4383919],[14.2658646,46.4392934],[14.2667703,46.4391592],[14.2680587,46.4394448],[14.2685584,46.4403083],[14.2692411,46.4408853],[14.2708154,46.4410895],[14.2717708,46.4417019],[14.2736881,46.4420234],[14.2748828,46.4425303],[14.2758942,46.442376],[14.2767392,46.4424614],[14.2785073,46.4429731],[14.2792486,46.442896],[14.2796921,46.4430249],[14.2812407,46.4426945],[14.2817353,46.4428791],[14.282027,46.4433826],[14.2832033,46.4435026],[14.284757,46.4429994],[14.2849965,46.4427432],[14.2859979,46.4423379],[14.2870594,46.4424595],[14.2874558,46.4419848],[14.2893022,46.4412929],[14.290784,46.4409992],[14.2943712,46.4393747],[14.2954448,46.4393433],[14.2960658,46.4391244],[14.2973167,46.4391693],[14.2977316,46.4390129],[14.2988721,46.4391053],[14.299991,46.4384346],[14.3015667,46.4383178],[14.301901,46.4378984],[14.3028174,46.4374302],[14.3026268,46.4361622],[14.3030571,46.4353999],[14.3042185,46.4345788],[14.3043793,46.4341701],[14.305442,46.4333757],[14.3067587,46.4318359],[14.3081472,46.4306294],[14.3095614,46.4306779],[14.3111034,46.4304046],[14.3131562,46.4310088],[14.3157247,46.4311393],[14.3166514,46.4315391],[14.3185462,46.4309935],[14.3189456,46.4310932],[14.3192073,46.4315472],[14.3199947,46.4315756],[14.3219468,46.431148],[14.3222616,46.4313313],[14.3232672,46.4313747],[14.3247395,46.4310457],[14.3255597,46.4311527],[14.3261652,46.4310081],[14.3273675,46.4311566],[14.3278248,46.4313655],[14.3284339,46.4313282],[14.3305224,46.431888],[14.33219,46.43191],[14.3326994,46.4323699],[14.33369,46.4324477],[14.3345067,46.4328387],[14.334784,46.4333077],[14.3361547,46.4336911],[14.3366237,46.4340884],[14.3372387,46.4342764],[14.3373397,46.434746],[14.3379035,46.4350077],[14.3397282,46.4349519],[14.3410062,46.4352269],[14.3410394,46.4354705],[14.3417787,46.4359659],[14.3421537,46.4360083],[14.3432487,46.4365772],[14.3433992,46.4371753],[14.3440642,46.4373734],[14.344753,46.4370008],[14.3475216,46.4369052],[14.3482254,46.4371612],[14.3499029,46.4371986],[14.3504052,46.4377374],[14.3520211,46.4373018],[14.3532769,46.4376355],[14.3536676,46.4378847],[14.3545203,46.4380208],[14.3551166,46.4378536],[14.3550688,46.4382483],[14.3552448,46.4384085],[14.355723,46.4386043],[14.3564138,46.438526],[14.3564931,46.4387443],[14.3575031,46.4384981],[14.3596057,46.4386863],[14.3616542,46.4382729],[14.3618655,46.4384433],[14.3632082,46.4386066],[14.3644818,46.4382052],[14.3651145,46.4382734],[14.3656934,46.4387321],[14.366224,46.4385197],[14.3676478,46.4387299],[14.3678781,46.4389122],[14.3679685,46.4393716],[14.3684945,46.4398246],[14.3711071,46.43983],[14.37318,46.4394564],[14.3737507,46.4396482],[14.3746141,46.4395404],[14.3762943,46.4397755],[14.3765424,46.4395796],[14.3786236,46.4391138],[14.3805617,46.4394095],[14.3812712,46.43904],[14.3820729,46.4391238],[14.3828083,46.4396779],[14.383927,46.4400329],[14.3861511,46.4400943],[14.3867046,46.4407137],[14.3871894,46.4407441],[14.3872391,46.4409022],[14.388774,46.4414055],[14.389479,46.4419916],[14.3909011,46.4420773],[14.3938601,46.4430784],[14.3942068,46.4430628],[14.394504,46.4433311],[14.3950483,46.4434333],[14.3956364,46.4433134],[14.3963643,46.4439409],[14.3981754,46.4441437],[14.3984433,46.4444711],[14.3993145,46.4443302],[14.4000704,46.4444196],[14.4001794,46.4445958],[14.4007189,46.4445809],[14.401533,46.4448792],[14.4029591,46.4448593],[14.4041795,46.4445338],[14.4051239,46.4448057],[14.405171,46.4449451],[14.4063846,46.4449401],[14.4080537,46.4453982],[14.4088429,46.4453628],[14.4094039,46.4457967],[14.4095804,46.4463672],[14.410675,46.4464814],[14.4112541,46.4463703],[14.4117404,46.4461831],[14.4117348,46.4456007],[14.4123173,46.4454629],[14.4138827,46.4457954],[14.4157077,46.4454954],[14.4165327,46.4456072],[14.4172047,46.4454811],[14.4177881,46.4455827],[14.4179302,46.4457435],[14.418638,46.445583],[14.4205882,46.4457619],[14.4216591,46.4454945],[14.4227354,46.4455236],[14.4235134,46.4453612],[14.4241744,46.4455153],[14.4242455,46.445677],[14.4250032,46.4456516],[14.4253792,46.4459276],[14.4257775,46.4458955],[14.4268254,46.4464591],[14.4273542,46.4463303],[14.427436,46.4465031],[14.4278898,46.4466798],[14.4296063,46.4470427],[14.4318938,46.4451746],[14.4327939,46.4440777],[14.4334591,46.4440322],[14.4343024,46.4436227],[14.4345614,46.4431866],[14.4344987,46.4429458],[14.4347308,46.442775],[14.4351754,46.4427165],[14.4355867,46.4429149],[14.4362866,46.4427089],[14.436809,46.4428391],[14.4371273,46.4427137],[14.4372797,46.4429851],[14.4374366,46.4429102],[14.4376772,46.4430755],[14.438368,46.4429001],[14.4383137,46.442669],[14.4385164,46.442333],[14.4382654,46.4419528],[14.4387254,46.4411636],[14.4387032,46.4407763],[14.4372589,46.4405971],[14.4361806,46.4401537],[14.4358288,46.4402659],[14.4341865,46.4400992],[14.4332044,46.4394705],[14.4321275,46.4393692],[14.4316456,46.438901],[14.4315555,46.4382481],[14.43018,46.4372014],[14.4304193,46.4366504],[14.4301959,46.436431],[14.4301403,46.4360969],[14.4313311,46.4342089],[14.4328028,46.4338902],[14.433964,46.4330573],[14.4345052,46.4319883],[14.434954,46.431647],[14.4351331,46.4311964],[14.4358307,46.4309722],[14.4370207,46.430995],[14.4377305,46.4308132],[14.4386817,46.4302289],[14.4404298,46.4287704],[14.4406005,46.4288117],[14.4406315,46.4286238],[14.4416652,46.4285471],[14.4421543,46.4280684],[14.4420361,46.4278927],[14.4422517,46.4276398],[14.4422007,46.4273746],[14.4414541,46.4255456],[14.4418315,46.4238209],[14.4423677,46.4236698],[14.4423378,46.4233848],[14.4426783,46.4233112],[14.4426317,46.4230613],[14.4432605,46.4228826],[14.443493,46.4226377],[14.4455615,46.4221573],[14.445674,46.4219566],[14.4467623,46.4215938],[14.4475496,46.421682],[14.4486656,46.4221875],[14.4514979,46.4224682],[14.4542536,46.4214699],[14.4557033,46.4215155],[14.457858,46.4210676],[14.4580974,46.4211923],[14.4610242,46.4213839],[14.4621439,46.421704],[14.4624081,46.421636],[14.4644035,46.4220401],[14.4667505,46.4219732],[14.4672114,46.4218728],[14.4678055,46.4212788],[14.4689312,46.4212251],[14.468884,46.4209819],[14.4717663,46.4206421],[14.4734322,46.419668],[14.4753984,46.4196286],[14.4759398,46.4198954],[14.4764295,46.4198099],[14.4771985,46.418913],[14.4778997,46.4186088],[14.4782524,46.4176875],[14.4779463,46.4174284],[14.4779268,46.4169979],[14.4781788,46.4161275],[14.4780809,46.4153872],[14.4783549,46.414927],[14.4782212,46.4145471],[14.4783538,46.4139157],[14.4788929,46.4135123],[14.4794545,46.41343],[14.4801877,46.4137265],[14.4815799,46.4138469],[14.4819299,46.4141751],[14.4832219,46.4147969],[14.4839336,46.4149483],[14.484482,46.4154457],[14.485814,46.4147335],[14.4866224,46.414637],[14.488592,46.4138916],[14.4922126,46.412924],[14.4930023,46.4137656],[14.4941629,46.4146609],[14.4940401,46.4152688],[14.4953885,46.4169496],[14.4975424,46.4188615],[14.4987561,46.4196134],[14.5001224,46.4200903],[14.5026171,46.4202975],[14.5026728,46.4221745],[14.5031868,46.4229269],[14.5051452,46.4237362],[14.5055557,46.4242165],[14.5086288,46.4255103],[14.509562,46.4256874],[14.5100796,46.4259495],[14.5145252,46.4264212],[14.5154684,46.4264198],[14.5165603,46.4261811],[14.5174364,46.4265101],[14.5188974,46.4266735],[14.5193699,46.4269251],[14.5217621,46.4272596],[14.521994,46.4268516],[14.5219576,46.4263175],[14.5222715,46.4250982],[14.5222295,46.4246327],[14.5217978,46.4244112],[14.5221183,46.4238201],[14.5252949,46.4212149],[14.5256514,46.4205442],[14.5267332,46.4197277],[14.5271103,46.4190686],[14.5282325,46.4182061],[14.529105,46.417966],[14.5296002,46.4173877],[14.5295665,46.4170552],[14.5297686,46.4167457],[14.5302537,46.4167998],[14.5317777,46.4155231],[14.5319396,46.4153456],[14.532058,46.4146097],[14.5351524,46.4144451],[14.5361491,46.4142482],[14.5387578,46.41261],[14.5398729,46.4115908],[14.540196,46.4099375],[14.5406395,46.4088252],[14.54098,46.4068234],[14.5404829,46.4063436],[14.5416449,46.4048346],[14.5421395,46.4036235],[14.5431385,46.4029426],[14.5455337,46.4007202],[14.5465479,46.4001785],[14.5468182,46.3996432],[14.5474176,46.3991382],[14.5479039,46.3989536],[14.5474618,46.3980876],[14.548994,46.3974556],[14.5502744,46.3965489],[14.5506753,46.3960655],[14.5514461,46.3949864],[14.55168,46.3942867],[14.5521237,46.3936348],[14.5530496,46.3927971],[14.5536889,46.3915699],[14.553568,46.3908145],[14.5540432,46.3901172],[14.5542775,46.3893553],[14.5542503,46.3886676],[14.5546056,46.3877928],[14.5549601,46.3874056],[14.5553219,46.3866153],[14.5555049,46.3864367],[14.5558481,46.3864208],[14.5561551,46.3861117],[14.5560553,46.3858827],[14.5562583,46.3855664],[14.5564312,46.3855869],[14.5568131,46.3851588],[14.5565439,46.3842008],[14.5568854,46.383846],[14.5564402,46.3833428],[14.5559828,46.3832111],[14.5568295,46.381581],[14.5566863,46.381475],[14.5567408,46.3809471],[14.5564855,46.3796111],[14.5559588,46.3793731],[14.5559004,46.3786828],[14.5573208,46.3775986],[14.5573109,46.3773222],[14.5567641,46.3769554],[14.5568609,46.3764966],[14.5575111,46.3764085],[14.5575982,46.3761902],[14.5578843,46.3760746],[14.5583799,46.3751552],[14.5595198,46.3750728],[14.5598835,46.3746283],[14.5602322,46.374484],[14.5609507,46.3746346],[14.5610422,46.374062],[14.5616001,46.3733348],[14.5619896,46.3732902],[14.5626649,46.3728851],[14.5630512,46.3724631],[14.5641173,46.3722987],[14.5643333,46.3724335],[14.565175,46.3724536],[14.5652372,46.3732496],[14.5650792,46.3739333],[14.5653632,46.3743156],[14.5653766,46.3746672],[14.5661441,46.3750258],[14.5673373,46.3751298],[14.5687696,46.3755665],[14.5690279,46.3757895],[14.5694442,46.3757003],[14.5697496,46.3758113],[14.5702368,46.3755092],[14.571928,46.3757638],[14.5729083,46.3754833],[14.57389,46.3759496],[14.5743082,46.3760119],[14.57459,46.3757979],[14.5756763,46.3759829],[14.5762809,46.3761673],[14.576894,46.3766546],[14.578152,46.3770372],[14.5787233,46.3776141],[14.578899,46.3787781],[14.58033,46.3794673],[14.5806183,46.3802991],[14.5811574,46.3806349],[14.5811065,46.3809078],[14.5816764,46.3816582],[14.5815691,46.3821753],[14.5794777,46.3826805],[14.5785676,46.3831765],[14.5784792,46.3833697],[14.5786589,46.3841061],[14.5793965,46.3851755],[14.5795816,46.3851903],[14.580389,46.3860877],[14.5824033,46.3869184],[14.5824355,46.387183],[14.5826688,46.3872792],[14.5828926,46.3877562],[14.583452,46.3880192],[14.5836908,46.3883559],[14.5839643,46.3883948],[14.5838839,46.3886778],[14.5840716,46.3890331],[14.583945,46.3895361],[14.584126,46.3898883],[14.5846775,46.3902502],[14.5846045,46.3905242],[14.5855133,46.3915604],[14.5858446,46.3917434],[14.5858609,46.3920948],[14.586135,46.3922513],[14.5856541,46.3928848],[14.5861683,46.3934724],[14.5861529,46.3938463],[14.5869615,46.3950753],[14.5873993,46.395353],[14.5875777,46.3959597],[14.5875855,46.3963958],[14.587073,46.3967212],[14.587339,46.3969881],[14.5868794,46.3974021],[14.5866761,46.3978566],[14.5871142,46.3982696],[14.5869312,46.3997916],[14.5872116,46.4005528],[14.586786,46.4014711],[14.5868812,46.4026816],[14.5865632,46.4042024],[14.5883156,46.4056497],[14.5884528,46.4081008],[14.5889413,46.4093653],[14.5893862,46.4095919],[14.5892081,46.409983],[14.5893816,46.4102717],[14.588889,46.4105524],[14.5884181,46.4113621],[14.5884939,46.4139038],[14.588649,46.4143849],[14.587994,46.414797],[14.5873043,46.4147492],[14.5858333,46.4150361],[14.5848219,46.4152759],[14.5839009,46.4157965],[14.583266,46.4158595],[14.58274,46.4166617],[14.5824862,46.417691],[14.5825389,46.4181346],[14.5832887,46.4183289],[14.5835989,46.4185625],[14.5838018,46.4190426],[14.5843047,46.421221],[14.5842122,46.4230392],[14.5844144,46.4240643],[14.585223,46.4251442],[14.585916,46.4267851],[14.5866738,46.4279578],[14.586361,46.4292883],[14.5864251,46.4297466],[14.5872766,46.4302829],[14.5887178,46.4303215],[14.5918417,46.4313067],[14.5941433,46.4327303],[14.5954048,46.4332177],[14.5963331,46.4341113],[14.5963181,46.4353335],[14.5959725,46.4368202],[14.5976639,46.4367448],[14.5982179,46.4369028],[14.5992596,46.4367352],[14.600107,46.4369292],[14.6029455,46.436795],[14.6036582,46.4369575],[14.6047014,46.4369415],[14.604891,46.4376105],[14.6051943,46.4379111],[14.6064568,46.4386831],[14.6074472,46.4390801],[14.6093124,46.4394407],[14.6130904,46.4397841],[14.6153989,46.4399347],[14.6162882,46.439579],[14.6165624,46.4392532],[14.6178168,46.4391541],[14.6178231,46.4389388],[14.6221827,46.4386921],[14.6246688,46.4392786],[14.6267989,46.4394426],[14.6277378,46.4392484],[14.6298488,46.439504],[14.6314808,46.4394802],[14.637086,46.4411362],[14.6375857,46.4416045],[14.6408545,46.4430091],[14.6439618,46.4428269],[14.6439247,46.4429793],[14.6443476,46.4433649],[14.6465437,46.4436719],[14.6477226,46.4441822],[14.6491054,46.4443173],[14.6523803,46.4449886],[14.6534804,46.4448459],[14.6553171,46.444213],[14.6585447,46.4446167],[14.6587605,46.4444097],[14.6596559,46.4444962],[14.6605692,46.4447954],[14.6620524,46.4457881],[14.6631742,46.4461944],[14.6646812,46.4486764],[14.6666168,46.4499561],[14.6673279,46.4498675],[14.6685016,46.4500373],[14.6699578,46.4506438],[14.6706522,46.450636],[14.6710203,46.4510654],[14.6719694,46.450805],[14.6747946,46.4506781],[14.6750702,46.4518269],[14.6763001,46.4536663],[14.6761496,46.4542313],[14.6767315,46.4549891],[14.6776848,46.4557105],[14.6778541,46.4559893],[14.6777076,46.4563758],[14.6780717,46.4569048],[14.679299,46.4578126],[14.6763017,46.4604608],[14.6756421,46.461805],[14.676752,46.462357],[14.6773532,46.4622784],[14.6780722,46.4624111],[14.6786295,46.4627056],[14.6806584,46.4656133],[14.6832025,46.4678935],[14.6842096,46.4669098],[14.6856207,46.4659576],[14.6865664,46.4654406],[14.689345,46.4644129],[14.6926723,46.4638481],[14.694219,46.4638218],[14.6960798,46.4644323],[14.6975831,46.4644884],[14.6980809,46.4644005],[14.6990509,46.4636098],[14.6993946,46.4636876],[14.6998537,46.4645008],[14.7010424,46.4655101],[14.7008847,46.4662063],[14.7022393,46.4669499],[14.7023782,46.4673174],[14.7016032,46.4681736],[14.7010787,46.469209],[14.7009736,46.4697902],[14.7015253,46.4709234],[14.7011434,46.4716258],[14.7007933,46.4720192],[14.6995885,46.4722228],[14.6975687,46.4744814],[14.6978901,46.4746482],[14.6989499,46.4758214],[14.6997002,46.4762235],[14.7002627,46.477093],[14.7013871,46.4781531],[14.7019578,46.4793078],[14.702177,46.4799827],[14.7021256,46.4804233],[14.704495,46.4801664],[14.7088599,46.4806971],[14.7092395,46.480862],[14.709811,46.4840646],[14.7106217,46.4853672],[14.7106292,46.4857676],[14.7112945,46.4872588],[14.7117217,46.4893859],[14.711687,46.491675],[14.7112699,46.4921964],[14.7105899,46.4926555],[14.7114572,46.4930451],[14.7127103,46.4945497],[14.7132787,46.4949288],[14.7147636,46.4999596],[14.7177203,46.499194],[14.7183861,46.4987893],[14.7195541,46.498828],[14.7197203,46.4986109],[14.7204214,46.4983686],[14.7218713,46.4982403],[14.723037,46.497113],[14.7245886,46.495197],[14.7249745,46.4944393],[14.7255976,46.4938853],[14.727732,46.4927918],[14.7281315,46.4921142],[14.7278946,46.4910786],[14.7284024,46.4903281],[14.7286001,46.491022],[14.728962,46.4913497],[14.7297744,46.4916634],[14.729887,46.491947],[14.730567,46.4923891],[14.7308711,46.4928041],[14.7306153,46.492965],[14.7305866,46.4932007],[14.7310007,46.4939119],[14.7324766,46.4949996],[14.7331089,46.49569],[14.7340575,46.4962314],[14.7351473,46.4975236],[14.736277,46.4991063],[14.7369175,46.5009571],[14.7368278,46.5017861],[14.737364,46.502348],[14.7376885,46.5031228],[14.7390421,46.5038915],[14.7400207,46.5047201],[14.7412975,46.5052062],[14.7437422,46.5034932],[14.7451367,46.5032426],[14.7460618,46.5018474],[14.7461194,46.5010709],[14.7472815,46.5007758],[14.747098,46.4991007],[14.7483348,46.4975993],[14.7506877,46.4993353],[14.7530198,46.5007397],[14.7554608,46.5018832],[14.7588091,46.5041016],[14.759093,46.5044433],[14.7600184,46.504535],[14.7610439,46.5043785],[14.7613857,46.5040164],[14.7630495,46.5039317],[14.7633305,46.5040946],[14.7653727,46.5043548],[14.7688887,46.5045873],[14.7729694,46.5038907],[14.7751831,46.5044612],[14.7768163,46.5046024],[14.7773906,46.503067],[14.779096,46.5014545],[14.7797782,46.5004133],[14.779998,46.5003144],[14.7802391,46.5008863],[14.7809238,46.5014416],[14.7815816,46.5010213],[14.7819695,46.5011371],[14.7830557,46.5010478],[14.7834091,46.5002567],[14.7840692,46.4996775],[14.7843696,46.499492],[14.7854698,46.4994832],[14.7860174,46.4999552],[14.7889577,46.5007493],[14.7900774,46.5014028],[14.7908042,46.501545],[14.7912795,46.5020464],[14.7921661,46.5023078],[14.7945345,46.5035324],[14.7988118,46.504135],[14.7993797,46.5045417],[14.80147,46.5053265],[14.8022583,46.5059072],[14.8052947,46.5071132],[14.8060084,46.5075798],[14.8084897,46.5077915],[14.8097004,46.5077204],[14.8104236,46.5078742],[14.8113866,46.5077698],[14.8117205,46.5078758],[14.8119891,46.5082344],[14.8128183,46.5083889],[14.8137412,46.5081578],[14.8146132,46.5081589],[14.8163796,46.5087958],[14.8168329,46.5091157],[14.8186088,46.5093839],[14.8189971,46.5101751],[14.8188947,46.5106226],[14.8192364,46.5110477],[14.8189786,46.5120431],[14.819144,46.513396],[14.8182375,46.5153633],[14.818498,46.5156724],[14.8185622,46.5160635],[14.8181155,46.5173152],[14.8184603,46.5175473],[14.8182735,46.5178853],[14.8185889,46.5188374],[14.819306,46.5194911],[14.8187913,46.5196787],[14.8177353,46.5205858],[14.8176033,46.5219774],[14.8180546,46.5224589],[14.8201091,46.5233076],[14.8220587,46.5245945],[14.8224259,46.5255615],[14.8223365,46.5265921],[14.8225317,46.5272575],[14.823792,46.5288215],[14.8244247,46.5290324],[14.8248328,46.5295755],[14.8251926,46.529763],[14.8251531,46.5300288],[14.8238863,46.5305745],[14.8226865,46.5323269],[14.8226493,46.533228],[14.8229637,46.5339225],[14.8227524,46.5346539],[14.822938,46.5355915],[14.8234679,46.536351],[14.8244315,46.5359059],[14.8261004,46.5361753],[14.8265554,46.5367326],[14.8281242,46.5377717],[14.8298621,46.5385693],[14.8310236,46.5385281],[14.8318602,46.5393228],[14.8313979,46.5393596],[14.8303146,46.5398579],[14.8296847,46.5406731],[14.8291984,46.5408935],[14.8288282,46.5412869],[14.8285662,46.5418468],[14.8277239,46.5422811],[14.8260353,46.542875],[14.8241875,46.5428669],[14.8230215,46.5432511],[14.8228911,46.544586],[14.8231876,46.5450358],[14.8230581,46.5459024],[14.8255409,46.5457435],[14.8252515,46.5466744],[14.8260574,46.5473585],[14.826062,46.5480519],[14.8276738,46.5478295],[14.8286478,46.5482256],[14.8291017,46.5485924],[14.8304436,46.548493],[14.8301059,46.5480924],[14.8313216,46.5479328],[14.8320048,46.5483146],[14.8319426,46.5484611],[14.8322958,46.5485321],[14.8321301,46.5506562],[14.8319644,46.5511662],[14.8330793,46.5514063],[14.833575,46.5520402],[14.8345747,46.5522569],[14.8342369,46.5533062],[14.8343377,46.5536768],[14.8350409,46.5540511],[14.8356926,46.5550083],[14.836628,46.5557608],[14.8373708,46.5571379],[14.8374393,46.5575906],[14.8379984,46.5580811],[14.8380864,46.5586546],[14.8374622,46.5595088],[14.8378031,46.5596994],[14.8374931,46.5608092],[14.8372107,46.5611821],[14.8364446,46.5614594],[14.8346264,46.5629212],[14.8345131,46.5632224],[14.8355101,46.5650612],[14.8363076,46.5657376],[14.8378726,46.5663556],[14.8384873,46.566334],[14.8395935,46.5657468],[14.8401684,46.5658974],[14.8402621,46.5662428],[14.8399113,46.5663539],[14.8399516,46.5666927],[14.8393709,46.5673216],[14.8388964,46.5674549],[14.838841,46.5677048],[14.8379197,46.5679975],[14.8379967,46.5690832],[14.8398435,46.571288],[14.8396019,46.5714906],[14.839583,46.5717171],[14.8400666,46.5721093],[14.8399839,46.5723053],[14.8402579,46.5727625],[14.8417076,46.5737973],[14.8430507,46.5753315],[14.8437301,46.575659],[14.8438766,46.5759195],[14.8436796,46.5763117],[14.8437187,46.5769879],[14.8445696,46.5776411],[14.8451288,46.57783],[14.8461395,46.5786351],[14.847698,46.579411],[14.8481688,46.5798294],[14.8493594,46.5801812],[14.8495705,46.5803876],[14.852037,46.5806503],[14.8518211,46.5817514],[14.8521445,46.5825526],[14.8538566,46.5843747],[14.8547099,46.5848721],[14.8561838,46.5867551],[14.855854,46.5868054],[14.8558626,46.5878631],[14.8559847,46.588271],[14.8564743,46.5887797],[14.8567055,46.5902671],[14.8570911,46.5915071],[14.8565175,46.5921406],[14.857975,46.5930684],[14.8614618,46.5938798],[14.8622538,46.5936579],[14.8637156,46.5936153],[14.864772,46.5933024],[14.8648045,46.593546],[14.8646488,46.5937],[14.8649146,46.5943394],[14.8648513,46.5947664],[14.865264,46.5949962],[14.8665529,46.5966858],[14.8668723,46.5974067],[14.8666803,46.5975665],[14.8667088,46.5977415],[14.8674318,46.5986792],[14.8675742,46.5993906],[14.8667953,46.6000881],[14.8665019,46.600617],[14.866625,46.6011627],[14.8664308,46.6021801],[14.8668732,46.602597],[14.8665378,46.6029515],[14.8665515,46.6032751],[14.8670662,46.6038298],[14.8670596,46.6043732],[14.8673137,46.6046913],[14.869728,46.6064493],[14.8699631,46.6068723],[14.8704007,46.6072185],[14.8722022,46.6077216],[14.8729638,46.607516],[14.8733248,46.6076975],[14.8735432,46.6082108],[14.8741313,46.6083925],[14.8759374,46.6082392],[14.8769358,46.6083657],[14.877704,46.6081564],[14.8786654,46.608296],[14.8790248,46.6085044],[14.8790823,46.6088467],[14.8799511,46.6092319],[14.8802785,46.6097854],[14.8804154,46.6106968],[14.8796488,46.6112474],[14.8809861,46.6112675],[14.8844003,46.611785],[14.88455,46.6121812],[14.8852329,46.6125223],[14.8864252,46.6127324],[14.8891265,46.6124995],[14.8898136,46.6126501],[14.8905094,46.6119545],[14.8963801,46.6101795],[14.8968931,46.6101994],[14.8992952,46.6117159],[14.9008825,46.6120434],[14.9008259,46.6116379],[14.9010353,46.6107524],[14.9003025,46.6101809],[14.9002016,46.6095353],[14.9013366,46.6089882],[14.9020466,46.6079651],[14.9029263,46.6076621],[14.9035044,46.6078074],[14.9041362,46.6071538],[14.9047844,46.6059447],[14.9044858,46.6048734],[14.9057506,46.6052431],[14.9070776,46.6050837],[14.908563,46.6051182],[14.9095542,46.6049838],[14.9108475,46.6042047],[14.9114035,46.6040516],[14.9129921,46.6043929],[14.913536,46.6042546],[14.9138539,46.6050194],[14.9136167,46.6056884],[14.9136664,46.6063647],[14.9138105,46.6063434],[14.9141921,46.606143],[14.9153767,46.6059768],[14.9160268,46.6055838],[14.9166336,46.6050814],[14.9170741,46.6042517],[14.9178103,46.6034708],[14.9189011,46.6019035],[14.9195671,46.6020793],[14.9230463,46.6032588],[14.9236225,46.6047484],[14.9229948,46.6048887],[14.9223055,46.6060988],[14.9217499,46.6066365],[14.9221901,46.6087802],[14.922455,46.6092811],[14.9224281,46.6102883],[14.9226135,46.6110103],[14.9215906,46.6125174],[14.921464,46.6133357],[14.9215738,46.6140675],[14.9211607,46.6155525],[14.920418,46.6162652],[14.920522,46.6173888],[14.9211533,46.6184622],[14.9217825,46.6188293],[14.9221105,46.6194216],[14.9228341,46.619996],[14.9229533,46.6201981],[14.9228825,46.6208928],[14.9239241,46.6204274],[14.9260583,46.6200265],[14.9270254,46.6194156],[14.9275133,46.619441],[14.9282776,46.6191806],[14.928617,46.6187738],[14.9286982,46.618223],[14.9295197,46.6171482],[14.9301775,46.6165198],[14.9306022,46.6157717],[14.9312359,46.6153208],[14.9320363,46.6160106],[14.9335522,46.6163243],[14.9338791,46.6172242],[14.9351057,46.618216],[14.9363907,46.619768],[14.9369775,46.62017],[14.937903,46.6202998],[14.939928,46.6195741],[14.9417895,46.620747],[14.9421184,46.6212366],[14.9415172,46.6214056],[14.9437742,46.6229297],[14.9433531,46.6231824],[14.943886,46.6235323],[14.9441484,46.6233377],[14.9478137,46.6257538],[14.947563,46.6259494],[14.9512499,46.6286597],[14.9506193,46.6290681],[14.9518215,46.6299796],[14.9525101,46.6296616],[14.9530525,46.6299934],[14.9542053,46.6309522],[14.9556718,46.6327173],[14.9670696,46.6278507],[14.9691321,46.6260675],[14.9710147,46.6239926],[14.9715251,46.6231615],[14.9721978,46.6210788],[14.9731874,46.6190943],[14.9738577,46.6171307],[14.9741654,46.6152625],[14.9741097,46.613944],[14.974426,46.6103893],[14.9747865,46.6084531],[14.9768764,46.6043328],[14.9786968,46.6025909],[14.979376,46.6014039],[14.9815914,46.6024129],[14.9823601,46.6024394],[14.9827203,46.6026166],[14.9828386,46.6029632],[14.9834291,46.6030685],[14.9837014,46.603315],[14.9845898,46.6036266],[14.9848872,46.6041148],[14.9847044,46.6044134],[14.9853302,46.6049232],[14.986159,46.6050016],[14.9863909,46.6054776],[14.9862479,46.6057954],[14.9869402,46.6063281],[14.9867718,46.6068866],[14.9864448,46.6072007],[14.9866343,46.6075622],[14.9864013,46.6081149],[14.9866901,46.6084632],[14.9873698,46.6087352],[14.9878458,46.6093651],[14.9886032,46.6095388],[14.9888182,46.6100722],[14.9895795,46.610067],[14.9901718,46.610538],[14.9904921,46.6105759],[14.9911412,46.6112251],[14.9915193,46.6113115],[14.9915383,46.6116045],[14.9923607,46.6119129],[14.9927298,46.6123059],[14.9927922,46.6126902],[14.9934701,46.6132538],[14.9938647,46.6133222],[14.9938614,46.6135883],[14.9949892,46.6138731],[14.9960289,46.6153216],[14.9961783,46.6158625],[14.9959348,46.6163848],[14.995307,46.6167502],[14.9947103,46.617638],[14.9943944,46.6177748],[14.9947841,46.6190096],[14.995026,46.6191771],[14.9947593,46.6193543],[14.9950081,46.6199096],[14.9946452,46.6212374],[14.9950475,46.621362],[14.995306,46.6216348],[14.9953441,46.6219269],[14.9957273,46.6220796],[14.9958203,46.6223077],[14.9961958,46.6223752],[14.9965295,46.6228788],[14.9972399,46.6234078],[14.998587,46.6239508],[14.9989691,46.6247473],[15.0003991,46.626258],[15.0004195,46.6266229],[15.0015413,46.6269984],[15.0019438,46.6275835],[15.0024709,46.6279484],[15.0043353,46.6288422],[15.0052,46.6299589],[15.0064036,46.6308308],[15.0062521,46.6317318],[15.0063644,46.6320949],[15.006926,46.6323265],[15.0070546,46.6326186],[15.0076507,46.6329598],[15.007866,46.6334282],[15.0089561,46.6336852],[15.0095814,46.6336281],[15.0117391,46.6347104],[15.0119366,46.6353613],[15.0118679,46.6355982],[15.0125393,46.6365788],[15.013068,46.6369542],[15.0130362,46.6374175],[15.0132095,46.6376937],[15.0139396,46.6384972],[15.0147038,46.6385629],[15.0151687,46.6388927],[15.0153209,46.6398188],[15.0159944,46.640472],[15.0161603,46.6408348],[15.0206162,46.642231],[15.021549,46.6423477],[15.0296454,46.6449395],[15.0300668,46.6451695],[15.0312044,46.6468415],[15.0340181,46.6489322],[15.0358656,46.6494194],[15.0369628,46.6494112],[15.0395699,46.6503948],[15.0410367,46.6517696],[15.0440091,46.6521116],[15.0451327,46.6519137],[15.0456997,46.6516236],[15.0484782,46.6518551],[15.0505532,46.6516246],[15.0537137,46.6515409],[15.0566493,46.651795],[15.0582385,46.6521441],[15.0648091,46.6518163],[15.0650848,46.65201],[15.0651507,46.6523254],[15.064967,46.653413],[15.064482,46.65404],[15.0641446,46.6562125],[15.06423,46.6569435],[15.063976,46.658129],[15.063448,46.658854],[15.062356,46.659609],[15.059545,46.660022],[15.057789,46.660023],[15.056832,46.660481],[15.056312,46.660912],[15.054112,46.660864],[15.053872,46.661735],[15.050141,46.665751],[15.049262,46.666139],[15.049283,46.667164],[15.049756,46.667798],[15.049882,46.668378],[15.050573,46.66897],[15.050708,46.669284],[15.0506635,46.6701067],[15.050031,46.6702],[15.04827,46.669475],[15.046511,46.669613],[15.045763,46.669108],[15.043961,46.668528],[15.043941,46.66758],[15.043664,46.66721],[15.041153,46.666844],[15.040187,46.666805],[15.038913,46.667003],[15.038299,46.666781],[15.037547,46.666167],[15.034624,46.665884],[15.032944,46.666782],[15.031451,46.667208],[15.03066,46.667849],[15.028997,46.668754],[15.026652,46.668953],[15.02452,46.669736],[15.02334,46.670729],[15.023455,46.67156],[15.022422,46.672477],[15.0223713,46.6730326],[15.022859,46.674],[15.023548,46.673891],[15.024638,46.674166],[15.024625,46.675479],[15.025035,46.67616],[15.025903,46.676236],[15.026407,46.676477],[15.026844,46.676966],[15.027561,46.677233],[15.029454,46.677308],[15.029983,46.677497],[15.030452,46.678004],[15.0305829,46.6790675],[15.0303548,46.6806172],[15.03045,46.681391],[15.030997,46.682945],[15.031723,46.683952],[15.0318124,46.684785],[15.0319904,46.6847583],[15.032107,46.685729],[15.032659,46.687061],[15.032898,46.689272],[15.032533,46.691259],[15.033903,46.693052],[15.034401,46.694438],[15.034004,46.694909],[15.034313,46.695684],[15.034027,46.696965],[15.034276,46.698214],[15.035063,46.69932],[15.034846,46.702939],[15.034729,46.703546],[15.034342,46.704112],[15.0344049,46.7048754],[15.034671,46.705467],[15.034534,46.705837],[15.035555,46.707222],[15.036587,46.709448],[15.037728,46.710517],[15.038564,46.711041],[15.039926,46.711285],[15.041318,46.711872],[15.044351,46.714673],[15.044041,46.716588],[15.042479,46.719685],[15.042275,46.72088],[15.043507,46.721025],[15.0430007,46.7223853],[15.04261,46.722875],[15.042661,46.7234],[15.041549,46.724207],[15.039414,46.724671],[15.037956,46.725747],[15.037539,46.725885],[15.0359948,46.7278782],[15.035863,46.728259],[15.037167,46.729166],[15.037287,46.729582],[15.039011,46.731656],[15.039196,46.732132],[15.039579,46.732417],[15.043269,46.732262],[15.044593,46.732959],[15.044254,46.73348],[15.0432202,46.7338477],[15.042277,46.735248],[15.041287,46.73602],[15.038417,46.736646],[15.033139,46.742518],[15.033097,46.743313],[15.0315308,46.7457587],[15.031583,46.746604],[15.031966,46.747487],[15.032233,46.747972],[15.032874,46.748376],[15.033295,46.748887],[15.033609,46.749368],[15.033559,46.749826],[15.0330137,46.7505376],[15.0326956,46.7514139],[15.030978,46.753958],[15.029753,46.754715],[15.028227,46.756115],[15.0275999,46.7579426],[15.0275087,46.7588768],[15.027236,46.759343],[15.0275838,46.7598611],[15.027446,46.760497],[15.028134,46.761533],[15.028138,46.762441],[15.0291939,46.7626192],[15.029728,46.762942],[15.029867,46.763216],[15.029494,46.763469],[15.029809,46.764228],[15.0302743,46.7643278],[15.030807,46.765063],[15.03065,46.765884],[15.0308207,46.7661705],[15.030741,46.7668096],[15.0309441,46.7672225],[15.030998,46.767882],[15.0305597,46.769298],[15.029463,46.770306],[15.028332,46.770531],[15.026887,46.771359],[15.026693,46.771681],[15.026718,46.772338],[15.02547,46.77242],[15.024362,46.772675],[15.023858,46.772981],[15.019306,46.773157],[14.997595,46.7788],[14.9966751,46.7808233],[14.9902373,46.7813213],[14.9881545,46.7817093],[14.9852213,46.7818238],[14.9838933,46.7816928],[14.9789071,46.7834584],[14.9762624,46.7847833],[14.977363,46.7876209],[14.978741,46.788959],[14.979496,46.791501],[14.978774,46.796371],[14.979832,46.800968],[14.981051,46.804311],[14.981866,46.805938],[14.984522,46.808273],[14.9877197,46.8094395],[14.987519,46.810814],[14.989695,46.815922],[14.990381,46.822422],[14.992457,46.823199],[14.995444,46.827478],[14.997346,46.828374],[15.00593,46.831793],[15.01209,46.832601],[15.013383,46.833203],[15.014652,46.83557],[15.0158456,46.8384967],[15.016365,46.840442],[15.019628,46.844256],[15.019066,46.845161],[15.017401,46.846489],[15.015498,46.848631],[15.0143623,46.8493672],[15.013527,46.850666],[15.012308,46.851998],[15.011922,46.852268],[15.011772,46.852173],[15.011551,46.852443],[15.0116495,46.8526434],[15.011485,46.853098],[15.009751,46.854907],[15.009474,46.8559894],[15.009116,46.856532],[15.009016,46.857455],[15.008747,46.857947],[15.008421,46.861442],[15.0086082,46.8625551],[15.009185,46.864011],[15.0102558,46.8691754],[15.010602,46.869214],[15.010404,46.870317],[15.0107789,46.8709301],[15.01064,46.871854],[15.0103162,46.8720329],[15.0099581,46.8726591],[15.0085339,46.8738403],[15.008355,46.87415],[15.007921,46.876378],[15.007925,46.8773751],[15.0080352,46.8773918],[15.008262,46.878834],[15.008109,46.879607],[15.00822,46.879866],[15.009174,46.87968],[15.011271,46.880058],[15.012261,46.880511],[15.012926,46.880547],[15.013603,46.880965],[15.014873,46.880816],[15.0149013,46.8813879],[15.015285,46.881617],[15.016108,46.882998],[15.01753,46.883579],[15.016791,46.883957],[15.017435,46.88478],[15.017758,46.885943],[15.017326,46.886728],[15.017403,46.887134],[15.018838,46.889201],[15.01938,46.891972],[15.020075,46.893325],[15.021614,46.894951],[15.022513,46.896995],[15.021935,46.898602],[15.023894,46.899454],[15.0239662,46.9010702],[15.023791,46.902744],[15.024659,46.903556],[15.0256755,46.9041385],[15.026534,46.905403],[15.0267799,46.9054591],[15.027479,46.906598],[15.027775,46.90768],[15.0272489,46.9087231],[15.0268507,46.9103626],[15.025824,46.911071],[15.025684,46.911544],[15.024859,46.912325],[15.024533,46.913225],[15.023035,46.914161],[15.022159,46.914449],[15.020106,46.916064],[15.0201982,46.9162117],[15.020019,46.9164596],[15.0201926,46.9169921],[15.0200162,46.9171671],[15.020414,46.918884],[15.019837,46.9196983],[15.018346,46.921089],[15.0173712,46.9224832],[15.016091,46.922985],[15.015102,46.923815],[15.014844,46.9242684],[15.01332,46.924254],[15.010656,46.925623],[15.009725,46.926385],[15.0095496,46.9271492],[15.009088,46.9277836],[15.007155,46.929604],[15.006469,46.930027],[15.0057646,46.9301076],[15.0043712,46.9297921],[15.0016431,46.9315137],[15.0008535,46.9314683],[14.998695,46.930839],[14.996923,46.931034],[14.998751,46.932401],[14.998129,46.933095],[14.997021,46.933725],[14.99603,46.935067],[14.994857,46.935677],[14.992701,46.93835],[14.992309,46.938581],[14.992337,46.93889],[14.993092,46.93931],[14.993436,46.939801],[14.993279,46.939979],[14.993445,46.940229],[14.993939,46.940477],[14.99411,46.940811],[14.993807,46.940983],[14.993383,46.941847],[14.991333,46.9426499],[14.989217,46.944685],[14.9890228,46.9468216],[14.988413,46.948199],[14.9884946,46.9484205],[14.988346,46.948918],[14.987877,46.949635],[14.988017,46.949915],[14.986104,46.951788],[14.986306,46.952174],[14.985723,46.952737],[14.985685,46.953208],[14.984123,46.954377],[14.983547,46.954589],[14.981793,46.956097],[14.9809498,46.9564627],[14.979722,46.957708],[14.979422,46.958614],[14.979572,46.959924],[14.979162,46.961561],[14.9792275,46.9623006],[14.979099,46.9627293],[14.979248,46.962945],[14.979069,46.963565],[14.977747,46.9650189],[14.9768864,46.9662517],[14.976069,46.967046],[14.973784,46.967703],[14.972634,46.968652],[14.9724594,46.9690664],[14.9725441,46.9695428],[14.972412,46.97022],[14.972111,46.970888],[14.972221,46.971385],[14.971161,46.974443],[14.970759,46.974711],[14.970047,46.974884],[14.970215,46.975075],[14.968176,46.976761],[14.968066,46.977152],[14.967008,46.978336],[14.967492,46.979438],[14.967074,46.98147],[14.966609,46.982208],[14.962032,46.984343],[14.961861,46.984689],[14.96202,46.985211],[14.961453,46.985167],[14.960966,46.986396],[14.9599112,46.9872252],[14.9587493,46.9884754],[14.956811,46.989417],[14.955799,46.989222],[14.954775,46.989829],[14.953273,46.990443],[14.953356,46.990637],[14.952989,46.991115],[14.952286,46.991721],[14.949324,46.992996],[14.947553,46.992659],[14.943964,46.992479],[14.938623,46.99296],[14.926705,46.995283],[14.925023,46.995952],[14.922211,46.996599],[14.922093,46.996781],[14.919383,46.996973],[14.916913,46.997753],[14.913133,46.998442],[14.913336,46.998876],[14.903989,47.0003],[14.899305,47.003573],[14.895472,47.005716],[14.893745,47.006515],[14.891986,47.007822],[14.890881,47.0083487],[14.8892274,47.0084825],[14.888478,47.008653],[14.88795,47.008969],[14.886333,47.010291],[14.885537,47.011172],[14.8832761,47.0141013],[14.881903,47.016161],[14.880087,47.017484],[14.8764576,47.019657],[14.874214,47.021878],[14.873235,47.022525],[14.869444,47.023258],[14.86546,47.024601],[14.8592271,47.0253509],[14.8562337,47.0252682],[14.8560379,47.0260362],[14.8513955,47.0298017],[14.8469694,47.0329305],[14.8449312,47.0355521],[14.841385,47.037588],[14.840387,47.038371],[14.840638,47.041139],[14.840108,47.042284],[14.8435097,47.0476042],[14.844473,47.0481],[14.842427,47.048644],[14.84086,47.048671],[14.840634,47.048489],[14.839532,47.048405],[14.835205,47.048242],[14.834003,47.048489],[14.832658,47.049323],[14.831648,47.04959],[14.830539,47.049571],[14.829029,47.048855],[14.825613,47.048208],[14.824673,47.047754],[14.8242228,47.0473918],[14.8240776,47.0469994],[14.823454,47.046341],[14.823576,47.045764],[14.82334,47.04532],[14.8218508,47.0444636],[14.818055,47.043797],[14.817301,47.043224],[14.81708,47.042155],[14.814905,47.041076],[14.813929,47.040792],[14.81231,47.040957],[14.810249,47.039844],[14.807665,47.038951],[14.807158,47.03906],[14.80632,47.039716],[14.805669,47.039653],[14.805315,47.038998],[14.804872,47.038878],[14.803928,47.038924],[14.803758,47.039167],[14.802948,47.039235],[14.80251,47.038894],[14.801647,47.038646],[14.800378,47.038466],[14.799338,47.038574],[14.798974,47.038432],[14.797991,47.03846],[14.79671,47.037825],[14.795954,47.036792],[14.795266,47.036515],[14.793738,47.036471],[14.792306,47.03743],[14.790977,47.037688],[14.790462,47.037962],[14.790235,47.038405],[14.788526,47.038875],[14.787508,47.0388],[14.785505,47.038186],[14.7852929,47.0380601],[14.785177,47.037704],[14.783289,47.037564],[14.78277,47.037385],[14.781959,47.037642],[14.779681,47.037906],[14.775789,47.039027],[14.77374,47.039386],[14.772408,47.039419],[14.77202,47.039638],[14.77144,47.039498],[14.771144,47.03913],[14.770295,47.038869],[14.769882,47.03899],[14.7673479,47.0385609],[14.764595,47.037152],[14.763751,47.037082],[14.763273,47.036729],[14.760647,47.035678],[14.759881,47.035053],[14.758452,47.034763],[14.757612,47.034271],[14.756337,47.034085],[14.754835,47.033081],[14.753696,47.033372],[14.753315,47.033089],[14.751165,47.032766],[14.750601,47.032479],[14.7488934,47.0323603],[14.748037,47.031829],[14.746708,47.031613],[14.746278,47.031334],[14.745278,47.031244],[14.742916,47.03041],[14.741414,47.030336],[14.738977,47.029015],[14.735055,47.027777],[14.734506,47.027399],[14.734026,47.027402],[14.7333952,47.0271266],[14.733216,47.026897],[14.7322021,47.0267389],[14.730058,47.02445],[14.7297611,47.0243173],[14.729797,47.023956],[14.729208,47.023662],[14.7292588,47.0231485],[14.728194,47.0226786],[14.7277843,47.0227503],[14.7268696,47.0223664],[14.7270547,47.0220884],[14.7268717,47.0212597],[14.7271996,47.0204976],[14.7278315,47.0201019],[14.7277387,47.0196967],[14.7286339,47.0190416],[14.7286607,47.0188715],[14.7283496,47.0186137],[14.7286017,47.018162],[14.7283978,47.0173684],[14.7290771,47.0160285],[14.7285085,47.0162096],[14.7273498,47.0169867],[14.7266899,47.0176816],[14.7268911,47.0181754],[14.7267731,47.0183747],[14.7258933,47.0185411],[14.725212,47.0191171],[14.7243725,47.0194041],[14.7236295,47.0202764],[14.7226016,47.0206233],[14.7204404,47.0198942],[14.7181867,47.0197072],[14.7172184,47.0190343],[14.7166659,47.0184016],[14.716004,47.0181571],[14.7151618,47.0184588],[14.7149016,47.0187075],[14.7133594,47.0186911],[14.7132145,47.0195943],[14.7117789,47.0202174],[14.7083027,47.0199394],[14.706965,47.0190348],[14.703997,47.0199076],[14.703636,47.019078],[14.702887,47.018345],[14.700814,47.017638],[14.699625,47.017028],[14.6986752,47.0163009],[14.696257,47.017539],[14.693785,47.018158],[14.692684,47.018158],[14.691905,47.018537],[14.691208,47.018503],[14.689939,47.018867],[14.687687,47.018492],[14.685782,47.01856],[14.6835862,47.0180768],[14.682926,47.018252],[14.6798507,47.0176026],[14.6785164,47.0178695],[14.676935,47.0176702],[14.6748541,47.0177815],[14.6740055,47.0180092],[14.669941,47.018305],[14.668929,47.018086],[14.664849,47.018314],[14.663878,47.01793],[14.661192,47.017642],[14.656487,47.016711],[14.655187,47.015888],[14.653045,47.015376],[14.650065,47.014123],[14.648493,47.014473],[14.643496,47.013994],[14.641791,47.014395],[14.638825,47.014791],[14.635104,47.01426],[14.634606,47.014487],[14.6331175,47.0143973],[14.632986,47.01397],[14.632602,47.01354],[14.6305385,47.0137075],[14.629701,47.01344],[14.627747,47.013577],[14.626761,47.012571],[14.625682,47.012595],[14.624781,47.012109],[14.624866,47.01112],[14.624317,47.010392],[14.6237576,47.010033],[14.623138,47.009352],[14.622687,47.008529],[14.622866,47.008278],[14.622722,47.007921],[14.621821,47.006584],[14.6184728,47.0040094],[14.617035,47.00203],[14.615255,46.9979457],[14.609828,46.998606],[14.602436,47.000855],[14.60138,47.000653],[14.595647,47.001576],[14.592768,47.001634],[14.589925,47.003967],[14.5879303,47.008003],[14.587647,47.008865],[14.586573,47.010595],[14.586773,47.011514],[14.585924,47.011717],[14.581895,47.011981],[14.578754,47.012544],[14.576996,47.0127038],[14.576062,47.01247],[14.575406,47.012656],[14.574059,47.0123711],[14.57321,47.011987],[14.570283,47.012168],[14.569956,47.012326],[14.568588,47.012227],[14.566658,47.012403],[14.566415,47.012566],[14.565045,47.01252],[14.5637176,47.0121999],[14.562988,47.012306],[14.561822,47.012203],[14.560764,47.012543],[14.559977,47.013366],[14.558176,47.013373],[14.557246,47.013112],[14.555969,47.012359],[14.555339,47.012302],[14.554403,47.011825],[14.550615,47.011577],[14.549483,47.012035],[14.5482427,47.0129287],[14.545535,47.013253],[14.544209,47.012428],[14.542194,47.01264],[14.541103,47.012522],[14.5409133,47.012057],[14.540664,47.011925],[14.539729,47.012084],[14.538278,47.011817],[14.536076,47.011924],[14.535574,47.01174],[14.533774,47.011706],[14.533113,47.011522],[14.532682,47.011789],[14.532052,47.011725],[14.531051,47.011028],[14.529854,47.010797],[14.528999,47.009822],[14.5271588,47.0091903],[14.5259535,47.0092892],[14.524857,47.009105],[14.522878,47.009504],[14.521396,47.009515],[14.521013,47.009652],[14.519161,47.009426],[14.517899,47.009815],[14.517401,47.009644],[14.516501,47.009797],[14.516184,47.009622],[14.51642,47.009243],[14.5163452,47.0090789],[14.516127,47.008765],[14.5157419,47.0086504],[14.5156246,47.0088249],[14.5160459,47.0092665],[14.515588,47.009517],[14.5159866,47.0099717],[14.5158441,47.0103689],[14.515569,47.010491],[14.5157236,47.0108219],[14.515549,47.010909],[14.5157107,47.0111616],[14.5159999,47.0110724],[14.515882,47.011254],[14.516484,47.012449],[14.5165375,47.0127407],[14.5163673,47.0129251],[14.5165095,47.0131738],[14.516368,47.013423],[14.5153481,47.0139474],[14.514844,47.014396],[14.513561,47.0141643],[14.513263,47.014393],[14.512495,47.014266],[14.5127445,47.0145663],[14.51254,47.014775],[14.511564,47.014932],[14.511674,47.015202],[14.511224,47.01514],[14.511088,47.014868],[14.5109056,47.0150421],[14.510932,47.015254],[14.5099381,47.0154213],[14.5097986,47.0150995],[14.5096028,47.0150995],[14.509476,47.015495],[14.5091119,47.0154067],[14.5091978,47.0155347],[14.509033,47.015701],[14.508404,47.015781],[14.508643,47.01617],[14.5084595,47.0160692],[14.507921,47.0162863],[14.507746,47.016197],[14.507688,47.016698],[14.506744,47.016709],[14.506703,47.017028],[14.506406,47.017051],[14.505673,47.017626],[14.505675,47.017944],[14.504943,47.017826],[14.5043725,47.0184935],[14.503348,47.01878],[14.503176,47.019016],[14.5032594,47.0196968],[14.503872,47.0200927],[14.503993,47.020646],[14.503142,47.022184],[14.503139,47.022511],[14.504536,47.023826],[14.5051912,47.024143],[14.504802,47.025155],[14.50494,47.025829],[14.50485,47.0261201],[14.5050177,47.0261765],[14.5049428,47.0264765],[14.505779,47.026786],[14.506235,47.027161],[14.5064192,47.0279441],[14.505757,47.028227],[14.503318,47.026154],[14.5028498,47.0265466],[14.501716,47.025879],[14.501163,47.026345],[14.500604,47.025981],[14.500565,47.026139],[14.499653,47.025847],[14.4985859,47.0258053],[14.4970123,47.0262325],[14.496485,47.025837],[14.496054,47.025744],[14.495743,47.025202],[14.495357,47.024941],[14.492151,47.024949],[14.491142,47.024608],[14.4907399,47.0234643],[14.4894704,47.0228603],[14.485997,47.022572],[14.484141,47.021162],[14.4831578,47.0208857],[14.482336,47.021058],[14.480669,47.020726],[14.480959,47.020408],[14.480484,47.020118],[14.4792,47.019587],[14.477947,47.019399],[14.476312,47.018132],[14.47709,47.01778],[14.476229,47.017174],[14.475336,47.01599],[14.475513,47.015901],[14.475239,47.015311],[14.475135,47.013992],[14.475572,47.012947],[14.474817,47.011828],[14.474638,47.011841],[14.4745477,47.0111239],[14.4736706,47.0091362],[14.4733104,47.0086373],[14.4718628,47.0077145],[14.471307,47.007657],[14.471221,47.008393],[14.470535,47.009129],[14.470596,47.009355],[14.471299,47.009684],[14.471361,47.010504],[14.471093,47.010884],[14.468565,47.011265],[14.4683198,47.0111727],[14.4681904,47.0109142],[14.467709,47.010734],[14.467031,47.010767],[14.465672,47.010526],[14.464356,47.009747],[14.464029,47.009931],[14.462694,47.010139],[14.460586,47.011092],[14.4600763,47.0110346],[14.4589546,47.013876],[14.45868,47.014295],[14.458369,47.014117],[14.457979,47.012783],[14.45703,47.011607],[14.456992,47.010422],[14.457287,47.009807],[14.458604,47.009179],[14.4587432,47.0088977],[14.459458,47.008379],[14.460108,47.007228],[14.46017,47.006613],[14.459428,47.005168],[14.4598127,47.0037809],[14.459875,47.001841],[14.458339,46.997603],[14.457373,46.997727],[14.456685,46.995939],[14.455084,46.995849],[14.453469,46.995272],[14.450876,46.994964],[14.4488075,46.9944787],[14.448057,46.995714],[14.448015,46.996676],[14.447459,46.998328],[14.447083,46.997563],[14.446001,46.996537],[14.444368,46.996422],[14.441523,46.995935],[14.44282,46.997104],[14.440128,46.997599],[14.439147,46.99676],[14.438422,46.996835],[14.436531,46.996639],[14.434479,46.99705],[14.434247,46.997627],[14.434814,46.998568],[14.434055,46.998936],[14.433132,46.999114],[14.432869,46.998988],[14.431754,46.999306],[14.430318,46.999977],[14.430194,47.000207],[14.430408,47.000408],[14.430198,47.00048],[14.428776,46.999626],[14.430351,46.997901],[14.430966,46.997082],[14.43086,46.997008],[14.429027,46.996273],[14.428356,46.996191],[14.426833,46.99682],[14.425829,46.996739],[14.424461,46.996077],[14.4246485,46.9956857],[14.425145,46.99529],[14.425169,46.994937],[14.424078,46.99463],[14.423459,46.994052],[14.422951,46.993961],[14.4214789,46.9931766],[14.421462,46.99304],[14.420616,46.992833],[14.419415,46.993101],[14.418871,46.993044],[14.415833,46.99235],[14.413742,46.991328],[14.412693,46.991037],[14.4125938,46.9907144],[14.412199,46.990321],[14.4103888,46.9900281],[14.4092483,46.990375],[14.408909,46.990326],[14.408592,46.989926],[14.407029,46.989919],[14.406651,46.989579],[14.405836,46.98953],[14.405201,46.989153],[14.405147,46.988856],[14.404541,46.98863],[14.40413,46.988227],[14.403146,46.987953],[14.402888,46.988097],[14.402793,46.987794],[14.402087,46.98768],[14.402088,46.987302],[14.400016,46.985075],[14.39991,46.984184],[14.399343,46.983415],[14.3983987,46.9824829],[14.3970078,46.9817127],[14.3966483,46.9810938],[14.3958297,46.9804694],[14.3944175,46.9802087],[14.3923171,46.9801697],[14.391556,46.9819],[14.391296,46.981994],[14.389087,46.981485],[14.388855,46.98117],[14.388203,46.980936],[14.387813,46.980348],[14.385907,46.979997],[14.385764,46.981889],[14.38497,46.982224],[14.3851089,46.982434],[14.3850446,46.9827991],[14.382879,46.983382],[14.3823862,46.9849983],[14.3826671,46.9851454],[14.382768,46.985532],[14.383044,46.985564],[14.382933,46.985766],[14.382025,46.985987],[14.381848,46.987078],[14.382173,46.988417],[14.3819536,46.9888167],[14.381722,46.988898],[14.381896,46.989348],[14.381643,46.990077],[14.38059,46.991231],[14.380229,46.991367],[14.380337,46.991693],[14.377441,46.992146],[14.376798,46.993758],[14.3768563,46.9955919],[14.3767107,46.9959643],[14.3768933,46.9965905],[14.376881,46.9977251],[14.376758,46.997893],[14.377723,46.999051],[14.3777534,47.0003029],[14.37818,47.000706],[14.3779372,47.0011746],[14.378604,47.001659],[14.379627,47.00304],[14.379671,47.003725],[14.379639,47.004138],[14.379378,47.003978],[14.378595,47.004207],[14.3783921,47.0043463],[14.378374,47.004666],[14.37912,47.005425],[14.379004,47.005805],[14.379638,47.006264],[14.377463,47.007279],[14.377094,47.007227],[14.376958,47.007913],[14.37711,47.00834],[14.378541,47.008733],[14.379751,47.009982],[14.380133,47.009984],[14.380425,47.010595],[14.38158,47.011885],[14.3826515,47.0127855],[14.3822607,47.013429],[14.3828084,47.0139816],[14.3825626,47.0139913],[14.3826324,47.014176],[14.3815993,47.0154984],[14.379472,47.0165208],[14.3789782,47.016498],[14.3777774,47.0173112],[14.3771881,47.0172223],[14.3771219,47.017027],[14.3768432,47.0172541],[14.3749123,47.0175425],[14.3739906,47.0179938],[14.3732906,47.0185475],[14.3714887,47.019025],[14.3706878,47.0199621],[14.3704061,47.0220917],[14.3701763,47.0223996],[14.3698579,47.0226486],[14.3677926,47.0230419],[14.3671306,47.023574],[14.3659812,47.0240687],[14.3657638,47.0246539],[14.3643433,47.0249362],[14.3634461,47.0252977],[14.3626607,47.0253105],[14.3616906,47.0252443],[14.3591178,47.0245771],[14.3582842,47.0245637],[14.3569176,47.0253026],[14.3555462,47.025317],[14.3550996,47.0249941],[14.3539256,47.0252935],[14.3529495,47.0252381],[14.3516782,47.0255533],[14.3495002,47.0257785],[14.3485563,47.0256635],[14.347668,47.0258928],[14.3459283,47.0259926],[14.3446135,47.0259272],[14.3434317,47.0255739],[14.341014,47.0237927],[14.3382116,47.0241163],[14.3372766,47.0243536],[14.3339369,47.0259136],[14.3328276,47.0271395],[14.332524,47.0271745],[14.3318942,47.0277111],[14.3314669,47.0284369],[14.3311268,47.0285907],[14.3307644,47.0285203],[14.3300011,47.0293192],[14.3291948,47.0292699],[14.3287219,47.0294536],[14.3285226,47.0297944],[14.326821,47.0295158],[14.3261977,47.0292256],[14.3247761,47.0291971],[14.3235407,47.0289534],[14.3222087,47.0285419],[14.320586,47.0286148],[14.3188391,47.0279539],[14.3153645,47.0281983],[14.3136133,47.0285806],[14.313451,47.0287885],[14.3119659,47.0284868],[14.3106611,47.0290549],[14.3098488,47.0291167],[14.3074442,47.0278703],[14.3057338,47.0275891],[14.3052682,47.028149],[14.303676,47.0287742],[14.3030154,47.0288647],[14.3021699,47.0283923],[14.3006789,47.0279254],[14.3000826,47.0273213],[14.2994314,47.0272242],[14.2987206,47.0268618],[14.2982392,47.0272644],[14.2973224,47.0276412],[14.2965276,47.0276721],[14.295866,47.0273555],[14.2955891,47.0270279],[14.2949704,47.0268962],[14.2935241,47.0268031],[14.2931014,47.0269452],[14.2910297,47.0267238],[14.2909304,47.0260579],[14.2896317,47.0257407],[14.2887699,47.0260453],[14.2881471,47.0260252],[14.2877394,47.0263354],[14.2876409,47.0267229],[14.2872563,47.0271414],[14.2873408,47.0276899],[14.2870653,47.0279038],[14.2860472,47.0278879],[14.2854686,47.0286199],[14.2848936,47.0282663],[14.2844011,47.0282449],[14.2843428,47.0284531],[14.2837742,47.0287895],[14.2830603,47.029005],[14.282283,47.028762],[14.2818171,47.0280157],[14.2818071,47.0277551],[14.2815687,47.0276745],[14.2813243,47.0280027],[14.2811886,47.0279524],[14.2805004,47.0273692],[14.280164,47.0273785],[14.2795235,47.0270006],[14.2793419,47.0268028],[14.2794143,47.0265901],[14.2785287,47.026159],[14.2779346,47.0260749],[14.2774121,47.0262795],[14.2771414,47.0269966],[14.2769092,47.0270439],[14.2761598,47.0270395],[14.2750206,47.0265075],[14.2736551,47.0276147],[14.2737203,47.0283307],[14.2719213,47.0291578],[14.2717223,47.0291794],[14.2715394,47.0289881],[14.2706374,47.0293894],[14.2687088,47.0287728],[14.2679745,47.0287614],[14.2671985,47.0277979],[14.2653043,47.0272222],[14.2648368,47.0259065],[14.2620926,47.0266978],[14.2604439,47.0278266],[14.2598224,47.0278371],[14.2571445,47.0292322],[14.255805,47.0296644],[14.2555797,47.0304628],[14.2529989,47.0329919],[14.2502343,47.0347288],[14.248154,47.0342679],[14.2459063,47.0331429],[14.2450727,47.032157],[14.2444644,47.0319449],[14.2443568,47.0317385],[14.2434963,47.0315396],[14.242023,47.0299037],[14.2397772,47.028404],[14.2390248,47.0282585],[14.2371797,47.0283443],[14.2358958,47.028041],[14.235817,47.0269295],[14.2363015,47.0266253],[14.2363331,47.0258283],[14.235019,47.0258217],[14.2332057,47.0281771],[14.2325115,47.0286474],[14.2321945,47.0294278],[14.2317118,47.0298985],[14.2316585,47.0301818],[14.2305415,47.0317745],[14.2276409,47.0334482],[14.2270586,47.0335229],[14.2261221,47.0339565],[14.2260551,47.034337],[14.2254024,47.0350657],[14.2244589,47.0354664],[14.2244767,47.0358462],[14.2243256,47.0359742],[14.2244569,47.0366815],[14.2237747,47.0379321],[14.2234155,47.0380211],[14.2235134,47.0382607],[14.2232696,47.0386242],[14.2233923,47.0388258],[14.2232797,47.0389849],[14.2236426,47.0393767],[14.2234282,47.0402777],[14.2235874,47.0405743],[14.2232956,47.0407656],[14.2234301,47.0411438],[14.2230998,47.0413034],[14.2231954,47.0416984],[14.2225159,47.0422099],[14.2228036,47.0428141],[14.2226159,47.0430412],[14.2226117,47.0433737],[14.2227727,47.0435819],[14.22263,47.0438616],[14.2227943,47.044452],[14.2225048,47.0446498],[14.2224433,47.0448093],[14.2226386,47.0450172],[14.2224551,47.0452137],[14.2226908,47.0457331],[14.2225233,47.0461042],[14.2227207,47.0468771],[14.2226585,47.0474614],[14.2228953,47.0478255],[14.2225215,47.0493817],[14.2222827,47.0497861],[14.2222268,47.0504618],[14.2210411,47.0517228],[14.221122,47.0523249],[14.2197808,47.0535448],[14.2197327,47.054171],[14.2192644,47.0552765],[14.2186903,47.0556656],[14.2175362,47.0570296],[14.2162606,47.0573671],[14.2159867,47.0581856],[14.2154713,47.0587229],[14.21534,47.0602752],[14.2156034,47.060848],[14.2164866,47.0616679],[14.2144646,47.06275],[14.2135914,47.0637141],[14.2126837,47.0643675],[14.2113397,47.0648494],[14.2109831,47.0654036],[14.2098253,47.0660338],[14.2094226,47.0668377],[14.2089078,47.0670981],[14.2081382,47.0670865],[14.2080525,47.0678215],[14.2076921,47.0677317],[14.2064151,47.0694274],[14.2055869,47.0699748],[14.2048534,47.0711873],[14.2041707,47.0714089],[14.2047849,47.0724471],[14.205247,47.072826],[14.2048672,47.0734168],[14.2049607,47.0738316],[14.2048114,47.0745257],[14.2038762,47.0748566],[14.2037937,47.075198],[14.2044158,47.0759058],[14.2040333,47.0762635],[14.2041279,47.0764816],[14.2039313,47.0767573],[14.2032951,47.0772215],[14.2029157,47.0769365],[14.2024239,47.075897],[14.2019035,47.0755235],[14.200705,47.0748021],[14.1998886,47.0745338],[14.1986972,47.0735904],[14.1974185,47.0734067],[14.1968383,47.0726549],[14.1957295,47.0727479],[14.1947253,47.0722809],[14.1938117,47.0724086],[14.1924959,47.0716565],[14.1918312,47.0716093],[14.1909622,47.0711067],[14.1904457,47.0703668],[14.1896063,47.0702058],[14.1892165,47.0692286],[14.1884859,47.0689293],[14.1884689,47.0683342],[14.1880177,47.0680489],[14.1871771,47.0680961],[14.1869175,47.0679579],[14.1863431,47.0671513],[14.1858478,47.0668988],[14.1851704,47.066882],[14.1850036,47.0667709],[14.1852223,47.0664013],[14.1851175,47.0662693],[14.1843128,47.0660622],[14.1839319,47.0654315],[14.1803316,47.0647375],[14.1797567,47.0648487],[14.1787886,47.064725],[14.1773551,47.0634223],[14.1768557,47.0632379],[14.1762207,47.062472],[14.1748824,47.0621779],[14.1743398,47.0622489],[14.1741321,47.0610776],[14.1735044,47.0603583],[14.1729031,47.0601384],[14.1723413,47.0589716],[14.1723642,47.0586755],[14.1721452,47.0584059],[14.1718714,47.0583974],[14.1716895,47.0578059],[14.1705748,47.057837],[14.1696426,47.0573556],[14.1691902,47.0569543],[14.1687447,47.0562093],[14.1673433,47.0551686],[14.166695,47.0551288],[14.1663699,47.0548059],[14.1653573,47.0543756],[14.1646762,47.053868],[14.1634883,47.0535901],[14.1624498,47.0523949],[14.1615808,47.0524244],[14.1607094,47.0526604],[14.1578217,47.0537268],[14.1563682,47.0540611],[14.1562958,47.0542144],[14.1546755,47.0548743],[14.1534119,47.0549723],[14.1519621,47.0561291],[14.1513684,47.0563564],[14.1511813,47.0567552],[14.1499141,47.0580141],[14.1487224,47.0582477],[14.146515,47.0589879],[14.1456154,47.0590644],[14.1447,47.0594017],[14.1422099,47.0597156],[14.1402682,47.0596666],[14.1402291,47.0603016],[14.1397169,47.0605447],[14.138833,47.0600932],[14.1384123,47.0596679],[14.1383566,47.0593631],[14.1372054,47.0591537],[14.1363796,47.0598934],[14.1361455,47.0605859],[14.1355687,47.0612024],[14.1350857,47.0615093],[14.1346913,47.0615212],[14.1333459,47.0623201],[14.1325621,47.0623395],[14.1317745,47.0618872],[14.1309839,47.0620052],[14.1302486,47.0611491],[14.1298436,47.0613107],[14.1293542,47.0609996],[14.1285177,47.060852],[14.1272299,47.0592997],[14.1252623,47.0580259],[14.1234992,47.0557914],[14.123575,47.0551662],[14.1244723,47.053943],[14.1248522,47.0529236],[14.1246067,47.0510634],[14.1237214,47.0501364],[14.1234862,47.049196],[14.1235785,47.0487328],[14.123665,47.0483494],[14.1251634,47.0464862],[14.1257484,47.0453401],[14.1251234,47.0443533],[14.1239502,47.0435098],[14.123482,47.0422121],[14.1219968,47.0420996],[14.1211603,47.0417877],[14.1194468,47.0407448],[14.1188201,47.0399498],[14.1179434,47.0404241],[14.1159637,47.0409009],[14.1144721,47.0407473],[14.1130433,47.0409647],[14.1112659,47.0408856],[14.1087863,47.0400598],[14.1087457,47.0398863],[14.1075509,47.0395667],[14.1063001,47.0388542],[14.1054764,47.0387347],[14.1044837,47.0382699],[14.1033664,47.0380353],[14.101802,47.0381056],[14.1018738,47.0355047],[14.1015854,47.0349644],[14.0989715,47.0345954],[14.0981327,47.0343],[14.0967446,47.0342943],[14.0959383,47.033906],[14.0951524,47.0333695],[14.0945501,47.0316235],[14.0932521,47.0296216],[14.0912215,47.0292067],[14.0891333,47.0291945],[14.0874883,47.0286901],[14.0854077,47.0271132],[14.0848302,47.0265071],[14.080855,47.0239517],[14.0801414,47.0227356],[14.0795961,47.0222276],[14.0773694,47.0210156],[14.0751257,47.0193155],[14.0748461,47.0188957],[14.0741908,47.0168184],[14.0732813,47.0150608],[14.07232,47.0126601],[14.071086,47.0119802],[14.070653,47.0120036],[14.069467,47.0115698],[14.0679787,47.0104028],[14.0652914,47.009496],[14.0643484,47.0087238],[14.0635035,47.0084177],[14.0629418,47.0082971],[14.0615677,47.0083608],[14.0607701,47.0081032],[14.0593196,47.0079402],[14.0587937,47.0076383],[14.0564751,47.0070279],[14.0557658,47.0064932],[14.0532513,47.0057235],[14.052394,47.0052964],[14.051391,47.0051393],[14.049958,47.004338],[14.0489889,47.0039941],[14.0447546,47.0042914],[14.0427993,47.0039733],[14.0421671,47.0042013],[14.0388095,47.0047584],[14.0367116,47.0047623],[14.0355455,47.0053249],[14.0340448,47.0054138],[14.0333093,47.0058813],[14.0323521,47.0061155],[14.0313986,47.0067046],[14.0308733,47.0066595],[14.0293629,47.006953],[14.0264805,47.0067198],[14.0258362,47.0063905],[14.0249964,47.0062355],[14.0246648,47.0058717],[14.0234685,47.0057211],[14.0218024,47.0050433],[14.0208621,47.0048536],[14.0200527,47.0049242],[14.0170056,47.0037348],[14.0158021,47.00409],[14.0148649,47.0038689],[14.0133108,47.0038274],[14.0131294,47.003672],[14.0125716,47.003883],[14.0123983,47.0037906],[14.0121784,47.0030587],[14.0125185,47.0025415],[14.0132829,47.0021637],[14.0143947,47.0020943],[14.0146251,47.0018716],[14.014571,47.0006003],[14.014467,47.000741],[14.0144941,46.9997718],[14.0147996,46.9990206],[14.0147131,46.9982323],[14.0147919,46.9979314],[14.0155486,46.9977005],[14.015665,46.9964767],[14.0155577,46.9956569],[14.0159901,46.9942093],[14.015496,46.993184],[14.0149709,46.9928683],[14.0148907,46.9921438],[14.0153303,46.9904789],[14.0156344,46.9899565],[14.0163712,46.9895246],[14.0164458,46.9890785],[14.0162597,46.9880533],[14.0163571,46.987629],[14.0145267,46.9870739],[14.0131604,46.9861813],[14.0129954,46.9854855],[14.0127497,46.985239],[14.0114617,46.9851027],[14.0106002,46.984468],[14.0102885,46.9839249],[14.0091805,46.9833953],[14.0089941,46.9827335],[14.0076171,46.9814136],[14.0075921,46.9804437],[14.0071962,46.9801244],[14.0062942,46.9787861],[14.0057301,46.9785316],[14.0056671,46.9780305],[14.0063312,46.9773421],[14.0067185,46.9762468],[14.007049,46.9760559],[14.0081567,46.9758972],[14.0085896,46.9756646],[14.0093012,46.9748621],[14.0091969,46.9740329],[14.0093203,46.9736204],[14.008992,46.9730777],[14.0082651,46.9724542],[14.0076055,46.9723131],[14.0069468,46.9712585],[14.0064967,46.971093],[14.0063234,46.9706847],[14.0060887,46.9705551],[14.0041761,46.9704821],[14.0023546,46.9701043],[14.0003695,46.9699934],[13.9996284,46.9696451],[13.9993258,46.9693257],[13.9982513,46.969152],[13.9977581,46.9686315],[13.9970862,46.9688537],[13.9962016,46.9688714],[13.9951351,46.9681431],[13.9946813,46.9682175],[13.9944096,46.9673522],[13.9938037,46.9667885],[13.9925127,46.9661101],[13.9914093,46.9662908],[13.9905392,46.9661464],[13.9898871,46.9664112],[13.9892083,46.9661433],[13.9886418,46.9663874],[13.9866508,46.9662816],[13.9859234,46.9666984],[13.9844691,46.9668831],[13.9840588,46.9667128],[13.9839728,46.9668454],[13.9833814,46.9668286],[13.9832889,46.966625],[13.9825679,46.9666748],[13.9821951,46.9664975],[13.9815704,46.966485],[13.9810672,46.9666591],[13.9804079,46.9662291],[13.9789574,46.9659666],[13.978425,46.966075],[13.9775412,46.9658943],[13.9768583,46.966058],[13.9761338,46.965658],[13.9758337,46.9651105],[13.9741796,46.964753],[13.9738416,46.9643719],[13.9734028,46.9641807],[13.9722127,46.9640889],[13.971919,46.9636191],[13.971403,46.9632936],[13.9708493,46.9634695],[13.9688319,46.9630225],[13.9669344,46.9633375],[13.9654691,46.9633672],[13.9639574,46.9628321],[13.9632949,46.9622187],[13.9629717,46.9621479],[13.9625777,46.9613085],[13.9614766,46.9601875],[13.9606223,46.959629],[13.9605604,46.9594179],[13.9589433,46.9590613],[13.958888,46.9588712],[13.9581625,46.9584496],[13.9577419,46.9579898],[13.9566433,46.9573963],[13.9554835,46.9565091],[13.9549669,46.9563158],[13.9538136,46.9563201],[13.9514865,46.9580465],[13.949826,46.958195],[13.949672,46.957918],[13.949827,46.95674],[13.950797,46.955437],[13.950976,46.954761],[13.950677,46.954515],[13.95031,46.953227],[13.95118,46.951444],[13.950895,46.950063],[13.949947,46.948407],[13.950227,46.945756],[13.950742,46.9454],[13.950878,46.944898],[13.950661,46.944161],[13.951595,46.943377],[13.951652,46.942621],[13.951141,46.942311],[13.950019,46.94214],[13.948077,46.94139],[13.9467183,46.9406317],[13.944523,46.941316],[13.9417208,46.9413596],[13.938133,46.942982],[13.936837,46.943964],[13.935624,46.945433],[13.934429,46.945618],[13.929202,46.943408],[13.92759,46.942494],[13.918734,46.939793],[13.9161196,46.9375325],[13.914602,46.936735],[13.913612,46.935963],[13.912052,46.934059],[13.911924,46.933274],[13.911467,46.933055],[13.909821,46.932992],[13.909323,46.933168],[13.904798,46.932913],[13.902833,46.933262],[13.901529,46.933715],[13.901104,46.933391],[13.8997998,46.9337003],[13.900125,46.932976],[13.899058,46.932137],[13.8990848,46.931978],[13.89818,46.930839],[13.897383,46.929073],[13.897011,46.927356],[13.895376,46.927218],[13.89304,46.926541],[13.892299,46.926001],[13.888351,46.925179],[13.887558,46.924599],[13.887546,46.92394],[13.886776,46.923141],[13.884737,46.922733],[13.884071,46.922388],[13.882835,46.920092],[13.882812,46.919503],[13.8826358,46.9194053],[13.882037,46.918049],[13.8808698,46.9170047],[13.879013,46.918217],[13.874043,46.917906],[13.8738409,46.918051],[13.8728801,46.918102],[13.872443,46.91789],[13.8709688,46.9178847],[13.8704843,46.9177146],[13.8698316,46.9185918],[13.86922,46.9185021],[13.8687494,46.9191675],[13.8677824,46.919735],[13.8665968,46.9201362],[13.8660309,46.9200978],[13.865091,46.9195954],[13.865159,46.9193703],[13.8647885,46.9190189],[13.863386,46.91824],[13.859274,46.917595],[13.856115,46.917306],[13.854705,46.914956],[13.853123,46.913424],[13.852539,46.913159],[13.850728,46.911671],[13.8507403,46.9114032],[13.849872,46.909691],[13.849653,46.90952],[13.8482,46.909278],[13.847171,46.909505],[13.844614,46.910651],[13.844031,46.911094],[13.843685,46.911408],[13.843067,46.912613],[13.842665,46.913938],[13.841975,46.913598],[13.839986,46.913965],[13.838157,46.912648],[13.8378382,46.9128373],[13.837322,46.913527],[13.836692,46.913684],[13.835646,46.914255],[13.834878,46.915021],[13.834344,46.91459],[13.830944,46.91343],[13.8288303,46.9132114],[13.8273911,46.9145222],[13.824728,46.915393],[13.822325,46.916536],[13.821685,46.917068],[13.819059,46.918205],[13.81661,46.917769],[13.8153593,46.9185121],[13.814477,46.919775],[13.81345,46.920403],[13.811791,46.922099],[13.811157,46.923199],[13.810968,46.924604],[13.810345,46.925492],[13.806885,46.927283],[13.806428,46.927869],[13.80474,46.928816],[13.804399,46.929243],[13.803307,46.929577],[13.800423,46.929618],[13.795046,46.933686],[13.794545,46.935235],[13.794159,46.935508],[13.79245,46.936253],[13.791705,46.936218],[13.790325,46.936584],[13.789101,46.936673],[13.787571,46.937283],[13.784802,46.937565],[13.78378,46.938334],[13.783465,46.939745],[13.784058,46.940679],[13.784824,46.94281],[13.784669,46.943858],[13.7822665,46.9440747],[13.7789198,46.9447965],[13.7782429,46.9454131],[13.7780241,46.9464251],[13.7773608,46.9470924],[13.7767118,46.9473595],[13.7764321,46.9477421],[13.7755727,46.948254],[13.7763288,46.9489795],[13.7744183,46.9526457],[13.7768194,46.9543714],[13.7780528,46.9554998],[13.7780134,46.9574171],[13.7775627,46.9589366],[13.7749233,46.9605162],[13.7736132,46.9621067],[13.7743458,46.9674335],[13.7743699,46.9685957],[13.7726995,46.973612],[13.7717422,46.9770848],[13.7710173,46.9776133],[13.77056,46.9782951],[13.7698263,46.978713],[13.7692034,46.979343],[13.7669472,46.9806952],[13.7630705,46.981785],[13.7610631,46.9820533],[13.7596686,46.9818567],[13.7585693,46.9822874],[13.7580852,46.9832793],[13.7583167,46.9834928],[13.7583067,46.9837525],[13.7585687,46.9838354],[13.7580793,46.9845284],[13.758367,46.9868335],[13.7588909,46.987781],[13.7584347,46.9884115],[13.7583877,46.9891821],[13.7575917,46.9889961],[13.7550192,46.9904759],[13.7527913,46.992025],[13.7513851,46.992566],[13.7488685,46.9933317],[13.7452692,46.9939097],[13.7446936,46.9938908],[13.7432293,46.9933585],[13.7377993,46.9901635],[13.736201,46.9900017],[13.7352361,46.9897821],[13.7349589,46.989477],[13.7337129,46.9892455],[13.730433,46.9897043],[13.7290812,46.9905797],[13.7280048,46.9908761],[13.7262867,46.990802],[13.7223714,46.991229],[13.7205432,46.9921213],[13.7179158,46.9925832],[13.7140634,46.9941314],[13.7116172,46.994618],[13.7087027,46.9954748],[13.7069695,46.9954566],[13.7067216,46.995607],[13.7066053,46.9960273],[13.7060683,46.9958892],[13.7059817,46.9961589],[13.7062164,46.9963484],[13.7058455,46.9971024],[13.7034752,46.9987981],[13.70197,46.9995796],[13.7017062,47.0014793],[13.7020524,47.0018679],[13.7009886,47.0023792],[13.699867,47.0032529],[13.6992183,47.0032875],[13.6987216,47.0043396],[13.697832,47.0048973],[13.6973643,47.0047696],[13.6971068,47.0049986],[13.6951606,47.0052849],[13.6936667,47.0061206],[13.6932043,47.006809],[13.6933588,47.0073946],[13.692089,47.0091334],[13.6940036,47.0103256],[13.6913927,47.0118861],[13.6924275,47.0131912],[13.6896018,47.0148962],[13.6906449,47.0154898],[13.6908579,47.0169193],[13.6906132,47.0171341],[13.6908086,47.0172999],[13.6905527,47.0180289],[13.6910519,47.0182835],[13.6911909,47.019437],[13.6898044,47.0216569],[13.6900751,47.0228773],[13.6874879,47.0291152],[13.6879316,47.0292446],[13.6892458,47.0301629],[13.6896425,47.0301739],[13.6908091,47.0307324],[13.6928655,47.0320624],[13.6938593,47.0329481],[13.6955004,47.0333357],[13.6951637,47.0339249],[13.6954487,47.0352222],[13.6952252,47.0368672],[13.6943944,47.0366018],[13.6933812,47.0371831],[13.6933781,47.0376155],[13.6935651,47.0377297],[13.6929125,47.0384748],[13.6930253,47.0387318],[13.6929009,47.0391265],[13.6933405,47.0402103],[13.6865589,47.0398201],[13.6827056,47.039764],[13.6822776,47.0398875],[13.6820324,47.0402004],[13.6823686,47.0411451],[13.681993,47.0412135],[13.6804957,47.0407953],[13.6799749,47.0401701],[13.6776827,47.0400717],[13.6765103,47.0398545],[13.6757607,47.0409768],[13.6753759,47.0412817],[13.6742849,47.0410033],[13.673897,47.0402056],[13.6734315,47.039818],[13.6718858,47.0396496],[13.6710569,47.0391919],[13.6690521,47.0391954],[13.6685299,47.0399353],[13.6681195,47.0402352],[13.6668808,47.0406231],[13.666229,47.0403725],[13.6656415,47.0403883],[13.6653006,47.0400302],[13.66393,47.0395204],[13.6638456,47.039814],[13.6635252,47.040035],[13.6625185,47.0401382],[13.6609712,47.0399752],[13.6602836,47.0401198],[13.6602311,47.040689],[13.6599135,47.0409764],[13.6584609,47.0415191],[13.6569895,47.0411819],[13.6567333,47.0406669],[13.6551874,47.0396943],[13.649451,47.0391905],[13.6480031,47.0393564],[13.6455336,47.040308],[13.6440396,47.0415406],[13.6436839,47.0420158],[13.64396,47.0429524],[13.6376386,47.0555017],[13.6156715,47.0591524],[13.6147406,47.0585958],[13.6127573,47.0578084],[13.6115906,47.0570809],[13.6061692,47.0558831],[13.6031239,47.0556948],[13.6005826,47.0548563],[13.5990172,47.0548107],[13.5979077,47.054471],[13.595826,47.0545003],[13.5946707,47.0552032],[13.5942322,47.055964],[13.5930767,47.0551428],[13.5921152,47.0547162],[13.5897483,47.0544503],[13.58856,47.0548321],[13.5878138,47.0542402],[13.5859897,47.0534114],[13.5838033,47.053021],[13.5835872,47.0531107],[13.5820826,47.0521751],[13.5807798,47.0520092],[13.577109,47.0524081],[13.5696982,47.0541727],[13.5689222,47.0540704],[13.5683525,47.054276],[13.5675234,47.05427],[13.5653055,47.0547249],[13.5638474,47.0552651],[13.5589457,47.0559102],[13.5586583,47.0560056],[13.5586764,47.0562109],[13.5580572,47.0566205],[13.5571829,47.0568366],[13.5552841,47.0577968],[13.5549236,47.0581903],[13.5547522,47.0587716],[13.5540038,47.0588106],[13.5531411,47.0592575],[13.5523964,47.0594124],[13.551711,47.059215],[13.5498416,47.0595927],[13.5491551,47.0591983],[13.5484457,47.0593689],[13.5453392,47.060649],[13.5448287,47.0612168],[13.5439962,47.0617002],[13.5404235,47.0621693],[13.5390353,47.0628374],[13.5381428,47.0637872],[13.5379236,47.0636708],[13.5376793,47.0639424],[13.536969,47.0640151],[13.5364545,47.0643269],[13.5358105,47.0643126],[13.5349081,47.064596],[13.533509,47.0641183],[13.5315209,47.0643033],[13.5300409,47.0649084],[13.5287721,47.0651143],[13.5251624,47.0665971],[13.5235831,47.0670312],[13.5227609,47.0678668],[13.5215545,47.0685129],[13.5206255,47.0684611],[13.5195305,47.0686753],[13.5189488,47.0686339],[13.5185627,47.0684325],[13.5170731,47.0684159],[13.5146759,47.0688291],[13.512902,47.0687491],[13.5120434,47.0696473],[13.5106581,47.0700836],[13.5101673,47.0704093],[13.5087894,47.0702029],[13.5081349,47.0703275],[13.5063229,47.070205],[13.5059039,47.0703268],[13.503119,47.0700847],[13.5026804,47.0709817],[13.5021839,47.0713143],[13.5020727,47.0718049],[13.5018672,47.0718878],[13.5008752,47.071893],[13.4988423,47.0725228],[13.4970753,47.0725946],[13.4966309,47.072813],[13.4948782,47.0727005],[13.4926166,47.0733324],[13.488634,47.0735921],[13.487454,47.0742663],[13.4867503,47.0742872],[13.4853344,47.0746505],[13.4848656,47.0750233],[13.4836975,47.075319],[13.4828954,47.0760179],[13.4810163,47.0757695],[13.4804881,47.0759802],[13.4799326,47.0759689],[13.4794716,47.0757529],[13.4762875,47.0765623],[13.4748812,47.0765859],[13.4747537,47.0768411],[13.4742752,47.077033],[13.4715449,47.0777228],[13.4697467,47.0778214],[13.468766,47.0775764],[13.4675164,47.0776082],[13.4661821,47.078288],[13.4653212,47.0785241],[13.4639351,47.0787425],[13.4616754,47.0787055],[13.4594309,47.0794627],[13.457962,47.0803093],[13.4576866,47.0803322],[13.4548987,47.0798142],[13.4539328,47.0797929],[13.4528444,47.0794675],[13.4517287,47.0795407],[13.4506018,47.0792832],[13.4471876,47.0789386],[13.4458525,47.0783376],[13.4446809,47.0784493],[13.4415729,47.0779478],[13.4391951,47.077912],[13.4374944,47.0784531],[13.4365289,47.0784686],[13.4337703,47.0791368],[13.4307805,47.0801946],[13.4298595,47.0803119],[13.429196,47.0810021],[13.4282984,47.0809537],[13.4275779,47.0813765],[13.4261882,47.0810263],[13.4257784,47.0805259],[13.4252942,47.0803353],[13.4216075,47.0793251],[13.4205766,47.0783865],[13.4198197,47.0781645],[13.4189486,47.0781504],[13.4173574,47.0775612],[13.416071,47.0763457],[13.4161519,47.0760489],[13.4156239,47.0755851],[13.4152823,47.0749512],[13.414924,47.0748005],[13.4139406,47.073831],[13.4133339,47.0736489],[13.4130066,47.0732309],[13.4119828,47.0728032],[13.4113359,47.0723442],[13.4108747,47.0713773],[13.4091353,47.070925],[13.407983,47.0700376],[13.4063698,47.0692537],[13.4044234,47.0693892],[13.4033055,47.0696818],[13.4027986,47.0695071],[13.4012114,47.0700057],[13.3990412,47.070358],[13.3989556,47.0702011],[13.3980866,47.0705015],[13.396945,47.0711544],[13.3969308,47.0714134],[13.3964823,47.0716182],[13.3959392,47.0722895],[13.3959461,47.0724668],[13.3949023,47.0731872],[13.3927719,47.0734371],[13.3915191,47.0740986],[13.3906648,47.0747486],[13.388003,47.0755424],[13.3871021,47.0761954],[13.3874566,47.0763375],[13.387529,47.0767939],[13.385006,47.0783056],[13.3848606,47.0785908],[13.3832453,47.0797194],[13.383111,47.0800723],[13.3819925,47.0801723],[13.3819202,47.0810129],[13.3813159,47.0817402],[13.3810176,47.0827605],[13.3812429,47.0830318],[13.3814299,47.0837481],[13.3815405,47.085185],[13.3814305,47.0854142],[13.3817204,47.0858153],[13.3815105,47.0859587],[13.3813502,47.087345],[13.3807562,47.0885886],[13.38096,47.0906252],[13.3808533,47.0910917],[13.380517,47.0914536],[13.3801288,47.0924549],[13.3801862,47.0926201],[13.3797443,47.0925773],[13.3790694,47.0930228],[13.3757329,47.0938887],[13.3709187,47.0955636],[13.3698579,47.0955591],[13.3681351,47.0958625],[13.3664755,47.0966359],[13.3651209,47.0975369],[13.3642594,47.0983413],[13.3629757,47.0987863],[13.3623463,47.0987311],[13.3618151,47.0988853],[13.3614851,47.0986212],[13.3611805,47.0986299],[13.3611631,47.0984911],[13.3599764,47.0985765],[13.3588501,47.098394],[13.3559046,47.0977146],[13.3551494,47.0974],[13.3548309,47.0970901],[13.3463116,47.0955604],[13.344191,47.0959998],[13.3395604,47.0953853],[13.3383277,47.0955753],[13.332604,47.095609],[13.3252193,47.0930468],[13.3235903,47.0908552],[13.3159635,47.0893943],[13.311376,47.0881085],[13.3100625,47.0861006],[13.3028438,47.086732],[13.2999338,47.0877595],[13.2968205,47.091208],[13.2901456,47.0944064],[13.2773075,47.0951555],[13.2684912,47.0917218],[13.2659419,47.0911024],[13.2606906,47.0893646],[13.2546903,47.0878708],[13.250893,47.0874089],[13.2498105,47.0875093],[13.2481537,47.0857813],[13.2480153,47.0839197],[13.2454664,47.0786114],[13.2413081,47.0748794],[13.2397917,47.0717837],[13.2393877,47.0715287],[13.2455464,47.0678472],[13.2486123,47.0513061],[13.2481308,47.0505774],[13.2279573,47.0470335],[13.2147215,47.0440749],[13.2092203,47.0442754],[13.2042691,47.0439335],[13.1970291,47.0425747],[13.1882016,47.0426235],[13.1846262,47.0437413],[13.1788844,47.0421484],[13.1763655,47.0408757],[13.1712438,47.0417459],[13.1677136,47.0408146],[13.1663866,47.0396318],[13.1619826,47.0370421],[13.1555961,47.0354805],[13.1518591,47.035619],[13.1467,47.0349697],[13.1400442,47.0359624],[13.1392416,47.0353528],[13.1379656,47.0347791],[13.1338271,47.0349029],[13.1332112,47.034806],[13.1304586,47.0322333],[13.1291696,47.0298302],[13.1282269,47.0289266],[13.1269725,47.0270506],[13.1236436,47.0265785],[13.120162,47.0263731],[13.1122032,47.0254571],[13.1064599,47.0262893],[13.1036582,47.0252561],[13.1007229,47.0250674],[13.095647,47.0254272],[13.0937389,47.0260259],[13.0918051,47.0262852],[13.089653,47.027736],[13.0892563,47.0276992],[13.0885671,47.0269883],[13.0874891,47.0265559],[13.0860628,47.0276047],[13.0803416,47.0268111],[13.0795327,47.0244175],[13.0794538,47.0222485],[13.0797835,47.0202985],[13.0786123,47.0182993],[13.0761856,47.0156954],[13.0730306,47.0134127],[13.0693916,47.0141835],[13.0600809,47.0173103],[13.0578501,47.0175593],[13.0546695,47.0195614],[13.0491396,47.0224172],[13.0471151,47.0225442],[13.0450132,47.0214108],[13.0392903,47.0236569],[13.0349773,47.0263666],[13.033208,47.0271199],[13.0318777,47.0271601],[13.025125,47.0280845],[13.0198626,47.0301764],[13.0215991,47.0357088],[13.0212386,47.0393244],[13.017883,47.0414656],[13.0142147,47.0419434],[13.0030901,47.0438716],[12.995856,47.0386705],[12.9853516,47.0356066],[12.9826437,47.0383935],[12.9799703,47.0387672],[12.9761443,47.0385981],[12.9717387,47.0378611],[12.9648451,47.0390002],[12.9611123,47.0415195],[12.9568551,47.0432291],[12.9530108,47.0492627],[12.9556179,47.054219],[12.9451531,47.0580078],[12.9431745,47.0593161],[12.9430529,47.0636586],[12.9417423,47.0662926],[12.9391967,47.0706489],[12.9364618,47.0730926],[12.9372728,47.0759904],[12.9375308,47.0761693],[12.929466,47.0788798],[12.9267313,47.0794658],[12.9257582,47.0799347],[12.9211191,47.0811413],[12.9193325,47.0816058],[12.9165621,47.0814568],[12.9145321,47.0815766],[12.9134181,47.0813168],[12.9075476,47.0810022],[12.9040511,47.0814109],[12.9015386,47.0807804],[12.8957356,47.0813311],[12.8954516,47.0810437],[12.8943331,47.0812415],[12.8925123,47.0812849],[12.8896826,47.082384],[12.8877243,47.0835519],[12.8851172,47.0845895],[12.8825578,47.0843057],[12.8803878,47.0845572],[12.8786146,47.0844463],[12.8776898,47.0841737],[12.870876,47.0862623],[12.8699311,47.0857923],[12.8688407,47.0855861],[12.8678049,47.0848783],[12.8670011,47.0846063],[12.8655487,47.0846587],[12.8637805,47.0835323],[12.860665,47.0819469],[12.8597236,47.0806807],[12.853187,47.0815849],[12.8485053,47.081671],[12.8464561,47.0811685],[12.8460966,47.0817781],[12.8407016,47.0825089],[12.8391735,47.0825096],[12.8367633,47.0828001],[12.8359523,47.0838737],[12.8348625,47.0842739],[12.8342294,47.0860943],[12.8330995,47.0878337],[12.8317727,47.0907103],[12.8302296,47.0914277],[12.8271947,47.09167],[12.8246084,47.092805],[12.8228282,47.0950737],[12.8202871,47.0976656],[12.8187606,47.096928],[12.8181453,47.0968376],[12.8173735,47.096959],[12.8168117,47.0973867],[12.8163357,47.0973901],[12.8147558,47.098031],[12.8147885,47.0981803],[12.8140328,47.0980562],[12.8126854,47.0975079],[12.8102753,47.0976513],[12.809514,47.0975191],[12.8047933,47.0980041],[12.8040503,47.0965228],[12.8039206,47.0955086],[12.7988442,47.0945252],[12.7949797,47.092891],[12.7897743,47.0937381],[12.7874358,47.0928126],[12.7848791,47.092453],[12.7837834,47.0925267],[12.7826264,47.0930037],[12.7820398,47.092788],[12.7816021,47.0929915],[12.7811661,47.0936034],[12.7805453,47.0958407],[12.7802699,47.0962456],[12.778429,47.097386],[12.7765027,47.0978277],[12.7762369,47.0982232],[12.7758932,47.0983117],[12.7753887,47.0987529],[12.7751786,47.0992221],[12.7740619,47.1000621],[12.7736717,47.1005724],[12.772776,47.1009425],[12.7714572,47.1004506],[12.7697939,47.0994517],[12.7663924,47.0994502],[12.7648747,47.1002103],[12.7641734,47.1003152],[12.7617969,47.1000232],[12.7596569,47.0991507],[12.7575681,47.0979835],[12.7562071,47.097723],[12.7544074,47.0979262],[12.7512356,47.0986844],[12.7494104,47.0993347],[12.7488922,47.0996591],[12.7472487,47.0995184],[12.744989,47.0990344],[12.7422732,47.0998772],[12.7388567,47.100318],[12.7366875,47.1014713],[12.7350809,47.1029338],[12.733952,47.1035673],[12.7330679,47.1043859],[12.7338226,47.1054442],[12.7339109,47.1059276],[12.7337708,47.1064584],[12.7356657,47.1115002],[12.7349221,47.1129067],[12.7350064,47.1130412],[12.7343932,47.1135846],[12.7325594,47.1261607],[12.7309039,47.1309943],[12.7297242,47.1309107],[12.7254166,47.1312844],[12.7246005,47.1307769],[12.720288,47.1294341],[12.7179664,47.1293786],[12.7146124,47.1278086],[12.7139108,47.1277173],[12.7130241,47.1280674],[12.7130091,47.1272485],[12.7127197,47.1262666],[12.7117812,47.1249777],[12.7103607,47.1244373],[12.7093993,47.1248448],[12.708427,47.1245568],[12.7044868,47.1220156],[12.7039322,47.121495],[12.7033454,47.1221824],[12.7006425,47.1224411],[12.6971379,47.1216255],[12.6942381,47.1221205],[12.6920998,47.1228279],[12.6919083,47.1235052],[12.6890236,47.1243154],[12.6879031,47.1236005],[12.6855883,47.1225649],[12.6839132,47.1221241],[12.6773165,47.1214735],[12.6723335,47.1207105],[12.6704016,47.1207515],[12.6677749,47.1214702],[12.6672174,47.1217036],[12.6661442,47.1228334],[12.6660512,47.1224097],[12.666257,47.1210504],[12.6673245,47.1198387],[12.6668207,47.1189872],[12.6664964,47.1179506],[12.6668386,47.1161104],[12.6673108,47.1156167],[12.6681432,47.1138844],[12.6701173,47.112484],[12.6704601,47.1118622],[12.6718472,47.1108651],[12.6722744,47.1100745],[12.672555,47.1099114],[12.6729552,47.1092706],[12.6711016,47.1084759],[12.6709979,47.1073914],[12.6707363,47.1068151],[12.6660621,47.1051393],[12.6640693,47.1040943],[12.6619013,47.1026145],[12.6606805,47.1023953],[12.6589166,47.1016087],[12.6587846,47.1013862],[12.6580432,47.1010542],[12.6568293,47.0998399]]]}}