{"type":"Feature","properties":{"name":"Niederösterreich"},"geometry":{"type":"Polygon","coordinates":[[[14.4526384,48.0639389],[14.4569329,48.0628122],[14.4571957,48.0630981],[14.4595139,48.0622839],[14.4593809,48.0618792],[14.4603187,48.0617389],[14.4597717,48.0610681],[14.4603669,48.0608782],[14.4594892,48.0598423],[14.4590588,48.0589033],[14.4585258,48.0582301],[14.4583118,48.0573126],[14.4584061,48.0553248],[14.4582275,48.054369],[14.4583898,48.0535566],[14.4587862,48.0530851],[14.4584475,48.0523123],[14.4586288,48.0515866],[14.4582715,48.0511105],[14.4580926,48.0502736],[14.4556937,48.048497],[14.4554236,48.0479306],[14.4559211,48.0465829],[14.4564755,48.0463377],[14.4563964,48.0462266],[14.4572222,48.0455708],[14.4585958,48.0452567],[14.4579468,48.0440589],[14.4569552,48.0444023],[14.4569165,48.0439656],[14.4560877,48.0429898],[14.4584904,48.0427428],[14.4588053,48.042474],[14.4590279,48.0410883],[14.4596708,48.0405415],[14.4613649,48.0400435],[14.4620867,48.0401694],[14.462515,48.0400464],[14.4630233,48.0394592],[14.4645986,48.038626],[14.465105,48.0384913],[14.4667484,48.0385851],[14.4688703,48.038397],[14.4699168,48.0380543],[14.4700526,48.0376163],[14.4698919,48.0371536],[14.4689813,48.0362974],[14.468646,48.0353232],[14.4676638,48.0343433],[14.4675195,48.0338094],[14.4679921,48.0334071],[14.4708168,48.0325469],[14.4721538,48.0315898],[14.4723188,48.0310184],[14.4721978,48.0305829],[14.4724824,48.0300892],[14.4735809,48.0297107],[14.4741173,48.0293304],[14.4740234,48.0289456],[14.4729797,48.0278115],[14.4730475,48.0270047],[14.4744321,48.0259754],[14.4757257,48.0245001],[14.4767841,48.0242987],[14.4774963,48.0239431],[14.4779981,48.0219782],[14.4799148,48.0210143],[14.4807779,48.0203272],[14.4815993,48.0200244],[14.4820139,48.019574],[14.4824809,48.0183257],[14.4830074,48.0178224],[14.4843855,48.0172142],[14.4845505,48.0170332],[14.4845749,48.016446],[14.4843949,48.0153906],[14.4858108,48.0141702],[14.4862952,48.0130999],[14.4871042,48.0122562],[14.4877308,48.0119427],[14.4892728,48.0120901],[14.4917342,48.0111782],[14.492102,48.010867],[14.4924324,48.0096757],[14.4920299,48.0090081],[14.4909961,48.0080893],[14.4909379,48.0078556],[14.4923241,48.006078],[14.4936456,48.0049055],[14.4937555,48.0039965],[14.4934276,48.0018985],[14.4935388,48.0016047],[14.4942958,48.0009683],[14.4938946,48.0006501],[14.4931894,48.0004012],[14.4931532,47.9995955],[14.4928142,47.9986197],[14.4931506,47.998033],[14.4937537,47.997737],[14.4977734,47.9971106],[14.4996189,47.9962265],[14.500384,47.9953617],[14.5012248,47.9948921],[14.502015,47.9941919],[14.5039269,47.9936465],[14.5061905,47.993367],[14.5077299,47.9937647],[14.5101922,47.9937613],[14.5140453,47.9928889],[14.5178068,47.9928572],[14.5197982,47.9924658],[14.5206738,47.9926755],[14.5213427,47.9926514],[14.5225039,47.9920872],[14.5239452,47.9918755],[14.5255225,47.9912939],[14.5260251,47.9914166],[14.5268153,47.9912664],[14.5282883,47.9902637],[14.5291639,47.9899739],[14.530207,47.9898364],[14.5316989,47.9899929],[14.532935,47.9895329],[14.5335828,47.98917],[14.5337408,47.9888612],[14.5370787,47.9875157],[14.5394557,47.9857449],[14.5398761,47.9855799],[14.5407928,47.9855651],[14.5420603,47.9850743],[14.5425787,47.9852837],[14.5432994,47.9852647],[14.5446143,47.9842724],[14.5459102,47.9835615],[14.5506484,47.9828934],[14.5515366,47.9820467],[14.5538761,47.9820284],[14.5551425,47.9804985],[14.5551622,47.9791891],[14.5554831,47.9786464],[14.5558829,47.9782845],[14.5573413,47.9776211],[14.5579551,47.9766108],[14.5598753,47.9751671],[14.5620404,47.9743114],[14.5636733,47.9744037],[14.5651571,47.9739306],[14.5668464,47.9741153],[14.5674404,47.9739476],[14.5689129,47.9739872],[14.568927,47.9736027],[14.5695689,47.9730692],[14.5711315,47.9730165],[14.5719846,47.9725245],[14.573153,47.9725113],[14.5733023,47.9721437],[14.5740709,47.9719213],[14.5741803,47.9714724],[14.5747931,47.9708271],[14.5760724,47.9704548],[14.5764182,47.9705358],[14.5767546,47.970845],[14.5773016,47.9709197],[14.5782306,47.9707183],[14.5795576,47.9695455],[14.5803007,47.969119],[14.5801946,47.9688683],[14.5805249,47.9683233],[14.5826422,47.967729],[14.5830669,47.9677428],[14.5831642,47.9674664],[14.5834237,47.9673776],[14.5855027,47.9674309],[14.5856944,47.9670597],[14.5864804,47.9664357],[14.5861303,47.9662645],[14.5863402,47.9661277],[14.5860365,47.9658809],[14.5863218,47.9653839],[14.5865934,47.9653456],[14.5868952,47.9655618],[14.5872061,47.9653456],[14.5868084,47.964918],[14.587523,47.9648141],[14.5881628,47.963832],[14.5889957,47.9630681],[14.5886034,47.9626599],[14.5897412,47.9619223],[14.5898739,47.9616171],[14.5914101,47.9602995],[14.5919352,47.9595538],[14.5922792,47.9593395],[14.5937339,47.959],[14.5949531,47.9589616],[14.5958042,47.9584301],[14.595771,47.9581936],[14.5961331,47.9575954],[14.5967729,47.9570942],[14.5988915,47.9562534],[14.5997547,47.9555925],[14.6006057,47.9553944],[14.6009558,47.9551155],[14.6015292,47.9539917],[14.602999,47.9524313],[14.6042876,47.951831],[14.6042423,47.9517077],[14.607218,47.949834],[14.6078246,47.949266],[14.6096927,47.9488496],[14.6112258,47.9490052],[14.6116242,47.9486717],[14.6120618,47.9486353],[14.6120437,47.9484251],[14.6123576,47.9483058],[14.6136865,47.9483942],[14.6141412,47.9481663],[14.6142981,47.9482532],[14.6141744,47.9485746],[14.6147621,47.9485451],[14.6149967,47.948211],[14.6155761,47.9482415],[14.6155023,47.948131],[14.6157169,47.9480735],[14.6157451,47.9478148],[14.6164984,47.9483324],[14.6168099,47.9483304],[14.6174899,47.9482406],[14.6185448,47.9477277],[14.6188547,47.9479717],[14.6191806,47.9476061],[14.620318,47.9478054],[14.6205264,47.9477472],[14.6205413,47.9475131],[14.6208872,47.9474841],[14.6211152,47.9476728],[14.6214873,47.9473227],[14.6221991,47.9473327],[14.6224847,47.9471614],[14.6225424,47.9467627],[14.6231829,47.9462664],[14.6229898,47.9461739],[14.6235141,47.9456366],[14.6233299,47.9455588],[14.6232728,47.9453044],[14.6236854,47.9445584],[14.6244376,47.9440185],[14.6257244,47.9435932],[14.6260006,47.943263],[14.6298985,47.9426827],[14.631431,47.9429941],[14.6325658,47.9428274],[14.6352192,47.9437556],[14.6382965,47.9437503],[14.6411833,47.9433365],[14.6452056,47.9435032],[14.6477558,47.9434322],[14.6479464,47.9429938],[14.6492732,47.9420079],[14.6496336,47.941525],[14.6505948,47.9411554],[14.651046,47.9407842],[14.6555038,47.9411681],[14.6568133,47.9407234],[14.6568844,47.9402372],[14.6594198,47.9405],[14.6606643,47.9399877],[14.662171,47.9399398],[14.6635834,47.9394766],[14.6662747,47.9389515],[14.6663592,47.9388705],[14.6659276,47.9384171],[14.6663987,47.9376815],[14.6707008,47.9350001],[14.670609,47.9347413],[14.6711293,47.9347676],[14.6723256,47.9353223],[14.6730273,47.9351278],[14.6747667,47.9352179],[14.6764093,47.9331267],[14.6803101,47.9322513],[14.6806139,47.9321],[14.6817027,47.9306842],[14.6849261,47.9293404],[14.6862891,47.9290684],[14.6881199,47.9292629],[14.6896658,47.929072],[14.6934053,47.9279425],[14.6948732,47.9272904],[14.6956044,47.927503],[14.6957899,47.9273841],[14.6979487,47.9273733],[14.7013845,47.9260168],[14.703753,47.9256006],[14.7053526,47.9268491],[14.7066296,47.9273895],[14.7076135,47.9293332],[14.7075248,47.9302501],[14.7089792,47.9317685],[14.710853,47.9320099],[14.7145334,47.9320513],[14.7175203,47.9325089],[14.7194774,47.9329934],[14.7205259,47.9335932],[14.7240396,47.9347766],[14.7278813,47.9349639],[14.7281502,47.9340291],[14.7287551,47.9330348],[14.7290535,47.9321918],[14.7288189,47.9316754],[14.729118,47.9315524],[14.7296557,47.9307148],[14.729411,47.927285],[14.7292659,47.927049],[14.729653,47.9265734],[14.7292815,47.9260213],[14.7290185,47.9259663],[14.7289137,47.92577],[14.7288814,47.925325],[14.7291718,47.924354],[14.7306638,47.9230173],[14.7318413,47.9225939],[14.7324785,47.9221363],[14.7361401,47.9203599],[14.7393608,47.9192464],[14.7405844,47.91751],[14.7427052,47.9175834],[14.743466,47.9174627],[14.7437966,47.916333],[14.7441515,47.9158591],[14.7449634,47.9136068],[14.7462807,47.9123689],[14.7465576,47.9123274],[14.7471706,47.9111489],[14.7477676,47.9104785],[14.747926,47.9094496],[14.7491277,47.9085576],[14.7515312,47.9079269],[14.7536039,47.9066978],[14.7535531,47.9062078],[14.7538701,47.9055174],[14.7541792,47.9055643],[14.7551094,47.9037423],[14.7556525,47.9035692],[14.7568112,47.9028231],[14.7574564,47.9026501],[14.7587065,47.9011199],[14.7590506,47.9010118],[14.7596474,47.9004891],[14.7596904,47.9002224],[14.7593087,47.8993608],[14.7588087,47.8986254],[14.7586339,47.8970952],[14.7587199,47.8968032],[14.7595641,47.8958785],[14.7613277,47.8949862],[14.7638521,47.8922318],[14.7660781,47.8912404],[14.7668255,47.8906004],[14.7674734,47.8893493],[14.7679815,47.8887652],[14.7680756,47.8881415],[14.7689117,47.8871932],[14.7688848,47.8868903],[14.7691455,47.8865676],[14.7701833,47.8860538],[14.7702639,47.8855815],[14.7707989,47.885275],[14.7714952,47.8842383],[14.7719469,47.8830231],[14.7705435,47.8820225],[14.7705112,47.8813265],[14.7699924,47.8808126],[14.7696886,47.8797379],[14.768463,47.8788651],[14.7682346,47.8778981],[14.7683254,47.8771415],[14.766061,47.8761911],[14.7652851,47.8739987],[14.764416,47.8735706],[14.76274,47.8722426],[14.7610478,47.8716292],[14.7589723,47.8697623],[14.7581557,47.8683829],[14.7581563,47.8680532],[14.7556128,47.8668483],[14.7527948,47.8659119],[14.7504681,47.8656948],[14.747906,47.865785],[14.744096,47.864916],[14.7435093,47.8650268],[14.7425882,47.8648141],[14.7405304,47.8647981],[14.7352648,47.8637265],[14.7341902,47.8631597],[14.7333767,47.8623116],[14.7326455,47.8620852],[14.732414,47.8616522],[14.7314732,47.8607463],[14.7303503,47.8601362],[14.7287896,47.8597337],[14.7271401,47.8596989],[14.7231119,47.8590761],[14.7227836,47.8582907],[14.7207118,47.8564523],[14.7170096,47.8548953],[14.715142,47.8543748],[14.7130925,47.8525237],[14.7109081,47.851359],[14.7100015,47.8506462],[14.7102483,47.8498866],[14.7101893,47.8494402],[14.7105382,47.8491434],[14.7111484,47.8481549],[14.7114126,47.8470936],[14.7111656,47.8461372],[14.7118407,47.8457424],[14.7134165,47.8452375],[14.718248,47.844624],[14.7214089,47.8439723],[14.7220835,47.8436267],[14.7230043,47.842864],[14.7238221,47.8424944],[14.7244364,47.841957],[14.7249584,47.84111],[14.7238385,47.8398559],[14.7229631,47.839165],[14.7225782,47.8389877],[14.7213762,47.8390391],[14.7212654,47.8352483],[14.7221972,47.8328772],[14.7227873,47.8321748],[14.7188566,47.8292953],[14.7177794,47.8287302],[14.7164442,47.8285493],[14.7142225,47.8268193],[14.7134063,47.825558],[14.7117238,47.8246097],[14.7099784,47.8232109],[14.7097802,47.8226792],[14.7102279,47.8217922],[14.7094366,47.8199779],[14.7098097,47.8191925],[14.7104969,47.8185731],[14.711293,47.8171748],[14.7113705,47.8153888],[14.7126816,47.8136906],[14.71628,47.8124322],[14.7178794,47.8113781],[14.72185,47.809562],[14.7253578,47.8060599],[14.7300159,47.8042423],[14.7318462,47.8040908],[14.7309997,47.8029256],[14.7305086,47.8007622],[14.7314667,47.7991028],[14.7282035,47.7983891],[14.7255052,47.7969],[14.7248011,47.79562],[14.7178027,47.7934615],[14.7157374,47.7920961],[14.7118831,47.7900873],[14.7148437,47.7849224],[14.7175254,47.7820002],[14.718705,47.7773056],[14.7183964,47.7757459],[14.7214902,47.7736454],[14.7226133,47.7717236],[14.7223255,47.7696082],[14.7218167,47.7694228],[14.7224327,47.7679968],[14.7234576,47.7668899],[14.7246201,47.7658608],[14.7254518,47.7655217],[14.727291,47.7660362],[14.7331956,47.7619927],[14.7359463,47.7589014],[14.7403998,47.7582476],[14.7431692,47.757575],[14.7438024,47.7578424],[14.7463622,47.7559239],[14.742703,47.7540663],[14.7413831,47.7531558],[14.7419472,47.7526077],[14.740304,47.7513184],[14.7387703,47.7485312],[14.7384606,47.7487211],[14.736035,47.746669],[14.736062,47.744942],[14.740252,47.74144],[14.750281,47.736267],[14.757923,47.735022],[14.76121,47.733102],[14.7670473,47.7263071],[14.77103,47.727672],[14.775936,47.728423],[14.777197,47.729033],[14.777324,47.729403],[14.784604,47.731503],[14.786842,47.732286],[14.787743,47.733008],[14.791849,47.735312],[14.794558,47.735527],[14.797343,47.736136],[14.798637,47.737326],[14.799053,47.738109],[14.803834,47.738618],[14.809352,47.737138],[14.8182642,47.7441655],[14.821202,47.74431],[14.832872,47.743713],[14.832825,47.742838],[14.830662,47.740614],[14.8309,47.738936],[14.834403,47.736567],[14.837793,47.736616],[14.839974,47.733956],[14.847261,47.73659],[14.849441,47.737786],[14.851962,47.738254],[14.860557,47.7413649],[14.8631286,47.739715],[14.8694205,47.7339173],[14.8702908,47.732949],[14.87079,47.7329991],[14.8714491,47.7327747],[14.8725934,47.7315252],[14.8735881,47.7299618],[14.8743238,47.7291893],[14.8742714,47.7288095],[14.87645,47.7263198],[14.876649,47.7231957],[14.8764398,47.7226295],[14.8770604,47.7218233],[14.8767835,47.719533],[14.8773557,47.7180092],[14.8771215,47.7176801],[14.8771058,47.7171948],[14.876639,47.7160308],[14.882898,47.7139513],[14.8834604,47.713456],[14.8937858,47.7130985],[14.8978384,47.7108986],[14.9012107,47.7108251],[14.907237,47.7099987],[14.9099828,47.7104996],[14.91284,47.7089899],[14.9150602,47.7107685],[14.9277548,47.7106374],[14.9300302,47.7128621],[14.9304728,47.7154273],[14.9313684,47.7173109],[14.9356029,47.7186832],[14.9366692,47.7205056],[14.94009,47.7219174],[14.9429559,47.724206],[14.9423877,47.725804],[14.9463511,47.7276808],[14.9487997,47.7295678],[14.9510441,47.7316007],[14.9519907,47.7328578],[14.9541883,47.7333155],[14.9587232,47.7356161],[14.963427,47.7362144],[14.967641,47.7372566],[14.9683923,47.7383606],[14.9680494,47.739822],[14.9708806,47.7417825],[14.9728373,47.7436027],[14.9744937,47.7435741],[14.9781254,47.7427361],[14.9827448,47.740635],[14.9864185,47.7401209],[14.98851,47.7405804],[14.9929418,47.7411557],[14.9972224,47.741428],[15.0021863,47.7434117],[15.0031681,47.7441349],[15.0080695,47.7448546],[15.0098778,47.7449357],[15.0120812,47.7458484],[15.0146129,47.7460272],[15.016454,47.7468097],[15.0214172,47.7479032],[15.0231846,47.7492628],[15.0256538,47.749776],[15.0279222,47.7512888],[15.0282582,47.7522805],[15.0292649,47.7526211],[15.030781,47.752699],[15.033652,47.752506],[15.034715,47.752737],[15.055876,47.7408771],[15.055733,47.7407418],[15.0584261,47.7403441],[15.0604239,47.7406786],[15.0629196,47.7416986],[15.0634112,47.7417667],[15.0643519,47.7416167],[15.066276,47.7408608],[15.0686132,47.7405203],[15.0694703,47.7408856],[15.0712017,47.7424106],[15.0721241,47.7425167],[15.0730929,47.7421317],[15.0742599,47.7420775],[15.0755475,47.7426059],[15.0769126,47.7423827],[15.0790637,47.7428482],[15.083998,47.7425972],[15.0844096,47.7416745],[15.0859109,47.7417757],[15.0892456,47.7414677],[15.0892702,47.741597],[15.0920349,47.7418364],[15.0952827,47.7424135],[15.0979554,47.7432517],[15.1044933,47.7434683],[15.1069177,47.743698],[15.1139832,47.7447424],[15.1157845,47.7448778],[15.1191777,47.745525],[15.1222428,47.7464815],[15.1259744,47.7461355],[15.1301626,47.7471829],[15.1315689,47.7477915],[15.1323071,47.7488397],[15.1323053,47.7493122],[15.1313452,47.750433],[15.1301003,47.7529928],[15.13238,47.7529602],[15.1345442,47.7561002],[15.1348328,47.7579967],[15.1360527,47.7593291],[15.1387676,47.76123],[15.139404,47.7614352],[15.1404546,47.7613413],[15.142237,47.7591083],[15.1432633,47.759005],[15.1433824,47.7581557],[15.1448135,47.7573413],[15.145622,47.7571954],[15.1473814,47.7579078],[15.1481001,47.7580328],[15.1496244,47.7574643],[15.1518987,47.7576945],[15.1535878,47.758451],[15.1545832,47.7582024],[15.1548822,47.7577938],[15.1584289,47.7577841],[15.1589625,47.7584265],[15.1633153,47.756276],[15.1651797,47.7562276],[15.1685422,47.7537267],[15.1717645,47.7549751],[15.1748344,47.7558005],[15.1784643,47.7560182],[15.1833023,47.7567256],[15.1839275,47.7559789],[15.1875182,47.7557908],[15.1918133,47.7562204],[15.1938661,47.7557679],[15.1993743,47.7534237],[15.2006503,47.7537833],[15.200962,47.75536],[15.202927,47.756287],[15.204352,47.758089],[15.206621,47.759993],[15.207883,47.760321],[15.208836,47.761757],[15.210405,47.76312],[15.21026,47.763494],[15.21046,47.764437],[15.2103048,47.764629],[15.208794,47.765265],[15.207809,47.76715],[15.210116,47.768911],[15.208089,47.77058],[15.2057,47.769897],[15.203703,47.770051],[15.202267,47.7705],[15.20218,47.771726],[15.2017496,47.7724677],[15.20085,47.775048],[15.206526,47.777741],[15.206464,47.778446],[15.205852,47.7799],[15.207314,47.781371],[15.206115,47.78217],[15.20737,47.783032],[15.20789,47.785078],[15.207647,47.785854],[15.208088,47.786038],[15.207847,47.786477],[15.208297,47.787272],[15.208144,47.787812],[15.209458,47.788595],[15.209358,47.789146],[15.209589,47.789286],[15.210006,47.789276],[15.211359,47.789873],[15.214421,47.790205],[15.215052,47.790556],[15.2152384,47.7911052],[15.2150127,47.7913067],[15.215071,47.791526],[15.216199,47.792953],[15.216063,47.794534],[15.216203,47.795235],[15.2173065,47.7960299],[15.220481,47.795728],[15.225172,47.796966],[15.228073,47.797257],[15.229862,47.797777],[15.233163,47.798264],[15.234289,47.798797],[15.236661,47.798313],[15.2380897,47.7978168],[15.238708,47.797445],[15.241265,47.797194],[15.242351,47.797281],[15.242854,47.797125],[15.243963,47.796394],[15.246602,47.796024],[15.246936,47.795383],[15.247553,47.795045],[15.248078,47.795061],[15.248953,47.794567],[15.251492,47.793801],[15.251736,47.793266],[15.253579,47.792757],[15.256139,47.792746],[15.257711,47.792077],[15.258066,47.79224],[15.257846,47.792767],[15.258021,47.79303],[15.258977,47.79292],[15.2592,47.793104],[15.259753,47.793019],[15.26091,47.793575],[15.262471,47.793535],[15.281688,47.791413],[15.282142,47.791044],[15.2832805,47.790896],[15.2841579,47.7905187],[15.2846225,47.7904943],[15.285039,47.790169],[15.28717,47.790182],[15.287669,47.790565],[15.288283,47.790623],[15.2888819,47.7911944],[15.28911,47.792058],[15.2908006,47.7933605],[15.290732,47.79404],[15.2903335,47.7948443],[15.290054,47.795048],[15.2898012,47.7959598],[15.289978,47.79624],[15.290033,47.797298],[15.291272,47.797734],[15.29152,47.797984],[15.2909195,47.7983856],[15.2912255,47.799137],[15.2921515,47.7994508],[15.292646,47.799942],[15.292977,47.799954],[15.293237,47.799607],[15.2939124,47.7994659],[15.2943599,47.7995753],[15.294532,47.800227],[15.295138,47.800423],[15.2951227,47.800709],[15.294774,47.801168],[15.2955,47.801819],[15.295499,47.802032],[15.29472,47.802846],[15.295224,47.803342],[15.2950259,47.8042744],[15.2946654,47.8046181],[15.295072,47.8049105],[15.29524,47.805676],[15.294588,47.805704],[15.294467,47.806166],[15.293833,47.806317],[15.294034,47.807173],[15.29306,47.807824],[15.2931553,47.8079617],[15.2938193,47.8080624],[15.2925734,47.8095002],[15.2926744,47.8096364],[15.29414,47.809696],[15.294288,47.810155],[15.2939987,47.8106716],[15.2943554,47.810948],[15.2943313,47.8111821],[15.294709,47.8111896],[15.294887,47.811378],[15.294828,47.811869],[15.2952371,47.8118853],[15.295554,47.812258],[15.2953401,47.8128649],[15.2946996,47.8127829],[15.294657,47.812977],[15.2949018,47.813312],[15.295501,47.813237],[15.295913,47.813381],[15.2966988,47.8144511],[15.2970904,47.8155185],[15.296929,47.815966],[15.29708,47.816326],[15.296297,47.816697],[15.29612,47.817212],[15.2968617,47.8180514],[15.296946,47.81839],[15.297968,47.81872],[15.298024,47.819103],[15.298573,47.819398],[15.2986363,47.8198378],[15.2984112,47.8202108],[15.2984525,47.8206523],[15.29983,47.82104],[15.300429,47.820936],[15.302747,47.821255],[15.3033072,47.8211845],[15.303386,47.821041],[15.304364,47.820986],[15.306459,47.819999],[15.3068391,47.8201365],[15.30761,47.819897],[15.308097,47.819927],[15.308865,47.820329],[15.30914,47.820721],[15.309941,47.82106],[15.309956,47.821468],[15.310369,47.821722],[15.310334,47.821921],[15.311536,47.822615],[15.312819,47.822576],[15.313211,47.822416],[15.313332,47.822151],[15.313807,47.8221],[15.316627,47.822967],[15.318851,47.822306],[15.319139,47.82211],[15.319023,47.821876],[15.319237,47.821455],[15.320214,47.821065],[15.320539,47.821233],[15.321921,47.820804],[15.323621,47.8208849],[15.324285,47.821262],[15.325205,47.8213903],[15.3252099,47.8216178],[15.3256551,47.8218573],[15.32567,47.822015],[15.326455,47.822132],[15.3264608,47.8222994],[15.327415,47.823105],[15.328364,47.823605],[15.330455,47.825668],[15.333234,47.827352],[15.334465,47.827645],[15.337865,47.82789],[15.340671,47.827819],[15.342156,47.827181],[15.343355,47.8269],[15.344075,47.825862],[15.344809,47.825622],[15.3459168,47.8257513],[15.347313,47.825673],[15.351104,47.826339],[15.354344,47.826579],[15.358785,47.825838],[15.359764,47.825655],[15.3596975,47.8254503],[15.360756,47.824948],[15.3607263,47.8237622],[15.3613342,47.8238975],[15.362549,47.824491],[15.364664,47.824996],[15.3684568,47.8247622],[15.368903,47.824512],[15.370326,47.824637],[15.370435,47.825005],[15.373344,47.824976],[15.374938,47.825377],[15.374873,47.82456],[15.3752697,47.8244705],[15.375234,47.824194],[15.3757498,47.8241715],[15.3758329,47.8241049],[15.375644,47.824056],[15.375881,47.82398],[15.377238,47.824215],[15.37755,47.824074],[15.3775,47.823912],[15.3784361,47.8238749],[15.3794627,47.8235896],[15.379806,47.823228],[15.380661,47.822937],[15.381672,47.821844],[15.382838,47.821143],[15.383465,47.820454],[15.385734,47.819237],[15.386159,47.819227],[15.3863417,47.8190826],[15.386399,47.818702],[15.387133,47.8183],[15.387809,47.817485],[15.388735,47.81722],[15.389255,47.816902],[15.390613,47.816688],[15.390804,47.816452],[15.390705,47.815994],[15.3909205,47.8156651],[15.3910131,47.8148716],[15.3913574,47.8140813],[15.3916276,47.8138449],[15.391184,47.813315],[15.391212,47.812853],[15.391809,47.812789],[15.392911,47.813565],[15.393716,47.813793],[15.395063,47.81316],[15.395694,47.813248],[15.395945,47.81334],[15.395896,47.813472],[15.3952966,47.8137575],[15.395289,47.813983],[15.396429,47.814213],[15.3966379,47.8138325],[15.396921,47.813767],[15.3971244,47.8138822],[15.39713,47.8142],[15.398903,47.814244],[15.398683,47.813956],[15.3990018,47.8135788],[15.3996617,47.8136101],[15.400134,47.814126],[15.3999865,47.8144972],[15.401069,47.814796],[15.401268,47.814419],[15.4016026,47.814445],[15.4017906,47.8146724],[15.402464,47.81433],[15.4024107,47.8141113],[15.403098,47.813764],[15.404024,47.813697],[15.4048784,47.813113],[15.406077,47.812803],[15.406022,47.811941],[15.404586,47.810712],[15.404253,47.810151],[15.4045751,47.8098011],[15.404377,47.809176],[15.404062,47.808942],[15.404265,47.808573],[15.403954,47.80817],[15.404052,47.806458],[15.404956,47.8048],[15.404077,47.803625],[15.403947,47.802893],[15.403359,47.801913],[15.403453,47.801226],[15.403116,47.800376],[15.403465,47.800004],[15.403436,47.799441],[15.404146,47.798906],[15.404287,47.798459],[15.404623,47.798242],[15.404603,47.79784],[15.4049884,47.7975882],[15.4050088,47.7972592],[15.405484,47.796909],[15.405381,47.796556],[15.405705,47.796344],[15.4058039,47.7956363],[15.4059917,47.7954201],[15.4058871,47.7952459],[15.406316,47.794157],[15.407199,47.79335],[15.40712,47.793007],[15.407709,47.791729],[15.407632,47.791166],[15.4081144,47.7901981],[15.4082504,47.7895397],[15.408161,47.788961],[15.408402,47.788089],[15.409121,47.787217],[15.40969,47.785609],[15.410482,47.784804],[15.411945,47.784374],[15.413137,47.78437],[15.414224,47.784493],[15.41552,47.785024],[15.416408,47.78471],[15.417225,47.784907],[15.418476,47.784843],[15.419335,47.785011],[15.420167,47.784742],[15.421685,47.785063],[15.422414,47.785049],[15.423307,47.785318],[15.424302,47.78632],[15.426514,47.787358],[15.427814,47.789018],[15.430365,47.789858],[15.431542,47.789922],[15.432585,47.790304],[15.433403,47.791603],[15.438684,47.79082],[15.439965,47.790422],[15.440289,47.789927],[15.4403638,47.7884506],[15.440573,47.787908],[15.440449,47.787014],[15.441109,47.785658],[15.4416185,47.785178],[15.441976,47.784478],[15.442629,47.78397],[15.443739,47.782653],[15.445528,47.77996],[15.446667,47.776969],[15.447141,47.776241],[15.448755,47.775035],[15.449895,47.773658],[15.450082,47.773244],[15.449979,47.772728],[15.451078,47.772647],[15.452052,47.773037],[15.45481,47.772883],[15.4549736,47.7728329],[15.455154,47.772415],[15.45655,47.772081],[15.457453,47.771428],[15.458861,47.770984],[15.459349,47.770375],[15.460808,47.769947],[15.460956,47.769743],[15.462524,47.770143],[15.464067,47.770886],[15.466269,47.770877],[15.466486,47.770744],[15.466748,47.770949],[15.469128,47.771303],[15.4739932,47.7711993],[15.474496,47.770879],[15.476022,47.770877],[15.4763986,47.7707289],[15.476511,47.770505],[15.4777149,47.7704064],[15.484521,47.77067],[15.490742,47.768987],[15.491623,47.768252],[15.493025,47.768362],[15.4938461,47.7686629],[15.4943594,47.7686637],[15.495296,47.769116],[15.496088,47.769222],[15.496499,47.768876],[15.496982,47.76886],[15.4971322,47.769059],[15.4976696,47.7690865],[15.498255,47.768663],[15.49907,47.768822],[15.500212,47.7687354],[15.500252,47.768522],[15.5009016,47.7683366],[15.501171,47.768666],[15.50204,47.768948],[15.50287,47.768483],[15.504505,47.768432],[15.5047077,47.7681148],[15.505107,47.768197],[15.5052549,47.767848],[15.505643,47.767914],[15.5057521,47.767643],[15.5064499,47.7679225],[15.5068668,47.7677412],[15.5071287,47.7678167],[15.5074725,47.7676737],[15.5075069,47.7674738],[15.5085067,47.7671332],[15.5088285,47.7672078],[15.5090018,47.7671427],[15.5090703,47.7667357],[15.5103718,47.7666147],[15.5105888,47.7663982],[15.510438,47.7659817],[15.5118436,47.7655207],[15.5122424,47.7650957],[15.5127239,47.764927],[15.5127359,47.7645982],[15.5133747,47.7641241],[15.5152341,47.7632609],[15.5162338,47.7630744],[15.5162779,47.7622382],[15.5167127,47.761834],[15.5162745,47.7613067],[15.5160721,47.7598631],[15.5160949,47.7592932],[15.5165727,47.7586166],[15.5160823,47.7581822],[15.5146368,47.7577315],[15.5145189,47.7574112],[15.5147629,47.7568052],[15.5143444,47.755452],[15.5137447,47.7552509],[15.5129314,47.7553432],[15.5124431,47.7545448],[15.5117524,47.7539612],[15.5104621,47.7537766],[15.5085424,47.7530349],[15.509839,47.752062],[15.509943,47.75087],[15.5105516,47.7502064],[15.510863,47.749583],[15.5120057,47.7491515],[15.512783,47.748651],[15.512845,47.747647],[15.513416,47.74718],[15.513595,47.746658],[15.513893,47.746507],[15.514872,47.746381],[15.516559,47.746767],[15.517934,47.746075],[15.518269,47.746053],[15.51929,47.746619],[15.520102,47.747358],[15.520988,47.747716],[15.5242187,47.7472884],[15.525704,47.746598],[15.528651,47.745866],[15.530354,47.746346],[15.535339,47.747],[15.53614,47.747397],[15.537104,47.747601],[15.537698,47.748157],[15.53878,47.747867],[15.539565,47.747855],[15.541365,47.748444],[15.542405,47.748466],[15.54485,47.749047],[15.546045,47.74884],[15.547452,47.749295],[15.5513775,47.7495216],[15.5523326,47.749237],[15.5534486,47.7483912],[15.553614,47.747892],[15.553598,47.746994],[15.554013,47.746549],[15.55531,47.746174],[15.55677,47.746426],[15.557786,47.745938],[15.561316,47.745475],[15.563112,47.746264],[15.5640406,47.7469731],[15.5639095,47.7472312],[15.564084,47.7475087],[15.5647974,47.7477091],[15.5650021,47.747963],[15.566457,47.748375],[15.567317,47.748868],[15.568635,47.749162],[15.5692941,47.7490265],[15.5698116,47.749384],[15.571184,47.749444],[15.5724075,47.7497277],[15.572788,47.749589],[15.573485,47.749687],[15.57402,47.749417],[15.575573,47.749528],[15.57621,47.749311],[15.5769786,47.7496285],[15.5793455,47.7493281],[15.581155,47.748762],[15.5826547,47.7489724],[15.583179,47.748782],[15.584494,47.748678],[15.584962,47.748961],[15.5857539,47.748676],[15.586403,47.749159],[15.587391,47.749097],[15.587847,47.749309],[15.589197,47.74936],[15.590668,47.749862],[15.592121,47.749893],[15.592822,47.750281],[15.594283,47.750042],[15.595157,47.750158],[15.597305,47.750877],[15.597728,47.750788],[15.5994128,47.7509983],[15.600625,47.751502],[15.6016839,47.7516964],[15.602662,47.751856],[15.6032424,47.7517742],[15.6042829,47.7520283],[15.605272,47.752005],[15.606212,47.752275],[15.6072616,47.7522508],[15.608036,47.752083],[15.610041,47.751202],[15.6117131,47.7510851],[15.612884,47.74684],[15.6155793,47.7468075],[15.6169146,47.7437135],[15.6180907,47.7419915],[15.6194725,47.7413423],[15.6198417,47.7391666],[15.6201474,47.7384419],[15.6190043,47.7373759],[15.619751,47.7374287],[15.6212021,47.7369612],[15.6223004,47.736276],[15.6229896,47.7343268],[15.6228956,47.7340415],[15.624183,47.732436],[15.6248899,47.7319899],[15.6266427,47.7312801],[15.6272525,47.730318],[15.627798,47.729798],[15.6283364,47.72856],[15.6291629,47.7273804],[15.6289467,47.7266857],[15.6291248,47.7256817],[15.6289508,47.7242996],[15.6291811,47.7242584],[15.6297324,47.7235567],[15.631001,47.7227236],[15.6325559,47.7212293],[15.6335971,47.7199137],[15.6341738,47.7184278],[15.634644,47.7177864],[15.6352293,47.7164029],[15.6359526,47.7154183],[15.6376003,47.7154978],[15.6419123,47.7175244],[15.6433445,47.717381],[15.6443877,47.7168092],[15.645131,47.716796],[15.6475095,47.7173307],[15.6488952,47.7171337],[15.6505184,47.7172657],[15.6517783,47.7176417],[15.653462,47.71611],[15.65853,47.713987],[15.659999,47.713511],[15.662099,47.711974],[15.663529,47.711789],[15.667728,47.710434],[15.670236,47.709998],[15.6707248,47.7093866],[15.671741,47.708842],[15.671718,47.708606],[15.672704,47.707596],[15.672541,47.70702],[15.672698,47.706497],[15.673358,47.706209],[15.6787319,47.698995],[15.6807544,47.6999977],[15.683268,47.700968],[15.684557,47.702414],[15.686784,47.70351],[15.68792,47.704391],[15.690065,47.70436],[15.6914469,47.7052782],[15.691809,47.705909],[15.692241,47.708183],[15.69668,47.712897],[15.697024,47.71303],[15.698414,47.713244],[15.698874,47.713126],[15.700068,47.713373],[15.70412,47.712919],[15.706435,47.713242],[15.709543,47.712608],[15.715425,47.712644],[15.717603,47.711478],[15.71914,47.70988],[15.719279,47.708745],[15.7190222,47.7077622],[15.7188465,47.7059061],[15.718557,47.704836],[15.71639,47.703605],[15.7156941,47.7028675],[15.715435,47.700936],[15.714227,47.698008],[15.71439,47.696578],[15.714948,47.6961],[15.715041,47.695217],[15.716875,47.693948],[15.717868,47.693017],[15.719062,47.691311],[15.7190925,47.690914],[15.7195995,47.6898327],[15.7192531,47.6889035],[15.718366,47.687943],[15.7182876,47.6877032],[15.7184927,47.6875311],[15.7183295,47.6861265],[15.7179138,47.6857392],[15.7177505,47.6844374],[15.7181972,47.6836756],[15.72045,47.682015],[15.7206737,47.6814825],[15.721085,47.681036],[15.7210351,47.6804415],[15.720799,47.680129],[15.721948,47.679275],[15.721975,47.678314],[15.72285,47.677529],[15.7230456,47.676183],[15.7232506,47.675902],[15.723184,47.675473],[15.72363,47.6749141],[15.723807,47.674332],[15.723543,47.674034],[15.724147,47.672925],[15.7241669,47.6713664],[15.724679,47.670452],[15.72473,47.669526],[15.72614,47.668085],[15.727022,47.667576],[15.7279379,47.6658897],[15.727854,47.665803],[15.728464,47.665003],[15.728678,47.664176],[15.7286494,47.6623137],[15.7289628,47.6598691],[15.728943,47.658501],[15.7286648,47.6574001],[15.728327,47.656793],[15.728491,47.65635],[15.726064,47.653799],[15.7263709,47.6530311],[15.726308,47.652697],[15.7260678,47.6522368],[15.725164,47.651295],[15.7249889,47.6486651],[15.724782,47.647848],[15.725096,47.646452],[15.726847,47.645527],[15.727414,47.64547],[15.728802,47.645652],[15.729753,47.645301],[15.7344682,47.6455781],[15.735874,47.644769],[15.737127,47.644475],[15.737692,47.64406],[15.73815,47.643429],[15.73902,47.643078],[15.7417105,47.6426081],[15.744087,47.640977],[15.744927,47.6396445],[15.745115,47.63867],[15.741647,47.634543],[15.740942,47.633265],[15.744399,47.631865],[15.7463809,47.6318904],[15.748699,47.6323181],[15.750261,47.632274],[15.754619,47.633513],[15.7631085,47.635025],[15.7640063,47.6354759],[15.7644248,47.6358749],[15.7645322,47.6363332],[15.7651986,47.6371738],[15.7677954,47.6384949],[15.7686188,47.639276],[15.770105,47.640062],[15.772645,47.640878],[15.774709,47.641108],[15.780354,47.642617],[15.781324,47.642297],[15.781767,47.641372],[15.781634,47.639662],[15.781764,47.63921],[15.782143,47.639082],[15.7838106,47.6388201],[15.785909,47.639016],[15.789416,47.639884],[15.791316,47.639255],[15.792932,47.638051],[15.793959,47.637649],[15.79545,47.636679],[15.796334,47.636423],[15.799292,47.636105],[15.801194,47.636137],[15.802796,47.635969],[15.804781,47.63536],[15.805126,47.635097],[15.807256,47.635184],[15.808003,47.635657],[15.80934,47.636075],[15.8097088,47.6363402],[15.811684,47.63692],[15.812722,47.636936],[15.814009,47.636692],[15.815574,47.63675],[15.816879,47.63699],[15.8180242,47.6375568],[15.819137,47.637329],[15.821774,47.637952],[15.8239976,47.6367347],[15.825687,47.635331],[15.826533,47.634913],[15.8296254,47.6328082],[15.8300824,47.6321116],[15.8303058,47.6309709],[15.8305941,47.6306939],[15.831592,47.626919],[15.832539,47.62595],[15.8327209,47.6247162],[15.833079,47.623819],[15.8329452,47.6233633],[15.832984,47.622377],[15.834403,47.621836],[15.835182,47.621032],[15.836549,47.620473],[15.840298,47.6181002],[15.841986,47.617598],[15.844614,47.617129],[15.846936,47.617436],[15.850758,47.618732],[15.855226,47.619899],[15.8567482,47.620808],[15.8588523,47.6187505],[15.8600617,47.6181732],[15.860817,47.6157331],[15.861316,47.614767],[15.862336,47.613806],[15.8623382,47.6136218],[15.8609499,47.6125859],[15.8605882,47.6098595],[15.860381,47.609551],[15.8596173,47.6086213],[15.8583497,47.6079876],[15.856606,47.606083],[15.856381,47.605059],[15.856595,47.604445],[15.856536,47.603205],[15.855673,47.601957],[15.854913,47.601573],[15.853805,47.600082],[15.852099,47.599235],[15.8517393,47.5987941],[15.851642,47.598331],[15.850774,47.597947],[15.8497212,47.5978813],[15.8494451,47.5975723],[15.8484743,47.5971782],[15.84799,47.596764],[15.848389,47.595699],[15.8484929,47.5946658],[15.848314,47.593637],[15.848664,47.592799],[15.848945,47.590634],[15.848538,47.590221],[15.847872,47.590228],[15.847703,47.590014],[15.847773,47.589279],[15.847196,47.588777],[15.846286,47.587416],[15.845643,47.587358],[15.845089,47.587036],[15.844514,47.586305],[15.8446775,47.5854741],[15.8453765,47.5839513],[15.845245,47.582824],[15.8461863,47.5805126],[15.846109,47.5785584],[15.845772,47.5769419],[15.8450918,47.5758969],[15.8461307,47.574514],[15.8463193,47.5738716],[15.8467491,47.5733793],[15.846848,47.5727139],[15.8473705,47.5716459],[15.8472221,47.5701732],[15.8470242,47.569733],[15.8467181,47.5695349],[15.8466625,47.5691927],[15.8470799,47.5681664],[15.847003,47.567787],[15.848784,47.567201],[15.8487997,47.5664052],[15.85157,47.566058],[15.852717,47.566479],[15.8548751,47.5668913],[15.8590204,47.5669602],[15.861709,47.566834],[15.863145,47.56599],[15.864157,47.56583],[15.864714,47.5663308],[15.8649963,47.5671053],[15.8655711,47.5675476],[15.8663772,47.5687078],[15.86885,47.571455],[15.869604,47.571827],[15.8719815,47.5725149],[15.8726501,47.5729381],[15.874335,47.573345],[15.875569,47.573037],[15.8838339,47.5720527],[15.885903,47.571448],[15.887904,47.571218],[15.890102,47.570299],[15.8937325,47.5682456],[15.895827,47.567266],[15.899209,47.564861],[15.904341,47.562753],[15.90545,47.561089],[15.9054543,47.5579676],[15.9029351,47.5548454],[15.9030449,47.5537329],[15.9028233,47.5510996],[15.902961,47.5473048],[15.9023368,47.5463356],[15.9032816,47.5446694],[15.9040363,47.5424482],[15.9050376,47.5420219],[15.9077416,47.539889],[15.9121456,47.5357779],[15.9117855,47.5333608],[15.912084,47.5320257],[15.9138538,47.5304246],[15.9187755,47.5300691],[15.9217472,47.5300243],[15.9266641,47.5290738],[15.9362733,47.5263372],[15.9425732,47.5235261],[15.951121,47.5183133],[15.9562236,47.5170902],[15.958514,47.5178519],[15.959383,47.517983],[15.959779,47.517855],[15.961465,47.518144],[15.965306,47.518457],[15.96578,47.518976],[15.967126,47.519363],[15.968547,47.519185],[15.969148,47.519431],[15.974036,47.520224],[15.976345,47.520079],[15.978399,47.519269],[15.980747,47.518068],[15.983225,47.517391],[15.985256,47.517098],[15.9909396,47.5168925],[15.991315,47.5170527],[15.9930888,47.5167064],[15.99596,47.516601],[15.996618,47.516302],[15.99913,47.516104],[16.001576,47.515371],[16.00451,47.516388],[16.005066,47.516705],[16.004942,47.516846],[16.006997,47.517411],[16.010532,47.517563],[16.011109,47.517351],[16.015167,47.5169],[16.016036,47.517025],[16.017258,47.516406],[16.018347,47.516184],[16.018976,47.515796],[16.020239,47.515528],[16.021324,47.515042],[16.022624,47.514208],[16.026303,47.51268],[16.027421,47.511832],[16.0277615,47.5111753],[16.027754,47.510652],[16.0287034,47.5098768],[16.02897,47.509034],[16.028774,47.508438],[16.029194,47.507723],[16.030246,47.507262],[16.0304907,47.5069627],[16.031179,47.506728],[16.0320941,47.5060802],[16.032386,47.505662],[16.0322372,47.5051129],[16.032841,47.504242],[16.033313,47.504088],[16.034412,47.504194],[16.0357158,47.5039889],[16.036283,47.503668],[16.0373226,47.5034328],[16.0378598,47.5022999],[16.0386136,47.5019419],[16.0394646,47.5017679],[16.040719,47.500916],[16.041204,47.500797],[16.041198,47.50006],[16.041532,47.4995872],[16.0416886,47.4987385],[16.0422828,47.4982238],[16.0421027,47.4976332],[16.0430613,47.4967505],[16.042756,47.4965976],[16.0440801,47.4953617],[16.0442577,47.4950874],[16.0442189,47.4944127],[16.0444102,47.4940732],[16.0453253,47.4932141],[16.04528,47.492855],[16.0459342,47.4924543],[16.0464923,47.4914276],[16.048471,47.490276],[16.049484,47.490011],[16.049915,47.489477],[16.050822,47.489208],[16.051097,47.488754],[16.053389,47.48759],[16.0537036,47.4872911],[16.0539167,47.4866329],[16.0546706,47.4863573],[16.055726,47.4856204],[16.057688,47.4845858],[16.059245,47.484945],[16.061412,47.484914],[16.0645054,47.4860668],[16.0651622,47.4864728],[16.065218,47.48681],[16.065045,47.487304],[16.06454,47.487479],[16.064663,47.487959],[16.064455,47.488264],[16.0638117,47.4882295],[16.063189,47.489191],[16.063505,47.48921],[16.064212,47.490462],[16.063987,47.49116],[16.0646116,47.4920955],[16.064923,47.49231],[16.064612,47.49245],[16.064562,47.492872],[16.0647986,47.4930431],[16.065014,47.493697],[16.0646765,47.4941258],[16.0647278,47.4942728],[16.0652683,47.494378],[16.065459,47.4948349],[16.0649241,47.4953666],[16.0654847,47.4957895],[16.065531,47.4962455],[16.0647853,47.4964092],[16.064713,47.496934],[16.064975,47.497334],[16.065038,47.498064],[16.065041,47.498717],[16.064865,47.498814],[16.064985,47.499357],[16.064739,47.499611],[16.065107,47.499887],[16.065078,47.50019],[16.064673,47.500647],[16.065175,47.501896],[16.065854,47.501938],[16.065923,47.502211],[16.06622,47.502126],[16.066436,47.502576],[16.067609,47.502871],[16.067758,47.503079],[16.069052,47.502876],[16.072325,47.503281],[16.07469,47.503023],[16.074748,47.501723],[16.075269,47.50096],[16.077631,47.499733],[16.078263,47.499236],[16.0788423,47.4992813],[16.0799609,47.5009306],[16.080145,47.500978],[16.079663,47.501739],[16.079621,47.502292],[16.08024,47.502969],[16.0802521,47.5033906],[16.080031,47.503869],[16.080375,47.504805],[16.080604,47.505205],[16.081264,47.505648],[16.081373,47.50598],[16.082102,47.506091],[16.082932,47.506611],[16.084574,47.507036],[16.0879913,47.5071302],[16.08961,47.507357],[16.090488,47.507761],[16.0917466,47.5092634],[16.0923569,47.5097511],[16.092461,47.510033],[16.094178,47.511275],[16.094497,47.511961],[16.0941489,47.5133032],[16.093856,47.513848],[16.0936347,47.5151064],[16.0937152,47.5158256],[16.0935743,47.5159117],[16.0937709,47.5162033],[16.093922,47.517604],[16.0941463,47.5179602],[16.0946267,47.518104],[16.095965,47.518115],[16.0964154,47.520374],[16.097265,47.52129],[16.096864,47.522162],[16.096921,47.523018],[16.097775,47.524077],[16.100968,47.522713],[16.100978,47.523286],[16.103219,47.523592],[16.104343,47.524023],[16.108389,47.524934],[16.1094672,47.5249921],[16.1094949,47.524488],[16.1098169,47.5242091],[16.109885,47.523933],[16.109779,47.523577],[16.110238,47.523215],[16.110376,47.522729],[16.111352,47.522406],[16.1113726,47.5221011],[16.111195,47.521971],[16.1114115,47.5210453],[16.111344,47.52067],[16.111827,47.518658],[16.11164,47.516455],[16.1118793,47.516275],[16.112668,47.516387],[16.113963,47.515394],[16.114686,47.515363],[16.1150734,47.515594],[16.1159824,47.515445],[16.116081,47.5152906],[16.115765,47.514649],[16.115049,47.514183],[16.115002,47.513816],[16.114689,47.513737],[16.114448,47.513106],[16.113589,47.512404],[16.113152,47.512377],[16.1130333,47.5120379],[16.1118037,47.5114158],[16.1115165,47.5111903],[16.111455,47.510897],[16.110699,47.510261],[16.11089,47.510281],[16.111096,47.50963],[16.1124166,47.5075688],[16.1135305,47.5069444],[16.114154,47.506787],[16.114495,47.507273],[16.114345,47.507405],[16.114811,47.507732],[16.114827,47.507948],[16.115172,47.508037],[16.115256,47.50831],[16.11593,47.508686],[16.116195,47.509246],[16.117011,47.509674],[16.117632,47.509719],[16.118254,47.509982],[16.1182853,47.5101927],[16.1187094,47.5102585],[16.119133,47.510606],[16.119719,47.511357],[16.1208259,47.5117631],[16.121431,47.511051],[16.121366,47.510789],[16.1209238,47.5105412],[16.1205766,47.5101107],[16.1206545,47.5099738],[16.1204285,47.5097405],[16.120366,47.509298],[16.119592,47.508881],[16.11857,47.507928],[16.1186762,47.5058666],[16.117903,47.504436],[16.118247,47.503745],[16.118021,47.501661],[16.117542,47.501848],[16.116819,47.501555],[16.1158469,47.501393],[16.115557,47.501478],[16.114915,47.5011529],[16.114574,47.500831],[16.114357,47.499981],[16.113948,47.499556],[16.113965,47.499235],[16.114252,47.498988],[16.1140761,47.4989049],[16.114208,47.49845],[16.113792,47.497912],[16.113536,47.497917],[16.113246,47.49816],[16.112763,47.497804],[16.112892,47.497047],[16.1157788,47.4945605],[16.115733,47.4941081],[16.115446,47.493718],[16.115557,47.492993],[16.114921,47.492517],[16.1148,47.492144],[16.115797,47.490593],[16.116064,47.489285],[16.117722,47.488722],[16.119892,47.487705],[16.121168,47.487843],[16.120988,47.487295],[16.11995,47.486508],[16.119651,47.486047],[16.119859,47.485304],[16.119692,47.484686],[16.119404,47.484039],[16.118488,47.482986],[16.118835,47.4817402],[16.1187015,47.4810793],[16.1187837,47.4807242],[16.118654,47.48058],[16.1189773,47.4804659],[16.119033,47.480063],[16.119797,47.479322],[16.12027,47.477908],[16.119603,47.477008],[16.118517,47.4766705],[16.117414,47.476677],[16.1165,47.476243],[16.116484,47.475922],[16.115518,47.4751973],[16.115132,47.474325],[16.1168684,47.4738558],[16.117718,47.473956],[16.118246,47.474255],[16.118522,47.474159],[16.119732,47.474437],[16.123353,47.474087],[16.124485,47.473429],[16.1235164,47.4730522],[16.122839,47.472596],[16.1223841,47.4719305],[16.1222543,47.4713248],[16.122666,47.470835],[16.1237787,47.4707086],[16.1244555,47.4702946],[16.1251785,47.4696325],[16.125854,47.468672],[16.126714,47.468342],[16.128153,47.468145],[16.128429,47.468329],[16.12898,47.468293],[16.132986,47.469503],[16.133194,47.4689011],[16.1336054,47.4683675],[16.1335944,47.468067],[16.133957,47.467954],[16.133866,47.467668],[16.135272,47.46663],[16.135176,47.466306],[16.135887,47.465291],[16.135872,47.464759],[16.13624,47.46445],[16.1361225,47.4639722],[16.1363355,47.4637036],[16.136188,47.463181],[16.1368731,47.4621339],[16.1379725,47.4614314],[16.1379664,47.4613],[16.1372374,47.4609399],[16.136594,47.460926],[16.135838,47.460515],[16.135072,47.460408],[16.133331,47.459541],[16.133067,47.45926],[16.1327761,47.458515],[16.132632,47.457364],[16.132877,47.455131],[16.132203,47.45443],[16.131891,47.453432],[16.132138,47.452821],[16.134271,47.451242],[16.135159,47.451142],[16.1364983,47.4504562],[16.137572,47.450408],[16.1388,47.448956],[16.139366,47.44797],[16.140636,47.447052],[16.140474,47.446845],[16.140695,47.446614],[16.1405801,47.4461294],[16.1401194,47.4451679],[16.1400689,47.4447058],[16.1397635,47.4443112],[16.1398823,47.4436822],[16.1403052,47.4433602],[16.1403114,47.442822],[16.1407649,47.441738],[16.1433816,47.4386171],[16.144039,47.437972],[16.144883,47.437505],[16.146182,47.437147],[16.148472,47.435881],[16.149958,47.434498],[16.152691,47.433711],[16.154235,47.431611],[16.157034,47.4306393],[16.158269,47.429817],[16.1595481,47.4292756],[16.159682,47.427655],[16.16045,47.426501],[16.16153,47.426286],[16.164424,47.426384],[16.167022,47.426161],[16.167865,47.42567],[16.168504,47.424862],[16.168997,47.424578],[16.168904,47.424317],[16.169194,47.423799],[16.170023,47.423572],[16.1720378,47.4222062],[16.1734306,47.4223545],[16.1739316,47.4227416],[16.1750469,47.4228613],[16.1756173,47.4227513],[16.1759439,47.4229642],[16.1763951,47.4229674],[16.1776459,47.4234025],[16.1781067,47.4238763],[16.1813473,47.4233213],[16.1838624,47.4232971],[16.1857325,47.4234758],[16.1884009,47.4226275],[16.1909146,47.4223329],[16.1946316,47.4224317],[16.1977253,47.4222659],[16.1996237,47.4223412],[16.2007771,47.4227341],[16.2017905,47.4232964],[16.2067691,47.4246225],[16.209405,47.4245242],[16.2097332,47.4247804],[16.2118312,47.4249618],[16.2127677,47.4252781],[16.2137548,47.425194],[16.2146055,47.4254801],[16.2148188,47.4256978],[16.2187738,47.426805],[16.2231433,47.4271357],[16.2239953,47.4273424],[16.2244767,47.4279042],[16.2262302,47.4290684],[16.2273353,47.4293015],[16.2287312,47.4300158],[16.2293408,47.4313786],[16.2309405,47.4320483],[16.2314951,47.4330044],[16.2323847,47.4329521],[16.2333549,47.4333737],[16.2336404,47.4336946],[16.2340246,47.4335755],[16.2348018,47.4336904],[16.235764,47.4342739],[16.2364457,47.4350952],[16.237107,47.4354348],[16.2390961,47.43622],[16.2395883,47.4366127],[16.2417417,47.4370517],[16.2421686,47.4375817],[16.2420293,47.4394439],[16.242502,47.4395555],[16.2426282,47.4413001],[16.2432108,47.4422726],[16.2443589,47.4423649],[16.2454548,47.4427861],[16.2471905,47.4431288],[16.2472105,47.4434191],[16.247343,47.4434598],[16.2482282,47.4434293],[16.2498832,47.4444662],[16.2514349,47.4459694],[16.2521376,47.4462313],[16.2529191,47.4480534],[16.254079,47.4484345],[16.2543054,47.4490455],[16.2540459,47.4493586],[16.2543684,47.4497525],[16.2550278,47.4502766],[16.2553852,47.4503268],[16.2566095,47.4513532],[16.2586241,47.4516759],[16.2598469,47.4515975],[16.2605542,47.4518924],[16.2612065,47.4525489],[16.2619431,47.4525349],[16.2623207,47.4527237],[16.2634517,47.452521],[16.2643379,47.4525471],[16.2659617,47.453419],[16.2664096,47.4533752],[16.266743,47.4544252],[16.2699078,47.4561369],[16.272543,47.4568193],[16.2735471,47.456257],[16.274263,47.4561015],[16.2750469,47.4551561],[16.2756767,47.4551145],[16.2758887,47.4555907],[16.2771611,47.4558193],[16.2776164,47.455601],[16.2798508,47.4555181],[16.2810727,47.4551409],[16.2816569,47.4567152],[16.2827399,47.457468],[16.2841512,47.4588768],[16.2849033,47.4592109],[16.285139,47.459758],[16.2859082,47.4604513],[16.2882727,47.4620737],[16.2894562,47.4634095],[16.2914556,47.4647099],[16.2939127,47.4655651],[16.2980671,47.4659544],[16.2995938,47.465903],[16.3004606,47.4665703],[16.3025477,47.4670251],[16.3031206,47.467852],[16.3033817,47.4685885],[16.303774,47.4687515],[16.304118,47.4686923],[16.3044173,47.4689484],[16.3037416,47.4693998],[16.3039241,47.471215],[16.3049153,47.4723992],[16.3053644,47.4746],[16.3034521,47.4756459],[16.3016965,47.4762547],[16.3006571,47.4770875],[16.2990315,47.4777075],[16.2971381,47.4775969],[16.296968,47.4779805],[16.2982285,47.4786184],[16.2992027,47.4788267],[16.300856,47.4783729],[16.3013796,47.4783715],[16.3029169,47.4789343],[16.3049147,47.4800965],[16.3056643,47.4803041],[16.3062769,47.480376],[16.3096872,47.4800003],[16.3117462,47.4811078],[16.3124597,47.4822025],[16.3143044,47.4829237],[16.3144713,47.4831571],[16.314569,47.4839532],[16.3154242,47.4846821],[16.3155273,47.4854305],[16.3158119,47.4859813],[16.3141658,47.4870761],[16.3137966,47.4876779],[16.3119891,47.4889663],[16.3144846,47.4900591],[16.3161806,47.491424],[16.3178571,47.492464],[16.3194503,47.4932646],[16.3208137,47.4937024],[16.3197891,47.4947198],[16.3205147,47.4951565],[16.3217931,47.4956442],[16.3219119,47.4956241],[16.3218124,47.4953292],[16.3219556,47.4953249],[16.323396,47.4960938],[16.323584,47.4964263],[16.3246476,47.4967291],[16.3255451,47.4966486],[16.3260129,47.4968328],[16.3266205,47.4974468],[16.3278399,47.4978746],[16.3278116,47.4986042],[16.3275196,47.4992235],[16.3268645,47.4995489],[16.3267551,47.500243],[16.3260176,47.5005612],[16.3282646,47.5020455],[16.332429,47.5042124],[16.3333332,47.505374],[16.3341467,47.5060067],[16.3340865,47.5063194],[16.3338318,47.5065207],[16.3338888,47.5067775],[16.3336411,47.5069759],[16.3339896,47.5076589],[16.3337575,47.5082679],[16.3341164,47.50844],[16.3345199,47.5090478],[16.3357186,47.5111942],[16.3365942,47.5123072],[16.3372024,47.5135871],[16.3396889,47.5161726],[16.3393789,47.5164164],[16.3388105,47.5175006],[16.3390762,47.5178246],[16.3389873,47.5178782],[16.3394536,47.5182232],[16.3395186,47.5186503],[16.3398092,47.5189119],[16.3396156,47.5203668],[16.3392722,47.5211133],[16.3392764,47.5228745],[16.3391247,47.522959],[16.3390086,47.5240848],[16.3375481,47.5249321],[16.337688,47.5254979],[16.3374098,47.5257731],[16.3377961,47.5256995],[16.3377356,47.5260142],[16.3370263,47.5265364],[16.3365521,47.5264546],[16.3361433,47.5269672],[16.3345532,47.5274048],[16.3341165,47.5276872],[16.3336777,47.5275798],[16.3319125,47.5281977],[16.3305205,47.5282935],[16.3305304,47.5285287],[16.3303641,47.5284181],[16.3301499,47.5288],[16.328944,47.5296734],[16.3285077,47.5305709],[16.328118,47.5307825],[16.3277308,47.5312787],[16.3277736,47.5318613],[16.3281082,47.5326833],[16.3273431,47.5336154],[16.3273459,47.5338569],[16.3269004,47.5340751],[16.3261212,47.5354877],[16.3250734,47.5359925],[16.3245588,47.5365319],[16.323875,47.5368831],[16.3231433,47.537819],[16.3225512,47.5380049],[16.3224576,47.5383518],[16.3227453,47.5386522],[16.3226172,47.538885],[16.3218954,47.5390105],[16.3206927,47.5387307],[16.3204136,47.5389226],[16.3207881,47.5392733],[16.3210481,47.5393154],[16.3210525,47.5395459],[16.3205818,47.5394766],[16.3203635,47.5398677],[16.3196279,47.5400593],[16.3192587,47.540357],[16.3192395,47.5408933],[16.3190908,47.5410202],[16.3186468,47.540885],[16.3180997,47.5413296],[16.3180455,47.5415673],[16.3177648,47.5415845],[16.3173038,47.541279],[16.3167874,47.5413491],[16.3165879,47.5414581],[16.3166372,47.5417841],[16.3162206,47.5423353],[16.3155059,47.541859],[16.3128153,47.5432494],[16.3116127,47.5434455],[16.3109926,47.544298],[16.3113483,47.544538],[16.3113847,47.5449597],[16.3108969,47.5450366],[16.3105447,47.5448686],[16.3101401,47.5449997],[16.309413,47.5458019],[16.3092012,47.5464852],[16.3092556,47.5468892],[16.3095474,47.5476155],[16.310224,47.548306],[16.3102055,47.5494627],[16.3110548,47.5500352],[16.3108869,47.5503951],[16.3109921,47.5507355],[16.3113595,47.5510577],[16.3113304,47.5520426],[16.3116994,47.5527399],[16.3115402,47.5528928],[16.3117099,47.5540478],[16.3124501,47.5549192],[16.3130777,47.5553672],[16.3131911,47.5559468],[16.3129487,47.5565994],[16.3133642,47.5569118],[16.3134121,47.5575667],[16.3137233,47.5578582],[16.3143079,47.5577088],[16.314348,47.5579968],[16.3150873,47.5583193],[16.3152037,47.5589047],[16.3155994,47.5592538],[16.3154751,47.5596275],[16.3158353,47.5596998],[16.3156832,47.5602495],[16.3152376,47.5604692],[16.3155409,47.5606618],[16.3156194,47.5609216],[16.3153519,47.5618491],[16.3143964,47.5620859],[16.3140738,47.5623158],[16.3140172,47.562696],[16.3133427,47.5634258],[16.313082,47.5651385],[16.3131625,47.5653385],[16.3144116,47.5659323],[16.3174709,47.5678692],[16.3184244,47.5689487],[16.3194914,47.5694485],[16.3196371,47.5699431],[16.3202647,47.5706608],[16.3204278,47.5711954],[16.3207694,47.571574],[16.3206705,47.5717993],[16.3209636,47.5720723],[16.3206931,47.5722538],[16.3208637,47.5724761],[16.3206223,47.5727222],[16.3206413,47.5731564],[16.3208981,47.5732795],[16.3209897,47.5735364],[16.3213108,47.5735605],[16.32222,47.5746128],[16.3223372,47.5750677],[16.3230993,47.5754341],[16.3230765,47.57563],[16.3235395,47.5762626],[16.3239856,47.5763963],[16.3240433,47.5766644],[16.3261877,47.5774495],[16.3269882,47.5780465],[16.3273718,47.5784796],[16.3272585,47.5789354],[16.3274617,47.5792598],[16.3274576,47.5800668],[16.328069,47.5806708],[16.3291923,47.5813553],[16.3301611,47.5824335],[16.3300569,47.5846717],[16.3295028,47.5870864],[16.3295238,47.587262],[16.3302746,47.5877574],[16.330991,47.588952],[16.3308599,47.5893864],[16.3309586,47.5895024],[16.3307556,47.5898959],[16.3308753,47.5901831],[16.3305813,47.5906085],[16.3307575,47.5910387],[16.330517,47.5913297],[16.3307342,47.5914376],[16.3306135,47.5916251],[16.3307154,47.5917481],[16.3303571,47.5922822],[16.3304673,47.592623],[16.3301236,47.59292],[16.3301279,47.5931733],[16.3297798,47.5933978],[16.3297899,47.5936356],[16.3293272,47.5939428],[16.3288379,47.5950293],[16.3286695,47.5950974],[16.3286278,47.5954287],[16.3288014,47.5957141],[16.3284516,47.5961073],[16.3285742,47.5966376],[16.3288271,47.5967422],[16.3287232,47.5968549],[16.3289504,47.5971619],[16.3289329,47.5978324],[16.3298804,47.5987498],[16.3302759,47.5988544],[16.3303353,47.599321],[16.3331267,47.6005151],[16.3338667,47.6013954],[16.3348031,47.6014899],[16.3351621,47.6017409],[16.3363481,47.6020488],[16.3371519,47.6019944],[16.3382158,47.602215],[16.3398051,47.6031048],[16.3402783,47.6029637],[16.3409247,47.6030899],[16.3430155,47.6024929],[16.3444823,47.6027679],[16.3450481,47.6032243],[16.3455428,47.6033468],[16.3470955,47.6042243],[16.3475751,47.6047642],[16.3483119,47.6051821],[16.3487735,47.6057512],[16.3484114,47.6066586],[16.3489205,47.6076395],[16.3500488,47.6083487],[16.350764,47.6085437],[16.3519966,47.6086031],[16.353259,47.6091303],[16.3536211,47.6098465],[16.3535873,47.6111678],[16.352786,47.6115476],[16.3519864,47.611662],[16.3520873,47.611805],[16.3519558,47.6118701],[16.3521881,47.6120027],[16.3520913,47.612228],[16.3518128,47.612254],[16.3517561,47.6125698],[16.3515428,47.6125644],[16.351466,47.6127201],[16.3510436,47.6126732],[16.3508937,47.6128076],[16.351073,47.6130311],[16.3507644,47.6133651],[16.3506474,47.614094],[16.3488592,47.6152615],[16.347995,47.6161873],[16.3493805,47.6168164],[16.3496958,47.6168279],[16.3519189,47.6179665],[16.353515,47.6193063],[16.3534591,47.61947],[16.3540453,47.6197015],[16.3542535,47.6199788],[16.3558366,47.6206995],[16.3574546,47.6205397],[16.359928,47.6210519],[16.3617673,47.6211146],[16.3626773,47.6213562],[16.3646098,47.6212437],[16.3673608,47.6214029],[16.3683748,47.6209747],[16.3692534,47.6215669],[16.3693566,47.6218756],[16.3699113,47.6222469],[16.3701043,47.6226364],[16.3708383,47.6229385],[16.3714472,47.6234057],[16.371487,47.624653],[16.3719945,47.6249605],[16.3721241,47.6253903],[16.3719329,47.6258764],[16.3720999,47.6262814],[16.3718015,47.6269917],[16.3722847,47.6272971],[16.3722731,47.6275161],[16.3717792,47.6279723],[16.3718599,47.6282872],[16.3715708,47.6287441],[16.3708387,47.6292462],[16.3708226,47.629495],[16.3703078,47.6295638],[16.3704121,47.6299599],[16.3699196,47.6303716],[16.3700268,47.6308394],[16.3695531,47.6311717],[16.3698416,47.6312593],[16.369476,47.6318524],[16.3691984,47.6320124],[16.3692057,47.6325453],[16.3688993,47.6327164],[16.3688806,47.6331101],[16.3684863,47.6335441],[16.3685562,47.6339476],[16.3680575,47.634687],[16.3676836,47.6358305],[16.3692827,47.6367748],[16.3699607,47.636955],[16.3712624,47.6379284],[16.3720625,47.6392826],[16.3722339,47.6399039],[16.3720756,47.6410743],[16.3725495,47.6426291],[16.3719468,47.6443688],[16.3696964,47.6475114],[16.3679332,47.6490225],[16.3656624,47.6505848],[16.3637098,47.6526487],[16.3626281,47.6535083],[16.3624764,47.6541102],[16.3617161,47.6552358],[16.3614807,47.6558935],[16.3602123,47.6574494],[16.3598217,47.6583315],[16.3599574,47.6593342],[16.3606687,47.6605369],[16.3601742,47.6620112],[16.3592959,47.6628405],[16.3590716,47.6641317],[16.3579268,47.664996],[16.3564968,47.6674015],[16.3556711,47.668037],[16.3549137,47.6691718],[16.3526138,47.6706122],[16.3519087,47.6712585],[16.3517383,47.6718121],[16.3523738,47.6724394],[16.353399,47.6741753],[16.3540292,47.6765185],[16.3544159,47.677282],[16.3566786,47.6795213],[16.3550617,47.6795532],[16.3522786,47.680411],[16.3501319,47.6806792],[16.3453334,47.6801761],[16.3450672,47.6800255],[16.3447215,47.6790073],[16.3444547,47.67887],[16.341672,47.6792423],[16.3401632,47.679737],[16.3383766,47.6798099],[16.3373068,47.6796774],[16.3364305,47.6789416],[16.3355719,47.6786026],[16.3336216,47.6785466],[16.3307453,47.6800028],[16.3296394,47.6801417],[16.3279808,47.6814961],[16.3270764,47.6817092],[16.3234778,47.683453],[16.3218161,47.6839407],[16.3208213,47.6845541],[16.3196426,47.6848892],[16.3173855,47.685849],[16.3131315,47.6868081],[16.3119286,47.6872633],[16.3101053,47.6873538],[16.3087092,47.6871857],[16.3089075,47.6877019],[16.3088794,47.6892056],[16.3097829,47.6911154],[16.3107067,47.6924717],[16.3107925,47.6936421],[16.3103605,47.6942191],[16.3102277,47.6947057],[16.309355,47.6953125],[16.3082854,47.6957246],[16.3067387,47.6960514],[16.305239,47.6967457],[16.3047221,47.6972029],[16.304432,47.6984275],[16.3045032,47.6991846],[16.3030875,47.7007979],[16.3032139,47.7019771],[16.3031039,47.7026405],[16.3034344,47.7034312],[16.3026386,47.7046593],[16.3025283,47.7069586],[16.3010578,47.7089281],[16.3008504,47.7096537],[16.2993482,47.7106177],[16.2988607,47.7118461],[16.2970157,47.713282],[16.2950575,47.7153134],[16.2940231,47.7165192],[16.2942052,47.7170188],[16.2940939,47.7171751],[16.2932179,47.7177044],[16.2924395,47.7185509],[16.2924147,47.7189005],[16.2927434,47.7197047],[16.2934737,47.7205003],[16.2934035,47.7212004],[16.2928531,47.7229025],[16.2924049,47.723363],[16.2919395,47.7247678],[16.2914535,47.7266019],[16.2915361,47.7275085],[16.2911163,47.7287108],[16.2912612,47.729917],[16.2918692,47.731034],[16.2918392,47.7326957],[16.292307,47.7352115],[16.292753,47.7362342],[16.2932004,47.7368919],[16.2959132,47.7388007],[16.2966734,47.7400266],[16.2963826,47.7415047],[16.2948585,47.7433452],[16.2943676,47.7444745],[16.2949671,47.7452621],[16.2969913,47.7460791],[16.298127,47.7467885],[16.2985545,47.7474735],[16.2991902,47.7480634],[16.2994193,47.7488073],[16.2988383,47.7518704],[16.2992801,47.7537482],[16.2985956,47.7547586],[16.2985537,47.7556968],[16.2986235,47.7562012],[16.2994316,47.7574726],[16.2998672,47.759003],[16.2998597,47.7597774],[16.2992209,47.7613323],[16.2988917,47.7615815],[16.2977298,47.7619519],[16.2970858,47.7623814],[16.2968189,47.7632861],[16.2968495,47.7638849],[16.2963723,47.7645615],[16.2964241,47.7652019],[16.2962218,47.7663685],[16.2957742,47.7668447],[16.2956411,47.7672741],[16.2944687,47.7676742],[16.293836,47.7683078],[16.2959123,47.7700289],[16.2972234,47.7727816],[16.3000646,47.7759479],[16.300019,47.7768477],[16.3003015,47.7780808],[16.3006212,47.7787046],[16.3010554,47.7790692],[16.3018095,47.7791571],[16.3018322,47.7793313],[16.3014398,47.7798522],[16.3021838,47.7803048],[16.3027551,47.7808849],[16.3037838,47.7843016],[16.3036419,47.7848594],[16.3035161,47.7851796],[16.302929,47.7855595],[16.2999887,47.7867342],[16.2915277,47.7887407],[16.2906291,47.7885821],[16.2897633,47.7886446],[16.2840585,47.7899945],[16.2840537,47.7901538],[16.282538,47.7908627],[16.2817242,47.7915974],[16.2817838,47.7917273],[16.2789487,47.7926269],[16.275344,47.792961],[16.2753387,47.7923506],[16.2745568,47.7919549],[16.2743701,47.7916922],[16.2740155,47.7903313],[16.2720723,47.7908042],[16.2687389,47.7910833],[16.2685716,47.7920477],[16.2687202,47.7932788],[16.2686348,47.7949383],[16.2690424,47.7964152],[16.2706605,47.7990933],[16.2710779,47.8002863],[16.2717193,47.8011992],[16.273347,47.802812],[16.2763802,47.8086273],[16.2772691,47.8097585],[16.2787513,47.8104949],[16.2811932,47.8108152],[16.2834904,47.8108887],[16.2851456,47.8111612],[16.2858954,47.8114573],[16.2890377,47.8104338],[16.2960908,47.809044],[16.3089769,47.8073087],[16.311642,47.8062727],[16.3147122,47.804783],[16.3124646,47.804215],[16.3102897,47.8033875],[16.3078507,47.8034014],[16.3091139,47.8016695],[16.3108652,47.7968759],[16.3103534,47.7964955],[16.3091814,47.7950604],[16.3080347,47.7926266],[16.3074833,47.7908037],[16.3156194,47.7845927],[16.3161341,47.7852714],[16.3172228,47.7852987],[16.3189157,47.7858747],[16.3210145,47.7869925],[16.3213021,47.7872902],[16.3223275,47.7876464],[16.3232731,47.7882092],[16.3241466,47.7890887],[16.3250124,47.790605],[16.3259167,47.7928701],[16.3259034,47.7935361],[16.3261858,47.7941282],[16.3308992,47.7991864],[16.331719,47.8006309],[16.3347728,47.8019684],[16.3355033,47.8019503],[16.3368236,47.802398],[16.340303,47.8030621],[16.3416629,47.8027279],[16.3435127,47.8014012],[16.3445496,47.8024432],[16.3448576,47.8029531],[16.3469892,47.8045072],[16.3475445,47.8046533],[16.3479089,47.8050007],[16.3487101,47.80578],[16.3490119,47.8072536],[16.348931,47.8081163],[16.3496344,47.8091252],[16.3499257,47.8101964],[16.3492558,47.8102977],[16.3490474,47.8106272],[16.3493133,47.8121456],[16.3489103,47.8136561],[16.3481022,47.8150626],[16.3480715,47.8156321],[16.348843,47.8168531],[16.3498031,47.8176816],[16.3519698,47.8189462],[16.3523002,47.8187868],[16.3551183,47.8209654],[16.3563909,47.8214105],[16.3590629,47.822855],[16.360307,47.8232045],[16.3623338,47.8232514],[16.3771918,47.8273172],[16.3739596,47.8299432],[16.3719662,47.8310679],[16.3803376,47.8366629],[16.3789212,47.8373238],[16.3829238,47.839228],[16.3880207,47.8425623],[16.3860907,47.8453108],[16.3848868,47.8466628],[16.3837742,47.8475242],[16.3801407,47.8492623],[16.3793839,47.8497959],[16.3787468,47.8499159],[16.3781197,47.8505066],[16.3764844,47.8515153],[16.3692893,47.854741],[16.3634582,47.8580801],[16.3572889,47.8619453],[16.3490097,47.8666278],[16.3482582,47.8672143],[16.3479861,47.8681454],[16.3509244,47.8672422],[16.3529817,47.8670762],[16.3538852,47.8666924],[16.3546114,47.8661639],[16.3552744,47.8660821],[16.3565492,47.8663968],[16.3577323,47.8664683],[16.3585617,47.8668026],[16.359174,47.8673624],[16.3593645,47.8681859],[16.3606694,47.8691095],[16.362805,47.8698797],[16.3636993,47.8700838],[16.3646929,47.8700061],[16.3694817,47.8702723],[16.3700802,47.8705572],[16.370896,47.8713273],[16.3777395,47.8731372],[16.3788964,47.8737092],[16.3801389,47.8746706],[16.3821793,47.875225],[16.3825191,47.8756382],[16.3825116,47.8761164],[16.3832042,47.8783182],[16.3831841,47.8787106],[16.3847276,47.8782852],[16.3888917,47.8816009],[16.4002986,47.8759724],[16.4027337,47.8767596],[16.4047641,47.8777317],[16.4087955,47.8808858],[16.4124897,47.8814291],[16.4081724,47.8843725],[16.4104751,47.8858536],[16.4132144,47.8879035],[16.4147634,47.888828],[16.4153808,47.8893402],[16.4162206,47.8904349],[16.4095741,47.8924379],[16.4095449,47.8926796],[16.4098375,47.8930848],[16.4129684,47.8946334],[16.4131271,47.894867],[16.4130092,47.8949954],[16.4150429,47.8956903],[16.4167094,47.8955805],[16.4177697,47.8940376],[16.4185207,47.8938299],[16.4197965,47.8944433],[16.4201666,47.8951334],[16.4201396,47.8953895],[16.4190257,47.8967683],[16.4194473,47.8972382],[16.4207302,47.8979235],[16.4210754,47.898327],[16.4213238,47.89903],[16.4210435,47.899943],[16.4212127,47.9002933],[16.4228167,47.9019251],[16.4229007,47.9023388],[16.4228409,47.9029788],[16.4223162,47.9036206],[16.4226058,47.9046427],[16.4226251,47.9053021],[16.422042,47.9054235],[16.4210214,47.905204],[16.4197678,47.9059362],[16.4197129,47.9060961],[16.4213253,47.9081051],[16.4220057,47.9085818],[16.4226242,47.9098284],[16.4241332,47.9108963],[16.4244575,47.9116996],[16.4236031,47.9118773],[16.422004,47.9116717],[16.4212945,47.9111083],[16.4207292,47.911092],[16.4198584,47.9119523],[16.4191833,47.9131535],[16.4201723,47.9136097],[16.4211895,47.9132551],[16.4214082,47.9134136],[16.4216563,47.9132841],[16.4221143,47.9135057],[16.4222972,47.9133997],[16.4240022,47.9140386],[16.4242612,47.9144634],[16.4250623,47.9149954],[16.4270981,47.9156516],[16.4273171,47.9161729],[16.4266577,47.9173783],[16.4264348,47.9188122],[16.4265691,47.9192362],[16.426986,47.9196768],[16.4284164,47.92025],[16.430178,47.920699],[16.4314206,47.9215808],[16.434278,47.924505],[16.4351714,47.9259692],[16.4371005,47.9275505],[16.4395701,47.9280027],[16.4402434,47.9286649],[16.440925,47.9288455],[16.4440764,47.9290272],[16.445486,47.9296495],[16.4464854,47.9304403],[16.4467607,47.9319047],[16.4470709,47.9325674],[16.4480762,47.9336359],[16.4487252,47.9338798],[16.4510755,47.9342469],[16.4539621,47.9342451],[16.4548475,47.9344605],[16.4565115,47.9355321],[16.4634027,47.9383464],[16.4657845,47.9396792],[16.4667109,47.9398497],[16.4680896,47.9392082],[16.4693698,47.9376988],[16.4704242,47.9371508],[16.4721569,47.9374347],[16.4734006,47.9373779],[16.475054,47.9380829],[16.4765458,47.9383698],[16.4792529,47.9373503],[16.4829568,47.938501],[16.4842547,47.9393315],[16.4850419,47.9402075],[16.4850377,47.9414241],[16.4857557,47.9422093],[16.4869858,47.9426318],[16.4893488,47.9429738],[16.4896387,47.9429768],[16.4904608,47.9425549],[16.4907567,47.9420747],[16.4913358,47.9417003],[16.4918306,47.9415949],[16.4952751,47.9416932],[16.497208,47.9409917],[16.4976226,47.941354],[16.4979543,47.9414232],[16.498653,47.9412777],[16.4997467,47.9415033],[16.4997434,47.9402627],[16.5000244,47.9402314],[16.500606,47.9405238],[16.5009255,47.9405187],[16.5012084,47.9400297],[16.5024697,47.9402244],[16.5025226,47.9397621],[16.5027661,47.9395976],[16.5027816,47.9405526],[16.5031678,47.9406033],[16.5037423,47.9399608],[16.5034502,47.9393626],[16.5035969,47.9387759],[16.504531,47.9386542],[16.5051339,47.9383883],[16.50535,47.9386034],[16.5040576,47.9396986],[16.5048413,47.9398791],[16.5057259,47.9404332],[16.5058885,47.940276],[16.5073923,47.9405467],[16.5077026,47.9403959],[16.5085812,47.9407285],[16.5091241,47.9399644],[16.5096896,47.9398625],[16.5106412,47.9400222],[16.511102,47.9405397],[16.5099879,47.9407051],[16.5097628,47.9411211],[16.5103407,47.9414137],[16.5108049,47.9411233],[16.5119957,47.9409977],[16.5108568,47.9416763],[16.5125163,47.9419131],[16.5132834,47.941447],[16.5137159,47.9424036],[16.5136474,47.9427463],[16.5125679,47.9432663],[16.5128417,47.9436894],[16.5135761,47.9438297],[16.5133303,47.9432796],[16.5165513,47.942749],[16.5186727,47.9435676],[16.521037,47.9408247],[16.5213546,47.9391357],[16.5223658,47.9380804],[16.5221881,47.9373659],[16.5222533,47.9368855],[16.523513,47.9346293],[16.5250972,47.934124],[16.5265457,47.9320638],[16.5277201,47.9316788],[16.5282877,47.9307128],[16.5286944,47.9303504],[16.531093,47.9291629],[16.5329643,47.9271265],[16.5334853,47.925586],[16.5350253,47.9250039],[16.5355377,47.9243282],[16.5399348,47.9214893],[16.5406584,47.9207062],[16.5410161,47.9196637],[16.5420261,47.9188666],[16.5424008,47.9182533],[16.5433254,47.9176439],[16.5438281,47.9168829],[16.5460604,47.9157102],[16.5463158,47.9145126],[16.5517071,47.9112743],[16.5526356,47.9118087],[16.5528531,47.9116755],[16.5529974,47.9113402],[16.5526659,47.910499],[16.5526881,47.9101123],[16.5540605,47.9065172],[16.5561926,47.9024463],[16.5577377,47.9014568],[16.5610823,47.8998226],[16.5621383,47.8996057],[16.5652774,47.8995334],[16.566048,47.8991894],[16.5673265,47.8982328],[16.5677812,47.8976435],[16.5688188,47.8969765],[16.5707384,47.8953743],[16.57109,47.8947279],[16.5717241,47.8940888],[16.572728,47.8935359],[16.5727393,47.893193],[16.5737703,47.8915268],[16.5733264,47.8909849],[16.5732929,47.8897714],[16.5729755,47.8892536],[16.5728595,47.8885333],[16.5740105,47.8862796],[16.5755807,47.8868288],[16.5776974,47.8871262],[16.5794274,47.8879571],[16.5810767,47.8891714],[16.5833768,47.8916244],[16.5846875,47.8941254],[16.5869125,47.8959187],[16.5882955,47.8979827],[16.5892776,47.9005834],[16.5902734,47.9015546],[16.5913,47.9019699],[16.5931379,47.9022458],[16.5945133,47.9026825],[16.5967134,47.9035812],[16.5982959,47.904624],[16.6010896,47.9055776],[16.6024319,47.9073889],[16.6044457,47.9087708],[16.6074507,47.9113521],[16.608346,47.9123438],[16.6091735,47.9129452],[16.6107455,47.9149127],[16.6122313,47.9156783],[16.613018,47.916328],[16.6144102,47.9179987],[16.6165211,47.9197036],[16.619013,47.9209746],[16.6197788,47.9219428],[16.6229277,47.9245973],[16.6247819,47.9264047],[16.6263955,47.9266214],[16.6285494,47.9273859],[16.6323488,47.9294602],[16.6328073,47.9309867],[16.6327469,47.9313773],[16.6321924,47.9325061],[16.632166,47.933439],[16.6312827,47.9349313],[16.6307277,47.936314],[16.6307002,47.9366428],[16.6311818,47.9377152],[16.6305214,47.939399],[16.6309617,47.9410458],[16.631723,47.9423915],[16.6322124,47.9439067],[16.6329894,47.9453909],[16.6333566,47.9456592],[16.6347484,47.9460855],[16.6396495,47.9459243],[16.6403769,47.9460517],[16.642728,47.9466387],[16.6448349,47.9477968],[16.6472389,47.9479401],[16.6488177,47.9482146],[16.6523214,47.9492123],[16.6525135,47.9496233],[16.6518199,47.9521775],[16.6519634,47.9534118],[16.6514894,47.9547165],[16.6514513,47.9551992],[16.6516391,47.9557443],[16.6523679,47.9563362],[16.6533332,47.9578531],[16.6558252,47.958769],[16.6574496,47.9600576],[16.6592901,47.961153],[16.6614807,47.9598192],[16.6646945,47.9568736],[16.6669986,47.9578933],[16.6685293,47.9592333],[16.6729488,47.9603968],[16.6806961,47.9596973],[16.6816204,47.9598052],[16.6830401,47.9605061],[16.6840684,47.9606378],[16.6846173,47.9609418],[16.6860625,47.9610659],[16.6873911,47.9614771],[16.6876396,47.9616752],[16.6875487,47.9621221],[16.6877512,47.9624433],[16.6881785,47.9626519],[16.6882468,47.9629644],[16.6886825,47.963112],[16.6886551,47.9635604],[16.6888841,47.9635492],[16.6890481,47.9637937],[16.6901043,47.9637585],[16.6901733,47.963912],[16.6908378,47.963983],[16.6911592,47.9644175],[16.6920794,47.9642931],[16.6924243,47.9644197],[16.6928722,47.9643164],[16.692922,47.9641632],[16.6940555,47.9641385],[16.6945353,47.9643262],[16.6945928,47.9642032],[16.6948763,47.9642235],[16.695025,47.9643193],[16.6950518,47.964666],[16.6955291,47.9651391],[16.6961559,47.9652939],[16.6964424,47.9651109],[16.6969532,47.9654625],[16.6977996,47.9655591],[16.6981294,47.9660854],[16.6986005,47.9660358],[16.6992938,47.9662994],[16.6994148,47.9664679],[16.6993422,47.9667452],[16.6997178,47.9669723],[16.6994085,47.9673611],[16.6993904,47.9676422],[16.6990895,47.9677653],[16.6992886,47.9679363],[16.6990712,47.9682833],[16.6992346,47.9684815],[16.6989288,47.9685829],[16.6990466,47.9687218],[16.6988676,47.9688107],[16.6992308,47.9690015],[16.6992111,47.9695507],[16.6994368,47.9697424],[16.6993233,47.9699261],[16.6994494,47.9699316],[16.6994297,47.9704197],[16.699244,47.9707269],[16.6995719,47.9710838],[16.7003563,47.9714267],[16.7010002,47.971357],[16.7017127,47.9715307],[16.7017002,47.9717642],[16.7021284,47.97198],[16.7020371,47.9722697],[16.7024725,47.9724349],[16.7021514,47.9725919],[16.7017577,47.9724945],[16.7017082,47.9726982],[16.7019235,47.9728098],[16.7016035,47.9730252],[16.7015523,47.9734784],[16.7011043,47.9737166],[16.7012188,47.9740084],[16.7010385,47.9740833],[16.7012203,47.9740916],[16.7012856,47.9743518],[16.7006794,47.9746484],[16.7006965,47.9749283],[16.7008706,47.9750522],[16.7008208,47.9754424],[16.7005245,47.9758596],[16.7006014,47.9761142],[16.7004695,47.9763703],[16.7001947,47.9764379],[16.7004541,47.976616],[16.7004607,47.9768103],[16.7003772,47.9770369],[16.6999441,47.9771105],[16.6996737,47.9776697],[16.6999155,47.9777698],[16.6995836,47.9779332],[16.6997023,47.9780627],[16.6996188,47.9782864],[16.6995044,47.9781995],[16.6992011,47.9783614],[16.6993945,47.9783953],[16.6992604,47.9785557],[16.6994099,47.9785439],[16.6994363,47.9786984],[16.698801,47.9789265],[16.6988559,47.9790384],[16.6986207,47.9792194],[16.698513,47.9791576],[16.6983899,47.979184],[16.6982997,47.9795961],[16.6979392,47.9793871],[16.6975523,47.979939],[16.6971719,47.9799316],[16.697128,47.9803039],[16.6972709,47.980432],[16.6968818,47.9803554],[16.6969653,47.9805821],[16.6966048,47.9806115],[16.69653,47.9809029],[16.6958991,47.9815165],[16.6956616,47.9823729],[16.6958089,47.982651],[16.6956704,47.983403],[16.6958524,47.9847986],[16.695599,47.9852929],[16.695714,47.98545],[16.6955494,47.9859526],[16.6961803,47.9881038],[16.6992339,47.9877669],[16.7008563,47.9878566],[16.7014279,47.9876992],[16.7011554,47.9955041],[16.7008352,47.9986934],[16.7007708,48.0047331],[16.7011194,48.0054028],[16.7013371,48.0065864],[16.7014366,48.0093341],[16.7011985,48.0100676],[16.7022321,48.0100174],[16.7024431,48.0102227],[16.7026428,48.0107671],[16.7025762,48.0109986],[16.7018189,48.0109943],[16.7021107,48.0116537],[16.702678,48.0119458],[16.7026812,48.0123374],[16.7039794,48.0120458],[16.7042658,48.0112881],[16.7046444,48.01089],[16.7045044,48.0102323],[16.7051567,48.0096852],[16.7059553,48.0099258],[16.7058853,48.0103153],[16.7069067,48.01089],[16.7073203,48.0105431],[16.7077689,48.0105005],[16.7089208,48.0107815],[16.7085548,48.0109475],[16.708418,48.0112966],[16.7077912,48.0110454],[16.7075271,48.011171],[16.7078294,48.0117478],[16.7089589,48.0118351],[16.708418,48.012148],[16.7086344,48.0122715],[16.7113962,48.0126312],[16.7113548,48.0124779],[16.7117876,48.0121203],[16.7122076,48.0123715],[16.7118989,48.0126844],[16.7124398,48.012744],[16.7129871,48.0119607],[16.7134421,48.0116372],[16.7136012,48.0116946],[16.7134453,48.0126482],[16.7142598,48.0125162],[16.7148994,48.0120735],[16.7171839,48.0120011],[16.7177346,48.0116726],[16.7228707,48.0101855],[16.7233721,48.010076],[16.7238905,48.0101901],[16.7245146,48.0099299],[16.7257391,48.0098364],[16.7258994,48.0097588],[16.7257412,48.009352],[16.726078,48.009203],[16.7277009,48.0093189],[16.7281608,48.0096043],[16.7285208,48.0105451],[16.7301422,48.0105369],[16.7302479,48.0108152],[16.7312336,48.0112967],[16.7321681,48.0111666],[16.7341111,48.0096177],[16.7350951,48.0096371],[16.7355582,48.0096774],[16.7357101,48.0099856],[16.7362744,48.0102421],[16.7369883,48.010376],[16.7368147,48.0106245],[16.7359609,48.0106826],[16.735903,48.0108584],[16.7361587,48.0110149],[16.7383003,48.0105083],[16.7393108,48.0108923],[16.7393469,48.011194],[16.7392143,48.0112473],[16.7377793,48.0114183],[16.737719,48.0117055],[16.7380109,48.0122427],[16.737596,48.0123879],[16.7377697,48.0125912],[16.7394627,48.0130462],[16.7399209,48.0136383],[16.7395085,48.0138577],[16.739047,48.0138322],[16.7378974,48.0133456],[16.7373355,48.013669],[16.7374157,48.0141956],[16.7394882,48.0140672],[16.7415211,48.0132155],[16.7422843,48.0131342],[16.744499,48.0145556],[16.7448562,48.0143967],[16.7452565,48.0138074],[16.7460103,48.0134708],[16.7461749,48.0137198],[16.7460702,48.0139125],[16.7456362,48.0142003],[16.7451013,48.0148722],[16.7456811,48.0150249],[16.7477593,48.0145957],[16.7476003,48.0142641],[16.7467062,48.0136397],[16.7470241,48.0133044],[16.7483597,48.0130103],[16.7483709,48.0135496],[16.7487706,48.0135659],[16.7489295,48.0137836],[16.7481676,48.0138438],[16.7482959,48.0140333],[16.7496091,48.0142062],[16.7509223,48.0140755],[16.7505011,48.013416],[16.7504131,48.0129051],[16.751531,48.0123634],[16.7526758,48.012576],[16.7537363,48.0130037],[16.7535315,48.0123954],[16.7530739,48.0119972],[16.7535927,48.0118896],[16.7541536,48.0121214],[16.7543086,48.0125465],[16.7550582,48.0130476],[16.7549423,48.0133008],[16.7541689,48.0133738],[16.7542034,48.0135966],[16.7548389,48.0139398],[16.7545269,48.0141178],[16.754636,48.0143304],[16.7550208,48.0141959],[16.7552505,48.0137772],[16.7556391,48.0135031],[16.7566785,48.0133302],[16.7575457,48.013571],[16.7578175,48.0134353],[16.7584071,48.0135377],[16.7583669,48.0142484],[16.7585641,48.0143573],[16.7590829,48.0141485],[16.7595097,48.0143534],[16.7596265,48.0140896],[16.75946,48.0138438],[16.7598907,48.0136683],[16.7603999,48.0139103],[16.7611675,48.0146249],[16.7605913,48.0154175],[16.7610833,48.0157428],[16.7621132,48.0151986],[16.7616403,48.0145826],[16.7619887,48.0143291],[16.7626606,48.0144687],[16.7633479,48.0147504],[16.7634053,48.0150423],[16.7631162,48.0155802],[16.7636752,48.015794],[16.7643452,48.0155021],[16.7649539,48.0154547],[16.7653827,48.0157108],[16.7646821,48.0159528],[16.7647759,48.0161269],[16.7658537,48.0161654],[16.7668989,48.0170809],[16.7678182,48.0175624],[16.7709305,48.0180998],[16.771274,48.0178218],[16.7715261,48.0178478],[16.7729863,48.019638],[16.7738174,48.0200772],[16.7744215,48.0201781],[16.7745278,48.0199863],[16.7761667,48.0197529],[16.7776299,48.020277],[16.778899,48.0209573],[16.7812452,48.0215665],[16.7818115,48.021936],[16.7820612,48.0222947],[16.7820496,48.0231187],[16.7846042,48.0224189],[16.785191,48.0217798],[16.7852673,48.0209774],[16.7864254,48.0206589],[16.7869059,48.020861],[16.7874165,48.0215019],[16.7918779,48.0222427],[16.7932071,48.0228054],[16.7943256,48.0229434],[16.7947445,48.0233028],[16.7956472,48.0236046],[16.7956305,48.0241694],[16.7958349,48.0244017],[16.7976099,48.0250326],[16.7979849,48.0254105],[16.7979734,48.0261013],[16.7981432,48.026297],[16.7979787,48.0269724],[16.798123,48.0282425],[16.7996436,48.0289433],[16.7999986,48.0287907],[16.8001659,48.0282446],[16.8000493,48.0279699],[16.8007137,48.0274917],[16.8013983,48.0272441],[16.8016925,48.0272339],[16.8019866,48.0274747],[16.8014795,48.0283599],[16.8015099,48.0285702],[16.8026053,48.0288924],[16.8034168,48.028594],[16.8046593,48.0285431],[16.8042942,48.0277528],[16.8044615,48.0276613],[16.804994,48.0278308],[16.8053997,48.0285431],[16.8058866,48.0286652],[16.8066626,48.0282853],[16.8067843,48.0287432],[16.8078797,48.0290383],[16.8096091,48.0279665],[16.8097815,48.0280208],[16.8098576,48.0283532],[16.8087723,48.0294622],[16.8092287,48.0296894],[16.8107096,48.0291671],[16.8117087,48.028404],[16.8127179,48.0281293],[16.8138895,48.0283226],[16.813996,48.0289976],[16.81464,48.0299099],[16.8152578,48.0304984],[16.8159477,48.030545],[16.8163698,48.030356],[16.8167185,48.0297793],[16.8170965,48.02974],[16.8181241,48.0301621],[16.8185058,48.0300762],[16.8185608,48.0293596],[16.8189866,48.0294749],[16.81906,48.0299879],[16.8192912,48.0301744],[16.8201793,48.0300124],[16.8203922,48.0294283],[16.8206197,48.0292687],[16.8213391,48.0299192],[16.8216033,48.0299707],[16.8218786,48.0297326],[16.8212547,48.0287362],[16.8213904,48.0286061],[16.8227741,48.0285398],[16.823387,48.0286728],[16.8243614,48.02822],[16.8249725,48.0281746],[16.8249465,48.0284019],[16.824578,48.0287525],[16.8240564,48.0290285],[16.8240408,48.0293183],[16.8242822,48.0294346],[16.8248375,48.0293582],[16.8260361,48.0288166],[16.8270128,48.02892],[16.8273855,48.0284122],[16.8278882,48.0283493],[16.8282438,48.0286454],[16.8281597,48.0291585],[16.8284837,48.0295462],[16.8290041,48.0295318],[16.829224,48.0290942],[16.8296746,48.0290188],[16.8309176,48.0298169],[16.8325752,48.0301864],[16.8331921,48.0307209],[16.8367326,48.0318545],[16.8376123,48.0324177],[16.8379825,48.0328374],[16.8370384,48.0332499],[16.8367433,48.0346202],[16.8360245,48.0347099],[16.835885,48.0349287],[16.8365717,48.0352479],[16.8368452,48.0356066],[16.836754,48.0362415],[16.836121,48.0367329],[16.8362927,48.0368944],[16.8362873,48.0373033],[16.8370276,48.0373535],[16.8370008,48.0376368],[16.8347477,48.0381677],[16.8338787,48.0389138],[16.8328917,48.0387093],[16.8328917,48.038347],[16.8330848,48.0380529],[16.8327254,48.0379202],[16.8324196,48.0384475],[16.8326771,48.0391684],[16.8322694,48.0394267],[16.8319153,48.0393011],[16.8312019,48.0382932],[16.8306444,48.0385562],[16.8302792,48.0390465],[16.8300448,48.0390807],[16.8297926,48.0389803],[16.8297122,48.0386467],[16.8292562,48.0382845],[16.8289397,48.0382629],[16.8287305,48.0384208],[16.8289451,48.0391955],[16.8299589,48.0393569],[16.8306402,48.0396546],[16.8306027,48.0398339],[16.8296263,48.0400922],[16.8295888,48.040476],[16.8304739,48.0408741],[16.8315039,48.0410606],[16.831883,48.0413194],[16.8317611,48.0416728],[16.8311792,48.0421276],[16.8312477,48.0422333],[16.8321407,48.0423252],[16.832795,48.0418787],[16.8330909,48.041893],[16.8333177,48.0420609],[16.8335039,48.0432612],[16.8338831,48.0438178],[16.8347742,48.0444369],[16.8357119,48.0442467],[16.8355412,48.0448562],[16.8400803,48.0458476],[16.8404632,48.0458163],[16.8404662,48.0452225],[16.8398225,48.0446738],[16.8398225,48.0444264],[16.8401283,48.0442291],[16.8409544,48.0444407],[16.8415524,48.0452336],[16.8416678,48.0458681],[16.8426729,48.0460969],[16.8428534,48.0464742],[16.8426013,48.0471017],[16.841346,48.0469619],[16.8413835,48.0472882],[16.8428266,48.0476935],[16.8434971,48.0476827],[16.8436956,48.0478513],[16.8431592,48.0481668],[16.8417805,48.0483928],[16.8417966,48.0486474],[16.8419683,48.0488088],[16.8428373,48.0488195],[16.8440872,48.0483139],[16.8453961,48.0489414],[16.8452674,48.0492212],[16.8440657,48.0495547],[16.8434596,48.0495977],[16.8430572,48.0493431],[16.8428266,48.0497698],[16.8430358,48.050132],[16.8450957,48.0504368],[16.8451225,48.0508026],[16.8449831,48.0509783],[16.8444359,48.0511325],[16.8438136,48.0509998],[16.8436634,48.0512221],[16.8444573,48.0522154],[16.8451601,48.0523876],[16.8454766,48.0532123],[16.8462383,48.0534597],[16.8469035,48.0543095],[16.8461793,48.0546825],[16.8448489,48.0543418],[16.844629,48.054453],[16.8447202,48.0547362],[16.845026,48.0550267],[16.8460881,48.0555],[16.8476401,48.0567103],[16.8488186,48.0571314],[16.8506264,48.0572426],[16.8512165,48.0565721],[16.8520641,48.0559733],[16.8534857,48.0564071],[16.8540006,48.0563247],[16.8546819,48.0556506],[16.8548951,48.0548322],[16.855585,48.0546243],[16.8565222,48.0547596],[16.8565058,48.0552239],[16.8555939,48.0562279],[16.8555724,48.0564896],[16.8558245,48.0567298],[16.8563181,48.0567549],[16.8579167,48.0563641],[16.8586301,48.0567406],[16.8587428,48.0574756],[16.8591666,48.0579668],[16.8592792,48.0587915],[16.8589788,48.0591285],[16.8575841,48.0591142],[16.8573749,48.0592612],[16.8576699,48.0608423],[16.859349,48.061294],[16.8598264,48.0612259],[16.8614059,48.0601428],[16.8615913,48.0604515],[16.8616128,48.0611399],[16.8611943,48.0613299],[16.8599015,48.0613944],[16.8595904,48.0617243],[16.8596923,48.0621007],[16.8599766,48.0622405],[16.8610441,48.0619035],[16.8615216,48.0619214],[16.8615645,48.0621115],[16.8612319,48.06266],[16.8603843,48.0629719],[16.8601858,48.0633161],[16.8614572,48.0635885],[16.8620956,48.0633197],[16.8622136,48.063714],[16.861661,48.0641012],[16.8616986,48.0643521],[16.8623101,48.0643952],[16.8638712,48.0636602],[16.8641609,48.0636566],[16.8642306,48.0641514],[16.8639248,48.0647823],[16.8640428,48.065019],[16.8649923,48.065718],[16.8663013,48.0657575],[16.8669396,48.0656141],[16.8672025,48.0657897],[16.8675351,48.0668867],[16.8691229,48.0676252],[16.8697935,48.0683099],[16.8697774,48.0691845],[16.8702754,48.069827],[16.8696326,48.0703746],[16.8697506,48.0707259],[16.870979,48.071174],[16.8717676,48.0709876],[16.8719339,48.0706793],[16.8712204,48.0696075],[16.8713398,48.0693263],[16.8721056,48.0694247],[16.8725401,48.0701667],[16.8722772,48.0709231],[16.8726366,48.0711525],[16.8729639,48.0719339],[16.8737685,48.072321],[16.8743157,48.0721848],[16.8754208,48.0710664],[16.8763113,48.0705467],[16.8788969,48.0705754],[16.8791812,48.0702384],[16.8785697,48.0693745],[16.8789304,48.0690897],[16.880293,48.0694697],[16.8797297,48.0685986],[16.8798872,48.0684544],[16.8823207,48.0682222],[16.88299,48.0684891],[16.8832166,48.0690933],[16.8841232,48.0695019],[16.8847026,48.0701651],[16.8858183,48.0703623],[16.8861617,48.0696274],[16.8864943,48.0695736],[16.887173,48.0705505],[16.8870751,48.0706959],[16.8878944,48.0711043],[16.8884233,48.0717905],[16.8880793,48.072891],[16.8884031,48.07354],[16.8899976,48.0746397],[16.8914049,48.0742011],[16.8902056,48.0746452],[16.8940803,48.0738365],[16.8948252,48.0729108],[16.8959839,48.0725488],[16.8968087,48.0729555],[16.8962314,48.0740752],[16.8965167,48.0743381],[16.8976314,48.0741111],[16.8982249,48.0738121],[16.8990255,48.0727997],[16.8985213,48.0717925],[16.8991114,48.0715953],[16.8998463,48.0714197],[16.9016917,48.0713767],[16.9063216,48.0706366],[16.9078776,48.0698634],[16.9121143,48.0691247],[16.9137221,48.0681954],[16.9149474,48.0680741],[16.916701,48.0676409],[16.9184677,48.0662177],[16.9187925,48.0655418],[16.9181273,48.0651501],[16.9188511,48.0645067],[16.920019,48.0642188],[16.9200924,48.0633725],[16.9197361,48.0624093],[16.9191192,48.0614318],[16.9176145,48.0595436],[16.9156078,48.057528],[16.9151702,48.0568196],[16.9153443,48.056252],[16.9167777,48.0546513],[16.9183125,48.0526046],[16.9192603,48.051909],[16.9194709,48.0510805],[16.9204027,48.0507346],[16.9212607,48.0506722],[16.9219428,48.0508692],[16.9223787,48.0512133],[16.9226147,48.0509981],[16.9226678,48.05061],[16.9231007,48.0504359],[16.927432,48.0506897],[16.9284557,48.0503602],[16.9291486,48.0496641],[16.9302644,48.0489684],[16.9320971,48.0488569],[16.9325214,48.0485564],[16.9337405,48.0483158],[16.9356754,48.0486102],[16.9367381,48.0485998],[16.937848,48.0481367],[16.9398581,48.0477542],[16.941315,48.047607],[16.9426268,48.0477478],[16.9439968,48.0476516],[16.94474,48.0473945],[16.9453277,48.0469171],[16.9472569,48.0471051],[16.9480463,48.0473777],[16.949226,48.0473451],[16.9506492,48.0467665],[16.9526871,48.0463103],[16.9542898,48.0456266],[16.9556103,48.045287],[16.9584276,48.0438903],[16.9613453,48.0432655],[16.9615658,48.0428895],[16.9614434,48.0423534],[16.9631853,48.0417269],[16.9663884,48.040924],[16.9671313,48.0409653],[16.9676437,48.0412289],[16.9690229,48.0410268],[16.9714899,48.039787],[16.9721176,48.0392849],[16.9722195,48.0384707],[16.9739302,48.0368023],[16.9741346,48.0363293],[16.9750573,48.0352532],[16.9749173,48.0348796],[16.9743111,48.0344241],[16.9739249,48.0343308],[16.9725482,48.0350988],[16.9725069,48.0355359],[16.9726954,48.0360666],[16.9725776,48.0362682],[16.9720428,48.0362993],[16.971859,48.0361184],[16.9717055,48.0349182],[16.9714052,48.0342084],[16.970378,48.0331297],[16.9702056,48.0326629],[16.9702556,48.032269],[16.9692057,48.0315496],[16.9689381,48.0311398],[16.9686052,48.0289341],[16.968985,48.0280331],[16.970136,48.0273205],[16.9702355,48.0270292],[16.9689655,48.0261919],[16.9722901,48.0267776],[16.9726683,48.0250385],[16.9732398,48.0235794],[16.9749006,48.0236634],[16.9745357,48.024705],[16.9792358,48.0234548],[16.9822022,48.0252297],[16.9826812,48.0262007],[16.9834179,48.0259532],[16.9845547,48.026958],[16.9863668,48.0289832],[16.9866291,48.0290965],[16.9881571,48.0320864],[16.9908764,48.0392259],[16.9931262,48.0438146],[16.9947648,48.048466],[16.9964771,48.0508631],[16.9968254,48.0523375],[17.0001783,48.0566973],[17.009426,48.0645913],[17.0106209,48.0660207],[17.0134818,48.0704134],[17.0155974,48.0729643],[17.0170057,48.0740514],[17.0094368,48.0793155],[17.0083026,48.079474],[17.0046954,48.0816772],[17.0018037,48.0827304],[16.9977386,48.084494],[16.9924723,48.0875579],[16.9875954,48.0892557],[16.9828738,48.0921258],[16.9816378,48.0932007],[16.9777883,48.095071],[16.9764116,48.0950675],[16.9750973,48.0953292],[16.9718427,48.0951989],[16.9718437,48.0953039],[16.9686562,48.0962165],[16.9694352,48.0971417],[16.9711048,48.1005701],[16.9736792,48.1032053],[16.973897,48.103683],[16.9754996,48.1055934],[16.976124,48.1059414],[16.9785219,48.1037423],[16.9812523,48.1046504],[16.9816446,48.1044365],[16.9819573,48.1045088],[16.9848798,48.1064366],[16.9854782,48.107235],[16.9852119,48.1078813],[16.985372,48.1092764],[16.9849659,48.1105978],[16.9849355,48.1112682],[16.9855695,48.1120369],[16.9873699,48.1110685],[16.9921855,48.1097669],[16.993801,48.1091442],[16.995541,48.1088165],[16.9970163,48.1089463],[16.9976514,48.1091836],[16.9986315,48.1082853],[16.9986122,48.1076508],[16.9988227,48.1070314],[16.999779,48.1055391],[17.0006033,48.1033357],[17.0014908,48.1020623],[17.0030899,48.1004341],[17.0043969,48.0987294],[17.0046657,48.0988243],[17.0065877,48.1006774],[17.0071116,48.1009989],[17.008108,48.1012791],[17.0086807,48.1016789],[17.0094564,48.1026368],[17.0108211,48.1032728],[17.011445,48.103731],[17.0127496,48.1042137],[17.015472,48.1042211],[17.0201914,48.1056052],[17.0205122,48.105257],[17.0230302,48.1037676],[17.02366,48.1031295],[17.0230924,48.1026977],[17.0242482,48.1019348],[17.0252324,48.1013803],[17.0287404,48.1000763],[17.0279279,48.0993739],[17.0253663,48.0983547],[17.0190289,48.096815],[17.0137963,48.0952102],[17.0078951,48.0945646],[17.0025503,48.092693],[17.013989,48.0895796],[17.0242498,48.0871781],[17.0267256,48.0864236],[17.03599,48.0843098],[17.037389,48.0897896],[17.0377511,48.090556],[17.038807,48.0918532],[17.0396985,48.0936732],[17.0402743,48.0969167],[17.0408929,48.0987375],[17.0409368,48.0991744],[17.0407883,48.099531],[17.0412612,48.1005355],[17.0414088,48.1016619],[17.0426607,48.1026285],[17.0430178,48.1031665],[17.043817,48.1036298],[17.0462218,48.1041747],[17.0471293,48.1042277],[17.0505759,48.1052129],[17.0548374,48.107489],[17.0638947,48.1098258],[17.0635848,48.1113757],[17.0626963,48.112268],[17.0620176,48.1132428],[17.0628348,48.1144987],[17.0667404,48.1186813],[17.066213,48.118995],[17.064744,48.12043],[17.063956,48.120904],[17.063601,48.120892],[17.062786,48.12148],[17.0623978,48.122083],[17.0621844,48.1230204],[17.062369,48.123233],[17.063211,48.123504],[17.065106,48.123237],[17.066613,48.123682],[17.067974,48.123533],[17.068685,48.123818],[17.068839,48.124116],[17.068353,48.124776],[17.067681,48.125298],[17.067824,48.125865],[17.067137,48.126424],[17.067211,48.126621],[17.067875,48.127047],[17.067623,48.127432],[17.06628,48.128197],[17.065166,48.127959],[17.064299,48.128111],[17.064079,48.128742],[17.065562,48.129345],[17.06369,48.130753],[17.06262,48.131774],[17.062062,48.132539],[17.061956,48.133447],[17.061422,48.133468],[17.060145,48.135756],[17.061636,48.135997],[17.061625,48.136918],[17.061262,48.138212],[17.060938,48.138928],[17.060144,48.139958],[17.059356,48.14035],[17.059556,48.140876],[17.059449,48.141226],[17.058754,48.14152],[17.057362,48.141775],[17.0571997,48.1437267],[17.0447141,48.1407654],[17.0383358,48.1397917],[17.0338297,48.1397881],[17.0284545,48.1405005],[17.0260727,48.141152],[17.0245492,48.1418858],[17.0229989,48.1430635],[17.0194101,48.1473408],[17.0168245,48.1499966],[17.0141208,48.1523229],[17.0125866,48.153325],[17.0098829,48.1547207],[16.9996744,48.1587072],[16.9952488,48.1608256],[16.9908678,48.1633933],[16.983726,48.1683287],[16.9762313,48.1721643],[16.9754918,48.1749228],[16.97549,48.176601],[16.976116,48.178815],[16.9772653,48.1810632],[16.9774454,48.1823054],[16.9772671,48.1833956],[16.9765381,48.1856939],[16.976601,48.188029],[16.9764373,48.189369],[16.9760587,48.1903876],[16.9754603,48.1913475],[16.972806,48.19436],[16.9718283,48.195767],[16.971385,48.1967833],[16.970194,48.200842],[16.969795,48.201681],[16.967795,48.204029],[16.967054,48.205269],[16.966447,48.206735],[16.965637,48.209459],[16.965221,48.210226],[16.963108,48.212537],[16.962463,48.213566],[16.961937,48.215367],[16.962189,48.21901],[16.96178,48.220827],[16.96046,48.223192],[16.959399,48.224569],[16.957548,48.226499],[16.955014,48.228453],[16.950355,48.231003],[16.949038,48.231885],[16.947847,48.232958],[16.947084,48.23388],[16.946449,48.234947],[16.946121,48.235881],[16.946065,48.237109],[16.946718,48.241662],[16.948264,48.243902],[16.948524,48.245987],[16.949468,48.247844],[16.949759,48.248759],[16.949664,48.251239],[16.949782,48.252242],[16.951432,48.256652],[16.952112,48.257677],[16.955372,48.260436],[16.956716,48.261975],[16.957327,48.263019],[16.957066,48.263818],[16.955828,48.264583],[16.953332,48.265262],[16.952061,48.26583],[16.951112,48.266568],[16.948854,48.269003],[16.9476663,48.2697543],[16.945578,48.270532],[16.9437832,48.2708077],[16.9403945,48.270736],[16.935897,48.27114],[16.9298091,48.2709271],[16.9247281,48.2714471],[16.9226772,48.2721084],[16.9203092,48.2735206],[16.9198546,48.2742079],[16.920197,48.276208],[16.9198976,48.277133],[16.919253,48.278128],[16.917837,48.279236],[16.915253,48.280486],[16.9144499,48.2810278],[16.9121097,48.2840907],[16.908158,48.287692],[16.9070197,48.2891785],[16.906752,48.2897956],[16.906445,48.2907703],[16.906246,48.292934],[16.9055863,48.2943235],[16.9040456,48.2956409],[16.901511,48.2971175],[16.900326,48.298388],[16.899777,48.299646],[16.899198,48.303089],[16.898528,48.304771],[16.897707,48.30615],[16.895265,48.308885],[16.894659,48.310219],[16.894541,48.311242],[16.894835,48.312447],[16.895392,48.313549],[16.896537,48.314908],[16.898444,48.316195],[16.902425,48.317565],[16.904206,48.318445],[16.905011,48.319089],[16.90679,48.321194],[16.908734,48.322942],[16.909172,48.32387],[16.909285,48.324752],[16.909169,48.325315],[16.908784,48.325955],[16.908092,48.326479],[16.9072944,48.3267647],[16.901889,48.32774],[16.899466,48.328522],[16.897432,48.329405],[16.895458,48.330974],[16.894513,48.331448],[16.893378,48.331684],[16.89059,48.331694],[16.889161,48.331964],[16.887926,48.332549],[16.884641,48.334713],[16.88194,48.335826],[16.87966,48.336318],[16.874361,48.336801],[16.872849,48.337299],[16.871656,48.337952],[16.870456,48.338851],[16.869695,48.339746],[16.869418,48.340532],[16.869583,48.34142],[16.8704172,48.3424858],[16.874374,48.344535],[16.875043,48.345247],[16.875329,48.345921],[16.875219,48.346785],[16.874693,48.34765],[16.874011,48.348323],[16.872974,48.348845],[16.87138,48.348968],[16.868891,48.348114],[16.866826,48.347881],[16.86484,48.348128],[16.861416,48.349179],[16.859695,48.349296],[16.858483,48.349108],[16.854931,48.347967],[16.8519944,48.3478634],[16.849698,48.348169],[16.848001,48.34861],[16.8453974,48.349702],[16.84406,48.350492],[16.843002,48.351713],[16.842297,48.353841],[16.842397,48.355165],[16.843247,48.35743],[16.843211,48.358575],[16.842441,48.359874],[16.8405183,48.3618617],[16.8392122,48.364493],[16.8391418,48.3652771],[16.8393159,48.3659404],[16.8409372,48.3689734],[16.841202,48.3697333],[16.8413499,48.3708363],[16.8411617,48.3717164],[16.840229,48.3730717],[16.8375027,48.3750063],[16.8344933,48.3782417],[16.8332914,48.3799263],[16.8332771,48.3812693],[16.8339378,48.3824865],[16.8349493,48.3832903],[16.8364003,48.3837945],[16.8382226,48.3839172],[16.8396409,48.383737],[16.841207,48.3831811],[16.8435929,48.3819974],[16.8450499,48.381775],[16.8484789,48.3821413],[16.8497861,48.3826273],[16.8504859,48.3832588],[16.850777,48.3837547],[16.8509042,48.3844234],[16.8503,48.3880347],[16.8505114,48.390539],[16.8514187,48.3916798],[16.8535608,48.3929848],[16.8549235,48.3940755],[16.8557606,48.3952931],[16.8559114,48.396247],[16.8557113,48.3975545],[16.8551633,48.3992193],[16.8519818,48.4035161],[16.8508868,48.4056623],[16.8502798,48.4078134],[16.8502469,48.4089657],[16.8505075,48.4100352],[16.8513221,48.4114376],[16.8531538,48.4131212],[16.8556166,48.4145666],[16.860405,48.4166112],[16.8617582,48.4173298],[16.8631921,48.4184351],[16.8636325,48.4193684],[16.863488,48.4203259],[16.8629149,48.4210562],[16.8594514,48.4232849],[16.8573832,48.4256979],[16.853094,48.4322345],[16.8516701,48.4349311],[16.8512946,48.4368209],[16.851007,48.4398],[16.850805,48.442811],[16.850903,48.444878],[16.850719,48.445414],[16.849738,48.446657],[16.849426,48.447631],[16.849656,48.448489],[16.850216,48.449472],[16.851437,48.450579],[16.852682,48.451164],[16.853755,48.451325],[16.857851,48.451104],[16.859222,48.451187],[16.8615,48.451947],[16.863119,48.453035],[16.863682,48.453646],[16.864107,48.454455],[16.864138,48.454981],[16.863878,48.455656],[16.863095,48.456367],[16.85991,48.457728],[16.859373,48.458539],[16.859476,48.459367],[16.862373,48.461785],[16.86319,48.462906],[16.864106,48.46485],[16.865106,48.465629],[16.866895,48.46615],[16.871479,48.466408],[16.872703,48.466758],[16.87383,48.467459],[16.875193,48.469205],[16.876027,48.471625],[16.876401,48.472303],[16.878717,48.474708],[16.879924,48.476663],[16.8807221,48.4774916],[16.881843,48.477855],[16.882713,48.477755],[16.885802,48.476079],[16.887254,48.475664],[16.888894,48.475767],[16.889987,48.47636],[16.890321,48.477176],[16.889995,48.478754],[16.890013,48.47995],[16.890446,48.481162],[16.891253,48.481933],[16.893712,48.482888],[16.894933,48.483685],[16.895912,48.484925],[16.896243,48.486257],[16.896017,48.486993],[16.895232,48.487775],[16.891638,48.48951],[16.890625,48.490197],[16.890016,48.49112],[16.889953,48.491725],[16.890542,48.492666],[16.893852,48.494822],[16.8960647,48.4965462],[16.8975037,48.4973501],[16.8992376,48.4979619],[16.902317,48.498426],[16.904883,48.498471],[16.906217,48.498338],[16.907062,48.498033],[16.907624,48.497587],[16.908906,48.495739],[16.909703,48.495211],[16.911339,48.494633],[16.912608,48.494375],[16.914029,48.494349],[16.915723,48.494747],[16.916857,48.495347],[16.917442,48.496161],[16.917509,48.496714],[16.917374,48.497268],[16.916693,48.498171],[16.914597,48.499768],[16.914107,48.500379],[16.913914,48.500921],[16.913921,48.501459],[16.914394,48.502831],[16.914399,48.503388],[16.913108,48.506686],[16.912978,48.507574],[16.913102,48.510262],[16.913914,48.511954],[16.91469,48.51265],[16.915715,48.512977],[16.917184,48.512974],[16.920022,48.512585],[16.920981,48.512747],[16.92215,48.51343],[16.92251,48.514019],[16.92245,48.514665],[16.921837,48.515446],[16.920264,48.516896],[16.919658,48.518113],[16.919699,48.518678],[16.920014,48.519282],[16.921267,48.520117],[16.92296,48.520345],[16.930232,48.520408],[16.935315,48.521419],[16.936253,48.521389],[16.939201,48.520766],[16.94056,48.520722],[16.9420443,48.5210124],[16.9431781,48.5216327],[16.943882,48.522447],[16.943808,48.523],[16.943182,48.523589],[16.941421,48.52465],[16.940529,48.525484],[16.940225,48.526384],[16.940435,48.527232],[16.941586,48.528947],[16.942547,48.529918],[16.945545,48.531831],[16.948184,48.533061],[16.948896,48.533612],[16.949501,48.534693],[16.95011,48.536972],[16.950656,48.538183],[16.953276,48.541718],[16.95388,48.542996],[16.953931,48.544256],[16.95351,48.54518],[16.953008,48.54572],[16.952065,48.546326],[16.949336,48.547058],[16.94779,48.54779],[16.946285,48.549001],[16.945184,48.550415],[16.943439,48.55162],[16.942687,48.552416],[16.942505,48.552964],[16.942607,48.55378],[16.944306,48.556493],[16.944707,48.557497],[16.944846,48.55863],[16.9446,48.560193],[16.944134,48.560908],[16.943461,48.561543],[16.940888,48.562967],[16.940129,48.563538],[16.93862,48.565234],[16.937149,48.567652],[16.935647,48.571415],[16.935486,48.57311],[16.93571,48.574864],[16.936229,48.57606],[16.937961,48.578712],[16.938682,48.580167],[16.939064,48.581405],[16.939144,48.58313],[16.938862,48.584648],[16.937094,48.589254],[16.935808,48.595011],[16.935272,48.596339],[16.933974,48.598515],[16.933687,48.599343],[16.933595,48.600626],[16.933772,48.60143],[16.934281,48.601965],[16.935399,48.602405],[16.937968,48.602959],[16.939331,48.603513],[16.940993,48.604758],[16.941923,48.606053],[16.9422,48.608097],[16.942092,48.610144],[16.941635,48.611117],[16.939966,48.613017],[16.939355,48.614428],[16.939518,48.615387],[16.9401953,48.6165408],[16.9401004,48.6172071],[16.9396483,48.6177542],[16.9389243,48.6181317],[16.9347371,48.6192319],[16.930245,48.6193395],[16.9285039,48.6190453],[16.9276431,48.6191191],[16.9254754,48.6200729],[16.9236031,48.6204731],[16.9215573,48.6216929],[16.9194754,48.6218947],[16.9187277,48.6225109],[16.9186717,48.6227735],[16.9188324,48.6230412],[16.9199554,48.6235962],[16.9202052,48.6239684],[16.9200715,48.6243264],[16.9187792,48.6256848],[16.9189863,48.6265651],[16.9208181,48.6282695],[16.9235026,48.62863],[16.9240227,48.6289245],[16.9241045,48.6293978],[16.9229336,48.6305379],[16.9228882,48.6310704],[16.9234513,48.6315235],[16.9248019,48.6315951],[16.9258386,48.6319682],[16.9260223,48.6324902],[16.9256741,48.6332323],[16.9257849,48.6341769],[16.9253107,48.6349417],[16.9252979,48.6354094],[16.925689,48.6358964],[16.9276971,48.637324],[16.9283893,48.6384307],[16.9283968,48.6390381],[16.9281458,48.639671],[16.9269279,48.6410559],[16.9244392,48.6427502],[16.9229393,48.6443476],[16.9210759,48.6448772],[16.9204931,48.6453623],[16.9204111,48.6458993],[16.9210267,48.647286],[16.9210187,48.6490315],[16.9207933,48.649269],[16.9199739,48.6493913],[16.9196513,48.649668],[16.9196749,48.6507132],[16.919302,48.651282],[16.9193162,48.6517836],[16.9197118,48.6524527],[16.9200817,48.6535812],[16.9221917,48.6552723],[16.9222136,48.6558287],[16.9217344,48.6565778],[16.9218206,48.6569095],[16.9233224,48.6576524],[16.9236598,48.6582412],[16.9235124,48.6586737],[16.9227393,48.6590402],[16.9224661,48.6595174],[16.9224666,48.6615085],[16.9220275,48.6628945],[16.9220936,48.6634268],[16.9227345,48.6647933],[16.9228202,48.6653242],[16.9227102,48.6658602],[16.9222047,48.6667286],[16.9221374,48.6672375],[16.9224338,48.667977],[16.9232148,48.6689307],[16.9233119,48.6695574],[16.9231569,48.6700311],[16.9227124,48.6705587],[16.9192185,48.6727926],[16.9178222,48.6732299],[16.9142274,48.6734385],[16.9131498,48.6736757],[16.9125299,48.673982],[16.9115802,48.6750861],[16.9108594,48.6753015],[16.9104904,48.6757116],[16.9101376,48.6780512],[16.9108396,48.6799105],[16.9112871,48.6804855],[16.9126367,48.6811903],[16.9133038,48.6819263],[16.9134084,48.6826445],[16.9129873,48.6839043],[16.9131926,48.6848793],[16.9137452,48.6855541],[16.9153679,48.6867568],[16.9160028,48.6874602],[16.9164185,48.6885333],[16.9164493,48.6907638],[16.91664,48.6915256],[16.9181792,48.6925202],[16.9184567,48.6928831],[16.9185529,48.6934773],[16.9181651,48.6941926],[16.9168366,48.694927],[16.9160848,48.6962385],[16.9163015,48.6982019],[16.9168515,48.6995812],[16.9167252,48.7002452],[16.9160958,48.700941],[16.9145075,48.7018555],[16.9136354,48.7026614],[16.9131786,48.703456],[16.9128159,48.7051492],[16.9123262,48.7059443],[16.9108154,48.7070523],[16.9084396,48.7077043],[16.9046191,48.7094397],[16.9038894,48.7100453],[16.9034058,48.711033],[16.9025179,48.7119338],[16.9023483,48.7127218],[16.9028877,48.7132584],[16.9033391,48.713478],[16.9056511,48.7139599],[16.9060964,48.714265],[16.9062167,48.7146792],[16.9056195,48.7153472],[16.9040831,48.7158207],[16.9033237,48.7163014],[16.9024025,48.7176858],[16.9020264,48.7179742],[16.9014019,48.718072],[16.9007483,48.7179162],[16.8997208,48.7172809],[16.8984912,48.7162085],[16.8975764,48.7159166],[16.8957594,48.7164963],[16.8951097,48.716414],[16.893287,48.7157749],[16.8924806,48.7157258],[16.8898737,48.7160585],[16.8876258,48.7166013],[16.8874494,48.7164645],[16.8867831,48.7165731],[16.8862672,48.716238],[16.8855043,48.7166284],[16.879201,48.7229966],[16.8774014,48.7223195],[16.8766811,48.7217762],[16.8763676,48.7211575],[16.8764247,48.7199633],[16.8763183,48.7200143],[16.8747632,48.7188482],[16.8754014,48.7185726],[16.8747473,48.7179197],[16.8743399,48.7181051],[16.8721204,48.7168715],[16.873549,48.7158319],[16.8704841,48.7136156],[16.8694468,48.7124757],[16.8613632,48.7123324],[16.8527169,48.7118554],[16.8490143,48.712159],[16.8461694,48.7120228],[16.8415095,48.7114996],[16.8408781,48.7117617],[16.8342644,48.7165319],[16.8272625,48.7110881],[16.822266,48.7103292],[16.8162907,48.710245],[16.8080792,48.7118069],[16.8053675,48.7121872],[16.8054875,48.7107456],[16.8060649,48.7090834],[16.8043197,48.7085753],[16.8019031,48.7073102],[16.8003328,48.705905],[16.799965,48.7059921],[16.7998638,48.7062256],[16.79984,48.7074396],[16.8000269,48.7078242],[16.7996675,48.7093583],[16.798316,48.7108045],[16.796501,48.7100962],[16.795206,48.7104778],[16.7940721,48.7112255],[16.7920735,48.7119089],[16.7898668,48.7138481],[16.7863416,48.7132972],[16.7855493,48.7128034],[16.782244,48.7127059],[16.7800992,48.7132254],[16.7792502,48.7122672],[16.7789358,48.7127944],[16.7785639,48.7141626],[16.7781761,48.7141359],[16.7766167,48.7128511],[16.7757913,48.7119428],[16.7732136,48.7124849],[16.7721063,48.7131609],[16.7694614,48.7143195],[16.7683404,48.7151238],[16.7672188,48.7166738],[16.7639197,48.7184951],[16.7637058,48.7187381],[16.7614298,48.7176075],[16.7606318,48.71688],[16.7597569,48.7164914],[16.7581348,48.7166958],[16.7572906,48.7169795],[16.758751,48.7187885],[16.7572087,48.7191528],[16.7561044,48.7189478],[16.7563703,48.7194284],[16.754848,48.7196401],[16.7539027,48.7201288],[16.7533867,48.7206327],[16.7520556,48.7247664],[16.7517781,48.7252261],[16.7502822,48.7266308],[16.7491831,48.7288613],[16.7491132,48.7300525],[16.7483817,48.7300218],[16.7482309,48.7305339],[16.7479811,48.7306998],[16.7472849,48.7321136],[16.7443,48.731357],[16.7440773,48.7314812],[16.7442948,48.7317676],[16.739556,48.7304814],[16.7374581,48.7306227],[16.7371949,48.7296118],[16.7367427,48.7292583],[16.7358299,48.7296102],[16.7347993,48.7304625],[16.7361253,48.7318537],[16.7329954,48.733545],[16.7331064,48.7336207],[16.7327932,48.7338017],[16.7317564,48.7337355],[16.7294451,48.7331502],[16.7290459,48.7331705],[16.7283213,48.7340491],[16.7278296,48.7342471],[16.7274774,48.7341987],[16.7282401,48.7347241],[16.7292076,48.7350744],[16.7295585,48.7355193],[16.7289716,48.735609],[16.7290261,48.7358321],[16.7285481,48.7359082],[16.7285741,48.736533],[16.7284502,48.7366683],[16.7247482,48.7380313],[16.7232016,48.7381861],[16.7150358,48.7381167],[16.7112343,48.7375821],[16.7075416,48.7368117],[16.7066131,48.7376579],[16.7062728,48.7367998],[16.7061302,48.7358652],[16.7053867,48.7358257],[16.7054159,48.7352487],[16.7042961,48.735063],[16.7011238,48.7365397],[16.7003325,48.7359347],[16.6937273,48.7328314],[16.6924341,48.7317874],[16.6918045,48.7310589],[16.690426,48.7304028],[16.6886277,48.729272],[16.687353,48.7288492],[16.6825892,48.7277883],[16.6801187,48.7337584],[16.6789097,48.7350047],[16.6755556,48.737315],[16.6739688,48.7395807],[16.6735319,48.7405814],[16.6737495,48.7423925],[16.6739523,48.7428596],[16.6749588,48.7434672],[16.6761826,48.7449991],[16.6778737,48.7460351],[16.6785812,48.7473085],[16.680507,48.749301],[16.6808413,48.7500507],[16.680912,48.7509694],[16.6801435,48.7535354],[16.6800359,48.7560223],[16.6796011,48.7564759],[16.679766,48.7568886],[16.679417,48.7599568],[16.6787116,48.7630994],[16.6776491,48.766486],[16.6766399,48.7681253],[16.6761518,48.7694492],[16.6746544,48.7715292],[16.6663959,48.773751],[16.6639987,48.7755365],[16.6641244,48.7767652],[16.6651061,48.7773898],[16.6658186,48.7780616],[16.6639369,48.77847],[16.663647,48.7787032],[16.6636071,48.779662],[16.6642093,48.7803936],[16.6637463,48.7810087],[16.6628728,48.7813472],[16.6586652,48.7819841],[16.6576031,48.7825865],[16.6563973,48.7829835],[16.6559204,48.7824529],[16.6552247,48.7825476],[16.6544133,48.7832071],[16.6534853,48.7832912],[16.6539173,48.7844443],[16.6517585,48.7850689],[16.6506033,48.7852315],[16.6484974,48.7852053],[16.6441496,48.7858079],[16.6418744,48.7858791],[16.6375826,48.7857452],[16.6360156,48.7859061],[16.6346367,48.7857807],[16.63374,48.7854404],[16.6332892,48.7851424],[16.6319777,48.782724],[16.6302113,48.7817526],[16.6305921,48.7804261],[16.6286498,48.78014],[16.6273824,48.7800779],[16.6273489,48.7807606],[16.6264105,48.7808906],[16.6241519,48.7809592],[16.6226074,48.7807273],[16.6205443,48.7811933],[16.6179627,48.7814636],[16.6159256,48.7814623],[16.6156404,48.7809596],[16.6132959,48.7810588],[16.6132854,48.7807169],[16.6131698,48.780697],[16.6099216,48.7805602],[16.6000111,48.7816446],[16.5935885,48.7826671],[16.5931692,48.78286],[16.593641,48.7844355],[16.5934775,48.7859078],[16.5937751,48.7865724],[16.593641,48.7868442],[16.5908082,48.7883222],[16.5882656,48.7891415],[16.5859018,48.7903593],[16.5851893,48.7909179],[16.5838099,48.7912292],[16.5823667,48.7920671],[16.5818414,48.7921746],[16.5803184,48.792043],[16.5793724,48.7921916],[16.5765908,48.7932884],[16.5738034,48.793508],[16.5703178,48.7934165],[16.568976,48.7931802],[16.567076,48.7931125],[16.5657569,48.7933022],[16.5651798,48.7935574],[16.5647308,48.7939013],[16.5638814,48.7952912],[16.5615716,48.7974262],[16.5605558,48.7992652],[16.5590757,48.800583],[16.5578405,48.8010578],[16.5569644,48.8022151],[16.5555492,48.8036342],[16.5523059,48.8050922],[16.5496518,48.8065807],[16.5486025,48.8074638],[16.5474059,48.8088217],[16.5448541,48.8104771],[16.5430494,48.81239],[16.5407301,48.8142868],[16.53986,48.8136035],[16.5383073,48.8130854],[16.5340978,48.8109571],[16.5338723,48.8094412],[16.5327885,48.8076701],[16.5307435,48.8067127],[16.5309238,48.806472],[16.5280879,48.8055062],[16.5290263,48.8040318],[16.524958,48.8007259],[16.5234354,48.7997669],[16.5186339,48.798246],[16.5161439,48.80265],[16.5084292,48.8017592],[16.5080677,48.8018662],[16.4998951,48.8012233],[16.4846806,48.8016098],[16.4783441,48.8020508],[16.4783897,48.8022726],[16.4741773,48.8048302],[16.4692321,48.80657],[16.4677331,48.8073098],[16.4644771,48.8098876],[16.4604147,48.8090251],[16.4590401,48.8080802],[16.4628199,48.8062995],[16.4610177,48.8058462],[16.4618977,48.8046371],[16.4535206,48.8018258],[16.450889,48.8006411],[16.4487003,48.7993759],[16.4470389,48.7968788],[16.4466989,48.7956299],[16.4470799,48.7942644],[16.4473468,48.7922677],[16.4479838,48.7912498],[16.447911,48.7907685],[16.4435231,48.7871039],[16.4437789,48.7868358],[16.4435679,48.7863517],[16.4426512,48.7862185],[16.4422148,48.7855932],[16.4418271,48.7855558],[16.441083,48.7843982],[16.4399733,48.7838364],[16.4383963,48.7809176],[16.4371743,48.7797818],[16.4374687,48.7796846],[16.4377092,48.7786575],[16.4366648,48.7779614],[16.4357652,48.7781923],[16.4352365,48.7765773],[16.4392717,48.7743191],[16.4376118,48.7685071],[16.4350029,48.7656278],[16.4300231,48.7632297],[16.4287778,48.7632504],[16.4285889,48.7628308],[16.4274731,48.7620879],[16.426769,48.7621625],[16.4265559,48.7620062],[16.4258258,48.7622598],[16.4247373,48.7618244],[16.4244499,48.7614528],[16.4239608,48.7616091],[16.4237376,48.7613691],[16.4232156,48.761291],[16.4230693,48.7613006],[16.4230669,48.761744],[16.4228051,48.7620263],[16.4192507,48.7591787],[16.4161373,48.7562256],[16.4156615,48.7549893],[16.4135535,48.7539245],[16.4134868,48.7538],[16.4149363,48.7534865],[16.4149068,48.7533694],[16.4138181,48.752419],[16.4135923,48.7514337],[16.4125729,48.751613],[16.4095105,48.7443484],[16.4098722,48.7437502],[16.4104524,48.743418],[16.4103011,48.7432904],[16.4095336,48.7430133],[16.4084818,48.7423063],[16.404337,48.7405251],[16.4041429,48.7408758],[16.4047954,48.7408809],[16.4050071,48.7413853],[16.4048133,48.7415673],[16.4040075,48.7415858],[16.403579,48.7421441],[16.4032831,48.7421189],[16.4033882,48.7416291],[16.4026984,48.7414026],[16.4022765,48.74098],[16.4005788,48.7410722],[16.4004142,48.7407673],[16.4009134,48.7404756],[16.3999003,48.7400212],[16.3996974,48.7397629],[16.3999073,48.7395973],[16.4004488,48.7395872],[16.4004569,48.7393723],[16.3993518,48.7390125],[16.3992372,48.738333],[16.3963986,48.7371688],[16.3958643,48.7366533],[16.3951903,48.7363531],[16.3941002,48.7364249],[16.3934619,48.7369209],[16.3927152,48.7376897],[16.3926509,48.7379875],[16.3928728,48.738418],[16.3924644,48.7387073],[16.3922739,48.7391309],[16.3919254,48.7390729],[16.3913265,48.7384151],[16.3908601,48.7382765],[16.3906156,48.7383906],[16.3905397,48.7388385],[16.3903087,48.7390907],[16.3887737,48.739063],[16.3885525,48.7388943],[16.389077,48.7370314],[16.3889781,48.7361637],[16.3886339,48.7355805],[16.3880259,48.7351869],[16.3856497,48.7349686],[16.3830819,48.7332312],[16.3830965,48.7327262],[16.384302,48.7325069],[16.3846107,48.732214],[16.3845906,48.7314769],[16.3841458,48.7311734],[16.3838826,48.7307526],[16.3823973,48.7300273],[16.3817331,48.7293679],[16.3812083,48.7295798],[16.3794532,48.7291804],[16.3780011,48.7284669],[16.3773624,48.7285764],[16.3770183,48.7289356],[16.3772467,48.7293008],[16.3781346,48.7295025],[16.3775945,48.7300913],[16.3773617,48.7309743],[16.3709645,48.729242],[16.3699904,48.7290502],[16.3693291,48.7291845],[16.3684091,48.7284804],[16.3673916,48.7284106],[16.3664639,48.7280432],[16.359771,48.7280656],[16.3600656,48.7283903],[16.3604283,48.7302422],[16.3598451,48.730916],[16.3582112,48.7300554],[16.3552635,48.7322489],[16.3514457,48.733643],[16.3572602,48.7378206],[16.3566799,48.7384991],[16.3551147,48.7396951],[16.3538946,48.7401155],[16.3536653,48.740755],[16.349744,48.74216],[16.3461679,48.7407711],[16.3455569,48.740961],[16.3446997,48.7417622],[16.344065,48.7438514],[16.3433351,48.744073],[16.3434154,48.7442658],[16.3442917,48.7444798],[16.3436705,48.7446725],[16.3439095,48.7449806],[16.3427322,48.7456221],[16.341818,48.7456166],[16.3414056,48.7453644],[16.3414162,48.7451209],[16.341622,48.7449507],[16.3424687,48.745354],[16.3422716,48.7450277],[16.34261,48.7445895],[16.3423103,48.7444273],[16.3420038,48.7446487],[16.3418629,48.7439835],[16.3414341,48.7439166],[16.3413976,48.7442764],[16.3408629,48.7437645],[16.3416275,48.7435797],[16.3416822,48.743085],[16.3413033,48.7429354],[16.3406275,48.7431224],[16.3402706,48.7427453],[16.339944,48.7411509],[16.3374808,48.7344851],[16.336232,48.7323023],[16.3350436,48.7323888],[16.3327777,48.7321196],[16.3317377,48.7314692],[16.3298843,48.7312458],[16.3299536,48.7314967],[16.3296398,48.7325353],[16.3282814,48.7324466],[16.3268708,48.7319571],[16.3245794,48.7318822],[16.3185758,48.7325206],[16.3170171,48.7328782],[16.3130652,48.7330623],[16.3109637,48.7336273],[16.3103607,48.7338391],[16.3097072,48.7348344],[16.3086728,48.7353445],[16.3081493,48.7359009],[16.3067045,48.7368829],[16.3053211,48.7386515],[16.3022915,48.7395458],[16.302155,48.7394322],[16.2990225,48.739715],[16.2984766,48.7384347],[16.297579,48.7383629],[16.2974851,48.7378708],[16.2966333,48.7376627],[16.2959642,48.7381106],[16.2945063,48.738113],[16.2882973,48.7401869],[16.2851645,48.7398762],[16.2817874,48.740979],[16.2779029,48.7415129],[16.2733331,48.7412703],[16.2683282,48.7413353],[16.264033,48.7381001],[16.2630597,48.7370072],[16.2539754,48.7384718],[16.2503283,48.7393979],[16.2487082,48.7396252],[16.2404587,48.7396187],[16.2370336,48.7398188],[16.2337536,48.7402288],[16.2241388,48.7400548],[16.2044089,48.7429388],[16.1890083,48.7432631],[16.1776649,48.7450997],[16.1727283,48.7463088],[16.1633898,48.7469526],[16.1617141,48.7474971],[16.1547276,48.7484457],[16.1539723,48.7487882],[16.1533101,48.7478988],[16.1529711,48.7471536],[16.1532518,48.7452483],[16.1519033,48.7452996],[16.1512515,48.7448963],[16.1509273,48.7449693],[16.1505783,48.744522],[16.1503801,48.7445455],[16.1498896,48.7431934],[16.1435669,48.7440876],[16.1392717,48.7454069],[16.1393817,48.744738],[16.1389411,48.742749],[16.1179779,48.7466912],[16.1171718,48.7482529],[16.1117797,48.747286],[16.11212,48.7458926],[16.1070128,48.7453636],[16.1028885,48.7453958],[16.0982292,48.7461779],[16.0941645,48.7466426],[16.0878596,48.7480609],[16.0832575,48.7493049],[16.0803491,48.7498],[16.0729853,48.7525168],[16.0649202,48.754617],[16.0528369,48.7610199],[16.046076,48.7626273],[16.0411854,48.7641322],[16.0332725,48.7671043],[16.0310389,48.7681301],[16.0210326,48.7720635],[16.0155848,48.7735736],[16.0148581,48.7735039],[16.0144722,48.7739145],[16.0137675,48.7738997],[16.0128837,48.7736369],[16.0100355,48.7746273],[16.0081204,48.7756593],[16.0070187,48.7760584],[16.0006528,48.7773575],[15.9943646,48.7793352],[15.9909638,48.7825393],[15.9865462,48.7860323],[15.97261,48.7935231],[15.9701128,48.7952799],[15.9690137,48.7965823],[15.9684386,48.7969652],[15.9657804,48.7981593],[15.9647194,48.79842],[15.9620674,48.798258],[15.9595756,48.7984489],[15.9562741,48.8010086],[15.9549225,48.8016966],[15.9538318,48.8020502],[15.9526136,48.8027425],[15.9496301,48.8052493],[15.9500936,48.8064757],[15.9500695,48.8091933],[15.9519872,48.8139232],[15.9534422,48.815354],[15.955154,48.8167003],[15.9556451,48.8175173],[15.9586826,48.8194818],[15.9598883,48.8197898],[15.9596978,48.8209646],[15.9583818,48.8230603],[15.9574203,48.8234091],[15.954532,48.8236984],[15.9485364,48.822443],[15.9467171,48.8225119],[15.945967,48.8228299],[15.945572,48.8236179],[15.9462861,48.8246654],[15.9476654,48.8252234],[15.9480953,48.8255631],[15.9481351,48.8263064],[15.9479149,48.8266819],[15.9461949,48.8277374],[15.9441696,48.827989],[15.9418347,48.8277269],[15.9408861,48.8275439],[15.9402492,48.8271021],[15.9403006,48.8258328],[15.9412045,48.8234936],[15.9413164,48.822754],[15.9410546,48.8218049],[15.9409679,48.8206259],[15.9404289,48.8195039],[15.93941,48.8190853],[15.9376557,48.8188441],[15.9353882,48.8189348],[15.9345717,48.819112],[15.9285659,48.8220596],[15.9255477,48.8231242],[15.9248192,48.8235972],[15.9243047,48.8241762],[15.9241722,48.8245605],[15.9246889,48.8252702],[15.9256623,48.8260353],[15.9264823,48.8264212],[15.9266809,48.826759],[15.926662,48.8288958],[15.9269018,48.8306121],[15.9274719,48.8311761],[15.9306244,48.8329192],[15.9309306,48.8332996],[15.9309152,48.8335584],[15.9304545,48.8339815],[15.9288676,48.8344095],[15.9264998,48.8344753],[15.9217737,48.8350187],[15.9209111,48.8355686],[15.9206119,48.8380805],[15.9203011,48.8385797],[15.9198443,48.8387656],[15.9184017,48.8388896],[15.9171551,48.8387464],[15.9167163,48.8386336],[15.9154423,48.8377887],[15.9149398,48.8371186],[15.9142102,48.8369263],[15.9117679,48.837108],[15.9103252,48.836989],[15.9095799,48.8367312],[15.9082754,48.8359481],[15.9069419,48.8355214],[15.9054185,48.8358055],[15.9026767,48.8360103],[15.8996156,48.835691],[15.8951276,48.8344584],[15.8932393,48.8346358],[15.892682,48.8350588],[15.8918036,48.8362101],[15.8910526,48.8378938],[15.8908983,48.8386344],[15.8913852,48.840903],[15.8915166,48.8423431],[15.8928298,48.8433031],[15.8932049,48.8433816],[15.8938052,48.8430631],[15.8939915,48.8427106],[15.8938533,48.8424202],[15.8939593,48.8421501],[15.8950281,48.8403995],[15.8969667,48.8384163],[15.8977538,48.838095],[15.8990256,48.8377287],[15.9010769,48.8376616],[15.9028199,48.8374083],[15.9044697,48.8379783],[15.9051808,48.8388504],[15.9045907,48.8410115],[15.9016971,48.844146],[15.9014718,48.8446883],[15.8976366,48.8483732],[15.8965705,48.8489519],[15.8951936,48.8491548],[15.8934736,48.8490216],[15.892854,48.848312],[15.8916601,48.8448985],[15.8901519,48.8430728],[15.8889432,48.8423786],[15.8875982,48.8419788],[15.8865142,48.8418676],[15.884597,48.8420123],[15.8836931,48.8424371],[15.882932,48.8433921],[15.8823028,48.8438888],[15.8808785,48.8457997],[15.8797425,48.8479188],[15.8801757,48.8498173],[15.879872,48.8525266],[15.8804027,48.8537037],[15.8808921,48.8538732],[15.8807051,48.8555921],[15.8791887,48.857271],[15.8778821,48.8583015],[15.8778686,48.8589935],[15.8768896,48.85953],[15.8735555,48.8606721],[15.8723404,48.8606095],[15.871359,48.8602619],[15.8709593,48.8598304],[15.8709379,48.8592472],[15.8713044,48.8588404],[15.8732878,48.8583752],[15.8741876,48.858384],[15.8745698,48.8580814],[15.8753944,48.8566441],[15.8753898,48.8559038],[15.8749507,48.8549973],[15.8740085,48.8542962],[15.8729397,48.8538159],[15.8643273,48.8523564],[15.8637259,48.8524358],[15.8626254,48.8529267],[15.8606383,48.8546043],[15.858267,48.8572402],[15.8571384,48.8578162],[15.8548089,48.8579277],[15.8515143,48.8576401],[15.8455045,48.8586218],[15.8427465,48.8596044],[15.8418619,48.8600997],[15.8410295,48.8608916],[15.8410518,48.8614575],[15.8415337,48.86204],[15.8449911,48.8631651],[15.8470301,48.8635898],[15.8499455,48.8648513],[15.8508957,48.8653903],[15.8520694,48.8664006],[15.8521481,48.8671456],[15.8519586,48.8681898],[15.8515395,48.8686756],[15.8483638,48.8705144],[15.8451489,48.8719021],[15.8436985,48.8729344],[15.8431522,48.8737392],[15.8429538,48.8746065],[15.8431819,48.8750229],[15.8435095,48.8752382],[15.8450068,48.8756942],[15.8415432,48.8771245],[15.8395736,48.877556],[15.8387041,48.8774979],[15.8368982,48.8768164],[15.8353023,48.8745212],[15.832758,48.8726357],[15.8293539,48.8714338],[15.8275827,48.8710458],[15.8255026,48.8713537],[15.8224137,48.8726512],[15.8216945,48.8727426],[15.820149,48.8727367],[15.8164186,48.8731638],[15.8130922,48.8730664],[15.8120216,48.8727816],[15.8076833,48.8722716],[15.8061405,48.8722344],[15.8030849,48.8727729],[15.797955,48.8731642],[15.7925769,48.8738988],[15.7892133,48.8739325],[15.7843706,48.8744615],[15.7818428,48.87438],[15.7795341,48.8748829],[15.7784303,48.8739616],[15.7767114,48.8716196],[15.7749265,48.8700315],[15.7743733,48.8692407],[15.7735208,48.8672822],[15.7721923,48.8654259],[15.7707587,48.8641138],[15.7630817,48.857928],[15.7609403,48.8563771],[15.7576472,48.8543188],[15.7545534,48.852949],[15.753663,48.8521737],[15.7511657,48.8521446],[15.7453947,48.8533357],[15.7417374,48.8544378],[15.7381102,48.8551481],[15.730811,48.8559343],[15.7249798,48.8563277],[15.7139472,48.8579838],[15.7134897,48.8580736],[15.7140973,48.8591595],[15.7147183,48.8596526],[15.7091117,48.8606828],[15.7082074,48.8607032],[15.7053082,48.8597792],[15.7013464,48.8590187],[15.6993764,48.8588254],[15.6978663,48.8584163],[15.6967494,48.8576705],[15.6954104,48.8563264],[15.6943928,48.8557501],[15.6925802,48.8555306],[15.689687,48.8556761],[15.6864522,48.8570303],[15.6858702,48.858597],[15.6849474,48.8598659],[15.6827438,48.8620006],[15.6804901,48.8637561],[15.6782873,48.8650186],[15.676831,48.8656746],[15.673761,48.866647],[15.671557,48.8678492],[15.6714804,48.8682852],[15.6694708,48.8695229],[15.6690333,48.8703735],[15.6682911,48.8711288],[15.6663787,48.8723702],[15.6662383,48.8726736],[15.6659586,48.8728193],[15.6661812,48.87292],[15.6661756,48.8732512],[15.6652667,48.8742034],[15.6650088,48.8742781],[15.6646857,48.8746804],[15.6643191,48.8747693],[15.6640166,48.8752698],[15.6632394,48.8756601],[15.6626888,48.8757237],[15.6625922,48.876011],[15.6623097,48.8762087],[15.6601134,48.8772298],[15.6590398,48.8782339],[15.6587579,48.8788646],[15.6571999,48.8793396],[15.6572726,48.879708],[15.6570258,48.8799649],[15.6569316,48.8804612],[15.6557186,48.8814378],[15.6526867,48.8828435],[15.644647,48.8850561],[15.6437413,48.8854628],[15.6439508,48.8856536],[15.6423882,48.8866378],[15.639978,48.8865161],[15.6395063,48.8870501],[15.6389191,48.8872939],[15.635963,48.8870981],[15.6358369,48.8867882],[15.6370587,48.8866027],[15.6373668,48.8861415],[15.6374225,48.8854005],[15.6367648,48.8846321],[15.6322721,48.8846429],[15.6303115,48.8850176],[15.6296356,48.8857109],[15.6276044,48.887125],[15.6271855,48.8877605],[15.6265089,48.8879497],[15.6254282,48.8888267],[15.6252036,48.8891737],[15.6252482,48.8900803],[15.6258312,48.8906303],[15.6258043,48.8907954],[15.623625,48.8924326],[15.6218975,48.8931333],[15.621956,48.8932466],[15.620714,48.8938059],[15.6197109,48.8948914],[15.6196001,48.895611],[15.6124358,48.8982547],[15.6122862,48.8980571],[15.6118095,48.8980686],[15.6107703,48.8968958],[15.6106773,48.8965038],[15.6066555,48.896578],[15.6017057,48.8971864],[15.595448,48.8967858],[15.595393,48.8970121],[15.5948004,48.8971061],[15.5947324,48.8969967],[15.5940779,48.8970427],[15.5938112,48.8968657],[15.5942051,48.8967166],[15.5941456,48.8965874],[15.5939273,48.8965171],[15.5937941,48.8966889],[15.59322,48.8963882],[15.5926252,48.8965389],[15.5925435,48.8964094],[15.5922412,48.8965094],[15.5917964,48.8963954],[15.5914734,48.8966978],[15.5911865,48.8966614],[15.591209,48.8964427],[15.5900198,48.8963328],[15.5899882,48.8964905],[15.5897082,48.8964913],[15.5869439,48.8959747],[15.5838714,48.8961028],[15.580685,48.8957008],[15.577999,48.8958612],[15.5752372,48.896694],[15.5735833,48.8974751],[15.5730861,48.8980327],[15.5719748,48.8984375],[15.5693559,48.8999878],[15.568122,48.9004031],[15.5669679,48.9010754],[15.560163,48.9040812],[15.5586188,48.9045968],[15.5490242,48.9062282],[15.5455929,48.9071292],[15.5409852,48.9080249],[15.5375296,48.9090503],[15.5349372,48.9100123],[15.5306428,48.9108896],[15.5281505,48.9117208],[15.5212872,48.9125367],[15.5157698,48.9135094],[15.5133902,48.9141221],[15.5116945,48.9150624],[15.5104848,48.9167986],[15.5096038,48.917549],[15.5080805,48.9183963],[15.5065355,48.9190233],[15.5060695,48.9195848],[15.5054029,48.9213276],[15.5052862,48.9220446],[15.5053805,48.9245179],[15.5051987,48.9246116],[15.5054971,48.9257543],[15.5052519,48.9261569],[15.50374,48.9269594],[15.5032042,48.9278127],[15.5035376,48.9298238],[15.5033497,48.9305895],[15.5023524,48.9328945],[15.5023646,48.9353414],[15.5020114,48.9359742],[15.4989205,48.9381702],[15.4982279,48.9385106],[15.4962811,48.939247],[15.4900135,48.9403988],[15.4884247,48.9411098],[15.4863017,48.942657],[15.484319,48.9433735],[15.4824636,48.9437737],[15.4810877,48.9437909],[15.4800954,48.9435947],[15.4795009,48.9442268],[15.4788614,48.944018],[15.4786518,48.9444555],[15.477039,48.9444979],[15.477316,48.9457011],[15.4733926,48.946373],[15.4735801,48.9474033],[15.4717389,48.9487619],[15.4716069,48.9487021],[15.4702939,48.9499656],[15.4698735,48.9506886],[15.4693812,48.9506619],[15.4689688,48.9513822],[15.4684899,48.9518173],[15.4673785,48.9514163],[15.4663697,48.9514978],[15.46608,48.9510329],[15.4651829,48.9502538],[15.4639704,48.9495794],[15.4616058,48.9487655],[15.4605451,48.9480207],[15.4595086,48.94692],[15.4583045,48.9462405],[15.4571362,48.9459641],[15.4558922,48.9452864],[15.4553023,48.9457935],[15.4537174,48.9466499],[15.4525979,48.9476188],[15.4522416,48.948372],[15.4516713,48.9490567],[15.451144,48.949512],[15.4505088,48.949797],[15.4467598,48.9501796],[15.4438879,48.951014],[15.4433548,48.9507992],[15.4417557,48.9507871],[15.4409767,48.9502985],[15.4393458,48.9503074],[15.4385682,48.9501165],[15.4348809,48.9499309],[15.4295195,48.9511973],[15.4260222,48.9516581],[15.4247543,48.9516077],[15.4196762,48.9540127],[15.4146636,48.9554817],[15.4127687,48.9563439],[15.4112702,48.9572963],[15.4081281,48.9599121],[15.4070309,48.9605826],[15.4048516,48.9625605],[15.4033975,48.9634406],[15.4000222,48.9642435],[15.3980961,48.9642455],[15.3957757,48.9645643],[15.3936635,48.9652103],[15.3928345,48.9656167],[15.391779,48.9662696],[15.3909678,48.9670735],[15.3908799,48.9677887],[15.3904535,48.9685397],[15.3901108,48.9696545],[15.3889773,48.9712067],[15.3894482,48.9719409],[15.3890275,48.9725459],[15.3879183,48.9727181],[15.385713,48.9734733],[15.3840658,48.973836],[15.3799179,48.9760233],[15.3755238,48.9770084],[15.3741493,48.9777833],[15.3723161,48.9795356],[15.3718154,48.9797782],[15.3692975,48.980221],[15.3685886,48.9809994],[15.3669737,48.981884],[15.3664502,48.9815168],[15.3658812,48.9817139],[15.3628849,48.9819031],[15.3599528,48.9823104],[15.3574546,48.9821546],[15.3534946,48.98399],[15.350011,48.98434],[15.3483823,48.9847776],[15.3480307,48.984806],[15.347024,48.9840204],[15.3462224,48.9843168],[15.3454608,48.9839982],[15.344381,48.9842085],[15.3439473,48.9836631],[15.3429306,48.9840801],[15.3418206,48.9839225],[15.3407968,48.9833336],[15.3388362,48.9832802],[15.3376026,48.9834669],[15.3371542,48.9832554],[15.3360489,48.9832312],[15.3338931,48.9838668],[15.3322282,48.9848269],[15.3317023,48.9839188],[15.3310628,48.9832128],[15.3298037,48.9823194],[15.3295355,48.9824607],[15.3277023,48.9806253],[15.3280501,48.9801469],[15.3269942,48.9798114],[15.3271844,48.9794254],[15.3269859,48.9791954],[15.3217322,48.9761307],[15.3160364,48.9790137],[15.3120943,48.9807537],[15.3105697,48.9800051],[15.3084779,48.9792786],[15.3056931,48.9779183],[15.3044219,48.9788549],[15.3029391,48.9793941],[15.3011744,48.9797436],[15.2996863,48.9798425],[15.2986697,48.980148],[15.2981824,48.9804601],[15.2968888,48.9807117],[15.296033,48.9816976],[15.2959839,48.9821101],[15.2951051,48.9822846],[15.2951619,48.9824508],[15.294459,48.9825281],[15.2928666,48.9831821],[15.2918629,48.9839279],[15.2910273,48.9843191],[15.292097,48.9852166],[15.2922568,48.985712],[15.2917781,48.9869251],[15.2924269,48.9874529],[15.2929057,48.9883976],[15.2936752,48.9890797],[15.2934137,48.9894412],[15.291672,48.9902802],[15.2911562,48.9910816],[15.2904381,48.9915391],[15.2904074,48.9920448],[15.2899864,48.9924605],[15.2894792,48.9927362],[15.2853475,48.9930415],[15.2829635,48.9934645],[15.2818221,48.9940653],[15.2788737,48.994659],[15.2777894,48.9946107],[15.2770894,48.9933354],[15.2767891,48.9921845],[15.2770902,48.9912358],[15.2768659,48.9903761],[15.2760691,48.989927],[15.2756895,48.9883506],[15.2756627,48.9875104],[15.2759872,48.9865836],[15.2757795,48.9858381],[15.277041,48.9849378],[15.2776021,48.9841334],[15.2775942,48.9836936],[15.2779409,48.9829474],[15.2787561,48.9826213],[15.2818273,48.9807499],[15.2813742,48.9793633],[15.280591,48.9781789],[15.2801975,48.9770189],[15.2774714,48.9736511],[15.2766436,48.9720962],[15.2760696,48.9713996],[15.2748257,48.9705331],[15.2718883,48.9663843],[15.2690653,48.9671404],[15.267147,48.9671988],[15.2666958,48.9666419],[15.2653653,48.964043],[15.2672655,48.9638757],[15.2676242,48.9614323],[15.2683534,48.9602876],[15.2690729,48.9582742],[15.2684004,48.9570282],[15.2668001,48.9571975],[15.2645538,48.9579621],[15.2619282,48.957592],[15.2619265,48.957041],[15.2622638,48.9566892],[15.2618494,48.956268],[15.2623302,48.9562],[15.2619202,48.956028],[15.2619919,48.9549341],[15.261711,48.9548097],[15.2619399,48.9546459],[15.26171,48.9544876],[15.2616389,48.9541899],[15.2613572,48.9541012],[15.2616177,48.9536483],[15.2600624,48.9539086],[15.2578288,48.9547606],[15.2566255,48.9550107],[15.2564404,48.9552683],[15.2545783,48.9559118],[15.253198,48.9566852],[15.24803,48.9579938],[15.247389,48.9583502],[15.2464009,48.9595127],[15.2408233,48.9593989],[15.2400692,48.9590062],[15.2385176,48.9575425],[15.2367912,48.957778],[15.2363922,48.9581294],[15.2341033,48.9585465],[15.2331766,48.9590088],[15.2298319,48.9591255],[15.228601,48.9589958],[15.2276991,48.9593191],[15.2272815,48.9592404],[15.2259989,48.9598409],[15.2244452,48.9601444],[15.221619,48.9584859],[15.2178421,48.9588313],[15.2172017,48.9587341],[15.2145805,48.9581796],[15.2137963,48.9577344],[15.212791,48.9568764],[15.2095641,48.957529],[15.209771,48.9570449],[15.2093958,48.9559358],[15.2084306,48.9553158],[15.2077043,48.955123],[15.2064169,48.9544592],[15.2053054,48.9534971],[15.2034815,48.9531902],[15.2000178,48.9522095],[15.199186,48.9505694],[15.1973547,48.9482716],[15.1960108,48.9474358],[15.1922662,48.9457109],[15.1929494,48.9446105],[15.1917465,48.9441739],[15.1902888,48.9432852],[15.1892531,48.9430165],[15.1866792,48.9440777],[15.1818894,48.9452146],[15.1798838,48.9466129],[15.177853,48.9472499],[15.1770125,48.9476945],[15.176353,48.9474987],[15.175942,48.9470872],[15.1749187,48.9468945],[15.1747926,48.9465904],[15.1738542,48.9461243],[15.1740537,48.9455709],[15.1736265,48.9452428],[15.1731588,48.9451179],[15.1723914,48.9451871],[15.171747,48.9448616],[15.1712575,48.944881],[15.1714117,48.9445551],[15.1710285,48.9443316],[15.1717654,48.9438026],[15.1703667,48.9433061],[15.1701786,48.9430379],[15.1696699,48.9430876],[15.1692592,48.9429106],[15.1680543,48.9430359],[15.1669763,48.9437784],[15.1660825,48.943852],[15.1660329,48.943715],[15.165715,48.9439777],[15.1653945,48.943854],[15.1652145,48.9433455],[15.1646914,48.9430887],[15.1635163,48.9429504],[15.1614175,48.9420475],[15.1612937,48.9418562],[15.1602433,48.9416908],[15.1606071,48.9428179],[15.1606121,48.9432898],[15.1591299,48.9450624],[15.1553818,48.9461383],[15.1575933,48.9497325],[15.1591932,48.9506436],[15.1598222,48.9511533],[15.1600784,48.9516602],[15.1617306,48.9530713],[15.1616408,48.9549964],[15.162432,48.9560104],[15.1623267,48.9565115],[15.16243,48.9573357],[15.1645577,48.958385],[15.1651732,48.9582533],[15.1668664,48.958578],[15.1690953,48.9604329],[15.1696676,48.9614458],[15.1697853,48.9622538],[15.1694433,48.9634132],[15.1686085,48.9642741],[15.1684435,48.9669736],[15.1661368,48.968763],[15.1655776,48.9699174],[15.1639307,48.9707938],[15.1621507,48.9711141],[15.1594606,48.9721016],[15.1631428,48.9755352],[15.1628125,48.9766657],[15.1620387,48.9777104],[15.1611583,48.9779245],[15.1591882,48.977917],[15.1572181,48.9783919],[15.1531874,48.9789121],[15.1526999,48.9794323],[15.1521099,48.9796862],[15.1517458,48.9806333],[15.1512341,48.9807103],[15.1510859,48.9809471],[15.1513568,48.9816213],[15.1511429,48.9824187],[15.1514681,48.9829068],[15.1525142,48.9837077],[15.1529678,48.984513],[15.1548927,48.984515],[15.1552588,48.9844475],[15.1555112,48.9841946],[15.1561067,48.9841597],[15.1570331,48.9844217],[15.1575236,48.984831],[15.1575088,48.9853322],[15.1573781,48.9854204],[15.1575001,48.9854627],[15.1574934,48.9864897],[15.1576081,48.9869942],[15.1583976,48.9872409],[15.1580654,48.9880393],[15.1585411,48.9893134],[15.1583574,48.9895558],[15.1586337,48.9899142],[15.1581822,48.9904842],[15.1575977,48.9906591],[15.1576024,48.9908975],[15.1571538,48.991624],[15.1572202,48.9918178],[15.156724,48.9923477],[15.1562475,48.9932991],[15.1509988,48.9949268],[15.1501723,48.9949893],[15.1502858,48.9951481],[15.1486119,48.99568],[15.1465386,48.9961677],[15.1454402,48.9963107],[15.1454419,48.9961506],[15.1435724,48.9964851],[15.142635,48.9970995],[15.141197,48.9971543],[15.1379357,48.9977399],[15.1368012,48.9976446],[15.134182,48.9999004],[15.1327658,49.0006944],[15.1324409,48.999535],[15.1318987,48.9990614],[15.130155,48.9977324],[15.1290409,48.9975052],[15.1275365,48.9982498],[15.1272709,48.998543],[15.1262916,48.9984867],[15.1255654,48.9989666],[15.123895,48.9988424],[15.1229123,48.9978785],[15.1219182,48.9972509],[15.1202452,48.9977249],[15.1200285,48.997919],[15.1179479,48.9982898],[15.1151837,48.999188],[15.1141556,48.9993331],[15.1103767,48.999503],[15.1081558,48.9991301],[15.1073147,48.9988094],[15.106289,48.9972766],[15.1060925,48.9967203],[15.1056371,48.9962108],[15.1050327,48.9960025],[15.1036068,48.9950599],[15.1031029,48.9946355],[15.1025658,48.9938422],[15.0999029,48.9948837],[15.0920244,48.9969493],[15.0888553,48.9972889],[15.0854094,48.9979337],[15.0812422,48.997834],[15.0749856,48.9981365],[15.0676947,48.9993949],[15.0648428,48.9995865],[15.0642856,48.9998777],[15.0640757,49.0005721],[15.06412,49.0009337],[15.0646068,49.0013266],[15.0642383,49.0024538],[15.0644124,49.0043027],[15.0649501,49.0046979],[15.0656301,49.0044342],[15.0657451,49.0048391],[15.0663975,49.0052084],[15.0672843,49.0062452],[15.0669849,49.0087772],[15.0660971,49.009654],[15.0643175,49.0121331],[15.0648807,49.0134248],[15.0654261,49.0142211],[15.0628319,49.0145477],[15.0602164,49.0146633],[15.0585011,49.0155185],[15.0571003,49.0153817],[15.0564214,49.0156038],[15.0559788,49.0154189],[15.0556932,49.0156504],[15.0542937,49.0155578],[15.0536232,49.0151293],[15.0525121,49.0152861],[15.0517889,49.014892],[15.0511877,49.0148573],[15.05009,49.0143832],[15.0481977,49.0140211],[15.0478599,49.0136314],[15.046224,49.0132422],[15.0462117,49.0128748],[15.0456072,49.0124182],[15.0449511,49.0123171],[15.0443955,49.0124805],[15.0436328,49.0123331],[15.043499,49.012215],[15.0435919,49.0120289],[15.043095,49.012187],[15.0408146,49.0114882],[15.0399134,49.0116433],[15.0398002,49.0118034],[15.0391468,49.0117437],[15.0389565,49.0119546],[15.0386787,49.0118052],[15.0376265,49.0123119],[15.0378253,49.0124842],[15.0376062,49.0125868],[15.0376644,49.0126983],[15.0370535,49.0127568],[15.0365144,49.0130882],[15.0352249,49.0131941],[15.0350837,49.0133303],[15.0346784,49.0131423],[15.0345279,49.0136476],[15.0342119,49.0137546],[15.034069,49.0139891],[15.033683,49.0140179],[15.0318,49.0151835],[15.0299004,49.0155508],[15.0294781,49.0154446],[15.0283165,49.01555],[15.0275846,49.0162432],[15.0277798,49.0166991],[15.027279,49.016878],[15.027105,49.0173316],[15.0265598,49.0176879],[15.0263362,49.0180654],[15.0261485,49.0180691],[15.025916,49.0185377],[15.0256035,49.0187582],[15.0249805,49.0189847],[15.0248002,49.0192448],[15.0231798,49.0194862],[15.0225473,49.0200445],[15.0217257,49.0204702],[15.0213418,49.0203455],[15.0210954,49.0205108],[15.0205506,49.0205239],[15.0205664,49.020396],[15.0193737,49.0199086],[15.0180599,49.0188041],[15.0166419,49.018058],[15.0155063,49.0184888],[15.0141161,49.0177268],[15.0139067,49.0173198],[15.0131047,49.0167669],[15.0129946,49.0158559],[15.0127255,49.0153895],[15.0114577,49.0143543],[15.0098985,49.013991],[15.0090613,49.0134325],[15.0083024,49.0134151],[15.0049097,49.012653],[15.0042692,49.0124192],[15.0040307,49.0122545],[15.004209,49.0121353],[15.0030296,49.011491],[15.0025222,49.0116393],[15.0021913,49.0120351],[15.0024361,49.0122122],[15.0025205,49.0125639],[15.0022877,49.0128149],[15.0002906,49.0126046],[15.0000583,49.0127179],[14.9999315,49.013142],[14.9996715,49.0133446],[14.9994601,49.0132751],[14.9983353,49.0138628],[14.9974797,49.0140678],[14.9959183,49.0150866],[14.9950252,49.0145686],[14.9944594,49.0133896],[14.9944694,49.0127627],[14.9940038,49.0124727],[14.9938603,49.0119944],[14.9933762,49.0113742],[14.9904394,49.0096538],[14.9912529,49.0093697],[14.9914957,49.0085002],[14.9918465,49.0079587],[14.9940969,49.0062418],[14.9942064,49.005894],[14.9949973,49.0053524],[14.9954858,49.0052866],[14.9962287,49.0048255],[14.9969256,49.0047264],[14.9970515,49.0045189],[14.9974691,49.0043645],[14.9976665,49.0043472],[14.9982038,49.0047362],[14.9988791,49.0047594],[14.999938,49.0042047],[15.0003813,49.0037198],[15.0007108,49.0038633],[15.0007916,49.0037206],[15.0008095,49.0029595],[15.0003137,49.0025641],[15.000232,49.0019261],[14.9996608,49.0012669],[14.9995301,49.0008811],[15.000449,49.0007879],[14.9991523,49.0004782],[14.9989157,49.0000075],[14.9981661,48.9995843],[14.9974384,48.9986685],[14.9965877,48.9971211],[14.99653,48.9957122],[14.9963086,48.9954229],[14.9964969,48.9949942],[14.9961326,48.9949516],[14.995566,48.9945237],[14.9957098,48.993694],[14.9950635,48.9932492],[14.9959395,48.9925099],[14.9972704,48.9923227],[14.9978219,48.9919621],[14.9967176,48.9918233],[14.9964112,48.9919264],[14.995063,48.9900755],[14.9940756,48.9895893],[14.9930646,48.9894203],[14.9924042,48.9890879],[14.9920416,48.9890453],[14.9913345,48.9892614],[14.9911613,48.9891542],[14.9909828,48.9884117],[14.9910898,48.9881739],[14.9915964,48.9880416],[14.9877398,48.988072],[14.9861809,48.9875763],[14.9845204,48.9865872],[14.9838365,48.9850221],[14.9831211,48.9845859],[14.9835405,48.9841301],[14.9832074,48.9840352],[14.9825626,48.9841778],[14.9824288,48.9836244],[14.9821608,48.9833587],[14.9821555,48.9826012],[14.9818299,48.9822346],[14.9813183,48.9821059],[14.9812783,48.9818403],[14.9804512,48.9810012],[14.9804823,48.980827],[14.9811369,48.9805763],[14.980726,48.9804013],[14.9806675,48.9800434],[14.9802204,48.9802496],[14.9803227,48.9798171],[14.9806523,48.979728],[14.9808377,48.9794261],[14.9805409,48.9795902],[14.9806316,48.978796],[14.9809615,48.9781089],[14.9801026,48.9787942],[14.9798227,48.9793468],[14.9791735,48.9800343],[14.9784194,48.980443],[14.9784046,48.9792759],[14.9785916,48.9789215],[14.9781417,48.9762901],[14.9785148,48.9744622],[14.976194,48.9710067],[14.9769161,48.9670085],[14.9778181,48.9605331],[14.9775825,48.9581503],[14.9764903,48.9558261],[14.979131,48.9490444],[14.9795351,48.9469732],[14.9805903,48.9439258],[14.9846477,48.9415283],[14.9833451,48.9403781],[14.983455,48.9402083],[14.9852235,48.9394669],[14.9853243,48.9382674],[14.9858867,48.9375544],[14.9865209,48.9359238],[14.9847021,48.9341307],[14.9836968,48.9324772],[14.9813197,48.9315679],[14.979427,48.931301],[14.9790215,48.9280381],[14.9793824,48.9275356],[14.9811745,48.9264379],[14.9849064,48.9244621],[14.9841553,48.9236558],[14.9838554,48.9230749],[14.9859386,48.9194839],[14.9895529,48.9165335],[14.9900169,48.9158792],[14.9902939,48.9097802],[14.9924723,48.9059673],[14.9927307,48.9051923],[14.9929179,48.9037114],[14.9926324,48.901559],[14.9916229,48.8983659],[14.9915538,48.8973112],[14.989623,48.8972761],[14.9896984,48.8969532],[14.9893313,48.8966841],[14.9872537,48.8956613],[14.9877117,48.8952181],[14.9881411,48.8951728],[14.9888192,48.8947569],[14.9889122,48.8910175],[14.9834634,48.8909571],[14.9838233,48.8747459],[14.9729379,48.8746545],[14.9733057,48.8640398],[14.9728142,48.8632641],[14.9727639,48.8614383],[14.972264,48.8605559],[14.9723304,48.860121],[14.9728809,48.8596464],[14.9724009,48.8584589],[14.9731592,48.8578197],[14.9733556,48.856543],[14.9741707,48.8549714],[14.9733613,48.8530756],[14.9777331,48.8531254],[14.9776124,48.8523358],[14.9783605,48.85157],[14.978096,48.8510862],[14.9782085,48.8506875],[14.9786283,48.8503427],[14.9800399,48.8496926],[14.9806171,48.8487986],[14.9814227,48.8480392],[14.9816454,48.8474611],[14.9819855,48.8471109],[14.9832616,48.8463587],[14.9844528,48.8460155],[14.9845243,48.8423909],[14.9720618,48.8422703],[14.9720101,48.8396303],[14.9718847,48.8393134],[14.9687294,48.8373543],[14.9682833,48.8368424],[14.9683241,48.834321],[14.9674704,48.8308606],[14.9685288,48.8283119],[14.9685277,48.8247959],[14.9689478,48.8245257],[14.9690904,48.8245911],[14.9695315,48.8238629],[14.9697368,48.8239055],[14.9675424,48.8222205],[14.9677418,48.822028],[14.9652688,48.8200092],[14.9609235,48.8174948],[14.9582045,48.8139294],[14.9574053,48.8116892],[14.9574038,48.8106729],[14.9581815,48.8076988],[14.9587837,48.8062105],[14.9593768,48.8052993],[14.9605077,48.8045259],[14.9553028,48.8013592],[14.9554718,48.8011644],[14.9565071,48.8010377],[14.9561904,48.8004728],[14.9568477,48.8004995],[14.9569074,48.7998194],[14.9573515,48.799493],[14.9560024,48.7991454],[14.955214,48.7985294],[14.9544478,48.7970306],[14.95385,48.7966793],[14.9535921,48.7962579],[14.9537204,48.7960841],[14.9532967,48.7956703],[14.9534222,48.7955031],[14.9531927,48.7950984],[14.9533418,48.795115],[14.9535975,48.7943847],[14.9533397,48.7942834],[14.953373,48.7940383],[14.9544666,48.7936922],[14.955638,48.7927531],[14.955232,48.7920749],[14.9554168,48.7919422],[14.9552112,48.7918892],[14.9550899,48.7920342],[14.9550015,48.7919189],[14.9549491,48.7917273],[14.9551003,48.7917255],[14.9549693,48.7914934],[14.9551859,48.7914379],[14.9548323,48.7913326],[14.9546669,48.7910172],[14.9550126,48.79054],[14.9543982,48.7904925],[14.9542009,48.7902492],[14.9542241,48.7904347],[14.9540698,48.7904372],[14.9539027,48.7903488],[14.9540751,48.7902593],[14.9536982,48.7902405],[14.953676,48.7900674],[14.9535033,48.7900307],[14.9534337,48.7898526],[14.9536469,48.789865],[14.9536115,48.7897263],[14.9532569,48.7897844],[14.9534192,48.7895386],[14.9554032,48.7887462],[14.9565877,48.7880039],[14.9565544,48.7878023],[14.9570422,48.7878477],[14.9571294,48.7876981],[14.9588648,48.7875012],[14.9600238,48.7866096],[14.9601922,48.7870289],[14.9683776,48.7850025],[14.9737449,48.7832158],[14.9750798,48.7825649],[14.9788989,48.7801734],[14.9801424,48.7791605],[14.9780453,48.7764417],[14.9808221,48.7753428],[14.9793266,48.7723536],[14.9795006,48.7722608],[14.9779775,48.7711178],[14.977291,48.7708692],[14.9763336,48.7696536],[14.9756708,48.7692232],[14.9757444,48.7690044],[14.9755523,48.7688332],[14.9745035,48.7686188],[14.9741604,48.7682564],[14.9716138,48.7675417],[14.9709089,48.7671614],[14.9705013,48.7672699],[14.9701646,48.767175],[14.9693587,48.7662654],[14.9695933,48.7661818],[14.9693211,48.7658513],[14.9688935,48.766009],[14.9677894,48.7652452],[14.9678057,48.7650942],[14.9686201,48.7647965],[14.9679609,48.7640123],[14.967094,48.7643294],[14.9666739,48.7639793],[14.9656365,48.7636351],[14.96507,48.7631288],[14.9641066,48.7632155],[14.9632813,48.7630787],[14.9626733,48.7629225],[14.9624134,48.7626891],[14.9607491,48.7623011],[14.9605205,48.7621128],[14.9605535,48.761712],[14.9603186,48.7611158],[14.9597266,48.760442],[14.9586516,48.7602292],[14.9583298,48.7595256],[14.957521,48.7592134],[14.9574108,48.7588183],[14.9557928,48.7580851],[14.9531966,48.7604997],[14.9522606,48.7617489],[14.9504237,48.7607659],[14.9481805,48.7629025],[14.9468161,48.7620876],[14.9458627,48.7617177],[14.9436582,48.7612505],[14.9401003,48.7612966],[14.9375653,48.7622054],[14.9346224,48.7637041],[14.9329533,48.7656009],[14.9318905,48.7665591],[14.930803,48.7663069],[14.929328,48.7664384],[14.9272913,48.7667856],[14.9274226,48.7671316],[14.9269661,48.7673361],[14.9249012,48.7675186],[14.9239871,48.767815],[14.9231984,48.7675807],[14.9204938,48.7685785],[14.9190328,48.7684459],[14.9179384,48.7692563],[14.9175367,48.7693834],[14.9178887,48.7696568],[14.9177191,48.7698425],[14.916977,48.769483],[14.9163092,48.7685702],[14.9150049,48.7679897],[14.9135223,48.7676938],[14.9118424,48.7670496],[14.9071515,48.7671516],[14.9062058,48.7669999],[14.9051986,48.7674857],[14.9031272,48.7688481],[14.902261,48.7691712],[14.8992675,48.7714119],[14.8963624,48.7722845],[14.8929678,48.7723923],[14.8920248,48.7716395],[14.8909677,48.7712453],[14.8906314,48.7712627],[14.8880926,48.7700775],[14.8871729,48.7707586],[14.8873791,48.770879],[14.8869832,48.7715778],[14.8847469,48.7718938],[14.8844743,48.7737509],[14.8851279,48.7747012],[14.8853076,48.7754693],[14.8863403,48.7759854],[14.8861343,48.7764452],[14.8847357,48.7779156],[14.8825476,48.7789357],[14.8812929,48.7801091],[14.8780495,48.7802417],[14.8771478,48.7805474],[14.8757507,48.7805995],[14.8741516,48.7806043],[14.8729537,48.7803625],[14.8725187,48.7804855],[14.872191,48.7808078],[14.8710174,48.7803054],[14.8703459,48.7804369],[14.8693846,48.7810532],[14.8682676,48.7810506],[14.8673429,48.7805936],[14.867764,48.7802267],[14.867073,48.7798763],[14.8667574,48.7798783],[14.8665312,48.7794318],[14.864276,48.778129],[14.8631795,48.7772948],[14.8622126,48.7770974],[14.8576975,48.777207],[14.858751,48.7759709],[14.8571579,48.7757812],[14.8560549,48.7764986],[14.8550608,48.7765993],[14.8547367,48.7770625],[14.8523043,48.7773537],[14.8511361,48.777306],[14.8508191,48.7784223],[14.8503896,48.7783601],[14.8500868,48.778982],[14.8501105,48.7792475],[14.8496958,48.7791949],[14.8497378,48.7796274],[14.8489119,48.7797756],[14.8488869,48.7804016],[14.8467881,48.7807026],[14.8470236,48.779966],[14.8464539,48.7798699],[14.8465453,48.7797099],[14.845967,48.7794499],[14.8456507,48.7800234],[14.8453177,48.779993],[14.8445061,48.7823795],[14.8441165,48.7829189],[14.8435921,48.7829756],[14.8432931,48.7835523],[14.8425368,48.7839696],[14.8416178,48.7837729],[14.840925,48.7832949],[14.84104,48.782294],[14.840293,48.782028],[14.8399579,48.7825462],[14.8374216,48.7819298],[14.8349115,48.7820724],[14.8348051,48.7816771],[14.8335151,48.781031],[14.8329169,48.7811986],[14.8292839,48.7804892],[14.8286023,48.7805596],[14.8272142,48.7814599],[14.8271213,48.7820778],[14.8260759,48.7828285],[14.8255271,48.7838498],[14.8243525,48.7837058],[14.8225866,48.7830741],[14.8213165,48.7823831],[14.8202066,48.7812651],[14.8129104,48.7803091],[14.8103999,48.7787161],[14.8097578,48.7793418],[14.8086608,48.7788018],[14.808301,48.7774473],[14.8086945,48.776867],[14.8084074,48.7766216],[14.8090212,48.7759415],[14.8089258,48.7753411],[14.8087216,48.7750719],[14.8088468,48.7748652],[14.8087891,48.7744962],[14.8098913,48.7739498],[14.8080119,48.7725066],[14.8062837,48.7717198],[14.8063809,48.7714738],[14.8094613,48.7685024],[14.8095762,48.7680918],[14.810875,48.7671557],[14.8108772,48.766549],[14.8111708,48.7654991],[14.8122135,48.7643833],[14.8121313,48.7640163],[14.8113679,48.7630764],[14.8116072,48.7622503],[14.8114993,48.7614504],[14.8098716,48.7591861],[14.808429,48.7577692],[14.8073155,48.7577548],[14.8067653,48.7569818],[14.8066837,48.7565953],[14.8058559,48.7556983],[14.8052513,48.7546976],[14.8048003,48.7535684],[14.8048851,48.7532743],[14.80305,48.7526995],[14.8037871,48.7516044],[14.8027895,48.7515338],[14.801717,48.7507],[14.8016539,48.7502644],[14.8012999,48.7498691],[14.8011445,48.7494033],[14.8012271,48.7486262],[14.8007599,48.7482756],[14.8004926,48.7473879],[14.8006504,48.7466451],[14.8014994,48.7459972],[14.802532,48.7425118],[14.8033761,48.7416902],[14.8039097,48.7409016],[14.8040524,48.7404365],[14.8051666,48.7389627],[14.806279,48.7366428],[14.8081323,48.7338828],[14.8066128,48.7337631],[14.8044951,48.732583],[14.8033245,48.7323752],[14.8017173,48.7316872],[14.8011169,48.7329598],[14.8000123,48.7325698],[14.7981036,48.7308735],[14.7971942,48.7303058],[14.7946919,48.7299855],[14.7943699,48.7298206],[14.7936006,48.729207],[14.7930946,48.7282291],[14.7931735,48.7278534],[14.7928238,48.7265483],[14.7930845,48.7262163],[14.7913572,48.7248169],[14.7906963,48.7236592],[14.7876915,48.7222815],[14.7870226,48.7222411],[14.7868186,48.7214726],[14.7873498,48.7208275],[14.7864477,48.7200357],[14.7863044,48.7194523],[14.785565,48.7183388],[14.7838302,48.7169853],[14.7819724,48.7161746],[14.7804071,48.7149215],[14.7782607,48.7140548],[14.7767836,48.7136848],[14.7754158,48.713057],[14.7748173,48.7121174],[14.7740393,48.7116422],[14.7725395,48.7111183],[14.7693516,48.7108565],[14.7660874,48.7103227],[14.7613847,48.7102076],[14.7607798,48.7099354],[14.7570452,48.7093303],[14.756844,48.709092],[14.7570067,48.7089375],[14.7568433,48.7084628],[14.7569232,48.7083023],[14.7564993,48.7077581],[14.7566157,48.7072673],[14.7565097,48.7070136],[14.7567761,48.7066136],[14.7565213,48.7064362],[14.7567662,48.7062224],[14.7563285,48.7058146],[14.7565892,48.7055772],[14.7565683,48.7052073],[14.7563373,48.705109],[14.7563021,48.7046562],[14.756044,48.7044938],[14.7562499,48.7043766],[14.7561053,48.7039232],[14.7556313,48.7037672],[14.7556639,48.7034692],[14.7553875,48.7032301],[14.754004,48.7030199],[14.7525443,48.7031609],[14.7517048,48.7030771],[14.7506585,48.7027481],[14.7495203,48.7031766],[14.7482404,48.7032221],[14.7407844,48.7013187],[14.7396385,48.7003953],[14.7365659,48.6989322],[14.7355373,48.6982157],[14.7353758,48.6977927],[14.7340309,48.6964456],[14.7336554,48.6958546],[14.7334327,48.6942082],[14.7327606,48.6938763],[14.731667,48.6923827],[14.7310373,48.6907513],[14.7292995,48.6893408],[14.7278568,48.6884109],[14.7269676,48.6870691],[14.7260475,48.6852272],[14.7258551,48.6829639],[14.726627,48.6809198],[14.7263797,48.6802797],[14.7264626,48.6799861],[14.7271168,48.6793261],[14.72701,48.6787272],[14.7263981,48.6780795],[14.725881,48.6777918],[14.7257961,48.6773613],[14.7253096,48.6768697],[14.7251724,48.6763757],[14.7245135,48.6761367],[14.7242707,48.6758335],[14.7234615,48.6757185],[14.7229718,48.6747454],[14.7224587,48.6730893],[14.7218895,48.672455],[14.7203563,48.6695972],[14.7195279,48.6685518],[14.7182452,48.6660921],[14.7123407,48.6500974],[14.7131063,48.6495002],[14.7140436,48.6492761],[14.7148461,48.649324],[14.7150236,48.6496131],[14.7154827,48.6496998],[14.7164602,48.6494895],[14.7178812,48.6495801],[14.718137,48.6492584],[14.7185261,48.6491638],[14.7183762,48.64881],[14.7187346,48.6487819],[14.7188143,48.648622],[14.7181811,48.6478724],[14.7182979,48.6476746],[14.7187067,48.6475563],[14.7187176,48.6473571],[14.718137,48.6471481],[14.7179715,48.6467763],[14.718122,48.6461293],[14.7179913,48.6457428],[14.7181301,48.6450548],[14.7185894,48.6449616],[14.7187965,48.6443656],[14.7185964,48.6442148],[14.7187355,48.6441185],[14.7185482,48.6440584],[14.7186357,48.6439564],[14.7182719,48.6438665],[14.7185794,48.6434446],[14.7185325,48.643247],[14.7188199,48.6432173],[14.7187912,48.6430135],[14.7190624,48.6427919],[14.7196207,48.6429125],[14.7200165,48.6426659],[14.7201035,48.6421935],[14.7199777,48.642027],[14.7201274,48.6419156],[14.7199086,48.6414513],[14.7191329,48.6411673],[14.7192848,48.6411062],[14.719078,48.6409187],[14.7194746,48.6406209],[14.719197,48.6401895],[14.7198127,48.6395443],[14.7197478,48.6392867],[14.7200131,48.6392237],[14.7200165,48.6388979],[14.7221544,48.6384352],[14.7140942,48.617448],[14.7211369,48.6023788],[14.7203791,48.6012991],[14.7192248,48.6006164],[14.7184057,48.6007565],[14.7141168,48.5976883],[14.7130433,48.5972169],[14.7117583,48.5969293],[14.7114147,48.5966431],[14.7112161,48.5960275],[14.7117931,48.5944965],[14.7116028,48.5941322],[14.7105324,48.5940738],[14.7097315,48.5937593],[14.7086587,48.5937796],[14.7081109,48.5935868],[14.7077007,48.5925825],[14.7062793,48.591462],[14.7060287,48.5910342],[14.7063482,48.5895742],[14.7073475,48.5887656],[14.7076813,48.5881149],[14.7077523,48.5871156],[14.7067719,48.5862887],[14.7060612,48.5849666],[14.7046886,48.5846568],[14.7032603,48.5839783],[14.7017649,48.5837702],[14.7016125,48.5836389],[14.7015456,48.5827119],[14.7010947,48.5826105],[14.7001037,48.5828724],[14.6996969,48.5832015],[14.697882,48.5839122],[14.6963071,48.5847821],[14.6950055,48.585017],[14.6942023,48.585348],[14.6930773,48.5853143],[14.6925811,48.5850947],[14.6916785,48.5841055],[14.6909075,48.5842179],[14.6909909,48.5823472],[14.6908783,48.5821538],[14.690492,48.5820917],[14.6902184,48.5816446],[14.6916204,48.5805895],[14.693368,48.580224],[14.6998916,48.5798675],[14.7006203,48.5799694],[14.7018941,48.5798399],[14.7031917,48.5792494],[14.7051302,48.5796228],[14.7064358,48.5801236],[14.7081812,48.5798506],[14.7084024,48.5796174],[14.7091245,48.5795006],[14.7093667,48.5792934],[14.7100359,48.5792446],[14.7105268,48.5787726],[14.7110485,48.578588],[14.7114428,48.5787327],[14.7120717,48.5785809],[14.7129649,48.578014],[14.7133971,48.5773955],[14.7132672,48.5770677],[14.7141102,48.5761152],[14.7147936,48.5756226],[14.714818,48.5753245],[14.7153256,48.575197],[14.7154165,48.5745766],[14.7157061,48.5745233],[14.7155916,48.5742056],[14.7162811,48.5734928],[14.7167924,48.573313],[14.7168729,48.5729545],[14.7171656,48.5727801],[14.7170594,48.5725757],[14.7171681,48.5723109],[14.7174777,48.5723563],[14.7180772,48.5718098],[14.7184983,48.571643],[14.7187081,48.5713378],[14.7199046,48.5709161],[14.7213195,48.5698117],[14.721611,48.5692853],[14.7213763,48.5690961],[14.7214578,48.5685693],[14.7209532,48.5678044],[14.7213856,48.5669788],[14.7213263,48.5664818],[14.721521,48.5662626],[14.7214192,48.5656146],[14.7219315,48.5649969],[14.7232435,48.564303],[14.7237029,48.5638429],[14.7244925,48.5621449],[14.7254326,48.5620781],[14.7258721,48.5616973],[14.7266551,48.5619168],[14.7306532,48.5618507],[14.7309606,48.5616472],[14.7314602,48.5609026],[14.7314078,48.5603153],[14.7316058,48.559882],[14.7318976,48.5596693],[14.733318,48.5593397],[14.7334198,48.5589514],[14.7342408,48.5586955],[14.734477,48.5584654],[14.7353417,48.5584238],[14.736248,48.5578873],[14.7371209,48.5570848],[14.7374669,48.5570425],[14.7379794,48.5566196],[14.738199,48.5561839],[14.7378194,48.5555606],[14.7379658,48.5553328],[14.7378263,48.5552458],[14.7377619,48.5546262],[14.737044,48.5542355],[14.736879,48.5537576],[14.736909,48.5534669],[14.7371063,48.5533237],[14.7365998,48.5529345],[14.7366648,48.5528267],[14.7363042,48.5527834],[14.7366679,48.55223],[14.7371214,48.5522619],[14.737484,48.5520796],[14.7379919,48.5523161],[14.7386345,48.5518651],[14.7393766,48.551964],[14.7394289,48.551537],[14.7405054,48.5517964],[14.7407409,48.551708],[14.7407728,48.5514751],[14.741181,48.551447],[14.7417642,48.5517797],[14.7417276,48.5520537],[14.7421539,48.5522114],[14.7423803,48.5519754],[14.7432856,48.5522027],[14.7431278,48.5524519],[14.7438376,48.5528741],[14.7438984,48.55298],[14.743687,48.5530714],[14.7443368,48.5537355],[14.7438414,48.5539195],[14.7437945,48.5540675],[14.7440106,48.5541476],[14.7440403,48.5543819],[14.7437741,48.5548727],[14.7434317,48.5551004],[14.7439425,48.5555604],[14.7432725,48.5558171],[14.7432591,48.5562817],[14.7428893,48.5564879],[14.7435169,48.5569801],[14.743376,48.5578354],[14.7431487,48.5579155],[14.7433103,48.5584215],[14.7441176,48.5586203],[14.7451172,48.5584365],[14.7459734,48.5587663],[14.7462488,48.5591102],[14.7475986,48.5597961],[14.7486727,48.5610963],[14.7491909,48.562164],[14.7496401,48.562716],[14.7509248,48.5629449],[14.753591,48.5626537],[14.7542618,48.5630799],[14.7543422,48.563466],[14.7548209,48.5634105],[14.7551318,48.5636672],[14.7559564,48.563547],[14.7565777,48.5637634],[14.7579698,48.5638946],[14.7598688,48.5636575],[14.7615245,48.563799],[14.7618115,48.5639442],[14.7629306,48.5638415],[14.7632123,48.5633094],[14.7631003,48.5629626],[14.7636367,48.5629386],[14.764257,48.5626135],[14.7641804,48.5622178],[14.7645708,48.5619023],[14.7643336,48.5617191],[14.7654934,48.5612112],[14.7653184,48.561055],[14.7654526,48.5608404],[14.7653031,48.5606686],[14.7662231,48.5600727],[14.7660378,48.5598552],[14.7663961,48.5595135],[14.7660453,48.5593006],[14.7665998,48.5588604],[14.7665692,48.5585291],[14.7668292,48.5585499],[14.7666768,48.5581945],[14.76719,48.5579623],[14.7674729,48.557611],[14.7678793,48.5575584],[14.7679149,48.5572581],[14.7683957,48.5571791],[14.7686674,48.5567376],[14.7692431,48.5565446],[14.7702725,48.5565657],[14.7717556,48.5558701],[14.7732909,48.555406],[14.7745608,48.55548],[14.7752344,48.5558593],[14.7753942,48.5563811],[14.7765458,48.5572203],[14.7780462,48.5590469],[14.7794486,48.5595333],[14.7798573,48.5594882],[14.780401,48.5597532],[14.7828253,48.5602796],[14.7845472,48.5599949],[14.785393,48.5594189],[14.7855027,48.5591566],[14.7862098,48.5589307],[14.7875066,48.5581851],[14.7878851,48.558191],[14.7888531,48.5589529],[14.7896323,48.5590319],[14.7906015,48.5588522],[14.7921236,48.5592821],[14.7925518,48.5590861],[14.7927709,48.558664],[14.7940259,48.5583467],[14.7949135,48.5573747],[14.7948934,48.5571333],[14.7951574,48.5568854],[14.7975606,48.5564628],[14.8001131,48.5557444],[14.800988,48.5558585],[14.8023311,48.5557014],[14.8041997,48.5561332],[14.8045279,48.5564728],[14.8050041,48.5564754],[14.8053728,48.5561852],[14.8056812,48.5561958],[14.8064925,48.5558187],[14.807895,48.5559829],[14.8091918,48.5553659],[14.8104471,48.5540593],[14.8118444,48.5532619],[14.8124036,48.5531137],[14.8126343,48.5525997],[14.8123644,48.5517494],[14.8124623,48.5515701],[14.8123299,48.5510299],[14.8126256,48.5506381],[14.8124714,48.5503229],[14.8128523,48.5497769],[14.8136786,48.5494351],[14.8135443,48.5493253],[14.8139716,48.5491313],[14.814532,48.5491027],[14.8161163,48.5485927],[14.8169873,48.5485254],[14.8175208,48.5482619],[14.8179738,48.5482889],[14.8180649,48.5480555],[14.8183486,48.5479241],[14.8192335,48.5478121],[14.8234155,48.5475137],[14.8234447,48.5476536],[14.824085,48.5478309],[14.8246463,48.5478289],[14.8249111,48.5476227],[14.8254332,48.5478582],[14.8263249,48.5479674],[14.8269682,48.5478577],[14.8271644,48.547632],[14.8276092,48.5476165],[14.8283914,48.5472332],[14.8297364,48.5472639],[14.8302563,48.5470097],[14.8313102,48.5471829],[14.8317947,48.5466651],[14.8321928,48.5466195],[14.8323504,48.5461395],[14.8336685,48.5460174],[14.8343678,48.5456495],[14.8354221,48.5455382],[14.8358946,48.5452011],[14.8366778,48.5449552],[14.8366282,48.5448406],[14.8371378,48.5444615],[14.8375629,48.5443868],[14.8377628,48.5440602],[14.8386333,48.5438016],[14.838719,48.5434902],[14.83895,48.5433976],[14.8386953,48.5428674],[14.8392192,48.5424371],[14.8391407,48.5422848],[14.8395505,48.541852],[14.8405079,48.5415539],[14.8419551,48.5406222],[14.8419564,48.5404775],[14.8422032,48.5404482],[14.8421562,48.5403221],[14.8424578,48.5400258],[14.8426844,48.5400895],[14.8430212,48.5397379],[14.8429609,48.5396056],[14.8432492,48.5394067],[14.8430977,48.5393898],[14.8433418,48.5390213],[14.8440546,48.5387676],[14.8440056,48.538572],[14.8441792,48.5384102],[14.8445474,48.5384317],[14.8450289,48.538104],[14.8449216,48.537946],[14.845672,48.5378965],[14.845918,48.5377719],[14.8459583,48.5375766],[14.8460615,48.5376742],[14.8464236,48.5375623],[14.8467449,48.5371179],[14.8471371,48.5368946],[14.8470559,48.5367689],[14.847243,48.5368289],[14.847408,48.5366166],[14.847691,48.5366886],[14.8482371,48.5363163],[14.8485493,48.5363263],[14.8489851,48.5356611],[14.8488765,48.5355892],[14.8492466,48.5355803],[14.8490803,48.5354924],[14.8493191,48.5353858],[14.849341,48.5345878],[14.849142,48.5346585],[14.8492078,48.5345306],[14.848847,48.534298],[14.8488607,48.534055],[14.8480862,48.5337709],[14.8480938,48.5334298],[14.8478948,48.533441],[14.8481424,48.5333191],[14.8475206,48.5334801],[14.8475153,48.5332972],[14.8471527,48.533257],[14.8470564,48.5331404],[14.8472494,48.5328048],[14.8470901,48.5326302],[14.8472055,48.5325459],[14.8468984,48.5324615],[14.8469365,48.5320355],[14.846673,48.5319043],[14.8462902,48.5320575],[14.846256,48.5319162],[14.8460424,48.531909],[14.8461836,48.5318079],[14.8452113,48.5315876],[14.8445125,48.5312058],[14.8443436,48.5308789],[14.8447311,48.5306312],[14.8444763,48.5306605],[14.8443664,48.5303328],[14.8447901,48.530077],[14.8457832,48.5298255],[14.8459717,48.5299665],[14.8465326,48.5298541],[14.8471706,48.530005],[14.8469748,48.5298896],[14.8471357,48.5297688],[14.8481793,48.5297646],[14.8489031,48.5302143],[14.8493539,48.5300246],[14.8494277,48.5302519],[14.8495806,48.5302137],[14.8495144,48.5299485],[14.8504702,48.5297935],[14.850691,48.5294873],[14.8516888,48.5296083],[14.8521161,48.5293629],[14.8521796,48.529505],[14.8526147,48.5295957],[14.8525042,48.5294828],[14.8526007,48.5293718],[14.8529146,48.529497],[14.8530071,48.5293869],[14.8528958,48.5292688],[14.8530634,48.5291409],[14.8530165,48.5292732],[14.8532109,48.529323],[14.8533558,48.529124],[14.8541368,48.5288998],[14.8550051,48.528952],[14.8554788,48.5287807],[14.8551693,48.5287209],[14.8555458,48.5285734],[14.8555699,48.5287315],[14.8560085,48.5286116],[14.855966,48.528781],[14.8564122,48.5286577],[14.8561801,48.5285743],[14.8570854,48.5286728],[14.8572059,48.5285536],[14.8576483,48.5286266],[14.8578374,48.528936],[14.8582713,48.5288026],[14.8583844,48.5289655],[14.8596957,48.5283546],[14.8598377,48.5285189],[14.8600821,48.5284757],[14.860039,48.5286429],[14.86025,48.5287351],[14.8602744,48.5285302],[14.8604934,48.5285955],[14.8612709,48.528277],[14.8620656,48.5282944],[14.8632582,48.5276321],[14.8637065,48.527695],[14.8640727,48.5275031],[14.8642891,48.5278056],[14.8652423,48.5274899],[14.8659078,48.5274795],[14.8666989,48.5270964],[14.8675502,48.5271958],[14.8680269,48.5275596],[14.8684764,48.5274905],[14.8683599,48.5274192],[14.8685255,48.5272959],[14.8689422,48.5275715],[14.8688842,48.5274583],[14.8691136,48.5273374],[14.869645,48.5274418],[14.8700862,48.5271914],[14.8709316,48.5272933],[14.8715212,48.5271718],[14.871776,48.5273086],[14.8721743,48.5271745],[14.8728768,48.5273365],[14.8733754,48.5277173],[14.873738,48.5275307],[14.8743831,48.5275262],[14.8748043,48.5275366],[14.875169,48.5277875],[14.8769322,48.5277346],[14.877839,48.5272595],[14.8784861,48.5270926],[14.8789086,48.5272971],[14.8790388,48.5271107],[14.8797489,48.5271193],[14.8801126,48.5268341],[14.8804576,48.52694],[14.8808264,48.5268041],[14.8816947,48.5269996],[14.8820227,48.5268485],[14.8822453,48.5264249],[14.8821086,48.5263365],[14.8840142,48.5257099],[14.8838649,48.525547],[14.8839026,48.5253037],[14.8843093,48.5250597],[14.885303,48.5247213],[14.8860581,48.5247155],[14.8870507,48.5242164],[14.8874356,48.5242692],[14.8881281,48.5237476],[14.8891922,48.5235196],[14.8895026,48.5232518],[14.8903737,48.5232984],[14.8914668,48.5237978],[14.8925839,48.5232646],[14.8935069,48.5232993],[14.8938874,48.5235777],[14.8942779,48.5232892],[14.8948195,48.5234192],[14.8954567,48.5231915],[14.8957798,48.5233169],[14.8961552,48.5232398],[14.8964744,48.5230888],[14.8961995,48.5229769],[14.8975428,48.5226919],[14.8975688,48.5224785],[14.8977659,48.522483],[14.8980402,48.5222126],[14.8991975,48.5220321],[14.9000988,48.521484],[14.9007274,48.521417],[14.9009204,48.5210835],[14.9011787,48.5211186],[14.9010851,48.5213139],[14.9016927,48.5210662],[14.9018885,48.5207152],[14.9021903,48.5206508],[14.9016886,48.5204293],[14.9021154,48.5202714],[14.902366,48.520415],[14.9025219,48.5199888],[14.9030924,48.5200273],[14.9032282,48.5196064],[14.9038625,48.5195236],[14.9045622,48.5190916],[14.9048801,48.5191221],[14.9051068,48.518768],[14.9059077,48.5184488],[14.9055519,48.5183159],[14.9058672,48.5180908],[14.9063386,48.5180541],[14.906641,48.5182001],[14.9073671,48.5175447],[14.9075877,48.5168594],[14.9084551,48.516813],[14.9092772,48.5165236],[14.9107609,48.5150951],[14.9111977,48.515058],[14.9115724,48.5147091],[14.9118362,48.5146722],[14.9118533,48.5142321],[14.9124469,48.5139649],[14.9125209,48.5137348],[14.9123976,48.5135685],[14.9127126,48.5132955],[14.9123326,48.5131293],[14.91286,48.5128628],[14.9125986,48.5127237],[14.912526,48.5122599],[14.9111302,48.5118962],[14.9108765,48.5116548],[14.9107664,48.5111198],[14.9109592,48.5106914],[14.9117372,48.5098941],[14.9112516,48.5091559],[14.9112731,48.5088283],[14.912034,48.508446],[14.9119103,48.5079716],[14.9121791,48.5074107],[14.9132464,48.506884],[14.9141727,48.5066941],[14.914465,48.5063831],[14.9148633,48.5063742],[14.9151425,48.5066828],[14.9156233,48.5064867],[14.9162687,48.5065856],[14.9165987,48.5062241],[14.9169575,48.5063371],[14.9177642,48.5061963],[14.9179369,48.5060738],[14.9178673,48.5059592],[14.9188307,48.5059788],[14.9193528,48.5057107],[14.9204989,48.5058375],[14.9209644,48.5057276],[14.921594,48.5042581],[14.9195926,48.5019461],[14.9183124,48.4986423],[14.9179798,48.499275],[14.9177733,48.4991452],[14.9176311,48.4992785],[14.9172959,48.4992394],[14.9172261,48.4994847],[14.9171081,48.4993887],[14.9167863,48.4996535],[14.9166334,48.4995611],[14.9167407,48.4994723],[14.9164081,48.4994811],[14.9164778,48.4998526],[14.9162498,48.4998739],[14.9163061,48.4997477],[14.9161318,48.4996962],[14.9159279,48.4998757],[14.9159119,48.499634],[14.9156946,48.4996198],[14.9149382,48.4998366],[14.9150884,48.5001121],[14.9148443,48.5000712],[14.9149999,48.5001565],[14.9148363,48.50024],[14.9143884,48.5001547],[14.9144608,48.5003627],[14.9136507,48.5000694],[14.9135891,48.5002969],[14.9125457,48.5003947],[14.9118403,48.5006897],[14.9115962,48.5006008],[14.9109954,48.5008177],[14.9109364,48.5010025],[14.9104214,48.5009616],[14.9099117,48.5011856],[14.9089381,48.5009047],[14.9088147,48.5012158],[14.9085653,48.5010487],[14.9082488,48.5013437],[14.9077392,48.5014592],[14.907251,48.5014059],[14.907133,48.5011091],[14.906331,48.501278],[14.9060655,48.5011802],[14.9059609,48.5014361],[14.9056524,48.5012478],[14.9051133,48.5013473],[14.9048021,48.5011802],[14.9048477,48.5014042],[14.9042577,48.5012851],[14.9032867,48.5016547],[14.9033216,48.5017685],[14.9024391,48.5016014],[14.901621,48.5019533],[14.9014252,48.5017347],[14.9004382,48.5015428],[14.9002638,48.501278],[14.8996443,48.501278],[14.8991293,48.5010096],[14.8982388,48.5008763],[14.8983273,48.5006559],[14.8977345,48.5006204],[14.8974395,48.500272],[14.8972115,48.5004515],[14.897064,48.5002614],[14.8960445,48.500418],[14.8950296,48.4999939],[14.8949792,48.4997546],[14.8922759,48.4989624],[14.8915475,48.4984788],[14.8912646,48.4979163],[14.890939,48.4976807],[14.8910193,48.4962646],[14.890827,48.4957914],[14.8910107,48.4952003],[14.8909749,48.4947842],[14.8907782,48.4945574],[14.891025,48.4944778],[14.8908774,48.4943894],[14.8910772,48.4943068],[14.8910397,48.4941139],[14.8911309,48.4942126],[14.8912567,48.4940611],[14.8911129,48.4939279],[14.8913192,48.4938733],[14.8911916,48.4937357],[14.8908408,48.4938393],[14.8905505,48.4935695],[14.8902271,48.4936429],[14.8897884,48.4933772],[14.8892809,48.4933832],[14.8888259,48.4931244],[14.8880302,48.4930125],[14.8873208,48.4924182],[14.887603,48.4915824],[14.8881716,48.4906714],[14.8882967,48.4899155],[14.8886054,48.4894729],[14.889261,48.4890964],[14.88924,48.4887744],[14.889586,48.4887913],[14.8897067,48.4885469],[14.8896026,48.488359],[14.8899625,48.4881504],[14.889839,48.4877865],[14.8899722,48.4877572],[14.8900537,48.487359],[14.8897777,48.4870506],[14.8899068,48.486893],[14.8897388,48.4866079],[14.8884631,48.486127],[14.8876345,48.4861208],[14.8872165,48.4857925],[14.8865973,48.4858214],[14.8857432,48.4852729],[14.8841677,48.4849995],[14.8838412,48.4848087],[14.8835788,48.484861],[14.8825942,48.4845092],[14.8825341,48.4842068],[14.8821438,48.4840743],[14.8819947,48.483558],[14.8813499,48.4830672],[14.8809918,48.4825143],[14.880482,48.4823474],[14.8794914,48.4815966],[14.8767989,48.4812755],[14.8763335,48.4810568],[14.8753438,48.4812295],[14.8725503,48.4809404],[14.8718489,48.4807036],[14.8696768,48.480499],[14.8681253,48.4800129],[14.8664657,48.4800054],[14.866472,48.4798822],[14.8679929,48.4790184],[14.8687905,48.4783646],[14.8692697,48.4776253],[14.870248,48.4750461],[14.8706938,48.4743186],[14.8715093,48.4739122],[14.8727907,48.4736507],[14.8739638,48.4729871],[14.8739226,48.4717664],[14.875082,48.4710426],[14.875973,48.470297],[14.8758915,48.4702239],[14.8762278,48.4702335],[14.8759052,48.469746],[14.8769413,48.4687821],[14.8771764,48.4683276],[14.8765675,48.4669305],[14.8773044,48.4658134],[14.8772481,48.4652087],[14.8774425,48.4647116],[14.8770656,48.4644741],[14.8767167,48.4634931],[14.8757366,48.4625623],[14.8756946,48.4620251],[14.8739662,48.4602696],[14.873733,48.4593073],[14.8736953,48.4589042],[14.8748427,48.4576616],[14.8752068,48.4570116],[14.8750113,48.4566159],[14.8752486,48.4559193],[14.8761135,48.4556003],[14.8762825,48.4553226],[14.8768444,48.4553211],[14.8774984,48.4550811],[14.8779487,48.4547724],[14.8780718,48.4543398],[14.8786829,48.4540098],[14.8792952,48.4540387],[14.8794264,48.4538498],[14.88037,48.4535082],[14.8814583,48.4535465],[14.8822624,48.4532872],[14.8824979,48.453149],[14.8824853,48.4529859],[14.8861946,48.452742],[14.8870286,48.4529905],[14.8882369,48.4529748],[14.888595,48.4525306],[14.8901725,48.4523314],[14.8906341,48.4518008],[14.8913072,48.4516487],[14.8913859,48.4514494],[14.8916567,48.4514925],[14.8920901,48.4512019],[14.8922562,48.4506387],[14.8926483,48.4507062],[14.8933498,48.4504067],[14.894458,48.4504182],[14.8950384,48.4502224],[14.8968814,48.4503948],[14.8969576,48.4505519],[14.8974621,48.4506598],[14.8974538,48.450474],[14.897773,48.450642],[14.8984566,48.450556],[14.8986975,48.4503607],[14.898438,48.4502364],[14.8990578,48.4498253],[14.8989878,48.449641],[14.8997599,48.4495604],[14.9003797,48.4489677],[14.9003117,48.4486167],[14.900497,48.448532],[14.9003447,48.4481769],[14.9007173,48.4477986],[14.900392,48.4478396],[14.9004538,48.4476675],[14.9002808,48.4475692],[14.9004373,48.4475473],[14.9002273,48.4472168],[14.9005238,48.4471458],[14.9006062,48.446971],[14.9003797,48.4466732],[14.9006432,48.4463373],[14.9019692,48.4450425],[14.90367,48.4439389],[14.9071401,48.4410062],[14.9086687,48.4390249],[14.9091067,48.4386913],[14.9089924,48.4385855],[14.9091967,48.4382782],[14.9090917,48.4379339],[14.9098295,48.4371025],[14.909649,48.4368665],[14.9096563,48.4364678],[14.9100328,48.4362736],[14.9099868,48.4361204],[14.9103891,48.4362634],[14.9103704,48.4359495],[14.9107407,48.4358475],[14.9104273,48.4355597],[14.9111847,48.4351111],[14.9112059,48.4348489],[14.9119011,48.4346413],[14.9119605,48.4342272],[14.9127261,48.4336279],[14.9120765,48.432983],[14.9128875,48.4322741],[14.9125909,48.4318558],[14.9127055,48.4316037],[14.9125449,48.4312495],[14.9122464,48.4312928],[14.9119772,48.4307027],[14.9114373,48.4308509],[14.9112649,48.4306548],[14.9117593,48.4301548],[14.9126757,48.4302404],[14.9129891,48.4298924],[14.9142065,48.4298569],[14.9144559,48.4293512],[14.9149038,48.4290507],[14.9149245,48.4288282],[14.9153047,48.4284995],[14.9154879,48.4286248],[14.9157571,48.428553],[14.915852,48.4283568],[14.9163144,48.428617],[14.9167773,48.4283025],[14.9177203,48.4282523],[14.919304,48.4287577],[14.9196059,48.4289859],[14.9205107,48.4289379],[14.9205333,48.4288097],[14.9212648,48.4286093],[14.9219661,48.4281279],[14.9218997,48.4280173],[14.9222558,48.4276882],[14.9228021,48.4273591],[14.9234737,48.4271829],[14.9250304,48.4254809],[14.9259623,48.4251337],[14.9261337,48.4250269],[14.9260973,48.4248135],[14.9284317,48.4237477],[14.9287307,48.4238169],[14.9303847,48.4235317],[14.9310897,48.4236514],[14.9315224,48.4234283],[14.9330156,48.4236247],[14.9336247,48.4239183],[14.9341447,48.4237945],[14.9344954,48.4239857],[14.9351577,48.4240179],[14.9362937,48.4238425],[14.936341,48.4236525],[14.9369802,48.4234072],[14.9375967,48.4235188],[14.9389533,48.4231703],[14.939116,48.4227928],[14.9396427,48.4225939],[14.9402848,48.4220466],[14.940735,48.4219791],[14.9411202,48.4214703],[14.9411155,48.4210681],[14.9423749,48.4204175],[14.9429985,48.4195555],[14.9427758,48.4192167],[14.9411491,48.4186749],[14.9408576,48.4184647],[14.9407164,48.4179108],[14.9407081,48.4172803],[14.9414212,48.4162433],[14.9423675,48.4153159],[14.9432396,48.414992],[14.9447909,48.4136415],[14.9494059,48.4136462],[14.9492513,48.4134372],[14.9494036,48.4130253],[14.9491517,48.4125151],[14.9485154,48.4122105],[14.9486887,48.4115489],[14.9475679,48.4108362],[14.9470744,48.4101641],[14.9471146,48.4096647],[14.9475907,48.4090424],[14.9475019,48.407702],[14.9426321,48.4062137],[14.9426398,48.4058049],[14.9419205,48.4051217],[14.941535,48.4050256],[14.9408731,48.4044673],[14.9406846,48.4044859],[14.9406246,48.4041108],[14.9407838,48.4039919],[14.9403777,48.4038436],[14.9404257,48.4036796],[14.9392477,48.4034835],[14.9389827,48.4033086],[14.9391109,48.4031299],[14.9386021,48.4028284],[14.9387245,48.4027308],[14.9385263,48.4023436],[14.9386683,48.4022495],[14.9385238,48.4020943],[14.9385745,48.4017081],[14.9362517,48.4004536],[14.935805,48.4003837],[14.9355892,48.4006539],[14.9352458,48.4006076],[14.9344895,48.4002381],[14.9342371,48.3998975],[14.9335546,48.3997956],[14.9327216,48.3989332],[14.9323155,48.3988705],[14.9318565,48.3983397],[14.931052,48.3983962],[14.93019,48.3980299],[14.9291747,48.3981047],[14.9289644,48.3983441],[14.9276171,48.3986118],[14.9262808,48.3984611],[14.9258863,48.3977279],[14.9260799,48.3975587],[14.9255156,48.3972799],[14.924804,48.3965298],[14.9242275,48.3962592],[14.9238462,48.3957704],[14.9228224,48.3955983],[14.9225874,48.3952437],[14.9216311,48.3952342],[14.9210209,48.3949151],[14.9207476,48.3949645],[14.9205274,48.3947371],[14.9187906,48.3939848],[14.9186799,48.3937499],[14.918851,48.3933211],[14.9186391,48.3930407],[14.9187104,48.3928957],[14.9189795,48.3928968],[14.918967,48.3926651],[14.9186723,48.3922223],[14.9180924,48.3918633],[14.9177116,48.3910861],[14.9180715,48.3905183],[14.9180039,48.3902068],[14.9163355,48.3896485],[14.9160217,48.3893671],[14.9160713,48.3892442],[14.9166279,48.3891026],[14.9165407,48.3888408],[14.9172233,48.3882637],[14.9173548,48.3883607],[14.9175358,48.3882182],[14.9176941,48.3883278],[14.9182721,48.3881204],[14.9188767,48.3881381],[14.9194899,48.3878774],[14.91979,48.3880935],[14.9206457,48.3880176],[14.9231199,48.3883358],[14.923305,48.3882236],[14.9234042,48.3886404],[14.923659,48.3885994],[14.9241272,48.3891269],[14.9244235,48.3892736],[14.9250082,48.3891685],[14.9258786,48.3898281],[14.9265299,48.3904889],[14.9267804,48.3910373],[14.9285694,48.3913576],[14.9290925,48.3917535],[14.9303764,48.3921142],[14.9308088,48.3925924],[14.9308233,48.3929005],[14.9314012,48.392916],[14.9314182,48.3931094],[14.9317744,48.3933371],[14.9317754,48.3935972],[14.9323277,48.3938836],[14.9325193,48.3942026],[14.933049,48.3941896],[14.9333003,48.394494],[14.9342149,48.3943693],[14.9353114,48.3946491],[14.9363258,48.3951671],[14.9371425,48.395201],[14.9388189,48.394542],[14.9397562,48.3945499],[14.9406985,48.3942495],[14.9407529,48.3940543],[14.9410719,48.393973],[14.9410261,48.3937259],[14.9419344,48.3934762],[14.9429684,48.3937079],[14.9456429,48.393632],[14.94694,48.3928982],[14.9470948,48.3923825],[14.9483256,48.3920269],[14.9498419,48.3907814],[14.9513179,48.3902056],[14.9520948,48.3903165],[14.9552031,48.3901945],[14.9563814,48.3913076],[14.9566087,48.3906402],[14.9580662,48.3902095],[14.9592391,48.3901063],[14.9604553,48.389791],[14.9610284,48.3894196],[14.9620218,48.3892166],[14.9626118,48.3889181],[14.9625851,48.3885306],[14.963866,48.3883197],[14.9644755,48.3878613],[14.9643494,48.3872779],[14.964068,48.386917],[14.9642095,48.3868008],[14.9641511,48.3864711],[14.964768,48.3830319],[14.9640705,48.3818006],[14.9642376,48.3808363],[14.9645775,48.3804049],[14.964381,48.3796518],[14.9646155,48.3794753],[14.9643827,48.3789995],[14.9645237,48.3788211],[14.9643141,48.3781602],[14.9635587,48.3775169],[14.9628657,48.3772256],[14.9627537,48.3770727],[14.9628429,48.3767564],[14.9623644,48.3764669],[14.9613498,48.3753986],[14.9615017,48.3751181],[14.961244,48.3749812],[14.9607075,48.3751279],[14.9601212,48.3749915],[14.9595834,48.3746332],[14.9594566,48.374228],[14.9589855,48.3738612],[14.9590032,48.3734979],[14.9587382,48.373261],[14.9586744,48.3725427],[14.9588409,48.3717902],[14.9585515,48.3710328],[14.9576077,48.3705026],[14.9575296,48.3701869],[14.9570908,48.3700152],[14.956656,48.3694101],[14.956643,48.3688202],[14.9559493,48.3677895],[14.9557437,48.3669475],[14.9552857,48.36651],[14.9555568,48.3659927],[14.9551218,48.3650242],[14.9550624,48.3646473],[14.9552649,48.3642678],[14.9541736,48.3623965],[14.9535543,48.3620413],[14.9534242,48.3617021],[14.9534902,48.3612536],[14.9537219,48.3612604],[14.9539594,48.3609341],[14.9538102,48.3607071],[14.9538897,48.3599848],[14.9543221,48.3591458],[14.9540045,48.3587127],[14.9541233,48.3574703],[14.9534918,48.3570819],[14.9528945,48.3571298],[14.9522258,48.356797],[14.9522164,48.3560143],[14.9525143,48.3553798],[14.9520418,48.355137],[14.9520917,48.3549128],[14.9525076,48.3547498],[14.9523035,48.3544096],[14.9523371,48.3540118],[14.9527958,48.3538032],[14.9531925,48.354081],[14.9538084,48.3537884],[14.9540229,48.353454],[14.9534864,48.3529798],[14.9527002,48.3528694],[14.9521616,48.3523198],[14.95203,48.3509638],[14.952156,48.3509032],[14.9521879,48.3503764],[14.9518821,48.3502371],[14.9517904,48.3499588],[14.9521844,48.3494844],[14.9522271,48.3491761],[14.9527373,48.3488123],[14.9530046,48.3484064],[14.9526652,48.3481404],[14.952718,48.3477008],[14.952439,48.3475778],[14.9518614,48.3468545],[14.9515266,48.3459674],[14.951149,48.3458076],[14.9511054,48.3456629],[14.9513997,48.3455884],[14.9512656,48.3454047],[14.9514573,48.3450554],[14.9513825,48.3444326],[14.9511229,48.3440905],[14.9512114,48.3439254],[14.9516949,48.3440379],[14.9521185,48.3439099],[14.952522,48.3434706],[14.9520731,48.3432394],[14.9520756,48.3427993],[14.9518959,48.3424935],[14.9520729,48.342416],[14.9521292,48.3419061],[14.9528545,48.3417949],[14.9527421,48.3414925],[14.9532149,48.3413175],[14.9532193,48.3411537],[14.9528092,48.3406786],[14.9521155,48.3407684],[14.9511701,48.3406262],[14.9504116,48.3396658],[14.9495854,48.3394121],[14.9497954,48.3390184],[14.9493971,48.3386146],[14.9492304,48.3381094],[14.9493457,48.3379585],[14.94982,48.3379135],[14.9499286,48.3376309],[14.9492633,48.3366954],[14.9489072,48.3366359],[14.9486561,48.3362976],[14.948257,48.3362678],[14.94825,48.3357896],[14.9480019,48.3356621],[14.9474433,48.3348829],[14.947469,48.3344856],[14.9477614,48.3341692],[14.9475312,48.3338264],[14.9477372,48.3335696],[14.9474803,48.3333624],[14.9477312,48.3331393],[14.9478308,48.3327505],[14.9476023,48.3324026],[14.947034,48.3322846],[14.9468603,48.3320029],[14.9470354,48.3319037],[14.9469571,48.3317309],[14.9466227,48.3317265],[14.946482,48.3315152],[14.9461038,48.3301566],[14.9452141,48.3297802],[14.945372,48.3296921],[14.9451114,48.3292425],[14.9454235,48.3289031],[14.9452795,48.3281764],[14.945376,48.3280747],[14.9451777,48.32784],[14.944669,48.3276574],[14.9447468,48.3274919],[14.9445109,48.3273499],[14.9442373,48.3264386],[14.9443741,48.3262451],[14.9442873,48.326039],[14.9440365,48.3260156],[14.9441663,48.3257261],[14.9436801,48.3253589],[14.9435878,48.3248862],[14.9438459,48.3244215],[14.9436834,48.3236472],[14.9446726,48.3235676],[14.9449593,48.3233589],[14.9479547,48.3231093],[14.9498135,48.3225521],[14.9506906,48.3225841],[14.9510714,48.3228891],[14.9518707,48.3231566],[14.9536911,48.3231913],[14.9540096,48.3239535],[14.9549141,48.3246159],[14.9572873,48.3247668],[14.9602651,48.3254372],[14.9607232,48.3252902],[14.9612449,48.3254008],[14.9622158,48.3249478],[14.9628837,48.3248417],[14.9640844,48.3241265],[14.9649866,48.3242547],[14.9668589,48.323784],[14.9684834,48.3231328],[14.9703581,48.3232242],[14.9741526,48.3221764],[14.974377,48.3223513],[14.9748448,48.3223869],[14.9753329,48.3227818],[14.9765854,48.3231243],[14.9767221,48.3234293],[14.9782216,48.3236112],[14.9789209,48.3233818],[14.9802283,48.3234027],[14.9814939,48.3229672],[14.9821619,48.3229202],[14.9819812,48.3220527],[14.9821777,48.3217704],[14.9826309,48.3215945],[14.9833304,48.3209935],[14.9860289,48.3197357],[14.9865922,48.3190283],[14.9863564,48.318821],[14.9863983,48.3184865],[14.9868122,48.3182165],[14.9867887,48.3175126],[14.9871738,48.3171764],[14.9865398,48.3165962],[14.9865136,48.3163366],[14.9862201,48.3162669],[14.9862568,48.3158122],[14.9859713,48.3145438],[14.9852796,48.314157],[14.985222,48.3128659],[14.9857538,48.3127352],[14.985868,48.3120884],[14.985725,48.3118832],[14.9859739,48.3108429],[14.9856883,48.3103742],[14.9850674,48.3098776],[14.9849888,48.3095483],[14.986283,48.3079939],[14.9867939,48.3062792],[14.9863433,48.3047492],[14.9857171,48.3039354],[14.9852272,48.3026458],[14.9851538,48.30091],[14.9847844,48.3002094],[14.9851067,48.2998294],[14.9852589,48.2992798],[14.984671,48.2987342],[14.9842295,48.2985942],[14.9842064,48.2983278],[14.9838907,48.298111],[14.9845401,48.2979334],[14.984884,48.2975902],[14.9862546,48.2973563],[14.9866627,48.2969601],[14.9867346,48.2959732],[14.9873685,48.2955053],[14.9873044,48.294894],[14.986845,48.2946669],[14.9866422,48.2941512],[14.9872659,48.2928944],[14.9867141,48.2925853],[14.9867731,48.2922711],[14.9876124,48.2916444],[14.9880241,48.2909005],[14.9880855,48.2900281],[14.9875508,48.2891357],[14.9877689,48.2886934],[14.9876894,48.2883177],[14.9879358,48.2880342],[14.9877756,48.2878681],[14.9881539,48.2860548],[14.9881565,48.2850796],[14.9883952,48.2849232],[14.9885672,48.2827636],[14.989178,48.2818259],[14.989119,48.2814809],[14.9892884,48.2809394],[14.990061,48.2803587],[14.9899326,48.2800632],[14.9902997,48.2794995],[14.9898274,48.2783107],[14.9901738,48.2774838],[14.9897709,48.2766059],[14.9892935,48.2762352],[14.9891652,48.2758441],[14.989368,48.2743767],[14.9895733,48.2739804],[14.9894013,48.273432],[14.9895656,48.27294],[14.9890625,48.2726598],[14.9892371,48.2717373],[14.9889727,48.2714725],[14.9889907,48.2708558],[14.9893675,48.2701634],[14.9891611,48.2697309],[14.9894552,48.2695779],[14.9896426,48.2688296],[14.9899455,48.2684076],[14.9904203,48.2682778],[14.9903279,48.2679224],[14.9905666,48.2676952],[14.9903228,48.2671246],[14.9899018,48.2667179],[14.9899891,48.2652845],[14.9897992,48.2649154],[14.9897786,48.2642593],[14.9894116,48.2640389],[14.989291,48.263376],[14.9884337,48.2632563],[14.9882669,48.2627933],[14.988367,48.2625216],[14.9887263,48.2622978],[14.9888264,48.2614708],[14.9893166,48.2614845],[14.9896195,48.2611547],[14.989599,48.2605054],[14.9906077,48.2602593],[14.9908797,48.259868],[14.9914059,48.2584378],[14.9918866,48.2579236],[14.9918294,48.2568793],[14.9921682,48.2565717],[14.9919859,48.256206],[14.9920477,48.2559269],[14.99094,48.255597],[14.9890133,48.2556467],[14.9877884,48.2554663],[14.9847931,48.2546268],[14.9842878,48.2539538],[14.981052,48.2525256],[14.9797981,48.2522761],[14.9795795,48.2515732],[14.9789947,48.2510586],[14.9785026,48.2497852],[14.9775059,48.2489754],[14.9742875,48.2479586],[14.9719759,48.247491],[14.9708006,48.246885],[14.969968,48.2457595],[14.9701467,48.2452929],[14.9698967,48.2446301],[14.9700139,48.2440222],[14.9697645,48.242346],[14.9701716,48.2406874],[14.96975,48.2399769],[14.9700721,48.2394033],[14.9699254,48.2389526],[14.9700533,48.2384533],[14.9703275,48.2379945],[14.9723061,48.2362818],[14.9731078,48.2359519],[14.9736813,48.2359022],[14.9746498,48.2347853],[14.9735228,48.2348378],[14.9722707,48.2337603],[14.9729733,48.23358],[14.9703763,48.231831],[14.9694013,48.2321641],[14.9686344,48.2314868],[14.9675511,48.2311757],[14.9660298,48.2317514],[14.9632234,48.232343],[14.9620185,48.2320321],[14.9618782,48.2316351],[14.9621164,48.231194],[14.963,48.2306107],[14.963112,48.2302451],[14.9625488,48.2301191],[14.9623838,48.2296546],[14.9614515,48.2292223],[14.9609387,48.2287158],[14.9610363,48.2284252],[14.960086,48.2277641],[14.9598725,48.2273376],[14.9589219,48.2269397],[14.9580341,48.2271825],[14.957657,48.2266568],[14.9571948,48.2264803],[14.9569945,48.2261058],[14.9573207,48.2256509],[14.9560798,48.2247457],[14.9548632,48.2229375],[14.9536514,48.2219611],[14.953589,48.2218284],[14.9538893,48.221573],[14.9540891,48.2210664],[14.9540156,48.2207266],[14.953731,48.2204264],[14.9537946,48.2202384],[14.9530752,48.2199409],[14.9521757,48.2191208],[14.9534082,48.2176847],[14.9548783,48.215513],[14.956489,48.2159372],[14.9568963,48.2158108],[14.958095,48.2158504],[14.9592259,48.2154255],[14.9605158,48.2154329],[14.9604974,48.2152797],[14.9609264,48.2152628],[14.9620914,48.2146471],[14.9621797,48.2147742],[14.964107,48.214902],[14.9640282,48.2143193],[14.9647644,48.2132757],[14.9644227,48.2128381],[14.9648673,48.212031],[14.9652157,48.2117513],[14.9656827,48.21054],[14.9655051,48.2098997],[14.966648,48.2099449],[14.9683943,48.2092708],[14.9690002,48.2084289],[14.968493,48.2081212],[14.9670403,48.2078182],[14.9659375,48.2070979],[14.9657248,48.2061737],[14.9660618,48.2057116],[14.9658606,48.2052653],[14.9659555,48.2049101],[14.9648925,48.2044005],[14.9647745,48.2039713],[14.9676068,48.2030019],[14.9693334,48.2027264],[14.9747875,48.2010806],[14.9748981,48.2003495],[14.9741621,48.1988297],[14.9702715,48.2004564],[14.9624247,48.2023861],[14.9609701,48.2032603],[14.9592465,48.2046256],[14.9564329,48.2083665],[14.9558045,48.2096206],[14.955326,48.2113402],[14.9523141,48.2164826],[14.9514987,48.2176452],[14.9500037,48.2192897],[14.9496418,48.2200873],[14.9474979,48.2228824],[14.9453331,48.2262997],[14.9444955,48.2272385],[14.9398249,48.2303475],[14.9375961,48.231022],[14.9339657,48.2315687],[14.9211734,48.2321869],[14.9149391,48.2328928],[14.9120488,48.2323763],[14.9099215,48.2317713],[14.9053923,48.2313462],[14.902539,48.2308619],[14.9004217,48.2301108],[14.8992131,48.2291816],[14.8976575,48.228374],[14.8963239,48.2280354],[14.8943387,48.2278895],[14.8928622,48.2280833],[14.8914974,48.228835],[14.8908146,48.2294867],[14.8895138,48.2314405],[14.8882206,48.2323484],[14.8859965,48.2327761],[14.8836809,48.2325685],[14.8814649,48.232588],[14.8791335,48.2315292],[14.8749193,48.2299578],[14.8723738,48.2282407],[14.8710408,48.2278244],[14.8665113,48.2272893],[14.8610498,48.2270305],[14.858871,48.2264541],[14.857335,48.225534],[14.8567218,48.2243949],[14.856247,48.2221392],[14.8563326,48.2202764],[14.8577143,48.2130409],[14.8553903,48.2093723],[14.8542469,48.2080422],[14.8501938,48.2044389],[14.8483595,48.2022476],[14.846538,48.1987891],[14.8461242,48.1970921],[14.8452229,48.1957474],[14.8424781,48.1943691],[14.8414273,48.194238],[14.8378286,48.1927409],[14.8323618,48.1901062],[14.8306923,48.189451],[14.8288427,48.1890723],[14.8263493,48.1889017],[14.8159423,48.1888087],[14.8091832,48.188215],[14.8059731,48.1876349],[14.7922,48.1834099],[14.7773936,48.1813433],[14.7690048,48.1791197],[14.7573186,48.1766952],[14.750026,48.1757402],[14.7455418,48.1747487],[14.7429003,48.1749386],[14.7393113,48.172114],[14.7284624,48.1767443],[14.7257276,48.178163],[14.7226999,48.1787976],[14.7152874,48.1786622],[14.7114744,48.1758114],[14.7068817,48.1707594],[14.7055252,48.1687866],[14.7067198,48.1667922],[14.7064192,48.1651308],[14.7051341,48.1625524],[14.7021121,48.1606702],[14.6944874,48.1577295],[14.6913564,48.1570855],[14.6901583,48.1570802],[14.6845159,48.1579572],[14.6807142,48.1589806],[14.6731627,48.1614779],[14.6609878,48.1673045],[14.6624309,48.1698509],[14.6613969,48.1710238],[14.6526537,48.1723943],[14.6458441,48.1738953],[14.6409934,48.176915],[14.6382486,48.1780919],[14.6364892,48.179155],[14.6344685,48.1801279],[14.633055,48.1813221],[14.6300492,48.1850551],[14.6278069,48.1874071],[14.6253673,48.1895025],[14.620846,48.191938],[14.6153374,48.193503],[14.6114958,48.1957411],[14.6061818,48.2009807],[14.6027754,48.2049701],[14.5992719,48.2080398],[14.5972158,48.2101158],[14.5936844,48.2143384],[14.5928631,48.2159532],[14.5914694,48.2181381],[14.5872572,48.2215228],[14.5834324,48.2236372],[14.5724874,48.2273037],[14.5699825,48.2276585],[14.5694383,48.2279189],[14.5670752,48.2284667],[14.5642262,48.2294264],[14.5604128,48.2311965],[14.5557208,48.2318014],[14.5535034,48.2326652],[14.5489349,48.2334788],[14.546696,48.234902],[14.5410204,48.2359418],[14.5376761,48.2368861],[14.5331079,48.2377176],[14.5294634,48.2379538],[14.5211708,48.237611],[14.5190726,48.2359441],[14.5169792,48.234957],[14.5155455,48.234061],[14.5070199,48.2303394],[14.5013068,48.228524],[14.497777,48.2271053],[14.4943545,48.2254971],[14.4916991,48.2239139],[14.4904599,48.2228239],[14.4894622,48.221598],[14.4880728,48.2187172],[14.4881264,48.217141],[14.4873647,48.215965],[14.4866619,48.2144601],[14.4853047,48.210124],[14.4841031,48.208451],[14.4813033,48.2032907],[14.4803189,48.1992432],[14.480048,48.1976449],[14.479982,48.1956241],[14.4801625,48.1947917],[14.4822761,48.1915036],[14.4826634,48.1903139],[14.4826197,48.1894236],[14.4793959,48.1845645],[14.4790938,48.18381],[14.4790429,48.1824926],[14.4793995,48.181755],[14.4835284,48.176827],[14.4839419,48.1753813],[14.4839065,48.1745959],[14.4826893,48.1711247],[14.4814099,48.1681479],[14.4777806,48.1607658],[14.4762078,48.1589569],[14.4750743,48.1580535],[14.4724866,48.1565477],[14.4708549,48.1551617],[14.4702758,48.1544398],[14.4682039,48.1509471],[14.467429,48.1490248],[14.4674124,48.1485682],[14.4678974,48.1476046],[14.4692733,48.1464341],[14.4746116,48.1427572],[14.476987,48.140558],[14.4773814,48.1397447],[14.4777386,48.1382926],[14.4778752,48.1365406],[14.4776877,48.1340924],[14.4772179,48.1327656],[14.476223,48.131773],[14.4746921,48.1305444],[14.4702067,48.1275438],[14.4693268,48.1268052],[14.4683441,48.1255141],[14.4676702,48.1224944],[14.46785,48.1218153],[14.4681251,48.1215521],[14.4693698,48.1208053],[14.4704239,48.120516],[14.4758257,48.1207561],[14.4770195,48.1206473],[14.4792049,48.1199755],[14.4841065,48.1179835],[14.4889906,48.1167747],[14.491184,48.1151904],[14.4940854,48.1135937],[14.4946816,48.1127997],[14.4946929,48.1118199],[14.4933981,48.1102741],[14.4926142,48.1097501],[14.4906211,48.1088304],[14.483313,48.105807],[14.4807347,48.1050582],[14.4740153,48.10237],[14.4728464,48.1021186],[14.4712108,48.1014202],[14.4680782,48.0996726],[14.4668551,48.0987055],[14.4664694,48.0981283],[14.4644132,48.0966354],[14.4624372,48.0943141],[14.4590046,48.0911445],[14.4581468,48.0897019],[14.4578134,48.0875478],[14.4582262,48.0865592],[14.4587964,48.0860688],[14.4595914,48.085713],[14.4604935,48.0857966],[14.4646318,48.0865312],[14.4659171,48.0870062],[14.4684159,48.0874516],[14.4692517,48.0870155],[14.4699107,48.085953],[14.4697735,48.0847961],[14.4688678,48.0836529],[14.4679841,48.0828643],[14.4668535,48.0823362],[14.4642021,48.0818636],[14.4611814,48.0820178],[14.457244,48.081637],[14.4559908,48.0812819],[14.4548573,48.0805753],[14.4543407,48.0797512],[14.4542479,48.0793217],[14.454499,48.078297],[14.4561276,48.0763051],[14.4581684,48.074758],[14.4588506,48.0740119],[14.4593603,48.0725737],[14.4588337,48.070987],[14.4564468,48.0684402],[14.4544384,48.0659074],[14.4533196,48.064895],[14.4526384,48.0639389]],[[16.181831,48.1711198],[16.1875635,48.1738707],[16.187799,48.1771098],[16.1901619,48.1789189],[16.1932395,48.1806213],[16.195918,48.1838139],[16.1998055,48.1861581],[16.2030641,48.1909441],[16.2039441,48.1938923],[16.2039652,48.1963829],[16.2052821,48.1977429],[16.2059202,48.1997399],[16.2073935,48.2023398],[16.2067903,48.2025017],[16.205748,48.2024275],[16.2047931,48.2029391],[16.2039545,48.2031308],[16.2022651,48.2040739],[16.2019311,48.2047958],[16.2033464,48.2050084],[16.202649,48.2060403],[16.2038234,48.2059841],[16.2054855,48.2064923],[16.2065243,48.2072417],[16.2075353,48.2085378],[16.2096215,48.2096276],[16.2089879,48.2101157],[16.2084367,48.2109872],[16.2064755,48.2115135],[16.2062335,48.2112866],[16.205699,48.211429],[16.2050824,48.2121069],[16.2013897,48.2125519],[16.2003992,48.2129939],[16.1994814,48.2131704],[16.1977753,48.2142763],[16.1970704,48.2157512],[16.1967184,48.2158631],[16.1968585,48.2160826],[16.1960857,48.216855],[16.1961204,48.2170462],[16.1963609,48.2171645],[16.1962157,48.2179764],[16.1950403,48.2195563],[16.1970734,48.2212148],[16.1982307,48.2218029],[16.1982829,48.2223457],[16.1977769,48.2228839],[16.1960977,48.2233722],[16.1924489,48.2235007],[16.1899751,48.223084],[16.1860885,48.223286],[16.1854962,48.2230124],[16.1851719,48.2231969],[16.1854626,48.2238096],[16.1864061,48.2245695],[16.1876769,48.2251062],[16.1891405,48.2250971],[16.1897236,48.2253586],[16.1904067,48.2254282],[16.1909808,48.2258953],[16.1920654,48.2263337],[16.192635,48.2269912],[16.1932113,48.2271243],[16.193495,48.2273737],[16.1939624,48.2282096],[16.1944775,48.2284938],[16.1944866,48.2286299],[16.1961748,48.2293207],[16.1967223,48.2298759],[16.1977779,48.2297504],[16.1983231,48.229109],[16.1991031,48.2285858],[16.1988886,48.2298109],[16.1982718,48.2303918],[16.198927,48.2308053],[16.1995074,48.2307051],[16.1995534,48.230859],[16.1980562,48.2313826],[16.1935992,48.233403],[16.193629,48.2341091],[16.1934917,48.234232],[16.1936695,48.234437],[16.1934159,48.2343186],[16.1932115,48.2346967],[16.19299,48.2347296],[16.1936378,48.2359769],[16.192779,48.2363021],[16.1929734,48.2364667],[16.1929499,48.236653],[16.1925511,48.2366505],[16.1925157,48.2367657],[16.1934734,48.2369018],[16.1935619,48.237186],[16.194074,48.2376468],[16.1941828,48.2379559],[16.1940231,48.2381095],[16.1943034,48.2384299],[16.1939332,48.238887],[16.1939709,48.2391697],[16.1944095,48.2399361],[16.1944873,48.2404779],[16.1944379,48.2406804],[16.1938483,48.2407433],[16.1938931,48.241059],[16.1941454,48.2410826],[16.1938837,48.2413684],[16.1944756,48.2418647],[16.1938766,48.2420782],[16.1936738,48.2424237],[16.1938294,48.2429577],[16.1935158,48.2432482],[16.1939238,48.2443993],[16.1945793,48.2447746],[16.1948198,48.2452866],[16.1952773,48.2457043],[16.1962771,48.2476499],[16.1959306,48.2480026],[16.1961026,48.2481445],[16.1959326,48.248527],[16.1960979,48.2491197],[16.196006,48.2494321],[16.1963078,48.2499173],[16.1978217,48.2509505],[16.1980268,48.2513965],[16.1989323,48.252081],[16.1988781,48.2523841],[16.1990237,48.2526051],[16.1998659,48.2531589],[16.1998955,48.2534578],[16.2001986,48.2534926],[16.2005028,48.2538616],[16.200965,48.2539259],[16.2012546,48.2541755],[16.2018811,48.2542469],[16.2020658,48.2546011],[16.2028328,48.2546998],[16.2033342,48.2553107],[16.2047841,48.2557773],[16.2048111,48.2561711],[16.2056759,48.2562664],[16.2057109,48.2565936],[16.2052591,48.2572371],[16.2053393,48.257369],[16.2048441,48.2575982],[16.204929,48.2582325],[16.2047026,48.2587663],[16.2049313,48.259019],[16.2046979,48.2590991],[16.2052341,48.2595204],[16.2053637,48.2599891],[16.205652,48.2600694],[16.2054754,48.2603952],[16.2056646,48.2606258],[16.2056796,48.2613985],[16.205146,48.2620345],[16.2056462,48.2623908],[16.2058296,48.2629159],[16.20669,48.2635219],[16.2081916,48.2641333],[16.2086346,48.2642093],[16.2094137,48.2640181],[16.2134366,48.2612741],[16.2145355,48.2608094],[16.2147383,48.2604672],[16.2144364,48.2600527],[16.2145496,48.2598235],[16.2154976,48.259935],[16.2197352,48.2586097],[16.2205346,48.2585657],[16.2213387,48.2581905],[16.2236379,48.2562579],[16.2264715,48.2550302],[16.226138,48.2547765],[16.2261663,48.2545771],[16.2269938,48.2544897],[16.229951,48.2530463],[16.2314319,48.2516285],[16.232776,48.2511898],[16.2335997,48.2507035],[16.2338265,48.2502705],[16.2362709,48.249984],[16.239339,48.2492157],[16.2392723,48.249078],[16.2410531,48.248374],[16.24102,48.248115],[16.2397458,48.246402],[16.2397458,48.2458513],[16.2390722,48.245456],[16.2387003,48.2440311],[16.2375274,48.24337],[16.237303,48.2427746],[16.2374832,48.2415452],[16.238029,48.2404934],[16.2387288,48.2400002],[16.2399629,48.2397163],[16.239814,48.2395251],[16.2399153,48.2392983],[16.2402311,48.2392768],[16.2407454,48.2388108],[16.2411683,48.2387721],[16.2415493,48.2383172],[16.2423776,48.2387827],[16.2445211,48.239025],[16.2458673,48.2389434],[16.2466594,48.2390657],[16.2501151,48.240294],[16.2545414,48.2402329],[16.2547828,48.2400722],[16.2566155,48.2398821],[16.2564795,48.2411915],[16.2568016,48.2410694],[16.2570151,48.2414985],[16.2568061,48.2429778],[16.258166,48.2439656],[16.258462,48.2457221],[16.2587135,48.2460675],[16.2594997,48.2457865],[16.2599894,48.2458652],[16.2610132,48.2454936],[16.2615161,48.2461582],[16.2619865,48.245989],[16.2625766,48.2463407],[16.2629253,48.2466553],[16.2630018,48.2470609],[16.2634538,48.2468114],[16.2638094,48.2468566],[16.2637922,48.247214],[16.2649805,48.247717],[16.2653407,48.2483019],[16.2647218,48.2492964],[16.2704239,48.2519363],[16.2706154,48.252819],[16.269527,48.2539226],[16.26746,48.2539913],[16.2657502,48.2544386],[16.2642012,48.2545355],[16.2640584,48.254923],[16.2649618,48.2550336],[16.2687209,48.2548835],[16.2699594,48.255154],[16.2722734,48.2561901],[16.2755134,48.2570202],[16.2794319,48.2566505],[16.2800631,48.2567656],[16.282203,48.2576306],[16.2844923,48.2578939],[16.2857573,48.258404],[16.2858526,48.2590018],[16.2862667,48.2596728],[16.2871096,48.2602851],[16.2878901,48.2605901],[16.2894733,48.2617368],[16.2921009,48.2622296],[16.2940948,48.2639959],[16.2940865,48.2645289],[16.2925411,48.2655927],[16.2913154,48.2666918],[16.288687,48.2663436],[16.2868009,48.2664087],[16.2861722,48.266697],[16.285953,48.2671121],[16.285988,48.2676212],[16.2869978,48.2680371],[16.2877115,48.2685354],[16.2883013,48.2698494],[16.2886756,48.2703315],[16.2906415,48.2708926],[16.2913147,48.271364],[16.2933453,48.2716705],[16.2944898,48.2721724],[16.297322,48.272001],[16.2989103,48.2724062],[16.2992909,48.272882],[16.3003463,48.2733074],[16.3016612,48.273126],[16.3012115,48.2726797],[16.3035921,48.2721366],[16.3045508,48.2717673],[16.3058677,48.2717422],[16.3072061,48.2723373],[16.3083749,48.2724413],[16.3105697,48.2736046],[16.3115984,48.2739164],[16.3145957,48.2739881],[16.3151747,48.2743323],[16.3162456,48.2755569],[16.3167613,48.2757625],[16.3169058,48.2761006],[16.3179743,48.2771329],[16.3207243,48.278188],[16.3223125,48.2781745],[16.3251168,48.2774457],[16.3277581,48.2771449],[16.3289764,48.2771946],[16.3302017,48.2777753],[16.3305356,48.2789779],[16.3317254,48.2805269],[16.3322279,48.2808973],[16.3331601,48.2811363],[16.3342844,48.281109],[16.336666,48.281815],[16.3444747,48.285127],[16.3445793,48.2853323],[16.3451761,48.2855853],[16.3431554,48.2876256],[16.3412011,48.2889708],[16.3481253,48.2904811],[16.3535115,48.2837006],[16.3631817,48.2823041],[16.3668893,48.2810354],[16.3680366,48.2810926],[16.3680885,48.2812078],[16.3705921,48.2816963],[16.3692298,48.2820585],[16.368547,48.2824902],[16.3678289,48.2832237],[16.3672168,48.2842013],[16.3667868,48.2854357],[16.3667608,48.2858813],[16.3671374,48.2868475],[16.3676615,48.2871808],[16.3698861,48.2877388],[16.3717729,48.287731],[16.3748011,48.2881857],[16.3765055,48.2881547],[16.3778682,48.2883226],[16.3783419,48.288754],[16.3789475,48.2898415],[16.3790756,48.2910181],[16.3788898,48.2920433],[16.3784504,48.2928539],[16.3769646,48.2947585],[16.3755628,48.2959263],[16.3777168,48.2985345],[16.3798188,48.3020076],[16.384775,48.3012754],[16.3862308,48.3017421],[16.3838975,48.3027157],[16.3841576,48.3033769],[16.3848371,48.3039166],[16.3830667,48.3053034],[16.3836452,48.3063053],[16.3838509,48.3072066],[16.3834567,48.3086308],[16.3824547,48.3104442],[16.3826498,48.3115036],[16.3813972,48.3116299],[16.3805827,48.3128665],[16.3804289,48.3150683],[16.3817,48.3171148],[16.3848337,48.3192543],[16.3857464,48.3196015],[16.3873039,48.3195221],[16.3893846,48.3190492],[16.390099,48.3203182],[16.3888141,48.3203611],[16.3888087,48.3210301],[16.391326,48.3209213],[16.3910038,48.322363],[16.3934186,48.3223356],[16.3951835,48.3225655],[16.3952971,48.3202719],[16.3951579,48.3199558],[16.3945002,48.3199801],[16.3941214,48.3192572],[16.39738,48.3181272],[16.4028744,48.3167623],[16.4042221,48.3193236],[16.4129019,48.3216812],[16.4168193,48.3225291],[16.4199022,48.322656],[16.4217923,48.3224579],[16.4248135,48.3218199],[16.4311211,48.3190962],[16.4377522,48.3168088],[16.4380317,48.3162821],[16.4382957,48.3145161],[16.4378531,48.3119341],[16.4380861,48.3093829],[16.4386063,48.3086909],[16.4395381,48.3065218],[16.440268,48.3035468],[16.4404077,48.2919218],[16.4521985,48.2863663],[16.4542406,48.28524],[16.4606298,48.2824622],[16.4608876,48.2821124],[16.4618743,48.281744],[16.4672776,48.2788379],[16.4709153,48.2772489],[16.472278,48.2763884],[16.4743851,48.2757951],[16.4743007,48.2754737],[16.4781171,48.2739854],[16.4812269,48.273435],[16.4810793,48.2741017],[16.4813162,48.2752257],[16.4816229,48.2759931],[16.4831914,48.2785743],[16.4835019,48.279706],[16.4826556,48.2817393],[16.4829274,48.2826978],[16.4828863,48.2835114],[16.4825898,48.2835854],[16.4828026,48.2843125],[16.4822412,48.2844577],[16.4814642,48.2869898],[16.4810332,48.2895576],[16.4809517,48.2912341],[16.4813749,48.2931739],[16.4812062,48.2935322],[16.4837908,48.2931751],[16.4964491,48.2924897],[16.4961499,48.2918924],[16.50424,48.2898464],[16.5077841,48.2884509],[16.5132094,48.2871793],[16.5128761,48.2863505],[16.5149068,48.2855411],[16.5128194,48.2812844],[16.5115557,48.2807044],[16.5105842,48.2795332],[16.508841,48.2773215],[16.5066712,48.273607],[16.5092972,48.2731058],[16.5135697,48.2711018],[16.5141152,48.2710243],[16.5128534,48.267838],[16.5191674,48.2669867],[16.5208174,48.2645921],[16.5245631,48.2635289],[16.5302572,48.2624186],[16.5326277,48.2621015],[16.5330436,48.2628992],[16.535823,48.2637442],[16.5386069,48.2642434],[16.5469749,48.2629977],[16.5443528,48.258105],[16.542466,48.2539485],[16.5411491,48.2477611],[16.5399463,48.2450683],[16.5394106,48.2428396],[16.5481993,48.2426922],[16.5478594,48.2402783],[16.5527397,48.2390011],[16.549938,48.2326798],[16.546899,48.223358],[16.5464514,48.2211583],[16.5466568,48.2200264],[16.5465911,48.2187217],[16.5459924,48.2162046],[16.5442409,48.2126265],[16.5434338,48.2114264],[16.5401183,48.2069764],[16.5391322,48.2060669],[16.5380266,48.2046911],[16.5366317,48.2008151],[16.5362709,48.2004367],[16.5388046,48.1971496],[16.5398291,48.1947124],[16.5413238,48.192554],[16.5417664,48.1914411],[16.5410482,48.1903515],[16.5396855,48.1888322],[16.5386416,48.1867036],[16.5379852,48.183383],[16.5411811,48.1826528],[16.5418346,48.182078],[16.5411623,48.1808006],[16.5388564,48.1818208],[16.5376898,48.1825172],[16.5363074,48.1775466],[16.5362966,48.1770711],[16.5391089,48.1747535],[16.5408179,48.1737647],[16.5363874,48.1746072],[16.536692,48.1734491],[16.539542,48.1727202],[16.5400776,48.1728408],[16.5409285,48.173436],[16.541327,48.1735292],[16.5432371,48.1732639],[16.544747,48.1728574],[16.5438027,48.1750342],[16.5416669,48.1754278],[16.5409379,48.1760728],[16.5410261,48.176575],[16.5416696,48.1769472],[16.544618,48.1769088],[16.5450133,48.1770699],[16.5452823,48.1773078],[16.5454031,48.1776978],[16.5457545,48.1778881],[16.5464106,48.1777161],[16.5478584,48.177819],[16.5494562,48.1770558],[16.5497791,48.1767495],[16.5496281,48.1762223],[16.5500041,48.1747332],[16.5509621,48.1730612],[16.550647,48.1717291],[16.5497072,48.1714014],[16.5475829,48.1713306],[16.5466545,48.1716247],[16.5468631,48.1707349],[16.5473943,48.1699733],[16.5479602,48.1684914],[16.5483501,48.167067],[16.5496184,48.1665982],[16.5502182,48.1660441],[16.5497782,48.1646593],[16.549888,48.1644615],[16.5512551,48.1637254],[16.5530615,48.1620444],[16.5552687,48.1620115],[16.5562885,48.1617103],[16.5539977,48.1636657],[16.5542173,48.1641652],[16.5556693,48.1644617],[16.5564361,48.1644449],[16.5578628,48.1641057],[16.5593823,48.1628191],[16.5599768,48.1618515],[16.5616132,48.1603689],[16.5624943,48.1607193],[16.5636992,48.1620081],[16.5681511,48.1636137],[16.5698205,48.1634764],[16.5704805,48.1637483],[16.5710667,48.1637328],[16.5730584,48.1631942],[16.5743629,48.1624691],[16.5752286,48.1617336],[16.575908,48.1607832],[16.5763895,48.1592294],[16.5763778,48.1589264],[16.5753917,48.1572274],[16.574689,48.1563546],[16.5733118,48.1551732],[16.573937,48.1550235],[16.5739185,48.1545254],[16.5753179,48.1538372],[16.5765242,48.1526794],[16.577454,48.1513209],[16.5775132,48.150425],[16.5764596,48.1370132],[16.5760306,48.1352198],[16.5593919,48.1396216],[16.5483286,48.1419225],[16.5430083,48.1433293],[16.5402356,48.1446226],[16.528242,48.15288],[16.5256693,48.1544619],[16.5165442,48.1584543],[16.5137911,48.1589276],[16.4984294,48.1562071],[16.4979719,48.1566238],[16.4962327,48.1573202],[16.493438,48.158815],[16.4920146,48.1580272],[16.4898247,48.1562653],[16.4881413,48.1551777],[16.4800599,48.1565534],[16.4803115,48.1561382],[16.4801816,48.1561212],[16.4779542,48.1568137],[16.4776252,48.1574352],[16.4781514,48.1561282],[16.4780238,48.1560964],[16.4778193,48.1551574],[16.477122,48.1541501],[16.4662712,48.1467205],[16.4660782,48.146539],[16.4667009,48.1462622],[16.461918,48.1429014],[16.4610166,48.1427881],[16.455355,48.1395149],[16.4533756,48.1389103],[16.4510163,48.1386809],[16.43313,48.1378785],[16.4327484,48.1329574],[16.4327819,48.1317107],[16.433439,48.1315569],[16.4333217,48.1309758],[16.4339189,48.13098],[16.4342766,48.1247192],[16.4370202,48.1199322],[16.4351342,48.1204142],[16.4282251,48.121481],[16.4255269,48.1221522],[16.4229063,48.1230645],[16.4221143,48.121836],[16.4205031,48.1206387],[16.4117018,48.1203613],[16.4128199,48.1182387],[16.408297,48.1179069],[16.40714,48.120211],[16.40615,48.1206361],[16.4048417,48.1209341],[16.4051139,48.121984],[16.3957643,48.1237786],[16.3910196,48.1244957],[16.3910561,48.1247219],[16.3906452,48.1249032],[16.3844807,48.1261922],[16.3781997,48.1269061],[16.371572,48.1272881],[16.3675068,48.127963],[16.3675149,48.1281658],[16.3658913,48.1283994],[16.3659854,48.1286363],[16.358035,48.1294043],[16.3522146,48.1318798],[16.3508866,48.1325853],[16.3476558,48.1332349],[16.3459565,48.1333428],[16.3410691,48.134511],[16.3246033,48.1377929],[16.3250323,48.1363074],[16.3248936,48.1359776],[16.3227083,48.132707],[16.3185018,48.1245617],[16.3182825,48.1248728],[16.3174236,48.1248304],[16.315641,48.1254412],[16.3154026,48.1253087],[16.3142922,48.1256547],[16.3139266,48.1255895],[16.3130366,48.1229519],[16.3126873,48.1212833],[16.3125921,48.1196345],[16.3118098,48.1194453],[16.3096589,48.1196293],[16.3081176,48.1201606],[16.3035947,48.1224439],[16.3006683,48.1246033],[16.2985545,48.1253233],[16.2987646,48.1256437],[16.2987056,48.1260942],[16.2990364,48.1268687],[16.2983972,48.1272191],[16.2982133,48.1285244],[16.2980525,48.1289527],[16.2978564,48.1290319],[16.2978545,48.129488],[16.2874556,48.1308601],[16.2852698,48.1306229],[16.2846121,48.1302624],[16.2838849,48.1301558],[16.2807613,48.1319754],[16.2784337,48.1321812],[16.2739936,48.1335192],[16.2711035,48.1338515],[16.2711142,48.1336523],[16.268686,48.133786],[16.2671899,48.1335787],[16.263885,48.1323325],[16.2625124,48.1315163],[16.261766,48.1308454],[16.2601659,48.1303362],[16.2596369,48.1300032],[16.2577637,48.129923],[16.2573867,48.1296422],[16.2542218,48.130053],[16.2537421,48.1300319],[16.2535087,48.1298226],[16.2513711,48.1307004],[16.2501693,48.1310167],[16.2488005,48.1311768],[16.2485915,48.131013],[16.2476659,48.1311665],[16.2471344,48.1314286],[16.2388894,48.1305159],[16.2360663,48.1300117],[16.2327565,48.1287196],[16.2311005,48.1276446],[16.2305515,48.1276358],[16.2275451,48.1266368],[16.2253059,48.1253387],[16.2238211,48.1248674],[16.2208484,48.1246251],[16.2192465,48.1240886],[16.2189135,48.1237615],[16.2169453,48.1245807],[16.2160788,48.1251762],[16.2148672,48.1253486],[16.2148833,48.1256667],[16.2146658,48.1258865],[16.2149295,48.126112],[16.2155857,48.1262056],[16.2177163,48.1271944],[16.2180992,48.1280684],[16.2202416,48.1283086],[16.2220582,48.1288903],[16.226857,48.1295722],[16.2321222,48.1310089],[16.2386167,48.1320488],[16.2384005,48.1328072],[16.2386971,48.1339704],[16.2366912,48.1344563],[16.2361704,48.1348335],[16.2376787,48.1356615],[16.2384279,48.1371556],[16.2373343,48.1371694],[16.2348207,48.1367677],[16.2328714,48.1368038],[16.2300375,48.1364063],[16.2275268,48.1362771],[16.2225448,48.1354842],[16.2207895,48.1355562],[16.2207317,48.1360133],[16.2210464,48.1362362],[16.2212277,48.1360316],[16.221693,48.1360809],[16.221656,48.1362253],[16.2210835,48.1371282],[16.2209098,48.1379529],[16.2202689,48.1382538],[16.2197109,48.1396597],[16.2187424,48.1405272],[16.2163991,48.1409698],[16.2159887,48.1413732],[16.2159826,48.1420927],[16.2151609,48.142662],[16.2147274,48.1427792],[16.2144501,48.1439392],[16.2130752,48.1450468],[16.2125576,48.1458535],[16.2123534,48.1466589],[16.2110716,48.1473536],[16.2098585,48.1476248],[16.2101435,48.1480861],[16.2104665,48.149273],[16.211579,48.149682],[16.2125455,48.1504846],[16.2124687,48.150552],[16.2132774,48.150985],[16.2139668,48.1512683],[16.2143166,48.1510484],[16.2169025,48.1512386],[16.2182956,48.151619],[16.2191063,48.1522139],[16.2191889,48.1529803],[16.2194745,48.153342],[16.2233542,48.1520332],[16.2235466,48.1521616],[16.2235175,48.1525388],[16.2232085,48.1527119],[16.2232057,48.153185],[16.2034635,48.1555065],[16.2014342,48.1547935],[16.1982422,48.1541378],[16.1967023,48.1565665],[16.1974351,48.1609125],[16.1961889,48.1639621],[16.1937287,48.1663515],[16.1846104,48.1689275],[16.1842414,48.1692362],[16.1829272,48.1697536],[16.181831,48.1711198]]]}}