{"type":"Feature","properties":{"name":"Oberösterreich"},"geometry":{"type":"Polygon","coordinates":[[[12.749244,48.1085127],[12.7521919,48.0902219],[12.7529806,48.0868349],[12.7544427,48.0832451],[12.7566473,48.0789713],[12.758038,48.0768731],[12.7608185,48.0737508],[12.7666443,48.068812],[12.7704846,48.0659435],[12.7854584,48.0567465],[12.8155045,48.0391714],[12.8339862,48.0280627],[12.8386803,48.0251359],[12.8485396,48.0177086],[12.8502052,48.016211],[12.8537929,48.0124907],[12.8568335,48.0084661],[12.8575364,48.0068549],[12.8593891,47.9991195],[12.8601772,47.99663],[12.8623442,47.9967906],[12.873686,47.9962813],[12.876095,47.9963528],[12.8768135,47.9966131],[12.8821749,47.9952142],[12.8822288,47.9948508],[12.881695,47.9942028],[12.8815824,47.9937958],[12.8819611,47.993664],[12.8830832,47.99374],[12.8832452,47.9935061],[12.8831971,47.9930325],[12.8835804,47.9927279],[12.8838394,47.9927108],[12.8842353,47.9930227],[12.8852081,47.9929456],[12.8855389,47.9927965],[12.8857726,47.9923502],[12.8871962,47.9921368],[12.8889595,47.9915123],[12.8899585,47.9909198],[12.8923371,47.9911212],[12.8922815,47.9914375],[12.8916247,47.9917506],[12.8914725,47.9922232],[12.8916019,47.9925193],[12.8922713,47.9927534],[12.8924587,47.9932944],[12.8919948,47.9939061],[12.8922791,47.9949091],[12.8926169,47.9949386],[12.8930042,47.9945742],[12.8936848,47.9946414],[12.8938479,47.9957263],[12.8940873,47.9962003],[12.8938923,47.9967568],[12.8940614,47.9975467],[12.893823,47.9982361],[12.8947734,47.9984055],[12.8953896,47.9988133],[12.8954584,47.9997172],[12.8966702,48.0003086],[12.8972589,48.0008524],[12.8971843,48.0010816],[12.8967839,48.0013577],[12.8967296,48.0016642],[12.8975095,48.0025123],[12.8975319,48.0028522],[12.8966231,48.003297],[12.8967032,48.0035716],[12.897029,48.0037482],[12.8977404,48.003871],[12.89739,48.0045603],[12.8974732,48.0050853],[12.8979852,48.00565],[12.9013068,48.0061417],[12.902095,48.0064784],[12.9033084,48.0087211],[12.904298,48.0095701],[12.9051373,48.0145612],[12.9055347,48.0149056],[12.9082941,48.0163211],[12.9089119,48.0168671],[12.9097796,48.0211369],[12.9103564,48.0220071],[12.9112779,48.0226333],[12.9126529,48.0229985],[12.916043,48.0226153],[12.9180866,48.0226734],[12.9200491,48.0229889],[12.9212433,48.0234687],[12.9239273,48.0255289],[12.9273978,48.0292424],[12.9319195,48.0326166],[12.9344492,48.0347645],[12.940395,48.03668],[12.9450215,48.0369142],[12.9488646,48.0369134],[12.9492457,48.0368153],[12.9491084,48.0367173],[12.9492406,48.0363195],[12.9501917,48.0341394],[12.9506299,48.0341553],[12.9507047,48.0346699],[12.9510096,48.0350273],[12.9519139,48.0352155],[12.9519323,48.0353548],[12.9527299,48.0353966],[12.9540195,48.0348972],[12.9542195,48.0344176],[12.955392,48.0337989],[12.9561729,48.0331698],[12.9581774,48.0329655],[12.9587717,48.033369],[12.9594819,48.0331619],[12.9597405,48.0333012],[12.9614288,48.032755],[12.9619755,48.0323922],[12.9632815,48.030965],[12.9644533,48.0301311],[12.9656062,48.0287588],[12.9679577,48.0267655],[12.9685075,48.0264753],[12.9685118,48.0262969],[12.9697275,48.025634],[12.9696705,48.0255403],[12.9702469,48.0249618],[12.9705429,48.0249464],[12.9711119,48.0242889],[12.9712445,48.0243103],[12.9712919,48.0239225],[12.9728708,48.023502],[12.9734886,48.0235966],[12.9739398,48.0234321],[12.977426,48.0235426],[12.9783759,48.0238502],[12.9806394,48.0250594],[12.982138,48.0260849],[12.9833038,48.0262128],[12.9842219,48.0265122],[12.9857105,48.0275236],[12.9857218,48.0278146],[12.9862898,48.0278454],[12.9863202,48.027651],[12.9866266,48.0275595],[12.9867878,48.0278883],[12.987222,48.0280326],[12.9874065,48.0282764],[12.9880085,48.0281959],[12.9884225,48.0284066],[12.9886381,48.0281754],[12.9890776,48.0281232],[12.9892601,48.0278829],[12.989511,48.0279982],[12.989667,48.0278333],[12.9896217,48.0280391],[12.989868,48.0281181],[12.9897723,48.0281804],[12.9908294,48.0284988],[12.9914318,48.028261],[12.9931558,48.0280366],[12.9935587,48.0284806],[12.9941376,48.0286327],[12.9948881,48.0291388],[12.9952147,48.0289223],[12.9953886,48.02911],[12.9956977,48.0289884],[12.9960028,48.029162],[12.9964749,48.0290544],[12.9966258,48.0292376],[12.996834,48.0290276],[12.9982935,48.0292119],[12.9988943,48.029205],[12.9989522,48.0290426],[12.9990369,48.0291907],[13.000927,48.0290942],[13.0022852,48.0292795],[13.0031054,48.029889],[13.0043643,48.0302562],[13.0045842,48.0297973],[13.0051084,48.0301591],[13.0057406,48.0303158],[13.0062614,48.031217],[13.0080275,48.031408],[13.0082483,48.0320382],[13.0098864,48.033298],[13.0101108,48.0332896],[13.0101947,48.0338467],[13.0095523,48.0349238],[13.009584,48.0355325],[13.010509,48.035982],[13.012299,48.0365106],[13.0149035,48.0370142],[13.017074,48.0369519],[13.0184237,48.0363252],[13.0196975,48.0353358],[13.0201589,48.0340991],[13.0211507,48.0333642],[13.020952,48.0326299],[13.0221913,48.0325368],[13.0225453,48.032952],[13.0229471,48.0330886],[13.0244553,48.0326295],[13.0254351,48.0327273],[13.0261001,48.0324747],[13.0280617,48.0323725],[13.029015,48.0325066],[13.029902,48.0334851],[13.0298373,48.0337956],[13.0310594,48.0346811],[13.0344991,48.0357601],[13.0345806,48.03634],[13.0357117,48.03739],[13.0355308,48.0377906],[13.0369961,48.0389184],[13.0382685,48.0382804],[13.0392362,48.0389897],[13.0401605,48.0401381],[13.042152,48.0414691],[13.0428827,48.0411218],[13.0441806,48.0409639],[13.0472183,48.0399806],[13.0469495,48.0387411],[13.0465232,48.0379573],[13.0469881,48.0373128],[13.0477291,48.037036],[13.0482177,48.0358947],[13.0479313,48.0351228],[13.0483925,48.0349805],[13.0485753,48.0347345],[13.0482357,48.0345291],[13.0479502,48.0340249],[13.047515,48.0338813],[13.0476106,48.0337187],[13.0471671,48.0333475],[13.0469597,48.03262],[13.0466428,48.0321476],[13.045509,48.0323208],[13.0452825,48.0322117],[13.0450863,48.0307588],[13.0444268,48.0306857],[13.0444561,48.0299366],[13.0441949,48.0294371],[13.0447138,48.0293027],[13.0441066,48.0281185],[13.0471461,48.0277111],[13.0472075,48.0272608],[13.0486894,48.0275467],[13.0489385,48.0277159],[13.0494061,48.0276661],[13.0496516,48.0284047],[13.0505619,48.0286554],[13.0535211,48.0299795],[13.0543157,48.0300998],[13.0547098,48.0299049],[13.0553117,48.0300629],[13.056666,48.0298613],[13.0576931,48.0300225],[13.0577625,48.0298668],[13.0587474,48.0296898],[13.0589604,48.0292427],[13.0586171,48.0289124],[13.0572213,48.0286685],[13.0568683,48.0276466],[13.0562337,48.0276717],[13.0561566,48.026927],[13.0557168,48.0256432],[13.0564928,48.025464],[13.0564727,48.0245154],[13.0571059,48.0236519],[13.0580958,48.0235451],[13.057773,48.0223627],[13.059761,48.0218882],[13.0601385,48.0216522],[13.0602091,48.021397],[13.0611346,48.0211844],[13.0616785,48.0208844],[13.0620278,48.0204991],[13.0620144,48.0202623],[13.0625444,48.0202638],[13.0630771,48.0200179],[13.0632838,48.0190674],[13.0628891,48.0186836],[13.0622802,48.0191171],[13.0607626,48.0189438],[13.0615689,48.0180491],[13.0592061,48.0166885],[13.0588545,48.0163462],[13.0581039,48.0153068],[13.0576473,48.0139872],[13.0576634,48.0132918],[13.0591144,48.0132712],[13.0595192,48.0132187],[13.0594756,48.0130839],[13.0600121,48.0134446],[13.0612554,48.013879],[13.0614277,48.0136942],[13.0622739,48.014324],[13.063024,48.0144274],[13.0635633,48.0153926],[13.0632053,48.0158757],[13.0653656,48.0159294],[13.0653524,48.0157809],[13.0655298,48.0157377],[13.0655345,48.0153618],[13.0658821,48.0152082],[13.0693399,48.0150924],[13.0707802,48.0145439],[13.0730857,48.0158261],[13.0737989,48.0146594],[13.0745416,48.0142608],[13.0750713,48.0132965],[13.0763786,48.0121116],[13.0778358,48.0110997],[13.0759243,48.0105646],[13.0756588,48.0102344],[13.0768282,48.0091183],[13.073391,48.0069295],[13.0734871,48.0065521],[13.0750959,48.0040427],[13.075871,48.0042634],[13.0756323,48.0044582],[13.0756263,48.0046749],[13.0759927,48.0049233],[13.0770848,48.004882],[13.0779014,48.005132],[13.0784057,48.0050226],[13.0783643,48.0046683],[13.0788308,48.0048009],[13.0798025,48.0037751],[13.0800449,48.0038229],[13.0803929,48.0029872],[13.0808732,48.0036382],[13.0812243,48.0027187],[13.0832752,48.0027403],[13.0841407,48.002454],[13.0846505,48.0030263],[13.0854568,48.0034641],[13.0845715,48.0042842],[13.0836743,48.0048459],[13.0848317,48.0053662],[13.0874534,48.0024332],[13.0881944,48.0026364],[13.0897591,48.0035804],[13.0911635,48.0015427],[13.0914167,48.0006317],[13.0903794,48.0001789],[13.0904129,48.000031],[13.0896216,47.9992349],[13.09393,47.9971857],[13.0934912,47.9969884],[13.0933359,47.9967451],[13.094041,47.9958268],[13.0944709,47.9960369],[13.0950276,47.9960541],[13.0952201,47.996326],[13.0957484,47.9965944],[13.0983505,47.9977383],[13.0987619,47.9976807],[13.0996175,47.9979726],[13.1015242,47.9980385],[13.1023781,47.9978319],[13.1044462,47.9965439],[13.1052633,47.9963335],[13.1061638,47.9964957],[13.1056038,47.9958368],[13.1060023,47.9955353],[13.1065202,47.9955544],[13.107373,47.9961912],[13.1078533,47.9962802],[13.1087136,47.9959677],[13.1091472,47.9960748],[13.1092483,47.9962418],[13.1096008,47.9962482],[13.1103241,47.995446],[13.1124767,47.9944486],[13.1134021,47.9938382],[13.1145036,47.9940787],[13.117122,47.995212],[13.1178764,47.9953005],[13.1185739,47.9945763],[13.1203347,47.9951983],[13.1209055,47.9955804],[13.1219868,47.9947306],[13.1242514,47.996181],[13.1234751,47.9945686],[13.1235256,47.9940708],[13.1233781,47.9937052],[13.1223456,47.9921191],[13.1222708,47.9916443],[13.1218974,47.9914238],[13.1218679,47.9910307],[13.1215562,47.990851],[13.1217179,47.9903957],[13.1214203,47.9902015],[13.1212252,47.9896819],[13.1213273,47.9891605],[13.1215568,47.9891225],[13.123215,47.9895155],[13.126091,47.9888198],[13.1284276,47.988779],[13.1301809,47.9883165],[13.1312541,47.9883354],[13.1314991,47.9884973],[13.1314674,47.9895659],[13.1319161,47.9899692],[13.1330772,47.9901119],[13.1344361,47.9905911],[13.1359989,47.9907496],[13.1394971,47.9919639],[13.1410648,47.9920394],[13.1410326,47.9927096],[13.1414212,47.9930788],[13.1472276,47.9951726],[13.1496836,47.9948319],[13.1502745,47.9943248],[13.1511657,47.9930375],[13.1512381,47.9925432],[13.150983,47.9919767],[13.1504791,47.9914902],[13.149427,47.9912263],[13.1464687,47.9897424],[13.1460467,47.9888742],[13.1459364,47.9872028],[13.1455113,47.9865121],[13.1430979,47.985508],[13.1412399,47.9850555],[13.1401034,47.984951],[13.1406242,47.9845982],[13.1407386,47.9840677],[13.140512,47.9839253],[13.1405751,47.9835048],[13.1407333,47.9834473],[13.1405918,47.9832494],[13.1407028,47.9825688],[13.141144,47.9820695],[13.14118,47.9817459],[13.1414732,47.9815349],[13.1403176,47.9809271],[13.1418427,47.9780507],[13.1438708,47.9781981],[13.1446145,47.976405],[13.1466552,47.9771448],[13.1468901,47.9769961],[13.1441977,47.9759685],[13.1448596,47.974372],[13.1451759,47.9743455],[13.1454341,47.9744299],[13.1453443,47.9745741],[13.145807,47.9746433],[13.1470405,47.9735353],[13.1478219,47.9732331],[13.1469077,47.9718324],[13.1467669,47.9708209],[13.1462307,47.9700119],[13.14751,47.9698715],[13.1485709,47.9700087],[13.1491943,47.97029],[13.1511021,47.9705981],[13.1510991,47.9708754],[13.1514965,47.9710291],[13.1519893,47.9707443],[13.1535465,47.9717592],[13.1539814,47.9718887],[13.1546309,47.9727522],[13.1567214,47.9733868],[13.1570294,47.9737667],[13.1572524,47.9735849],[13.158228,47.9735115],[13.1591401,47.9744583],[13.1601838,47.9744808],[13.1611205,47.97506],[13.1634886,47.9753457],[13.164729,47.9757569],[13.1660301,47.9759256],[13.1668365,47.9758],[13.1669791,47.9753879],[13.1665341,47.9749464],[13.1673168,47.9744319],[13.1673335,47.9741567],[13.1671795,47.9740353],[13.1706785,47.9734685],[13.1722244,47.9737647],[13.1732843,47.973766],[13.1743865,47.9736048],[13.1765556,47.9736288],[13.1771797,47.973427],[13.1776694,47.9741174],[13.1784499,47.9742271],[13.179776,47.9736336],[13.1801657,47.9738593],[13.1805111,47.9738337],[13.1815795,47.9731534],[13.1827171,47.9730432],[13.1834281,47.973171],[13.1837564,47.9729704],[13.1844833,47.9732493],[13.185595,47.9732704],[13.1878979,47.9738138],[13.1898386,47.9737512],[13.1916133,47.9741175],[13.1934892,47.9742883],[13.1970035,47.9739415],[13.1986794,47.9741725],[13.1982583,47.9750616],[13.1983251,47.9755095],[13.1981189,47.9758828],[13.2022484,47.9774566],[13.202481,47.9778045],[13.206033,47.978166],[13.2064031,47.9785395],[13.2069158,47.9787608],[13.2073097,47.9793439],[13.2086723,47.9792403],[13.2098773,47.9789427],[13.2106481,47.9790309],[13.2116795,47.9796096],[13.2125294,47.9802308],[13.211573,47.9805217],[13.2117597,47.981289],[13.2116753,47.9824186],[13.2135946,47.9823767],[13.2137213,47.9821737],[13.2145374,47.9820357],[13.2146564,47.9817749],[13.2144719,47.9817105],[13.2146112,47.9815491],[13.2149727,47.9816057],[13.2150919,47.9814627],[13.2159287,47.9813269],[13.2162705,47.9813777],[13.216416,47.981881],[13.2166982,47.982131],[13.2187925,47.982452],[13.2193844,47.9827931],[13.2212004,47.9825853],[13.2217333,47.9829815],[13.2223741,47.9831536],[13.2236903,47.9839995],[13.2241542,47.9845661],[13.2243832,47.9852542],[13.2239826,47.986548],[13.2245056,47.9873155],[13.2244059,47.9874086],[13.2245974,47.9878387],[13.2254895,47.9882133],[13.2267801,47.987526],[13.2272974,47.9876903],[13.2291053,47.9872592],[13.2316014,47.9875848],[13.2325592,47.9875426],[13.2339069,47.9877982],[13.2338656,47.9882687],[13.2345089,47.9884181],[13.2346576,47.9895892],[13.2362422,47.9891109],[13.2366955,47.9887796],[13.2395231,47.9907132],[13.2426922,47.991984],[13.2433689,47.9914982],[13.2444769,47.991255],[13.244327,47.9916004],[13.2444451,47.9916147],[13.2459987,47.9901324],[13.2463693,47.990007],[13.2468742,47.9903015],[13.2469486,47.9905099],[13.2476883,47.9897057],[13.248136,47.9898728],[13.2483414,47.9897848],[13.2481264,47.9910973],[13.2493493,47.9908268],[13.250653,47.9925388],[13.2510849,47.9926096],[13.252472,47.9926888],[13.2541095,47.9923642],[13.2569769,47.9912007],[13.257555,47.992143],[13.2597238,47.9928117],[13.2654695,47.9935663],[13.2654337,47.993714],[13.2658217,47.9939444],[13.2674173,47.9945676],[13.267266,47.9950129],[13.2675111,47.9950795],[13.267036,47.9960804],[13.2683176,47.9961073],[13.2697095,47.9958162],[13.2718352,47.9964235],[13.2714715,47.9969167],[13.2741956,47.9977161],[13.2750605,47.9978255],[13.2760179,47.9974726],[13.2778872,47.996273],[13.2791804,47.9964492],[13.279304,47.9964992],[13.2792852,47.9968724],[13.2806633,47.9971365],[13.2815416,47.9969168],[13.2824247,47.9969632],[13.2821604,47.9976089],[13.2812879,47.9983469],[13.2813229,47.9984973],[13.2822646,47.9987282],[13.2801701,48.0008882],[13.2813955,48.0017359],[13.281569,48.0020739],[13.2825991,48.002932],[13.2823827,48.0034222],[13.2809376,48.0049816],[13.2813906,48.005147],[13.282331,48.0051795],[13.282444,48.0060415],[13.2836588,48.0070489],[13.2852969,48.007822],[13.2860517,48.0079199],[13.2872926,48.0084286],[13.2877497,48.0095656],[13.2907207,48.0096129],[13.2911362,48.0093726],[13.2914807,48.0083737],[13.2938775,48.0087325],[13.2952064,48.0072704],[13.2953889,48.0073386],[13.2948951,48.0089138],[13.2950029,48.010219],[13.2958745,48.01054],[13.2968391,48.0106414],[13.30038,48.0103892],[13.3023103,48.0095707],[13.3025314,48.0094135],[13.3026157,48.0090391],[13.3042554,48.0083019],[13.3039326,48.0078693],[13.3037685,48.0070691],[13.3028312,48.0069789],[13.3033876,48.0042358],[13.3042102,48.0045438],[13.3043497,48.0035809],[13.3010625,48.0032501],[13.298275,48.0024817],[13.3002106,48.001213],[13.2998548,47.9997901],[13.299849,47.9991219],[13.3000062,47.9985845],[13.3006766,47.9974698],[13.3005917,47.9968947],[13.3012368,47.9955961],[13.3011429,47.9953715],[13.3020251,47.9956041],[13.3026225,47.9954722],[13.3069305,47.995444],[13.3071479,47.9945704],[13.308488,47.9948572],[13.3086038,47.9928962],[13.3111007,47.9929719],[13.3148704,47.9924235],[13.3164131,47.992356],[13.3212875,47.9924147],[13.3214933,47.9916385],[13.3211418,47.9905762],[13.3216703,47.9903097],[13.3231279,47.9918463],[13.3238828,47.9922709],[13.3257975,47.9918994],[13.3265652,47.9915744],[13.3267402,47.9911042],[13.3280864,47.9905652],[13.3279646,47.9903357],[13.3288379,47.9900717],[13.3301288,47.9893676],[13.3302719,47.9882771],[13.330624,47.9873719],[13.3335157,47.9869984],[13.3356167,47.9873442],[13.3364846,47.9862173],[13.3372988,47.9854609],[13.3391784,47.9841741],[13.3414944,47.9834011],[13.342578,47.9832322],[13.3442012,47.9831909],[13.3459099,47.983454],[13.3463571,47.9827634],[13.3471385,47.9823383],[13.3479728,47.9821448],[13.3486034,47.9811572],[13.3497254,47.9807769],[13.3496351,47.9806171],[13.3497917,47.9804266],[13.3503353,47.9802508],[13.3504285,47.9800932],[13.3503192,47.9799475],[13.3509404,47.9793369],[13.351442,47.9795201],[13.3515879,47.9792797],[13.3522,47.9790585],[13.3527369,47.978582],[13.3534007,47.9785416],[13.3534231,47.9782809],[13.354048,47.9782954],[13.354622,47.9779435],[13.354939,47.9778858],[13.3549659,47.9781953],[13.3563237,47.9782523],[13.3571104,47.9780344],[13.3572262,47.977863],[13.3584875,47.9776669],[13.3591224,47.9780474],[13.3594312,47.9779255],[13.3598791,47.9780759],[13.3601648,47.9779425],[13.3609853,47.9781393],[13.3617626,47.9780253],[13.3621582,47.9776674],[13.3632319,47.9776221],[13.3633226,47.9777477],[13.3640001,47.9775959],[13.3645995,47.9774098],[13.3645581,47.9771977],[13.3656684,47.9770908],[13.365328,47.9769086],[13.3653742,47.9768036],[13.3661992,47.9769469],[13.3673902,47.9765281],[13.3676038,47.9763194],[13.3683024,47.9765952],[13.3692486,47.976654],[13.3692867,47.9770495],[13.3697475,47.9771163],[13.3707411,47.9771773],[13.3711751,47.9770268],[13.3712989,47.9768319],[13.3715404,47.9768473],[13.3714209,47.9765601],[13.371631,47.9761212],[13.3716079,47.9754432],[13.3719099,47.9744728],[13.3718698,47.9738016],[13.3724611,47.9728251],[13.3716574,47.9719809],[13.3698216,47.9713399],[13.3701664,47.9710757],[13.3704597,47.9705516],[13.3708817,47.9693635],[13.3707657,47.9689447],[13.3712529,47.9687185],[13.371821,47.9674591],[13.3725741,47.9668628],[13.3734292,47.9658088],[13.3717856,47.9642892],[13.3707551,47.9635695],[13.3679277,47.962372],[13.3683121,47.9620725],[13.367971,47.9618678],[13.3675241,47.9620499],[13.3675848,47.962161],[13.3670422,47.9618387],[13.3671926,47.9617195],[13.3669275,47.9617923],[13.3665965,47.961654],[13.3652871,47.9605565],[13.365024,47.960068],[13.3658391,47.9590013],[13.3671608,47.9579331],[13.3662645,47.9574549],[13.3644927,47.9577653],[13.3638072,47.9575672],[13.3632443,47.9571419],[13.3624429,47.9568868],[13.3608118,47.9555673],[13.3607995,47.9552432],[13.3610698,47.9547942],[13.360677,47.9543196],[13.3607878,47.9533692],[13.3609684,47.9530643],[13.3617138,47.9527934],[13.3611684,47.9504487],[13.3615174,47.9497831],[13.3621473,47.9491709],[13.3626346,47.9469598],[13.3629701,47.9461567],[13.3615889,47.9448917],[13.3622937,47.9448726],[13.3631233,47.9440809],[13.3606546,47.9431177],[13.3596857,47.9429493],[13.3596711,47.943172],[13.3593542,47.9429203],[13.3591005,47.9430375],[13.358757,47.9421655],[13.3589687,47.9415151],[13.3588755,47.9413979],[13.3591733,47.9408594],[13.3585413,47.9406877],[13.3585455,47.939761],[13.3582259,47.9396554],[13.3577887,47.9396798],[13.3569833,47.9403414],[13.356749,47.9408809],[13.3558471,47.9409565],[13.3552071,47.9413018],[13.3538054,47.9414713],[13.3516187,47.941203],[13.3510129,47.9416202],[13.3504855,47.9417208],[13.3502945,47.9415375],[13.3496241,47.9416743],[13.3491483,47.9425144],[13.3485298,47.9429524],[13.3467687,47.9435777],[13.3461194,47.9446304],[13.344364,47.9441974],[13.3437505,47.9439282],[13.343366,47.9435446],[13.342525,47.9433121],[13.3418665,47.9432562],[13.3401505,47.9435146],[13.339601,47.943895],[13.3387189,47.9467063],[13.3378893,47.9476757],[13.3382789,47.9478833],[13.3385478,47.9484848],[13.3387926,47.9485594],[13.3385472,47.949292],[13.3390051,47.9498325],[13.339848,47.9504323],[13.3400564,47.9511087],[13.3410976,47.9518017],[13.3400145,47.9526034],[13.3382825,47.9532542],[13.3372803,47.954204],[13.3352452,47.953812],[13.3337333,47.9540707],[13.3326999,47.9551034],[13.3318612,47.9556264],[13.3301291,47.9560303],[13.3286614,47.9562017],[13.3263478,47.9560774],[13.3257037,47.9566621],[13.3239724,47.9569925],[13.318734,47.9571873],[13.3156695,47.9576432],[13.3131346,47.9577698],[13.311067,47.9608169],[13.3086467,47.9628551],[13.3075379,47.9640147],[13.3059392,47.9635787],[13.3054701,47.9641919],[13.2993966,47.9630349],[13.2979374,47.9625796],[13.2957446,47.9615024],[13.2960306,47.9614541],[13.2959779,47.9612272],[13.294927,47.9605845],[13.294781,47.960234],[13.2938883,47.9602271],[13.2911908,47.9606842],[13.2906939,47.960126],[13.2898939,47.9604381],[13.2897144,47.9600073],[13.2879335,47.9594943],[13.287382,47.9585914],[13.2861731,47.9576841],[13.2859629,47.9568988],[13.2837836,47.9560287],[13.2811353,47.9553241],[13.2802893,47.9547157],[13.282076,47.9539082],[13.2822546,47.953311],[13.2813939,47.9519924],[13.2800295,47.9506701],[13.2780689,47.9497214],[13.2778189,47.947266],[13.2781666,47.9445107],[13.2788735,47.9444433],[13.2796769,47.9437084],[13.2808178,47.9435551],[13.2805084,47.9427512],[13.2811168,47.9426164],[13.2809832,47.9418477],[13.2806776,47.9412477],[13.2807316,47.9401769],[13.2811695,47.9388107],[13.282092,47.937069],[13.2808818,47.9368324],[13.282117,47.9353163],[13.2827827,47.9340095],[13.2843612,47.9318254],[13.2845345,47.9307837],[13.2850336,47.9299435],[13.2852344,47.9292401],[13.2853074,47.9281858],[13.285102,47.9278192],[13.2839745,47.9274438],[13.2829449,47.9266677],[13.2820829,47.9264676],[13.28164,47.9260441],[13.2827845,47.9240104],[13.282939,47.9234047],[13.2828669,47.9228128],[13.282358,47.9222446],[13.2783783,47.9212726],[13.2775632,47.9205874],[13.2776635,47.9202822],[13.2785604,47.9196333],[13.2788433,47.9192375],[13.2795105,47.9178431],[13.2797669,47.917645],[13.2799977,47.916772],[13.2803764,47.916576],[13.2812645,47.9154075],[13.2823949,47.9143008],[13.2818698,47.913643],[13.2818819,47.913009],[13.2813567,47.9123971],[13.281914,47.9099338],[13.2811138,47.909341],[13.2808203,47.9083515],[13.2802736,47.907707],[13.2797268,47.9074574],[13.2793213,47.9069186],[13.2798132,47.9055135],[13.2811281,47.9046352],[13.2806773,47.9030261],[13.2806328,47.9020191],[13.2803534,47.9015482],[13.280356,47.9008669],[13.2800634,47.9006165],[13.2803075,47.8999224],[13.2810194,47.8991736],[13.2811908,47.8972166],[13.280858,47.8964861],[13.2808375,47.8958356],[13.2804979,47.8952369],[13.2780001,47.8937295],[13.2771684,47.8937526],[13.2753517,47.8942183],[13.2747684,47.8941524],[13.2730632,47.8932687],[13.2715703,47.8921341],[13.2701151,47.8914259],[13.2706105,47.8897752],[13.271234,47.8889264],[13.2714347,47.8880803],[13.2715251,47.8863411],[13.2731076,47.8858595],[13.2759541,47.8841636],[13.2764882,47.8835467],[13.2767026,47.8830176],[13.2768476,47.8823055],[13.276734,47.8818522],[13.2759152,47.880434],[13.2754193,47.8785958],[13.2759016,47.8770408],[13.2790885,47.8762608],[13.280125,47.8754793],[13.2808507,47.8743499],[13.2819991,47.8737222],[13.2841687,47.8732505],[13.2851516,47.8727816],[13.2847822,47.8721879],[13.2847276,47.87143],[13.2861425,47.87085],[13.2870474,47.8700312],[13.2886555,47.8691669],[13.2886566,47.8680181],[13.2888925,47.8671219],[13.2903335,47.8661852],[13.2906553,47.8655165],[13.2910509,47.8651272],[13.2933236,47.8638889],[13.292765,47.8632852],[13.2928187,47.8626495],[13.2923393,47.8619271],[13.2927472,47.8617766],[13.2930333,47.8614569],[13.2931785,47.8607123],[13.2935351,47.8601231],[13.2935723,47.859583],[13.2937945,47.8592289],[13.2940975,47.8590975],[13.2956378,47.856995],[13.2957284,47.8560297],[13.2947468,47.8560189],[13.2936042,47.8563645],[13.292857,47.8562421],[13.2920097,47.8564291],[13.2910059,47.8561274],[13.2885917,47.8558569],[13.2874219,47.8555639],[13.2877035,47.8552949],[13.2876015,47.8546395],[13.2874144,47.8544132],[13.2874534,47.854079],[13.2881099,47.8530795],[13.2902906,47.8523669],[13.2909441,47.852324],[13.2915115,47.8517407],[13.2916062,47.8514298],[13.2913655,47.8510373],[13.2912189,47.850158],[13.2916063,47.8485027],[13.2914245,47.8482831],[13.2891205,47.8471508],[13.2888529,47.8468601],[13.2880257,47.8467888],[13.2867974,47.8461672],[13.2845387,47.8460877],[13.2841283,47.8448095],[13.2840045,47.8442402],[13.2841905,47.8421476],[13.2854955,47.8422228],[13.2873659,47.8425808],[13.2881562,47.8424931],[13.2879399,47.8384738],[13.2879648,47.8382653],[13.2881916,47.8382673],[13.2883087,47.8362138],[13.2884785,47.8357555],[13.2872107,47.8356631],[13.2868021,47.8352066],[13.286873,47.8348736],[13.286651,47.8346056],[13.2869932,47.8330924],[13.2863439,47.8310783],[13.2864124,47.8302304],[13.2880642,47.8290311],[13.2889994,47.8290489],[13.2896407,47.8287017],[13.2893114,47.8278453],[13.2895421,47.8262805],[13.2898319,47.8254546],[13.2897115,47.8243721],[13.292304,47.824735],[13.2938439,47.8247527],[13.2968185,47.8241942],[13.2990805,47.8233442],[13.3000869,47.8233776],[13.3009065,47.8230636],[13.3037295,47.8225429],[13.3041325,47.8222467],[13.3039991,47.8216619],[13.3051995,47.8209388],[13.3080157,47.8216947],[13.3090732,47.8216037],[13.3096183,47.8213718],[13.3107093,47.8197537],[13.3109245,47.8178066],[13.3117983,47.8154032],[13.3114147,47.8141671],[13.3114496,47.813726],[13.3122053,47.812829],[13.315625,47.8123963],[13.3167911,47.8124154],[13.3181446,47.8127451],[13.3189696,47.8126729],[13.3219366,47.8131321],[13.3222384,47.8130225],[13.3227454,47.8124779],[13.3242006,47.8127139],[13.3294611,47.8125928],[13.333997,47.8129757],[13.3359062,47.8128921],[13.3365531,47.8133129],[13.3379385,47.8134496],[13.3406178,47.8127465],[13.341982,47.813159],[13.3425979,47.81306],[13.3432693,47.8133395],[13.3441151,47.8132902],[13.3452775,47.8129305],[13.348019,47.8139163],[13.349678,47.8125357],[13.3509619,47.8099408],[13.365669,47.8055718],[13.3687023,47.8023817],[13.3723613,47.8011205],[13.3729603,47.8011145],[13.3737124,47.8008771],[13.3743312,47.8004225],[13.3748149,47.7997972],[13.3767658,47.7996975],[13.3825287,47.7980118],[13.3844401,47.7978761],[13.3873209,47.7968349],[13.3871712,47.7963749],[13.3872407,47.795747],[13.3881737,47.7955202],[13.3883806,47.7947643],[13.389297,47.7942763],[13.3898349,47.7942221],[13.3902054,47.7945723],[13.390848,47.7945941],[13.3913458,47.7948644],[13.3923343,47.7947832],[13.3926078,47.7946222],[13.3931871,47.7947486],[13.3934188,47.7948434],[13.3936617,47.7952579],[13.3938815,47.7952949],[13.3943316,47.7952845],[13.3947588,47.7950462],[13.3948134,47.795284],[13.3945844,47.7957877],[13.3947385,47.7960597],[13.3951865,47.7961742],[13.3955145,47.7960247],[13.3960279,47.7960931],[13.3959324,47.796474],[13.3980794,47.7978948],[13.3985514,47.7984798],[13.3995966,47.7987515],[13.4002659,47.799228],[13.4019538,47.7996974],[13.4053754,47.799355],[13.4066325,47.7990286],[13.4071726,47.7983716],[13.4087481,47.7987403],[13.4102702,47.7988626],[13.4123853,47.7986471],[13.414115,47.7988813],[13.4156502,47.7986847],[13.4164486,47.7988333],[13.4185109,47.7988278],[13.4212345,47.799366],[13.4223319,47.7993311],[13.4234882,47.7996408],[13.4251246,47.8010928],[13.4288976,47.8011],[13.4314333,47.8009265],[13.4313483,47.8007218],[13.4315808,47.8001547],[13.4328912,47.7999653],[13.4361326,47.8003771],[13.4379876,47.8013355],[13.4421833,47.8024221],[13.4433444,47.8025006],[13.4433805,47.8022924],[13.4450225,47.8019387],[13.4460475,47.802249],[13.4467034,47.8022261],[13.4506054,47.80356],[13.4504176,47.803742],[13.4513195,47.8041991],[13.4536131,47.8035548],[13.4547507,47.8029291],[13.4553029,47.8028446],[13.4565505,47.803013],[13.4589198,47.802931],[13.4596042,47.803224],[13.4599529,47.8036672],[13.4626471,47.80376],[13.4638105,47.8036186],[13.4644938,47.802792],[13.4649202,47.8027196],[13.4660683,47.8037438],[13.4671299,47.8039878],[13.4675443,47.8038945],[13.4681108,47.8034825],[13.4708058,47.8028723],[13.4724942,47.8026597],[13.4752918,47.8019607],[13.4771626,47.8007671],[13.4787438,47.8005139],[13.4791247,47.8005833],[13.481017,47.8017265],[13.48154,47.8019062],[13.4820686,47.8018559],[13.4825084,47.801663],[13.4820483,47.8007563],[13.4820725,47.8003914],[13.4832969,47.7999653],[13.4832195,47.7998608],[13.4837321,47.7994347],[13.4834672,47.7988735],[13.4834568,47.798366],[13.4836576,47.7982726],[13.483659,47.7978709],[13.4839251,47.7975081],[13.4841219,47.7934964],[13.4845208,47.7925652],[13.4851038,47.7920119],[13.4853533,47.7916731],[13.4853975,47.7913015],[13.4859141,47.7907849],[13.4873334,47.7903359],[13.487986,47.7896749],[13.4901964,47.7891633],[13.4909841,47.7894054],[13.4922788,47.7911299],[13.4925898,47.7913155],[13.4942859,47.7916176],[13.4950335,47.7919852],[13.4963189,47.791344],[13.4964644,47.7909189],[13.4974543,47.7903842],[13.4979026,47.7898144],[13.4978414,47.7895344],[13.4988457,47.7892301],[13.5033615,47.7894371],[13.5039293,47.7897222],[13.507043,47.7905519],[13.507896,47.7909359],[13.508999,47.7924663],[13.5088545,47.792517],[13.5089656,47.7931933],[13.5087587,47.7941205],[13.5090403,47.7951908],[13.5109709,47.7969609],[13.5124462,47.7970158],[13.5144856,47.7966384],[13.514967,47.7962001],[13.5152583,47.7962838],[13.5158658,47.7960145],[13.5178409,47.7968946],[13.5187412,47.7970784],[13.5196028,47.797053],[13.5209544,47.7975968],[13.52371,47.7973742],[13.5258614,47.7974062],[13.5266694,47.7972048],[13.5283138,47.7973338],[13.5294742,47.7970255],[13.5293671,47.7965795],[13.5287651,47.7955],[13.5268754,47.7932387],[13.5278985,47.7932232],[13.5290696,47.7934627],[13.5299865,47.7923951],[13.5314091,47.7917662],[13.5317383,47.79132],[13.5321375,47.7899042],[13.5330782,47.7890722],[13.5335635,47.7884185],[13.5337045,47.78793],[13.535148,47.7867348],[13.5364852,47.7858883],[13.5366764,47.785119],[13.5370796,47.7844609],[13.5376093,47.7842507],[13.5384534,47.7831177],[13.5386942,47.782341],[13.5370263,47.781043],[13.5369382,47.7792007],[13.5355309,47.777442],[13.5353847,47.7761369],[13.5286448,47.7747933],[13.5268016,47.7740729],[13.5241011,47.7743311],[13.5223756,47.773678],[13.5202626,47.7732488],[13.5192691,47.772798],[13.5152415,47.7720122],[13.5128123,47.7733252],[13.5116259,47.7741483],[13.5104967,47.7738779],[13.5081717,47.7738031],[13.5055093,47.7743717],[13.5005376,47.7761566],[13.4989674,47.7779392],[13.4938474,47.7798561],[13.4937317,47.7797056],[13.4920366,47.7800084],[13.4896365,47.780725],[13.4865434,47.7821712],[13.4851812,47.7819505],[13.4852456,47.7817414],[13.4846689,47.781599],[13.4843655,47.7818002],[13.4838297,47.7817889],[13.4835021,47.7820378],[13.4814451,47.7823207],[13.4804848,47.7821597],[13.4793154,47.7823399],[13.4783605,47.7822606],[13.476126,47.7830855],[13.4761573,47.7833334],[13.4755752,47.7840687],[13.4736688,47.7845358],[13.471934,47.7856272],[13.4680823,47.7862328],[13.4652714,47.7861463],[13.4640054,47.7840485],[13.4619778,47.782591],[13.4619669,47.7823111],[13.460643,47.7812392],[13.4598357,47.7809688],[13.4591115,47.7793755],[13.4587521,47.7793575],[13.4577719,47.7779421],[13.4560727,47.7772571],[13.4534748,47.7755732],[13.4519594,47.7751009],[13.4472232,47.7725064],[13.4471566,47.7722529],[13.446312,47.7720025],[13.4445401,47.7674082],[13.4442107,47.7660157],[13.4438351,47.765345],[13.4434398,47.7632095],[13.4436777,47.7627421],[13.4431715,47.7618284],[13.4435669,47.7610683],[13.4450732,47.7593744],[13.445033,47.7589218],[13.4444322,47.757391],[13.4438134,47.7562571],[13.4431085,47.7555418],[13.4428269,47.7550278],[13.4427944,47.7543822],[13.442092,47.7534319],[13.4414415,47.7519884],[13.4409627,47.7514411],[13.4408313,47.7507215],[13.4414641,47.7499676],[13.4413353,47.7495384],[13.4405376,47.7489821],[13.4403123,47.74846],[13.4395921,47.7480118],[13.4393843,47.7477124],[13.4382403,47.7474266],[13.4379533,47.7469568],[13.4379278,47.7466312],[13.4381625,47.746339],[13.4379721,47.7459332],[13.4381397,47.7456591],[13.4380794,47.7453223],[13.4385923,47.7447681],[13.4383221,47.7442839],[13.4386504,47.7438638],[13.4385287,47.7434447],[13.4377709,47.7428193],[13.4374812,47.7423657],[13.4373739,47.741591],[13.4376462,47.7410688],[13.4363641,47.7401137],[13.4360932,47.7394932],[13.4364197,47.73906],[13.4362742,47.7385508],[13.4765928,47.7241934],[13.4829703,47.7227474],[13.4863646,47.7220788],[13.4864054,47.7221855],[13.4936168,47.7227011],[13.4978116,47.7228504],[13.5003064,47.7224885],[13.5045251,47.7215789],[13.5058227,47.7214724],[13.50636,47.7212071],[13.5066005,47.7208811],[13.5066875,47.7205477],[13.5065359,47.720193],[13.50559,47.7195804],[13.504122,47.7191199],[13.5039175,47.7188288],[13.5047702,47.7181505],[13.5063028,47.7177676],[13.5111006,47.7176632],[13.5115192,47.717853],[13.512234,47.7187625],[13.5127523,47.718887],[13.5148362,47.7185548],[13.517059,47.7189178],[13.5212007,47.7186447],[13.5219534,47.7184707],[13.5250405,47.7170329],[13.5258788,47.7167888],[13.5269613,47.716821],[13.529556,47.7174602],[13.5304533,47.7175028],[13.5321731,47.7169156],[13.5380198,47.7157504],[13.5420871,47.7154605],[13.5434945,47.715207],[13.5482153,47.7138922],[13.5496307,47.713854],[13.5508672,47.7141175],[13.550503,47.7123423],[13.5496617,47.7120734],[13.5495058,47.7117788],[13.5497857,47.7113654],[13.5487389,47.7107251],[13.5485454,47.7099762],[13.5492044,47.7096527],[13.5488481,47.7091953],[13.549014,47.7088179],[13.5479245,47.70844],[13.5475463,47.7081306],[13.5476824,47.7075974],[13.5469007,47.7063033],[13.546892,47.7057632],[13.5461317,47.7049464],[13.5462198,47.704283],[13.5460935,47.7040254],[13.5464074,47.7029618],[13.5459264,47.7024037],[13.5452709,47.7020136],[13.5440076,47.7017819],[13.5431141,47.700717],[13.5430125,47.7003182],[13.5399827,47.699077],[13.5393438,47.6985948],[13.5387966,47.698495],[13.538195,47.6979408],[13.538253,47.6976283],[13.5374256,47.6971057],[13.5356416,47.6953129],[13.5356225,47.6950041],[13.5351762,47.6943573],[13.5354023,47.6939572],[13.5348934,47.6931638],[13.5344949,47.6929612],[13.5345222,47.692629],[13.53397,47.692352],[13.5340244,47.6919852],[13.5335233,47.6904662],[13.5336044,47.6900869],[13.5333618,47.6896951],[13.5336792,47.6895155],[13.5335194,47.689115],[13.5336368,47.6883126],[13.5334767,47.6877706],[13.5338059,47.6869107],[13.5334507,47.6848081],[13.5336933,47.6843759],[13.5330985,47.6832553],[13.532634,47.6827284],[13.5287965,47.6805358],[13.5272618,47.6800853],[13.5261739,47.6801371],[13.52279,47.6796493],[13.5216769,47.6788204],[13.5192198,47.6776989],[13.5182877,47.6769572],[13.5169437,47.6755337],[13.5148593,47.6763856],[13.5128426,47.6766836],[13.5116058,47.6774365],[13.509092,47.6763454],[13.5058911,47.6723668],[13.5000366,47.6689918],[13.4994452,47.6677986],[13.4988962,47.6677273],[13.4994074,47.6669495],[13.5008287,47.6655514],[13.501098,47.664831],[13.5003944,47.6589211],[13.4991633,47.6576136],[13.497458,47.6548458],[13.4944968,47.6510622],[13.4920168,47.6493399],[13.4897123,47.6464643],[13.490628,47.6439247],[13.4876194,47.6419348],[13.4840987,47.6415472],[13.4844168,47.6400951],[13.4842457,47.6377981],[13.4859175,47.6353549],[13.4859574,47.6338665],[13.4878302,47.6328564],[13.4889057,47.6318582],[13.4898641,47.6303315],[13.4906221,47.6303955],[13.4920144,47.6308438],[13.4931527,47.6304367],[13.496114,47.6303194],[13.4980397,47.6309141],[13.4994101,47.6306337],[13.4995691,47.6302704],[13.5006348,47.6301437],[13.5020936,47.6287954],[13.505378,47.6290044],[13.5113164,47.6319158],[13.5131276,47.6326591],[13.5131226,47.6316826],[13.5148354,47.6310327],[13.51842,47.6286328],[13.5178717,47.62769],[13.5176652,47.6264543],[13.5178637,47.6254959],[13.5202929,47.6243496],[13.5202767,47.6231757],[13.5232992,47.6183336],[13.5205972,47.6150954],[13.5185645,47.6134764],[13.5174524,47.6119834],[13.5145388,47.6108148],[13.514093,47.6090729],[13.5063216,47.6007543],[13.506189,47.5985935],[13.5065358,47.5968],[13.5063296,47.596236],[13.5059689,47.5957073],[13.5054425,47.5953995],[13.5052152,47.5948584],[13.5053773,47.5924072],[13.5056683,47.5911274],[13.5059517,47.5900872],[13.5070754,47.587441],[13.5052684,47.5819881],[13.4991083,47.5811382],[13.4909592,47.5770419],[13.4825151,47.5712884],[13.4783282,47.5681322],[13.4805836,47.5641824],[13.4814943,47.56094],[13.4813414,47.5599409],[13.4815956,47.5596206],[13.4824644,47.5595941],[13.4831073,47.55934],[13.484126,47.5584152],[13.4834166,47.5576353],[13.4830167,47.5566216],[13.4836481,47.5539851],[13.4847631,47.5528289],[13.4842365,47.5503805],[13.48347,47.549217],[13.4808615,47.5483614],[13.4802905,47.5477457],[13.4789113,47.54741],[13.4787034,47.5470544],[13.479176,47.546487],[13.4786221,47.5457733],[13.4783094,47.5447859],[13.4776222,47.5442154],[13.4753735,47.5431185],[13.4770305,47.5422196],[13.4767508,47.5412525],[13.4767492,47.5396336],[13.4772891,47.5384052],[13.4771834,47.536599],[13.4780943,47.5353882],[13.4766829,47.5335362],[13.4762071,47.532381],[13.4769691,47.5316366],[13.4767379,47.5303209],[13.4774439,47.5298832],[13.4771644,47.5294411],[13.4791626,47.5273431],[13.4790913,47.5268932],[13.4796052,47.5255185],[13.4813751,47.52428],[13.4813373,47.5228169],[13.4832728,47.5213008],[13.4869925,47.5196133],[13.4900536,47.513258],[13.4949785,47.5131691],[13.4962778,47.5125495],[13.5020258,47.511714],[13.506423,47.5080684],[13.5134257,47.503069],[13.5161036,47.4981848],[13.5161752,47.4965062],[13.5203037,47.4943357],[13.5216486,47.494165],[13.5230262,47.4944684],[13.5278895,47.4945661],[13.5328341,47.4950179],[13.534313,47.4949312],[13.5345566,47.4942678],[13.5351452,47.4934496],[13.5401361,47.4910925],[13.5438798,47.4902155],[13.5477004,47.4900561],[13.5535205,47.4871606],[13.5552109,47.4860961],[13.5575245,47.486138],[13.5587755,47.4859565],[13.5602131,47.4851356],[13.5615724,47.4834631],[13.5627922,47.4834191],[13.5682323,47.482503],[13.5732271,47.4803919],[13.5752233,47.4781719],[13.5813402,47.4756955],[13.585666,47.474799],[13.587453,47.473481],[13.58902,47.473034],[13.589678,47.473025],[13.590923,47.473557],[13.5929833,47.4740223],[13.59537,47.474983],[13.5957172,47.4753662],[13.596206,47.475603],[13.596813,47.475163],[13.598678,47.474282],[13.60139,47.474032],[13.602527,47.474115],[13.604022,47.47458],[13.60455,47.47495],[13.6056844,47.4751948],[13.6062298,47.4750056],[13.6100274,47.4751442],[13.6123466,47.473739],[13.6125759,47.4732932],[13.6131237,47.4734597],[13.6141907,47.4727799],[13.6166768,47.4722749],[13.6171116,47.472317],[13.6179029,47.4728293],[13.6184241,47.4727662],[13.6187043,47.471844],[13.6192027,47.4715456],[13.6234277,47.4705035],[13.6254291,47.4693374],[13.6255978,47.468622],[13.6262106,47.4678615],[13.6261126,47.4674413],[13.628416,47.467237],[13.630394,47.466366],[13.633726,47.466005],[13.635627,47.466372],[13.639625,47.46652],[13.667663,47.462696],[13.705578,47.4639074],[13.7110344,47.4624769],[13.7125582,47.4612213],[13.7168269,47.461112],[13.7206152,47.462046],[13.7225591,47.4621112],[13.7200276,47.4675479],[13.7188531,47.4695257],[13.7172698,47.4736484],[13.7177739,47.4760287],[13.7194637,47.480362],[13.7227368,47.4848532],[13.7257757,47.4870651],[13.7272738,47.4888691],[13.7288216,47.4902748],[13.7308097,47.4916422],[13.7369015,47.495504],[13.7412823,47.4977874],[13.7470121,47.5001954],[13.749152,47.501623],[13.7606735,47.5202958],[13.752013,47.5262665],[13.7470358,47.5407431],[13.7462845,47.5416694],[13.7462251,47.5428092],[13.7469606,47.5436634],[13.7476139,47.543863],[13.7570393,47.5448313],[13.755934,47.552729],[13.740555,47.568983],[13.7380687,47.5725773],[13.735461,47.577022],[13.729979,47.577009],[13.728656,47.576694],[13.724884,47.576543],[13.720688,47.576098],[13.718106,47.575949],[13.7168672,47.5760303],[13.7146238,47.5754788],[13.713153,47.575342],[13.712323,47.577262],[13.7123308,47.5777743],[13.712916,47.579562],[13.709897,47.579967],[13.707741,47.579884],[13.702432,47.581544],[13.694727,47.5792623],[13.6943539,47.5794481],[13.69429,47.579967],[13.695396,47.581001],[13.694673,47.582268],[13.694952,47.582729],[13.693842,47.58381],[13.693377,47.58404],[13.693084,47.585067],[13.693277,47.58638],[13.693528,47.586701],[13.692939,47.587222],[13.692934,47.58798],[13.691666,47.588735],[13.692104,47.589683],[13.693536,47.59162],[13.694468,47.592806],[13.69557,47.593815],[13.695859,47.595552],[13.696741,47.596183],[13.69855,47.598142],[13.699404,47.598587],[13.699496,47.599123],[13.699045,47.599552],[13.698644,47.600598],[13.6984174,47.6016697],[13.698512,47.60205],[13.698355,47.604137],[13.69601,47.613415],[13.694062,47.62321],[13.696167,47.632011],[13.6961997,47.6322956],[13.695775,47.6324668],[13.6955725,47.6327352],[13.6968076,47.6334185],[13.6970221,47.6337109],[13.697927,47.634272],[13.6982784,47.6342925],[13.69816,47.634478],[13.698429,47.634528],[13.699585,47.635457],[13.699645,47.63573],[13.700062,47.635943],[13.7002658,47.636451],[13.7001789,47.6368033],[13.700513,47.637639],[13.700425,47.638902],[13.699891,47.639626],[13.7000925,47.6399011],[13.700007,47.640047],[13.700498,47.640629],[13.700459,47.640912],[13.7006714,47.6410518],[13.7010147,47.6419824],[13.7014209,47.6423027],[13.701416,47.6424524],[13.701835,47.64284],[13.702436,47.64305],[13.70241,47.643262],[13.702966,47.643303],[13.703776,47.64397],[13.704171,47.6449],[13.704591,47.645295],[13.7044519,47.6461075],[13.7045522,47.6464714],[13.704198,47.647334],[13.704381,47.647818],[13.704108,47.648118],[13.704341,47.649122],[13.704973,47.650101],[13.705285,47.650276],[13.705195,47.651641],[13.704967,47.651817],[13.7055684,47.6530283],[13.705701,47.653731],[13.7059171,47.6537705],[13.706956,47.654826],[13.7073923,47.6550063],[13.7073628,47.6551951],[13.7078603,47.6556693],[13.7078573,47.6564551],[13.708788,47.657655],[13.70845,47.658748],[13.708522,47.659401],[13.707755,47.65999],[13.708229,47.661446],[13.70708,47.662812],[13.706508,47.6643917],[13.706748,47.66475],[13.707847,47.665484],[13.708507,47.665663],[13.709309,47.665576],[13.710485,47.665717],[13.711596,47.666302],[13.712612,47.666529],[13.7122756,47.667017],[13.711935,47.667221],[13.7121308,47.6673187],[13.7120785,47.6674388],[13.7125868,47.6675408],[13.7132122,47.6681217],[13.7138514,47.6682308],[13.713965,47.668418],[13.7141384,47.6683067],[13.714779,47.668424],[13.715888,47.669142],[13.715989,47.669412],[13.716474,47.669625],[13.71751,47.669541],[13.717912,47.66999],[13.723454,47.670906],[13.7240958,47.6716126],[13.725407,47.671631],[13.7257748,47.672019],[13.7258663,47.6724655],[13.726379,47.672619],[13.730467,47.673004],[13.733447,47.673459],[13.73408,47.673211],[13.734711,47.673418],[13.735192,47.673343],[13.736986,47.674105],[13.7371624,47.6743956],[13.737268,47.675485],[13.736844,47.676995],[13.736435,47.677837],[13.735167,47.678495],[13.734593,47.680124],[13.7341973,47.6828505],[13.733886,47.683729],[13.734279,47.685052],[13.735307,47.684585],[13.735716,47.684583],[13.73664,47.68483],[13.737907,47.685441],[13.738463,47.685738],[13.738453,47.68595],[13.749627,47.687367],[13.751361,47.691785],[13.75226,47.695354],[13.753349,47.695644],[13.754552,47.699163],[13.755274,47.69992],[13.756814,47.700788],[13.758687,47.701409],[13.760507,47.701668],[13.767118,47.705992],[13.771072,47.71096],[13.77742,47.714527],[13.778703,47.715977],[13.779336,47.717133],[13.778598,47.717894],[13.777656,47.7183267],[13.77857,47.718499],[13.781955,47.717545],[13.783889,47.715961],[13.793016,47.712437],[13.795657,47.71328],[13.799894,47.713997],[13.823378,47.715842],[13.840215,47.718732],[13.850868,47.71439],[13.855419,47.717204],[13.8623115,47.7259639],[13.8603338,47.7270177],[13.8603125,47.7272162],[13.8682728,47.7234586],[13.873765,47.723958],[13.874304,47.725638],[13.876396,47.72614],[13.877693,47.72577],[13.877895,47.725386],[13.878452,47.723694],[13.878444,47.721508],[13.882562,47.72256],[13.884473,47.722153],[13.886849,47.721945],[13.887123,47.7216443],[13.887124,47.721423],[13.895919,47.717478],[13.903404,47.71765],[13.903155,47.716055],[13.906877,47.711095],[13.919981,47.705104],[13.935243,47.709656],[13.945966,47.709105],[13.951703,47.709652],[13.964664,47.705315],[13.9691,47.703627],[13.973796,47.70027],[13.974389,47.70065],[13.983372,47.69726],[13.986383,47.698632],[13.995303,47.699826],[13.995845,47.701741],[14.001718,47.703047],[14.0105993,47.7008942],[14.017061,47.69355],[14.019838,47.690811],[14.026236,47.687044],[14.036932,47.679211],[14.042511,47.677071],[14.047753,47.674408],[14.055429,47.667886],[14.048741,47.63692],[14.046318,47.626443],[14.052674,47.62625],[14.054449,47.625169],[14.052086,47.621235],[14.050711,47.62057],[14.050779,47.617155],[14.055012,47.617767],[14.060057,47.618013],[14.064682,47.615903],[14.070676,47.616676],[14.0736419,47.6169003],[14.0761524,47.6166182],[14.0787488,47.6189542],[14.0800537,47.6196334],[14.0812379,47.6193555],[14.0836787,47.620368],[14.0861707,47.6194671],[14.0931176,47.6195045],[14.09451,47.622579],[14.095516,47.623157],[14.101548,47.623262],[14.102162,47.624529],[14.10696,47.626221],[14.110586,47.62727],[14.116127,47.627274],[14.122671,47.627571],[14.132695,47.629841],[14.13424,47.631934],[14.136182,47.633782],[14.139607,47.634215],[14.14008,47.634867],[14.142655,47.635427],[14.1435,47.636365],[14.145612,47.637032],[14.150631,47.636795],[14.151328,47.636357],[14.153215,47.63718],[14.157145,47.63625],[14.160037,47.636608],[14.16384,47.638748],[14.16877,47.639917],[14.170458,47.63952],[14.175773,47.637684],[14.177587,47.637947],[14.179919,47.638687],[14.182321,47.639146],[14.186378,47.643425],[14.186875,47.644256],[14.191278,47.644408],[14.192304,47.64457],[14.19418,47.645589],[14.199373,47.649444],[14.2044,47.65208],[14.205794,47.652536],[14.218519,47.650207],[14.232555,47.650628],[14.227687,47.645827],[14.223934,47.642984],[14.223098,47.642144],[14.229359,47.634146],[14.234566,47.627926],[14.241389,47.623981],[14.2502186,47.6191679],[14.2525567,47.6171071],[14.254487,47.614546],[14.25533,47.61284],[14.26255,47.611161],[14.264412,47.610472],[14.281955,47.614521],[14.286386,47.612034],[14.287327,47.611186],[14.2929633,47.6089173],[14.294578,47.608812],[14.295136,47.608153],[14.295695,47.608456],[14.296157,47.608381],[14.29648,47.607887],[14.298782,47.608631],[14.300398,47.609464],[14.302848,47.609593],[14.305657,47.608717],[14.309163,47.608131],[14.309246,47.607955],[14.30966,47.607852],[14.309888,47.607156],[14.3102799,47.6070182],[14.310381,47.606817],[14.311087,47.606832],[14.312645,47.60636],[14.314536,47.607463],[14.316661,47.608008],[14.318733,47.607839],[14.31992,47.607991],[14.320914,47.608498],[14.324908,47.608166],[14.326396,47.607553],[14.328344,47.609768],[14.329235,47.611361],[14.333445,47.615688],[14.334488,47.618351],[14.335399,47.618267],[14.337761,47.619006],[14.345155,47.622264],[14.346116,47.622956],[14.351015,47.624485],[14.353913,47.625913],[14.354976,47.626608],[14.355946,47.626835],[14.357712,47.627771],[14.360451,47.628909],[14.361329,47.629129],[14.3626654,47.6288715],[14.364009,47.628866],[14.3668131,47.6301961],[14.367728,47.62944],[14.370223,47.628962],[14.370896,47.629028],[14.373443,47.629868],[14.375114,47.63132],[14.37596,47.631801],[14.379907,47.633416],[14.380852,47.633985],[14.384812,47.634832],[14.386067,47.634488],[14.387713,47.634318],[14.38892,47.63461],[14.389555,47.635224],[14.3915377,47.6359426],[14.3949798,47.6378413],[14.392731,47.6451165],[14.3926278,47.6483914],[14.3974702,47.6526523],[14.4131096,47.6548971],[14.4208505,47.6565733],[14.423416,47.652919],[14.436665,47.652556],[14.444233,47.655411],[14.447316,47.656727],[14.44784,47.660369],[14.449333,47.663793],[14.454213,47.664747],[14.461956,47.667683],[14.465965,47.669477],[14.471299,47.669255],[14.471475,47.669781],[14.4720333,47.6703194],[14.472116,47.6713876],[14.4722957,47.6716549],[14.4732957,47.6722941],[14.4735912,47.6727277],[14.4737433,47.6734301],[14.4742501,47.6741129],[14.4744039,47.6750034],[14.477011,47.6756463],[14.4776923,47.6762676],[14.4778639,47.6767841],[14.4781146,47.6769026],[14.4786954,47.6776618],[14.4795698,47.6780229],[14.47972,47.6784311],[14.4804871,47.6787164],[14.4807017,47.679027],[14.4822923,47.6797656],[14.4825954,47.6801268],[14.4834396,47.6800441],[14.483687,47.6802713],[14.48421,47.6803905],[14.484835,47.6809159],[14.4863531,47.6809539],[14.486675,47.6810857],[14.4875846,47.6810198],[14.4877614,47.6816438],[14.4886671,47.6820833],[14.4893735,47.6820345],[14.4914792,47.6812866],[14.493406,47.6810394],[14.4943971,47.68055],[14.4950029,47.6806609],[14.4970438,47.6802025],[14.4974652,47.679573],[14.497562,47.6790298],[14.4980381,47.6786833],[14.4995315,47.6787813],[14.5009362,47.6784996],[14.5014069,47.6782542],[14.502564,47.6782273],[14.5040666,47.6787112],[14.5045019,47.6789912],[14.5054616,47.6790302],[14.5062451,47.6793559],[14.5068832,47.6793141],[14.5072037,47.6790735],[14.5082881,47.6788662],[14.5099132,47.6788611],[14.5115932,47.6796144],[14.5124137,47.6797699],[14.5134385,47.6806943],[14.5144918,47.6808812],[14.5159075,47.6816412],[14.517203,47.6818465],[14.5184449,47.6837794],[14.5193284,47.6843117],[14.5203688,47.6846353],[14.5209468,47.6858417],[14.5222193,47.6862796],[14.5223185,47.686768],[14.5236022,47.6875354],[14.5238506,47.6886225],[14.5240858,47.6890112],[14.5246507,47.689446],[14.5246027,47.6902092],[14.5252774,47.6909537],[14.52556,47.6916825],[14.5262614,47.6919466],[14.5265728,47.6922922],[14.5258574,47.6932836],[14.5260382,47.6938623],[14.5266487,47.6947105],[14.5276169,47.6952739],[14.5278023,47.695546],[14.5276724,47.6958919],[14.5268399,47.6960202],[14.5265894,47.6968017],[14.52638,47.696999],[14.5256839,47.6971283],[14.5254529,47.6973224],[14.5251971,47.6978317],[14.5250254,47.6987918],[14.5241373,47.6993301],[14.5233726,47.7003593],[14.5224392,47.7008606],[14.522686,47.701951],[14.5225811,47.7022373],[14.5213738,47.7032765],[14.5210635,47.7038521],[14.5221318,47.7043837],[14.5225613,47.7053524],[14.5232066,47.7055788],[14.5236272,47.7063157],[14.5235883,47.7068583],[14.5241051,47.707435],[14.5253062,47.7075086],[14.5267978,47.7081322],[14.5273018,47.708656],[14.5276566,47.7095938],[14.528589,47.7098156],[14.5288253,47.7100298],[14.5289902,47.7106786],[14.5292388,47.7108646],[14.5303654,47.7111308],[14.530676,47.7121501],[14.5318484,47.7136906],[14.533,47.713737],[14.534731,47.7133975],[14.5355016,47.7136982],[14.5369893,47.7137062],[14.5383485,47.7144314],[14.5404712,47.7150645],[14.5411726,47.715534],[14.5427749,47.7158895],[14.5435072,47.7162644],[14.5447032,47.7164266],[14.5464482,47.717505],[14.5493444,47.7183481],[14.5504216,47.7190186],[14.5526181,47.7192881],[14.5534957,47.7196941],[14.5554556,47.7192027],[14.5572206,47.719209],[14.5596036,47.7189057],[14.5614197,47.7181969],[14.5641824,47.7178984],[14.5668984,47.716861],[14.56747,47.7168133],[14.5693038,47.7172201],[14.571077,47.7163306],[14.5725523,47.7164315],[14.5731861,47.7168371],[14.5752793,47.7171248],[14.5765391,47.7178351],[14.577918,47.718052],[14.5793817,47.7179143],[14.5805753,47.7172639],[14.5810888,47.717188],[14.5815629,47.7177981],[14.5824282,47.7184143],[14.5832196,47.7187126],[14.5839903,47.7187169],[14.5860108,47.7182293],[14.586816,47.7182279],[14.5871539,47.7183477],[14.5871454,47.7190556],[14.5884061,47.719384],[14.5896226,47.7200003],[14.5914253,47.7213347],[14.5919497,47.7236641],[14.5921667,47.7238615],[14.5943313,47.7243514],[14.5956823,47.7237504],[14.5966202,47.7247703],[14.5972254,47.7258453],[14.5975851,47.7261553],[14.5990557,47.7272514],[14.5999092,47.7276415],[14.6014241,47.7275821],[14.6034687,47.7297404],[14.6046747,47.729422],[14.6047495,47.7292704],[14.604709,47.7290473],[14.6036731,47.7282661],[14.6036693,47.7281335],[14.6040561,47.7279745],[14.607635,47.7285697],[14.610402,47.7282599],[14.6117589,47.7286458],[14.612224,47.7291878],[14.6140023,47.7304772],[14.6176603,47.7306921],[14.6193265,47.7303143],[14.6200429,47.7298913],[14.6208165,47.729914],[14.6222748,47.7292979],[14.6242451,47.7289933],[14.6253333,47.7290415],[14.6266672,47.7296634],[14.6273806,47.7296876],[14.6293869,47.7283366],[14.6309106,47.7284703],[14.6310633,47.7279699],[14.630875,47.7263698],[14.6309153,47.7261999],[14.6313087,47.7261301],[14.6339188,47.7265672],[14.6340344,47.7268121],[14.6334357,47.7272837],[14.6334001,47.7275754],[14.633926,47.728076],[14.6347151,47.7282994],[14.638231,47.727927],[14.6395091,47.7274416],[14.6406407,47.7278553],[14.6436493,47.7275222],[14.6441551,47.7272292],[14.6442678,47.7265461],[14.6447796,47.7261919],[14.6455829,47.7259886],[14.6462564,47.725454],[14.6476619,47.7256969],[14.6484166,47.7260546],[14.6485923,47.7265222],[14.6485261,47.7268227],[14.647431,47.7281757],[14.646971,47.7290729],[14.6469022,47.7294302],[14.6472668,47.7307468],[14.6492142,47.7340864],[14.651934,47.7370637],[14.6522545,47.7377456],[14.6522593,47.7383861],[14.653286,47.738575],[14.6540038,47.7391076],[14.655654,47.738909],[14.657072,47.739681],[14.6584871,47.7400351],[14.6601367,47.7396621],[14.6603873,47.7391695],[14.6608589,47.7389167],[14.6622968,47.739278],[14.6635054,47.73906],[14.6655211,47.7395531],[14.6659414,47.7400264],[14.6667688,47.7400847],[14.6674567,47.7407118],[14.6682473,47.7407262],[14.6692054,47.741205],[14.6696192,47.7410003],[14.6699985,47.7410371],[14.6712028,47.7414892],[14.6713376,47.7421307],[14.6720153,47.7423806],[14.6726792,47.7429947],[14.673655,47.7431848],[14.6740461,47.7436952],[14.6751098,47.74422],[14.6751129,47.7443642],[14.6748685,47.7444746],[14.6748634,47.7447828],[14.6758583,47.7456654],[14.6768439,47.7459934],[14.6771199,47.746239],[14.6772073,47.7467025],[14.6770273,47.747329],[14.6778527,47.7475745],[14.6790082,47.7482865],[14.6799138,47.7486368],[14.680691,47.7493416],[14.6808295,47.749934],[14.6820483,47.7502507],[14.6829339,47.7509345],[14.683306,47.7515018],[14.6830368,47.7521282],[14.6840132,47.7523116],[14.6842486,47.7532489],[14.6850352,47.7532342],[14.6852414,47.7534429],[14.6855189,47.7545491],[14.6861996,47.7547846],[14.6864308,47.7550308],[14.6864969,47.7562526],[14.6865546,47.7566199],[14.6867852,47.7568391],[14.6867817,47.7573262],[14.6870934,47.7575769],[14.6877114,47.7589411],[14.688252,47.7592344],[14.6886726,47.7598888],[14.6905238,47.7603515],[14.6909456,47.7608229],[14.6918055,47.761261],[14.6925072,47.7619766],[14.6925468,47.7622878],[14.6933302,47.7626454],[14.6934475,47.7630465],[14.694329,47.7634439],[14.6944908,47.7638835],[14.6949468,47.7642075],[14.6949113,47.7646183],[14.6951573,47.7651236],[14.6961282,47.7652581],[14.6969614,47.7657988],[14.6973878,47.7657593],[14.6977487,47.7651092],[14.6980927,47.7650517],[14.6985353,47.7647226],[14.7021428,47.7645984],[14.7023413,47.7640675],[14.7029268,47.7634774],[14.7026612,47.7629234],[14.7033854,47.7623605],[14.7038709,47.761471],[14.7062491,47.7606607],[14.7100341,47.7609715],[14.711343,47.7612293],[14.7126469,47.7609721],[14.7130409,47.7611858],[14.7139692,47.7607398],[14.7149197,47.7606959],[14.7150619,47.7604954],[14.7156524,47.7602831],[14.7163013,47.7593873],[14.7176843,47.7585624],[14.7182655,47.7579162],[14.7186812,47.7577837],[14.7195652,47.7565938],[14.7216865,47.7554557],[14.7245352,47.7552761],[14.7259953,47.7550089],[14.7281609,47.7535345],[14.7296198,47.7527933],[14.731357,47.7521563],[14.7338458,47.7516109],[14.7387703,47.7485312],[14.740304,47.7513184],[14.7419472,47.7526077],[14.7413831,47.7531558],[14.742703,47.7540663],[14.7463622,47.7559239],[14.7438024,47.7578424],[14.7431692,47.757575],[14.7403998,47.7582476],[14.7359463,47.7589014],[14.7331956,47.7619927],[14.727291,47.7660362],[14.7254518,47.7655217],[14.7246201,47.7658608],[14.7234576,47.7668899],[14.7224327,47.7679968],[14.7218167,47.7694228],[14.7223255,47.7696082],[14.7226133,47.7717236],[14.7214902,47.7736454],[14.7183964,47.7757459],[14.718705,47.7773056],[14.7175254,47.7820002],[14.7148437,47.7849224],[14.7118831,47.7900873],[14.7157374,47.7920961],[14.7178027,47.7934615],[14.7248011,47.79562],[14.7255052,47.7969],[14.7282035,47.7983891],[14.7314667,47.7991028],[14.7305086,47.8007622],[14.7309997,47.8029256],[14.7318462,47.8040908],[14.7300159,47.8042423],[14.7253578,47.8060599],[14.72185,47.809562],[14.7178794,47.8113781],[14.71628,47.8124322],[14.7126816,47.8136906],[14.7113705,47.8153888],[14.711293,47.8171748],[14.7104969,47.8185731],[14.7098097,47.8191925],[14.7094366,47.8199779],[14.7102279,47.8217922],[14.7097802,47.8226792],[14.7099784,47.8232109],[14.7117238,47.8246097],[14.7134063,47.825558],[14.7142225,47.8268193],[14.7164442,47.8285493],[14.7177794,47.8287302],[14.7188566,47.8292953],[14.7227873,47.8321748],[14.7221972,47.8328772],[14.7212654,47.8352483],[14.7213762,47.8390391],[14.7225782,47.8389877],[14.7229631,47.839165],[14.7238385,47.8398559],[14.7249584,47.84111],[14.7244364,47.841957],[14.7238221,47.8424944],[14.7230043,47.842864],[14.7220835,47.8436267],[14.7214089,47.8439723],[14.718248,47.844624],[14.7134165,47.8452375],[14.7118407,47.8457424],[14.7111656,47.8461372],[14.7114126,47.8470936],[14.7111484,47.8481549],[14.7105382,47.8491434],[14.7101893,47.8494402],[14.7102483,47.8498866],[14.7100015,47.8506462],[14.7109081,47.851359],[14.7130925,47.8525237],[14.715142,47.8543748],[14.7170096,47.8548953],[14.7207118,47.8564523],[14.7227836,47.8582907],[14.7231119,47.8590761],[14.7271401,47.8596989],[14.7287896,47.8597337],[14.7303503,47.8601362],[14.7314732,47.8607463],[14.732414,47.8616522],[14.7326455,47.8620852],[14.7333767,47.8623116],[14.7341902,47.8631597],[14.7352648,47.8637265],[14.7405304,47.8647981],[14.7425882,47.8648141],[14.7435093,47.8650268],[14.744096,47.864916],[14.747906,47.865785],[14.7504681,47.8656948],[14.7527948,47.8659119],[14.7556128,47.8668483],[14.7581563,47.8680532],[14.7581557,47.8683829],[14.7589723,47.8697623],[14.7610478,47.8716292],[14.76274,47.8722426],[14.764416,47.8735706],[14.7652851,47.8739987],[14.766061,47.8761911],[14.7683254,47.8771415],[14.7682346,47.8778981],[14.768463,47.8788651],[14.7696886,47.8797379],[14.7699924,47.8808126],[14.7705112,47.8813265],[14.7705435,47.8820225],[14.7719469,47.8830231],[14.7714952,47.8842383],[14.7707989,47.885275],[14.7702639,47.8855815],[14.7701833,47.8860538],[14.7691455,47.8865676],[14.7688848,47.8868903],[14.7689117,47.8871932],[14.7680756,47.8881415],[14.7679815,47.8887652],[14.7674734,47.8893493],[14.7668255,47.8906004],[14.7660781,47.8912404],[14.7638521,47.8922318],[14.7613277,47.8949862],[14.7595641,47.8958785],[14.7587199,47.8968032],[14.7586339,47.8970952],[14.7588087,47.8986254],[14.7593087,47.8993608],[14.7596904,47.9002224],[14.7596474,47.9004891],[14.7590506,47.9010118],[14.7587065,47.9011199],[14.7574564,47.9026501],[14.7568112,47.9028231],[14.7556525,47.9035692],[14.7551094,47.9037423],[14.7541792,47.9055643],[14.7538701,47.9055174],[14.7535531,47.9062078],[14.7536039,47.9066978],[14.7515312,47.9079269],[14.7491277,47.9085576],[14.747926,47.9094496],[14.7477676,47.9104785],[14.7471706,47.9111489],[14.7465576,47.9123274],[14.7462807,47.9123689],[14.7449634,47.9136068],[14.7441515,47.9158591],[14.7437966,47.916333],[14.743466,47.9174627],[14.7427052,47.9175834],[14.7405844,47.91751],[14.7393608,47.9192464],[14.7361401,47.9203599],[14.7324785,47.9221363],[14.7318413,47.9225939],[14.7306638,47.9230173],[14.7291718,47.924354],[14.7288814,47.925325],[14.7289137,47.92577],[14.7290185,47.9259663],[14.7292815,47.9260213],[14.729653,47.9265734],[14.7292659,47.927049],[14.729411,47.927285],[14.7296557,47.9307148],[14.729118,47.9315524],[14.7288189,47.9316754],[14.7290535,47.9321918],[14.7287551,47.9330348],[14.7281502,47.9340291],[14.7278813,47.9349639],[14.7240396,47.9347766],[14.7205259,47.9335932],[14.7194774,47.9329934],[14.7175203,47.9325089],[14.7145334,47.9320513],[14.710853,47.9320099],[14.7089792,47.9317685],[14.7075248,47.9302501],[14.7076135,47.9293332],[14.7066296,47.9273895],[14.7053526,47.9268491],[14.703753,47.9256006],[14.7013845,47.9260168],[14.6979487,47.9273733],[14.6957899,47.9273841],[14.6956044,47.927503],[14.6948732,47.9272904],[14.6934053,47.9279425],[14.6900878,47.9289873],[14.6881199,47.9292629],[14.6870059,47.9290849],[14.6858724,47.9291152],[14.6837137,47.9297673],[14.6834878,47.9299925],[14.6826867,47.9301924],[14.6817027,47.9306842],[14.6806139,47.9321],[14.6803101,47.9322513],[14.6764093,47.9331267],[14.6747667,47.9352179],[14.6730273,47.9351278],[14.6723256,47.9353223],[14.6711293,47.9347676],[14.670609,47.9347413],[14.6707008,47.9350001],[14.6663987,47.9376815],[14.6659276,47.9384171],[14.6663592,47.9388705],[14.66558,47.9391689],[14.6635834,47.9394766],[14.6616684,47.9400318],[14.6606643,47.9399877],[14.6594198,47.9405],[14.6568844,47.9402372],[14.6568133,47.9407234],[14.6555038,47.9411681],[14.651046,47.9407842],[14.6505948,47.9411554],[14.6496336,47.941525],[14.6492732,47.9420079],[14.6479464,47.9429938],[14.6477558,47.9434322],[14.6472819,47.9434988],[14.6411833,47.9433365],[14.6382965,47.9437503],[14.6352192,47.9437556],[14.6325658,47.9428274],[14.631431,47.9429941],[14.6298985,47.9426827],[14.6288072,47.9429434],[14.6272275,47.9430454],[14.6260006,47.943263],[14.6257244,47.9435932],[14.6253086,47.9436309],[14.623932,47.9443276],[14.6235325,47.9447354],[14.6232728,47.9453044],[14.6233299,47.9455588],[14.6235141,47.9456366],[14.6229898,47.9461739],[14.6231829,47.9462664],[14.6225424,47.9467627],[14.6224847,47.9471614],[14.6221991,47.9473327],[14.6214873,47.9473227],[14.6211152,47.9476728],[14.6208872,47.9474841],[14.6205413,47.9475131],[14.6205264,47.9477472],[14.620318,47.9478054],[14.6191806,47.9476061],[14.6188547,47.9479717],[14.6185448,47.9477277],[14.6174899,47.9482406],[14.6168099,47.9483304],[14.6164984,47.9483324],[14.6157451,47.9478148],[14.6157169,47.9480735],[14.6155023,47.948131],[14.6155761,47.9482415],[14.6149967,47.948211],[14.6147621,47.9485451],[14.6141744,47.9485746],[14.6142981,47.9482532],[14.6141412,47.9481663],[14.6136865,47.9483942],[14.6123576,47.9483058],[14.6120437,47.9484251],[14.6120618,47.9486353],[14.6116242,47.9486717],[14.6112258,47.9490052],[14.6096927,47.9488496],[14.6078246,47.949266],[14.607218,47.949834],[14.6042423,47.9517077],[14.6042876,47.951831],[14.602999,47.9524313],[14.6015292,47.9539917],[14.6009558,47.9551155],[14.6006057,47.9553944],[14.5997547,47.9555925],[14.5988915,47.9562534],[14.5967729,47.9570942],[14.5961331,47.9575954],[14.595771,47.9581936],[14.5958042,47.9584301],[14.5949531,47.9589616],[14.5937339,47.959],[14.5922792,47.9593395],[14.5919352,47.9595538],[14.5914101,47.9602995],[14.5898739,47.9616171],[14.5897412,47.9619223],[14.5886034,47.9626599],[14.5889957,47.9630681],[14.5881628,47.963832],[14.587523,47.9648141],[14.5868084,47.964918],[14.5872061,47.9653456],[14.5868952,47.9655618],[14.5865934,47.9653456],[14.5863218,47.9653839],[14.5860365,47.9658809],[14.5863402,47.9661277],[14.5861303,47.9662645],[14.5864804,47.9664357],[14.5856944,47.9670597],[14.5855027,47.9674309],[14.5834237,47.9673776],[14.5831642,47.9674664],[14.5830669,47.9677428],[14.5826422,47.967729],[14.5805249,47.9683233],[14.5801946,47.9688683],[14.5803007,47.969119],[14.5795576,47.9695455],[14.5782306,47.9707183],[14.5773016,47.9709197],[14.5767546,47.970845],[14.5764182,47.9705358],[14.5760724,47.9704548],[14.5747931,47.9708271],[14.5741803,47.9714724],[14.5740709,47.9719213],[14.5733023,47.9721437],[14.573153,47.9725113],[14.5719846,47.9725245],[14.5711315,47.9730165],[14.5695689,47.9730692],[14.568927,47.9736027],[14.5689129,47.9739872],[14.5674404,47.9739476],[14.5668464,47.9741153],[14.5651571,47.9739306],[14.5636733,47.9744037],[14.5620404,47.9743114],[14.5598753,47.9751671],[14.5579551,47.9766108],[14.5573413,47.9776211],[14.5558829,47.9782845],[14.5554831,47.9786464],[14.5551622,47.9791891],[14.5551425,47.9804985],[14.5538761,47.9820284],[14.5515366,47.9820467],[14.5506484,47.9828934],[14.5459102,47.9835615],[14.5446143,47.9842724],[14.5432994,47.9852647],[14.5425787,47.9852837],[14.5420603,47.9850743],[14.5407928,47.9855651],[14.5398761,47.9855799],[14.5394557,47.9857449],[14.5370787,47.9875157],[14.5337408,47.9888612],[14.5335828,47.98917],[14.532935,47.9895329],[14.5316989,47.9899929],[14.530207,47.9898364],[14.5291639,47.9899739],[14.5282883,47.9902637],[14.5268153,47.9912664],[14.5260251,47.9914166],[14.5255225,47.9912939],[14.5239452,47.9918755],[14.5225039,47.9920872],[14.5213427,47.9926514],[14.5206738,47.9926755],[14.5197982,47.9924658],[14.5178068,47.9928572],[14.5140453,47.9928889],[14.5101922,47.9937613],[14.5077299,47.9937647],[14.5061905,47.993367],[14.5039269,47.9936465],[14.502015,47.9941919],[14.5012248,47.9948921],[14.500384,47.9953617],[14.4996189,47.9962265],[14.4977734,47.9971106],[14.4943184,47.9975611],[14.4931506,47.998033],[14.4928142,47.9986197],[14.4931532,47.9995955],[14.4931466,48.0002935],[14.4933803,48.00057],[14.4938946,48.0006501],[14.4942958,48.0009683],[14.4935388,48.0016047],[14.4934276,48.0018985],[14.4937394,48.0045484],[14.4936456,48.0049055],[14.4923241,48.006078],[14.4909314,48.0079248],[14.4920299,48.0090081],[14.4924324,48.0096757],[14.492102,48.010867],[14.4917342,48.0111782],[14.4892728,48.0120901],[14.4877308,48.0119427],[14.4871042,48.0122562],[14.4862952,48.0130999],[14.4858108,48.0141702],[14.4843949,48.0153906],[14.4845749,48.016446],[14.4845505,48.0170332],[14.4843855,48.0172142],[14.4830074,48.0178224],[14.4824809,48.0183257],[14.4820139,48.019574],[14.4815993,48.0200244],[14.4807779,48.0203272],[14.4799148,48.0210143],[14.4779981,48.0219782],[14.4774963,48.0239431],[14.4767841,48.0242987],[14.4757257,48.0245001],[14.4744321,48.0259754],[14.4730475,48.0270047],[14.4729797,48.0278115],[14.4740234,48.0289456],[14.4741173,48.0293304],[14.4735809,48.0297107],[14.4724824,48.0300892],[14.4721978,48.0305829],[14.4723188,48.0310184],[14.4721538,48.0315898],[14.4708168,48.0325469],[14.4679921,48.0334071],[14.4675195,48.0338094],[14.4676638,48.0343433],[14.468646,48.0353232],[14.4689813,48.0362974],[14.4698919,48.0371536],[14.4700526,48.0376163],[14.4699168,48.0380543],[14.4688703,48.038397],[14.4667484,48.0385851],[14.465105,48.0384913],[14.4645986,48.038626],[14.4630233,48.0394592],[14.462515,48.0400464],[14.4620867,48.0401694],[14.4613649,48.0400435],[14.4596708,48.0405415],[14.4590279,48.0410883],[14.4588053,48.042474],[14.4584904,48.0427428],[14.4560877,48.0429898],[14.4569165,48.0439656],[14.4569552,48.0444023],[14.4579468,48.0440589],[14.4585958,48.0452567],[14.4572222,48.0455708],[14.4563964,48.0462266],[14.4564755,48.0463377],[14.4559211,48.0465829],[14.4554236,48.0479306],[14.4556937,48.048497],[14.4580926,48.0502736],[14.4582715,48.0511105],[14.4586288,48.0515866],[14.4584475,48.0523123],[14.4587862,48.0530851],[14.4583898,48.0535566],[14.4582275,48.054369],[14.4584061,48.0553248],[14.4583118,48.0573126],[14.4585258,48.0582301],[14.4590588,48.0589033],[14.4594892,48.0598423],[14.4603669,48.0608782],[14.4597717,48.0610681],[14.4603187,48.0617389],[14.4593809,48.0618792],[14.4595139,48.0622839],[14.4571957,48.0630981],[14.4569329,48.0628122],[14.4526384,48.0639389],[14.4533196,48.064895],[14.4544384,48.0659074],[14.4564468,48.0684402],[14.4588337,48.070987],[14.4593603,48.0725737],[14.4588506,48.0740119],[14.4581684,48.074758],[14.4561276,48.0763051],[14.4547246,48.0779056],[14.454252,48.0789512],[14.4543407,48.0797512],[14.4548573,48.0805753],[14.4559908,48.0812819],[14.4569645,48.0815926],[14.4611814,48.0820178],[14.4642021,48.0818636],[14.4668535,48.0823362],[14.4679841,48.0828643],[14.4688678,48.0836529],[14.4697735,48.0847961],[14.4699257,48.085623],[14.4699107,48.085953],[14.4692517,48.0870155],[14.4684159,48.0874516],[14.4659171,48.0870062],[14.4646318,48.0865312],[14.4595914,48.085713],[14.4587964,48.0860688],[14.4582262,48.0865592],[14.4578134,48.0875478],[14.4581468,48.0897019],[14.4585851,48.0905926],[14.4598261,48.091943],[14.4624372,48.0943141],[14.4644132,48.0966354],[14.4664694,48.0981283],[14.4668551,48.0987055],[14.4680782,48.0996726],[14.4712108,48.1014202],[14.4728464,48.1021186],[14.4740153,48.10237],[14.4807347,48.1050582],[14.483313,48.105807],[14.4906211,48.1088304],[14.4926142,48.1097501],[14.4933981,48.1102741],[14.4946929,48.1118199],[14.4946816,48.1127997],[14.4940854,48.1135937],[14.491184,48.1151904],[14.4889906,48.1167747],[14.4841065,48.1179835],[14.4792049,48.1199755],[14.4770195,48.1206473],[14.4758257,48.1207561],[14.4704239,48.120516],[14.4693698,48.1208053],[14.4681251,48.1215521],[14.46785,48.1218153],[14.4676702,48.1224944],[14.4683441,48.1255141],[14.4693268,48.1268052],[14.4702067,48.1275438],[14.4746921,48.1305444],[14.476223,48.131773],[14.4772179,48.1327656],[14.4776877,48.1340924],[14.4778752,48.1365406],[14.4777386,48.1382926],[14.4773814,48.1397447],[14.476987,48.140558],[14.4746116,48.1427572],[14.4692733,48.1464341],[14.4678974,48.1476046],[14.4674124,48.1485682],[14.4674737,48.1493798],[14.4682039,48.1509471],[14.4702758,48.1544398],[14.4708549,48.1551617],[14.4724866,48.1565477],[14.4750743,48.1580535],[14.4762078,48.1589569],[14.4777806,48.1607658],[14.4814099,48.1681479],[14.4826893,48.1711247],[14.4839065,48.1745959],[14.4839419,48.1753813],[14.4835284,48.176827],[14.4793995,48.181755],[14.4790429,48.1824926],[14.4790938,48.18381],[14.4793959,48.1845645],[14.4826197,48.1894236],[14.4826634,48.1903139],[14.4822761,48.1915036],[14.4801625,48.1947917],[14.479982,48.1956241],[14.480048,48.1976449],[14.4813033,48.2032907],[14.4841031,48.208451],[14.4853047,48.210124],[14.4866619,48.2144601],[14.4873647,48.215965],[14.4881264,48.217141],[14.4880728,48.2187172],[14.4894622,48.221598],[14.4904599,48.2228239],[14.4916991,48.2239139],[14.4943545,48.2254971],[14.497777,48.2271053],[14.5013068,48.228524],[14.5070199,48.2303394],[14.5155455,48.234061],[14.5169792,48.234957],[14.5190726,48.2359441],[14.5211708,48.237611],[14.5294634,48.2379538],[14.5331079,48.2377176],[14.5376761,48.2368861],[14.5410204,48.2359418],[14.546696,48.234902],[14.5489349,48.2334788],[14.5535034,48.2326652],[14.5557208,48.2318014],[14.5604128,48.2311965],[14.5642262,48.2294264],[14.5670752,48.2284667],[14.5694383,48.2279189],[14.5699825,48.2276585],[14.5724874,48.2273037],[14.5834324,48.2236372],[14.5872572,48.2215228],[14.5914694,48.2181381],[14.5928631,48.2159532],[14.5936844,48.2143384],[14.5972158,48.2101158],[14.5992719,48.2080398],[14.6027754,48.2049701],[14.6061818,48.2009807],[14.6114958,48.1957411],[14.6153374,48.193503],[14.620846,48.191938],[14.6253673,48.1895025],[14.6278069,48.1874071],[14.6300492,48.1850551],[14.633055,48.1813221],[14.6344685,48.1801279],[14.6364892,48.179155],[14.6382486,48.1780919],[14.6409934,48.176915],[14.6458441,48.1738953],[14.6526537,48.1723943],[14.6613969,48.1710238],[14.6624309,48.1698509],[14.6609878,48.1673045],[14.6731627,48.1614779],[14.6807142,48.1589806],[14.6845159,48.1579572],[14.6879014,48.1573406],[14.6913564,48.1570855],[14.6944874,48.1577295],[14.7021121,48.1606702],[14.7051341,48.1625524],[14.7064192,48.1651308],[14.7067198,48.1667922],[14.7055252,48.1687866],[14.7068817,48.1707594],[14.7114744,48.1758114],[14.7152874,48.1786622],[14.7226999,48.1787976],[14.7257276,48.178163],[14.7284624,48.1767443],[14.7393113,48.172114],[14.7429003,48.1749386],[14.7455418,48.1747487],[14.750026,48.1757402],[14.7573186,48.1766952],[14.7690048,48.1791197],[14.7773936,48.1813433],[14.7922,48.1834099],[14.8059731,48.1876349],[14.8091832,48.188215],[14.8159423,48.1888087],[14.8263493,48.1889017],[14.8288427,48.1890723],[14.8306923,48.189451],[14.8323618,48.1901062],[14.8378286,48.1927409],[14.8414273,48.194238],[14.8424781,48.1943691],[14.8452229,48.1957474],[14.8461242,48.1970921],[14.846538,48.1987891],[14.8483595,48.2022476],[14.8501938,48.2044389],[14.8542469,48.2080422],[14.8553903,48.2093723],[14.8577143,48.2130409],[14.8563326,48.2202764],[14.856247,48.2221392],[14.8567218,48.2243949],[14.857335,48.225534],[14.858871,48.2264541],[14.8610498,48.2270305],[14.8665113,48.2272893],[14.8710408,48.2278244],[14.8723738,48.2282407],[14.8749193,48.2299578],[14.8791335,48.2315292],[14.8814649,48.232588],[14.8836809,48.2325685],[14.8859965,48.2327761],[14.8882206,48.2323484],[14.8895138,48.2314405],[14.8908146,48.2294867],[14.8914974,48.228835],[14.8928622,48.2280833],[14.8943387,48.2278895],[14.8963239,48.2280354],[14.8976575,48.228374],[14.8992131,48.2291816],[14.9004217,48.2301108],[14.902539,48.2308619],[14.9053923,48.2313462],[14.9099215,48.2317713],[14.9120488,48.2323763],[14.9149391,48.2328928],[14.9211734,48.2321869],[14.9339657,48.2315687],[14.9375961,48.231022],[14.9398249,48.2303475],[14.9444955,48.2272385],[14.9453331,48.2262997],[14.9474979,48.2228824],[14.9496418,48.2200873],[14.9500037,48.2192897],[14.9514987,48.2176452],[14.9523141,48.2164826],[14.955326,48.2113402],[14.9558045,48.2096206],[14.9564329,48.2083665],[14.9592465,48.2046256],[14.9609701,48.2032603],[14.9624247,48.2023861],[14.9702715,48.2004564],[14.9741621,48.1988297],[14.9748981,48.2003495],[14.9747875,48.2010806],[14.9693334,48.2027264],[14.9676068,48.2030019],[14.9647745,48.2039713],[14.9648925,48.2044005],[14.9659555,48.2049101],[14.9658606,48.2052653],[14.9660618,48.2057116],[14.9657248,48.2061737],[14.9659375,48.2070979],[14.9670403,48.2078182],[14.968493,48.2081212],[14.9690002,48.2084289],[14.9683943,48.2092708],[14.966648,48.2099449],[14.9655051,48.2098997],[14.9656827,48.21054],[14.9652157,48.2117513],[14.9648673,48.212031],[14.9644227,48.2128381],[14.9647644,48.2132757],[14.9640282,48.2143193],[14.964107,48.214902],[14.9621797,48.2147742],[14.9620914,48.2146471],[14.9609264,48.2152628],[14.9604974,48.2152797],[14.9605158,48.2154329],[14.9592259,48.2154255],[14.958095,48.2158504],[14.9568963,48.2158108],[14.956489,48.2159372],[14.9548783,48.215513],[14.9534082,48.2176847],[14.9521757,48.2191208],[14.9530752,48.2199409],[14.9537946,48.2202384],[14.953731,48.2204264],[14.9540156,48.2207266],[14.9540891,48.2210664],[14.9538893,48.221573],[14.953589,48.2218284],[14.9536514,48.2219611],[14.9548632,48.2229375],[14.9560798,48.2247457],[14.9573207,48.2256509],[14.9569945,48.2261058],[14.9571948,48.2264803],[14.957657,48.2266568],[14.9580341,48.2271825],[14.9589219,48.2269397],[14.9598725,48.2273376],[14.960086,48.2277641],[14.9610363,48.2284252],[14.9609387,48.2287158],[14.9614515,48.2292223],[14.9623838,48.2296546],[14.9625488,48.2301191],[14.963112,48.2302451],[14.963,48.2306107],[14.9621164,48.231194],[14.9618782,48.2316351],[14.9620185,48.2320321],[14.9632234,48.232343],[14.9660298,48.2317514],[14.9675511,48.2311757],[14.9686344,48.2314868],[14.9694013,48.2321641],[14.9703763,48.231831],[14.9729733,48.23358],[14.9722707,48.2337603],[14.9735228,48.2348378],[14.9746498,48.2347853],[14.9736813,48.2359022],[14.9731078,48.2359519],[14.9723061,48.2362818],[14.9703275,48.2379945],[14.9700533,48.2384533],[14.9699254,48.2389526],[14.9700721,48.2394033],[14.96975,48.2399769],[14.9701716,48.2406874],[14.9697645,48.242346],[14.9700139,48.2440222],[14.9698967,48.2446301],[14.9701467,48.2452929],[14.969968,48.2457595],[14.9708006,48.246885],[14.9719759,48.247491],[14.9742875,48.2479586],[14.9775059,48.2489754],[14.9785026,48.2497852],[14.9789947,48.2510586],[14.9795795,48.2515732],[14.9797981,48.2522761],[14.981052,48.2525256],[14.9842878,48.2539538],[14.9847931,48.2546268],[14.9877884,48.2554663],[14.9915019,48.2557145],[14.9920477,48.2559269],[14.9919859,48.256206],[14.9921682,48.2565717],[14.9918294,48.2568793],[14.9918268,48.2581131],[14.9914059,48.2584378],[14.9906975,48.2601773],[14.989599,48.2605054],[14.9896195,48.2611547],[14.9893166,48.2614845],[14.9888264,48.2614708],[14.9887263,48.2622978],[14.988367,48.2625216],[14.9882669,48.2627933],[14.9884337,48.2632563],[14.989291,48.263376],[14.9894116,48.2640389],[14.9897786,48.2642593],[14.9897992,48.2649154],[14.9899891,48.2652845],[14.9899018,48.2667179],[14.9903228,48.2671246],[14.9905666,48.2676952],[14.9903279,48.2679224],[14.9904203,48.2682778],[14.9899455,48.2684076],[14.9896426,48.2688296],[14.9894552,48.2695779],[14.9891611,48.2697309],[14.9893675,48.2701634],[14.9889907,48.2708558],[14.9889727,48.2714725],[14.9892371,48.2717373],[14.9890625,48.2726598],[14.9895656,48.27294],[14.9894013,48.273432],[14.9895733,48.2739804],[14.989368,48.2743767],[14.9891652,48.2758441],[14.9892935,48.2762352],[14.9897709,48.2766059],[14.9901738,48.2774838],[14.9898274,48.2783107],[14.9902997,48.2794995],[14.9899326,48.2800632],[14.990061,48.2803587],[14.9892884,48.2809394],[14.989119,48.2814809],[14.989178,48.2818259],[14.9885672,48.2827636],[14.9883952,48.2849232],[14.9881565,48.2850796],[14.9881539,48.2860548],[14.9877756,48.2878681],[14.9879358,48.2880342],[14.9876894,48.2883177],[14.9877689,48.2886934],[14.9875508,48.2891357],[14.9880855,48.2900281],[14.9880241,48.2909005],[14.9876124,48.2916444],[14.9867731,48.2922711],[14.9867141,48.2925853],[14.9872659,48.2928944],[14.9866422,48.2941512],[14.986845,48.2946669],[14.9873044,48.294894],[14.9873685,48.2955053],[14.9867346,48.2959732],[14.9866627,48.2969601],[14.9862546,48.2973563],[14.984884,48.2975902],[14.9845401,48.2979334],[14.9838907,48.298111],[14.9842064,48.2983278],[14.9842295,48.2985942],[14.984671,48.2987342],[14.9852589,48.2992798],[14.9851067,48.2998294],[14.9847844,48.3002094],[14.9851538,48.30091],[14.9852272,48.3026458],[14.9857171,48.3039354],[14.9863433,48.3047492],[14.9867939,48.3062792],[14.986283,48.3079939],[14.9849888,48.3095483],[14.9850674,48.3098776],[14.9856883,48.3103742],[14.9859739,48.3108429],[14.985725,48.3118832],[14.985868,48.3120884],[14.9857538,48.3127352],[14.985222,48.3128659],[14.9852796,48.314157],[14.9859713,48.3145438],[14.9862568,48.3158122],[14.9862201,48.3162669],[14.9865136,48.3163366],[14.9865398,48.3165962],[14.9871738,48.3171764],[14.9867887,48.3175126],[14.9868122,48.3182165],[14.9863983,48.3184865],[14.9863564,48.318821],[14.9865922,48.3190283],[14.9864481,48.3193071],[14.985628,48.3200039],[14.9833304,48.3209935],[14.9826309,48.3215945],[14.9821777,48.3217704],[14.9819812,48.3220527],[14.9821619,48.3229202],[14.9814939,48.3229672],[14.9807656,48.3232857],[14.9789209,48.3233818],[14.9782216,48.3236112],[14.9767221,48.3234293],[14.9765854,48.3231243],[14.9753329,48.3227818],[14.9748448,48.3223869],[14.974377,48.3223513],[14.9741526,48.3221764],[14.9703581,48.3232242],[14.9684834,48.3231328],[14.9668589,48.323784],[14.9649866,48.3242547],[14.9640844,48.3241265],[14.9633548,48.3244931],[14.9632713,48.324682],[14.9622158,48.3249478],[14.9612449,48.3254008],[14.9607232,48.3252902],[14.9602651,48.3254372],[14.9572873,48.3247668],[14.9549141,48.3246159],[14.9540096,48.3239535],[14.9536911,48.3231913],[14.9518707,48.3231566],[14.9505539,48.3225614],[14.9495351,48.3225976],[14.9491472,48.3228284],[14.9482723,48.3229236],[14.9479547,48.3231093],[14.9449593,48.3233589],[14.9446726,48.3235676],[14.9436834,48.3236472],[14.9438487,48.3241549],[14.9438366,48.3244836],[14.9436126,48.3246956],[14.9436801,48.3253589],[14.9441663,48.3257261],[14.9439921,48.3259338],[14.9442873,48.326039],[14.9443741,48.3262451],[14.9442373,48.3264386],[14.9445109,48.3273499],[14.9447468,48.3274919],[14.944669,48.3276574],[14.9451777,48.32784],[14.945376,48.3280747],[14.9452795,48.3281764],[14.9454235,48.3289031],[14.9451114,48.3292425],[14.945372,48.3296921],[14.9452141,48.3297802],[14.9461038,48.3301566],[14.946482,48.3315152],[14.9466227,48.3317265],[14.9469571,48.3317309],[14.9470354,48.3319037],[14.9468603,48.3320029],[14.947034,48.3322846],[14.9476023,48.3324026],[14.9478308,48.3327505],[14.9477312,48.3331393],[14.9474803,48.3333624],[14.9477372,48.3335696],[14.9475312,48.3338264],[14.9477614,48.3341692],[14.947469,48.3344856],[14.9474433,48.3348829],[14.9480019,48.3356621],[14.94825,48.3357896],[14.948257,48.3362678],[14.9486561,48.3362976],[14.9489072,48.3366359],[14.9492633,48.3366954],[14.9499286,48.3376309],[14.94982,48.3379135],[14.9493457,48.3379585],[14.9492304,48.3381094],[14.9493971,48.3386146],[14.9497954,48.3390184],[14.9495854,48.3394121],[14.9504116,48.3396658],[14.9511701,48.3406262],[14.9521155,48.3407684],[14.9528092,48.3406786],[14.9532193,48.3411537],[14.9532149,48.3413175],[14.9527421,48.3414925],[14.9528545,48.3417949],[14.9521292,48.3419061],[14.9520729,48.342416],[14.9518959,48.3424935],[14.9520756,48.3427993],[14.9520731,48.3432394],[14.952522,48.3434706],[14.9521185,48.3439099],[14.9516949,48.3440379],[14.9512114,48.3439254],[14.9511229,48.3440905],[14.9513825,48.3444326],[14.9514573,48.3450554],[14.9512656,48.3454047],[14.9513997,48.3455884],[14.9511054,48.3456629],[14.951149,48.3458076],[14.9515266,48.3459674],[14.9518614,48.3468545],[14.952439,48.3475778],[14.952718,48.3477008],[14.9526652,48.3481404],[14.9530046,48.3484064],[14.9527373,48.3488123],[14.9522271,48.3491761],[14.9521844,48.3494844],[14.9517904,48.3499588],[14.9518821,48.3502371],[14.9521879,48.3503764],[14.952156,48.3509032],[14.95203,48.3509638],[14.9521616,48.3523198],[14.9527002,48.3528694],[14.9534864,48.3529798],[14.9540229,48.353454],[14.9538084,48.3537884],[14.9531925,48.354081],[14.9527958,48.3538032],[14.9523371,48.3540118],[14.9523035,48.3544096],[14.9525076,48.3547498],[14.9520917,48.3549128],[14.9520418,48.355137],[14.9525143,48.3553798],[14.9522164,48.3560143],[14.9522258,48.356797],[14.9528945,48.3571298],[14.9534918,48.3570819],[14.9541233,48.3574703],[14.9540045,48.3587127],[14.9543221,48.3591458],[14.9538897,48.3599848],[14.9538102,48.3607071],[14.9539594,48.3609341],[14.9537219,48.3612604],[14.9534902,48.3612536],[14.9534242,48.3617021],[14.9535543,48.3620413],[14.9541736,48.3623965],[14.9552649,48.3642678],[14.9550624,48.3646473],[14.9551218,48.3650242],[14.9555568,48.3659927],[14.9552857,48.36651],[14.9557437,48.3669475],[14.9559493,48.3677895],[14.956643,48.3688202],[14.956656,48.3694101],[14.9570908,48.3700152],[14.9575296,48.3701869],[14.9576077,48.3705026],[14.9585515,48.3710328],[14.9588409,48.3717902],[14.9586744,48.3725427],[14.9587382,48.373261],[14.9590032,48.3734979],[14.9589855,48.3738612],[14.9594566,48.374228],[14.9595834,48.3746332],[14.9601212,48.3749915],[14.9607075,48.3751279],[14.961244,48.3749812],[14.9615017,48.3751181],[14.9613498,48.3753986],[14.9623644,48.3764669],[14.9628429,48.3767564],[14.9627537,48.3770727],[14.9628657,48.3772256],[14.9635587,48.3775169],[14.9643141,48.3781602],[14.9645237,48.3788211],[14.9643827,48.3789995],[14.9646155,48.3794753],[14.964381,48.3796518],[14.9645775,48.3804049],[14.9642376,48.3808363],[14.9640705,48.3818006],[14.964768,48.3830319],[14.9641511,48.3864711],[14.9642095,48.3868008],[14.964068,48.386917],[14.9643494,48.3872779],[14.9644755,48.3878613],[14.963866,48.3883197],[14.9625851,48.3885306],[14.9626118,48.3889181],[14.9620218,48.3892166],[14.9610284,48.3894196],[14.9604553,48.389791],[14.9592391,48.3901063],[14.9580662,48.3902095],[14.9566087,48.3906402],[14.9563814,48.3913076],[14.9552031,48.3901945],[14.9520948,48.3903165],[14.9513179,48.3902056],[14.9498419,48.3907814],[14.9483256,48.3920269],[14.9470948,48.3923825],[14.94694,48.3928982],[14.9456429,48.393632],[14.9429684,48.3937079],[14.9419344,48.3934762],[14.9410261,48.3937259],[14.9410719,48.393973],[14.9407529,48.3940543],[14.9406985,48.3942495],[14.9397562,48.3945499],[14.9388189,48.394542],[14.9371425,48.395201],[14.9363258,48.3951671],[14.9353114,48.3946491],[14.9342149,48.3943693],[14.9333003,48.394494],[14.933049,48.3941896],[14.9325193,48.3942026],[14.9323277,48.3938836],[14.9317754,48.3935972],[14.9317744,48.3933371],[14.9314182,48.3931094],[14.9314012,48.392916],[14.9308233,48.3929005],[14.9308088,48.3925924],[14.9303764,48.3921142],[14.9290925,48.3917535],[14.9285694,48.3913576],[14.9267804,48.3910373],[14.9265299,48.3904889],[14.9258786,48.3898281],[14.9250082,48.3891685],[14.9244235,48.3892736],[14.9241272,48.3891269],[14.923659,48.3885994],[14.9234042,48.3886404],[14.923305,48.3882236],[14.9231199,48.3883358],[14.9206457,48.3880176],[14.91979,48.3880935],[14.9194899,48.3878774],[14.9188767,48.3881381],[14.9182721,48.3881204],[14.9176941,48.3883278],[14.9175358,48.3882182],[14.9173548,48.3883607],[14.9172233,48.3882637],[14.9165407,48.3888408],[14.9166279,48.3891026],[14.9160713,48.3892442],[14.9160217,48.3893671],[14.9163355,48.3896485],[14.9180039,48.3902068],[14.9180715,48.3905183],[14.9177116,48.3910861],[14.9180924,48.3918633],[14.9186723,48.3922223],[14.918967,48.3926651],[14.9189795,48.3928968],[14.9187104,48.3928957],[14.9186391,48.3930407],[14.918851,48.3933211],[14.9186799,48.3937499],[14.9187906,48.3939848],[14.9205274,48.3947371],[14.9207476,48.3949645],[14.9210209,48.3949151],[14.9216311,48.3952342],[14.9225874,48.3952437],[14.9228224,48.3955983],[14.9238462,48.3957704],[14.9242275,48.3962592],[14.924804,48.3965298],[14.9255156,48.3972799],[14.9260799,48.3975587],[14.9258863,48.3977279],[14.9262808,48.3984611],[14.9276171,48.3986118],[14.9289644,48.3983441],[14.9291747,48.3981047],[14.93019,48.3980299],[14.931052,48.3983962],[14.9318565,48.3983397],[14.9323155,48.3988705],[14.9327216,48.3989332],[14.9335546,48.3997956],[14.9342371,48.3998975],[14.9344895,48.4002381],[14.9352458,48.4006076],[14.9355892,48.4006539],[14.935805,48.4003837],[14.9362517,48.4004536],[14.9385745,48.4017081],[14.9385238,48.4020943],[14.9386683,48.4022495],[14.9385263,48.4023436],[14.9387245,48.4027308],[14.9386021,48.4028284],[14.9391109,48.4031299],[14.9389827,48.4033086],[14.9392477,48.4034835],[14.9404257,48.4036796],[14.9403777,48.4038436],[14.9407838,48.4039919],[14.9406246,48.4041108],[14.9406846,48.4044859],[14.9408731,48.4044673],[14.941535,48.4050256],[14.9419205,48.4051217],[14.9426398,48.4058049],[14.9426321,48.4062137],[14.9475019,48.407702],[14.9475907,48.4090424],[14.9471146,48.4096647],[14.9470744,48.4101641],[14.9475679,48.4108362],[14.9486887,48.4115489],[14.9485154,48.4122105],[14.9491517,48.4125151],[14.9494036,48.4130253],[14.9492513,48.4134372],[14.9494059,48.4136462],[14.9447909,48.4136415],[14.9432396,48.414992],[14.9423675,48.4153159],[14.9414212,48.4162433],[14.9407081,48.4172803],[14.9407164,48.4179108],[14.9408576,48.4184647],[14.9411491,48.4186749],[14.9427758,48.4192167],[14.9429985,48.4195555],[14.9423749,48.4204175],[14.9411155,48.4210681],[14.9411202,48.4214703],[14.940735,48.4219791],[14.9402848,48.4220466],[14.9396427,48.4225939],[14.939116,48.4227928],[14.9389533,48.4231703],[14.9375967,48.4235188],[14.9369802,48.4234072],[14.936341,48.4236525],[14.9362937,48.4238425],[14.9351577,48.4240179],[14.9344954,48.4239857],[14.9341447,48.4237945],[14.9336247,48.4239183],[14.9330156,48.4236247],[14.9315224,48.4234283],[14.9310897,48.4236514],[14.9303847,48.4235317],[14.9287307,48.4238169],[14.9284317,48.4237477],[14.9260973,48.4248135],[14.9261337,48.4250269],[14.9259623,48.4251337],[14.9250304,48.4254809],[14.9234737,48.4271829],[14.9228021,48.4273591],[14.9222558,48.4276882],[14.9218997,48.4280173],[14.9219661,48.4281279],[14.9212648,48.4286093],[14.9205333,48.4288097],[14.9205107,48.4289379],[14.9196059,48.4289859],[14.919304,48.4287577],[14.9177203,48.4282523],[14.9167773,48.4283025],[14.9163144,48.428617],[14.915852,48.4283568],[14.9157571,48.428553],[14.9154879,48.4286248],[14.9153047,48.4284995],[14.9149245,48.4288282],[14.9149038,48.4290507],[14.9144559,48.4293512],[14.9142065,48.4298569],[14.9129891,48.4298924],[14.9126757,48.4302404],[14.9117593,48.4301548],[14.9112649,48.4306548],[14.9114373,48.4308509],[14.9119772,48.4307027],[14.9122464,48.4312928],[14.9125449,48.4312495],[14.9127055,48.4316037],[14.9125909,48.4318558],[14.9128875,48.4322741],[14.9120765,48.432983],[14.9127261,48.4336279],[14.9119605,48.4342272],[14.9119011,48.4346413],[14.9112059,48.4348489],[14.9111847,48.4351111],[14.9104273,48.4355597],[14.9107407,48.4358475],[14.9103704,48.4359495],[14.9103891,48.4362634],[14.9099868,48.4361204],[14.9100328,48.4362736],[14.9096563,48.4364678],[14.909649,48.4368665],[14.9098295,48.4371025],[14.9090917,48.4379339],[14.9091967,48.4382782],[14.9089924,48.4385855],[14.9091067,48.4386913],[14.9086687,48.4390249],[14.9071401,48.4410062],[14.90367,48.4439389],[14.9019692,48.4450425],[14.9006432,48.4463373],[14.9003797,48.4466732],[14.9006062,48.446971],[14.9005238,48.4471458],[14.9002273,48.4472168],[14.9004373,48.4475473],[14.9002808,48.4475692],[14.9004538,48.4476675],[14.900392,48.4478396],[14.9007173,48.4477986],[14.9003447,48.4481769],[14.900497,48.448532],[14.9003117,48.4486167],[14.9003797,48.4489677],[14.8997599,48.4495604],[14.8989878,48.449641],[14.8990578,48.4498253],[14.898438,48.4502364],[14.8986975,48.4503607],[14.8984566,48.450556],[14.897773,48.450642],[14.8974538,48.450474],[14.8974621,48.4506598],[14.8969576,48.4505519],[14.8968814,48.4503948],[14.8950384,48.4502224],[14.894458,48.4504182],[14.8933498,48.4504067],[14.8926483,48.4507062],[14.8922562,48.4506387],[14.8920901,48.4512019],[14.8916567,48.4514925],[14.8913859,48.4514494],[14.8913072,48.4516487],[14.8906341,48.4518008],[14.8901725,48.4523314],[14.888595,48.4525306],[14.8882369,48.4529748],[14.8870286,48.4529905],[14.8861946,48.452742],[14.8824853,48.4529859],[14.8824979,48.453149],[14.8822624,48.4532872],[14.8814583,48.4535465],[14.88037,48.4535082],[14.8794264,48.4538498],[14.8792952,48.4540387],[14.8786829,48.4540098],[14.8780718,48.4543398],[14.8779487,48.4547724],[14.8774984,48.4550811],[14.8768444,48.4553211],[14.8762825,48.4553226],[14.8761135,48.4556003],[14.8752486,48.4559193],[14.8750113,48.4566159],[14.8752068,48.4570116],[14.8748427,48.4576616],[14.8736953,48.4589042],[14.873733,48.4593073],[14.8739662,48.4602696],[14.8756946,48.4620251],[14.8757366,48.4625623],[14.8767167,48.4634931],[14.8770656,48.4644741],[14.8774425,48.4647116],[14.8772481,48.4652087],[14.8773044,48.4658134],[14.8765675,48.4669305],[14.8771764,48.4683276],[14.8769413,48.4687821],[14.8759052,48.469746],[14.8762278,48.4702335],[14.8758915,48.4702239],[14.875973,48.470297],[14.875082,48.4710426],[14.8739226,48.4717664],[14.8739638,48.4729871],[14.8727907,48.4736507],[14.8715093,48.4739122],[14.8706938,48.4743186],[14.870248,48.4750461],[14.8692697,48.4776253],[14.8687905,48.4783646],[14.8679929,48.4790184],[14.866472,48.4798822],[14.8664657,48.4800054],[14.8681253,48.4800129],[14.8696768,48.480499],[14.8718489,48.4807036],[14.8725503,48.4809404],[14.8753438,48.4812295],[14.8763335,48.4810568],[14.8767989,48.4812755],[14.8794914,48.4815966],[14.880482,48.4823474],[14.8809918,48.4825143],[14.8813499,48.4830672],[14.8819947,48.483558],[14.8821438,48.4840743],[14.8825341,48.4842068],[14.8825942,48.4845092],[14.8835788,48.484861],[14.8838412,48.4848087],[14.8841677,48.4849995],[14.8857432,48.4852729],[14.8865973,48.4858214],[14.8872165,48.4857925],[14.8876345,48.4861208],[14.8884631,48.486127],[14.8897388,48.4866079],[14.8899068,48.486893],[14.8897777,48.4870506],[14.8900537,48.487359],[14.8899722,48.4877572],[14.889839,48.4877865],[14.8899625,48.4881504],[14.8896026,48.488359],[14.8897067,48.4885469],[14.889586,48.4887913],[14.88924,48.4887744],[14.889261,48.4890964],[14.8886054,48.4894729],[14.8882967,48.4899155],[14.8881716,48.4906714],[14.887603,48.4915824],[14.8873208,48.4924182],[14.8880302,48.4930125],[14.8888259,48.4931244],[14.8892809,48.4933832],[14.8897884,48.4933772],[14.8902271,48.4936429],[14.8905505,48.4935695],[14.8908408,48.4938393],[14.8911916,48.4937357],[14.8913192,48.4938733],[14.8911129,48.4939279],[14.8912567,48.4940611],[14.8911309,48.4942126],[14.8910397,48.4941139],[14.8910772,48.4943068],[14.8908774,48.4943894],[14.891025,48.4944778],[14.8907782,48.4945574],[14.8909749,48.4947842],[14.8910107,48.4952003],[14.890827,48.4957914],[14.8910193,48.4962646],[14.8910193,48.497827],[14.8912646,48.4979163],[14.8915475,48.4984788],[14.8922759,48.4989624],[14.8949792,48.4997546],[14.8950296,48.4999939],[14.8955042,48.5002723],[14.8961467,48.5004267],[14.897064,48.5002614],[14.8972115,48.5004515],[14.8974395,48.500272],[14.8977345,48.5006204],[14.8983273,48.5006559],[14.8982388,48.5008763],[14.8991293,48.5010096],[14.8996443,48.501278],[14.9002638,48.501278],[14.9004382,48.5015428],[14.9014252,48.5017347],[14.901621,48.5019533],[14.9024391,48.5016014],[14.9033216,48.5017685],[14.9032867,48.5016547],[14.9042577,48.5012851],[14.9048477,48.5014042],[14.9048021,48.5011802],[14.9051133,48.5013473],[14.9056524,48.5012478],[14.9059609,48.5014361],[14.9060655,48.5011802],[14.906331,48.501278],[14.907133,48.5011091],[14.907251,48.5014059],[14.9077392,48.5014592],[14.9082488,48.5013437],[14.9085653,48.5010487],[14.9088147,48.5012158],[14.9089381,48.5009047],[14.9099117,48.5011856],[14.9104214,48.5009616],[14.9109364,48.5010025],[14.9109954,48.5008177],[14.9115962,48.5006008],[14.9118403,48.5006897],[14.9125457,48.5003947],[14.9135891,48.5002969],[14.9136507,48.5000694],[14.9144608,48.5003627],[14.9143884,48.5001547],[14.9148363,48.50024],[14.9149999,48.5001565],[14.9148443,48.5000712],[14.9150884,48.5001121],[14.9149382,48.4998366],[14.9156946,48.4996198],[14.9159119,48.499634],[14.9159279,48.4998757],[14.9161318,48.4996962],[14.9163061,48.4997477],[14.9162498,48.4998739],[14.9164778,48.4998526],[14.9164081,48.4994811],[14.9167407,48.4994723],[14.9166334,48.4995611],[14.9167863,48.4996535],[14.9171081,48.4993887],[14.9172261,48.4994847],[14.9172959,48.4992394],[14.9176311,48.4992785],[14.9177733,48.4991452],[14.9179798,48.499275],[14.9183124,48.4986423],[14.9195926,48.5019461],[14.921594,48.5042581],[14.9209644,48.5057276],[14.9204989,48.5058375],[14.9193528,48.5057107],[14.9188307,48.5059788],[14.9178673,48.5059592],[14.9179369,48.5060738],[14.9177642,48.5061963],[14.9169575,48.5063371],[14.9165987,48.5062241],[14.9162687,48.5065856],[14.9156233,48.5064867],[14.9151425,48.5066828],[14.9148633,48.5063742],[14.914465,48.5063831],[14.9141727,48.5066941],[14.9132464,48.506884],[14.9121791,48.5074107],[14.9119103,48.5079716],[14.912034,48.508446],[14.9112731,48.5088283],[14.9112516,48.5091559],[14.9117372,48.5098941],[14.9109592,48.5106914],[14.9107664,48.5111198],[14.9108765,48.5116548],[14.9111302,48.5118962],[14.912526,48.5122599],[14.9125986,48.5127237],[14.912866,48.5129286],[14.9123326,48.5131293],[14.9127126,48.5132955],[14.9123976,48.5135685],[14.9125209,48.5137348],[14.9124469,48.5139649],[14.9118533,48.5142321],[14.9118362,48.5146722],[14.9115724,48.5147091],[14.9111977,48.515058],[14.9107609,48.5150951],[14.9100988,48.5156207],[14.9092772,48.5165236],[14.9084551,48.516813],[14.9075877,48.5168594],[14.9073671,48.5175447],[14.906641,48.5182001],[14.9063386,48.5180541],[14.9058672,48.5180908],[14.9055519,48.5183159],[14.9059077,48.5184488],[14.9051068,48.518768],[14.9048801,48.5191221],[14.9045622,48.5190916],[14.9038625,48.5195236],[14.9032282,48.5196064],[14.9030924,48.5200273],[14.9025219,48.5199888],[14.902366,48.520415],[14.9021154,48.5202714],[14.9016886,48.5204293],[14.9021903,48.5206508],[14.9018885,48.5207152],[14.9016927,48.5210662],[14.9013791,48.5212161],[14.9010851,48.5213139],[14.9011787,48.5211186],[14.9009204,48.5210835],[14.9007274,48.521417],[14.9000988,48.521484],[14.8990547,48.5220859],[14.898755,48.522169],[14.8984646,48.5220469],[14.8975688,48.5224785],[14.8975428,48.5226919],[14.8966756,48.5227939],[14.8966514,48.5229635],[14.8963524,48.5228942],[14.8962478,48.523055],[14.8964744,48.5230888],[14.8958573,48.5233094],[14.8954567,48.5231915],[14.8948195,48.5234192],[14.8944076,48.5232711],[14.8938874,48.5235777],[14.8935069,48.5232993],[14.8925839,48.5232646],[14.8914668,48.5237978],[14.8903737,48.5232984],[14.8895026,48.5232518],[14.8891922,48.5235196],[14.8881281,48.5237476],[14.8874356,48.5242692],[14.8870507,48.5242164],[14.8860581,48.5247155],[14.885303,48.5247213],[14.8843093,48.5250597],[14.8839026,48.5253037],[14.8838649,48.525547],[14.8840142,48.5257099],[14.8821086,48.5263365],[14.8822453,48.5264249],[14.8820227,48.5268485],[14.8816947,48.5269996],[14.8808264,48.5268041],[14.8804576,48.52694],[14.8801126,48.5268341],[14.8797489,48.5271193],[14.8790388,48.5271107],[14.8789086,48.5272971],[14.8784861,48.5270926],[14.877839,48.5272595],[14.8769322,48.5277346],[14.8756618,48.5278007],[14.875169,48.5277875],[14.8748043,48.5275366],[14.873738,48.5275307],[14.8733754,48.5277173],[14.8728768,48.5273365],[14.8721743,48.5271745],[14.871776,48.5273086],[14.8715212,48.5271718],[14.8709316,48.5272933],[14.8700862,48.5271914],[14.869645,48.5274418],[14.8691136,48.5273374],[14.8688842,48.5274583],[14.8689422,48.5275715],[14.8685255,48.5272959],[14.8683599,48.5274192],[14.8684764,48.5274905],[14.8680269,48.5275596],[14.8675502,48.5271958],[14.8666989,48.5270964],[14.8659078,48.5274795],[14.8652423,48.5274899],[14.8642891,48.5278056],[14.8640727,48.5275031],[14.8637065,48.527695],[14.8632582,48.5276321],[14.8620656,48.5282944],[14.8612709,48.528277],[14.8604934,48.5285955],[14.8602744,48.5285302],[14.86025,48.5287351],[14.860039,48.5286429],[14.8600821,48.5284757],[14.8598377,48.5285189],[14.8596957,48.5283546],[14.8583844,48.5289655],[14.8582713,48.5288026],[14.8578374,48.528936],[14.8576483,48.5286266],[14.8572059,48.5285536],[14.8570854,48.5286728],[14.8561801,48.5285743],[14.8564122,48.5286577],[14.855966,48.528781],[14.8560085,48.5286116],[14.8555699,48.5287315],[14.8555458,48.5285734],[14.8551693,48.5287209],[14.8554788,48.5287807],[14.8550051,48.528952],[14.8541368,48.5288998],[14.8533558,48.529124],[14.8532109,48.529323],[14.8530165,48.5292732],[14.8530634,48.5291409],[14.8528958,48.5292688],[14.8530071,48.5293869],[14.8529146,48.529497],[14.8526007,48.5293718],[14.8525042,48.5294828],[14.8526147,48.5295957],[14.8521796,48.529505],[14.8521161,48.5293629],[14.8516888,48.5296083],[14.850691,48.5294873],[14.8504702,48.5297935],[14.8495144,48.5299485],[14.8495806,48.5302137],[14.8494277,48.5302519],[14.8493539,48.5300246],[14.8489031,48.5302143],[14.8481793,48.5297646],[14.8471357,48.5297688],[14.8469748,48.5298896],[14.8471706,48.530005],[14.8465326,48.5298541],[14.8452756,48.5299047],[14.8452018,48.5300711],[14.8447901,48.530077],[14.8443664,48.5303328],[14.8444763,48.5306605],[14.8447311,48.5306312],[14.8443436,48.5308789],[14.8445125,48.5312058],[14.8452113,48.5315876],[14.8461836,48.5318079],[14.8460424,48.531909],[14.846256,48.5319162],[14.8462902,48.5320575],[14.846673,48.5319043],[14.8469365,48.5320355],[14.8468984,48.5324615],[14.8472055,48.5325459],[14.8470901,48.5326302],[14.8472494,48.5328048],[14.8470564,48.5331404],[14.8471527,48.533257],[14.8475153,48.5332972],[14.8475206,48.5334801],[14.8481424,48.5333191],[14.8478948,48.533441],[14.8480938,48.5334298],[14.8480862,48.5337709],[14.8488607,48.534055],[14.848847,48.534298],[14.8492078,48.5345306],[14.849142,48.5346585],[14.849341,48.5345878],[14.8493191,48.5353858],[14.8490803,48.5354924],[14.8492466,48.5355803],[14.8488765,48.5355892],[14.8489851,48.5356611],[14.8485493,48.5363263],[14.8482371,48.5363163],[14.847691,48.5366886],[14.847408,48.5366166],[14.847243,48.5368289],[14.8470559,48.5367689],[14.8471371,48.5368946],[14.8467449,48.5371179],[14.8464236,48.5375623],[14.8460615,48.5376742],[14.8459583,48.5375766],[14.845918,48.5377719],[14.845672,48.5378965],[14.8449216,48.537946],[14.8450289,48.538104],[14.8445474,48.5384317],[14.8441792,48.5384102],[14.8440056,48.538572],[14.8440546,48.5387676],[14.8433418,48.5390213],[14.8430977,48.5393898],[14.8432492,48.5394067],[14.8426844,48.5400895],[14.8424578,48.5400258],[14.8421562,48.5403221],[14.8422032,48.5404482],[14.8419564,48.5404775],[14.8419551,48.5406222],[14.8413973,48.541015],[14.8405079,48.5415539],[14.8395505,48.541852],[14.8392152,48.542177],[14.8392192,48.5424371],[14.8386953,48.5428674],[14.83895,48.5433976],[14.838719,48.5434902],[14.8386333,48.5438016],[14.8377628,48.5440602],[14.8375629,48.5443868],[14.8371378,48.5444615],[14.8366282,48.5448406],[14.8366778,48.5449552],[14.8358946,48.5452011],[14.8354221,48.5455382],[14.8343678,48.5456495],[14.8340665,48.5459152],[14.8323504,48.5461395],[14.8321928,48.5466195],[14.8317947,48.5466651],[14.8313102,48.5471829],[14.8302563,48.5470097],[14.8297364,48.5472639],[14.8283914,48.5472332],[14.8276092,48.5476165],[14.8271644,48.547632],[14.8269682,48.5478577],[14.8263249,48.5479674],[14.8254332,48.5478582],[14.8249111,48.5476227],[14.8246463,48.5478289],[14.824085,48.5478309],[14.8234447,48.5476536],[14.8234155,48.5475137],[14.8192335,48.5478121],[14.8183486,48.5479241],[14.8180649,48.5480555],[14.8179738,48.5482889],[14.8175208,48.5482619],[14.8169873,48.5485254],[14.8161163,48.5485927],[14.814532,48.5491027],[14.8139716,48.5491313],[14.8135443,48.5493253],[14.8136786,48.5494351],[14.8128523,48.5497769],[14.8124714,48.5503229],[14.8126256,48.5506381],[14.8123299,48.5510299],[14.8124623,48.5515701],[14.8123644,48.5517494],[14.8126343,48.5525997],[14.8124036,48.5531137],[14.8118444,48.5532619],[14.8104471,48.5540593],[14.8091918,48.5553659],[14.8081458,48.5558954],[14.8064925,48.5558187],[14.8056812,48.5561958],[14.8053728,48.5561852],[14.8050041,48.5564754],[14.8045279,48.5564728],[14.8041997,48.5561332],[14.8023311,48.5557014],[14.800988,48.5558585],[14.8001131,48.5557444],[14.7975606,48.5564628],[14.7951574,48.5568854],[14.7948934,48.5571333],[14.7949135,48.5573747],[14.7940259,48.5583467],[14.7927709,48.558664],[14.7925518,48.5590861],[14.7921236,48.5592821],[14.7906015,48.5588522],[14.7896323,48.5590319],[14.7888531,48.5589529],[14.7878851,48.558191],[14.7875066,48.5581851],[14.7862098,48.5589307],[14.7855027,48.5591566],[14.785393,48.5594189],[14.7845472,48.5599949],[14.7828253,48.5602796],[14.7813912,48.5600056],[14.7780462,48.5590469],[14.7765458,48.5572203],[14.7753942,48.5563811],[14.7752344,48.5558593],[14.7745608,48.55548],[14.7732909,48.555406],[14.7717556,48.5558701],[14.7702725,48.5565657],[14.7692431,48.5565446],[14.7686674,48.5567376],[14.7683957,48.5571791],[14.7679149,48.5572581],[14.7678793,48.5575584],[14.7674729,48.557611],[14.76719,48.5579623],[14.7666768,48.5581945],[14.7668292,48.5585499],[14.7665692,48.5585291],[14.7665998,48.5588604],[14.7660453,48.5593006],[14.7663961,48.5595135],[14.7660378,48.5598552],[14.7662231,48.5600727],[14.7653031,48.5606686],[14.7654526,48.5608404],[14.7653184,48.561055],[14.7654934,48.5612112],[14.7643336,48.5617191],[14.7645708,48.5619023],[14.7641804,48.5622178],[14.764257,48.5626135],[14.7636367,48.5629386],[14.7631003,48.5629626],[14.7632123,48.5633094],[14.7629306,48.5638415],[14.7618115,48.5639442],[14.7615245,48.563799],[14.7598688,48.5636575],[14.7579698,48.5638946],[14.7565777,48.5637634],[14.7559564,48.563547],[14.7551318,48.5636672],[14.7548209,48.5634105],[14.7543422,48.563466],[14.7542618,48.5630799],[14.753591,48.5626537],[14.7509248,48.5629449],[14.7496401,48.562716],[14.7491909,48.562164],[14.7486727,48.5610963],[14.7475986,48.5597961],[14.7462488,48.5591102],[14.7459734,48.5587663],[14.7451172,48.5584365],[14.7441176,48.5586203],[14.7433103,48.5584215],[14.7431487,48.5579155],[14.743376,48.5578354],[14.7435169,48.5569801],[14.7428893,48.5564879],[14.7432591,48.5562817],[14.7432725,48.5558171],[14.7439425,48.5555604],[14.7434317,48.5551004],[14.7437741,48.5548727],[14.7440403,48.5543819],[14.7440106,48.5541476],[14.7437945,48.5540675],[14.7438414,48.5539195],[14.7443368,48.5537355],[14.743687,48.5530714],[14.7438984,48.55298],[14.7438376,48.5528741],[14.7431278,48.5524519],[14.7432856,48.5522027],[14.7423803,48.5519754],[14.7421539,48.5522114],[14.7417276,48.5520537],[14.7417642,48.5517797],[14.741181,48.551447],[14.7407728,48.5514751],[14.7407409,48.551708],[14.7405054,48.5517964],[14.7394289,48.551537],[14.7393766,48.551964],[14.7386345,48.5518651],[14.7379919,48.5523161],[14.737484,48.5520796],[14.7371214,48.5522619],[14.7366679,48.55223],[14.7363042,48.5527834],[14.7366648,48.5528267],[14.7365998,48.5529345],[14.7371063,48.5533237],[14.736909,48.5534669],[14.736879,48.5537576],[14.737044,48.5542355],[14.7377619,48.5546262],[14.7378263,48.5552458],[14.7379658,48.5553328],[14.7378194,48.5555606],[14.738199,48.5561839],[14.7379794,48.5566196],[14.7374669,48.5570425],[14.7371209,48.5570848],[14.736248,48.5578873],[14.7353417,48.5584238],[14.734477,48.5584654],[14.7342408,48.5586955],[14.7334198,48.5589514],[14.733318,48.5593397],[14.7318976,48.5596693],[14.7316058,48.559882],[14.7314078,48.5603153],[14.7314602,48.5609026],[14.7309606,48.5616472],[14.7306532,48.5618507],[14.7266551,48.5619168],[14.7258721,48.5616973],[14.7254326,48.5620781],[14.7244925,48.5621449],[14.7237029,48.5638429],[14.7232435,48.564303],[14.7219315,48.5649969],[14.7214192,48.5656146],[14.721521,48.5662626],[14.7213263,48.5664818],[14.7213856,48.5669788],[14.7209532,48.5678044],[14.7214578,48.5685693],[14.7213763,48.5690961],[14.721611,48.5692853],[14.7213195,48.5698117],[14.7199046,48.5709161],[14.7187081,48.5713378],[14.7184983,48.571643],[14.7180772,48.5718098],[14.7174777,48.5723563],[14.7171681,48.5723109],[14.7170594,48.5725757],[14.7171656,48.5727801],[14.7168729,48.5729545],[14.7167924,48.573313],[14.7162811,48.5734928],[14.7155916,48.5742056],[14.7157061,48.5745233],[14.7154165,48.5745766],[14.7153256,48.575197],[14.714818,48.5753245],[14.7147936,48.5756226],[14.713555,48.5767097],[14.7132672,48.5770677],[14.7133971,48.5773955],[14.7129649,48.578014],[14.7118563,48.5786955],[14.7110485,48.578588],[14.7105268,48.5787726],[14.7100359,48.5792446],[14.7093667,48.5792934],[14.7091245,48.5795006],[14.7084024,48.5796174],[14.7081812,48.5798506],[14.706598,48.580109],[14.7053408,48.5798081],[14.7051302,48.5796228],[14.7031917,48.5792494],[14.7018941,48.5798399],[14.693368,48.580224],[14.6916204,48.5805895],[14.6902184,48.5816446],[14.690492,48.5820917],[14.6908783,48.5821538],[14.6909909,48.5823472],[14.6908716,48.5840463],[14.691187,48.5846628],[14.6912545,48.5851802],[14.6904085,48.5850392],[14.6877292,48.585101],[14.6865086,48.5843646],[14.6846283,48.5838608],[14.6831976,48.5827977],[14.6825281,48.5826735],[14.6763312,48.5830946],[14.675415,48.5829524],[14.6734729,48.5820932],[14.6699046,48.5813923],[14.6686745,48.5815152],[14.6664256,48.5821801],[14.6649195,48.5821836],[14.6634582,48.5819592],[14.6595363,48.5925764],[14.657669,48.5980985],[14.6566126,48.599467],[14.6558098,48.6002153],[14.6537968,48.6043363],[14.6532644,48.6044994],[14.6525588,48.605052],[14.6523048,48.6054572],[14.6515883,48.605701],[14.6516952,48.6057354],[14.6513638,48.6060792],[14.6496381,48.6070887],[14.6497188,48.60727],[14.6489093,48.6077783],[14.6488584,48.6081247],[14.6484966,48.6082279],[14.6483344,48.6084042],[14.6484379,48.6085877],[14.6482166,48.6086134],[14.6483015,48.6087761],[14.6476768,48.6093824],[14.6469515,48.6097623],[14.6456874,48.6100569],[14.6450531,48.6096982],[14.6433907,48.6092795],[14.6432502,48.6088383],[14.6422342,48.6086291],[14.6417425,48.6082626],[14.6415796,48.6083996],[14.640723,48.6078541],[14.6402887,48.6078773],[14.6400138,48.6076115],[14.6400712,48.60738],[14.639474,48.6070692],[14.6392043,48.6064803],[14.6362088,48.6060879],[14.6362274,48.6058934],[14.6359353,48.6055981],[14.6349396,48.6050726],[14.634632,48.6046393],[14.6325584,48.6049762],[14.6319193,48.6046627],[14.6321798,48.6045284],[14.6318286,48.6043689],[14.6318114,48.6038493],[14.6314517,48.6034676],[14.6306889,48.6031715],[14.6295635,48.603302],[14.6286748,48.6039604],[14.628234,48.6040131],[14.6278854,48.6038491],[14.6263686,48.6045086],[14.6259798,48.6050579],[14.625213,48.6053592],[14.6250327,48.6056991],[14.6242173,48.6058276],[14.6241837,48.6062019],[14.6246561,48.6067734],[14.6241569,48.6069829],[14.6243956,48.6074444],[14.623707,48.607732],[14.6236711,48.6081204],[14.623129,48.6083813],[14.6226559,48.6089069],[14.6229254,48.6092115],[14.6227746,48.6095292],[14.6229456,48.6097136],[14.6226559,48.6099621],[14.6228795,48.610051],[14.6228034,48.6102822],[14.623256,48.6103744],[14.6229788,48.6107477],[14.6228634,48.611149],[14.6229576,48.6113134],[14.6222867,48.6112711],[14.6224846,48.6115699],[14.6220403,48.6116318],[14.6220671,48.6118406],[14.621819,48.6121655],[14.6215357,48.6120813],[14.6213956,48.6122092],[14.6216008,48.612608],[14.6212896,48.6127565],[14.621293,48.6129214],[14.6220272,48.6131158],[14.6218123,48.6134113],[14.6219049,48.6135483],[14.6216353,48.6136447],[14.6215029,48.6139351],[14.6218529,48.6143126],[14.6215572,48.6144635],[14.6215522,48.6146491],[14.6211964,48.6149833],[14.621231,48.6152613],[14.621524,48.6153415],[14.6215944,48.6156006],[14.6208799,48.615713],[14.6211978,48.6159083],[14.6204628,48.6163631],[14.6203485,48.616634],[14.6205322,48.6170117],[14.6203183,48.6175283],[14.6195874,48.6175986],[14.6194245,48.6178741],[14.6191502,48.6179084],[14.6192793,48.6182214],[14.6187412,48.6184364],[14.619053,48.6186924],[14.6189055,48.6191093],[14.6192522,48.6191844],[14.6190098,48.6194632],[14.6187281,48.6194624],[14.6188136,48.6197017],[14.6182215,48.620221],[14.618483,48.6204777],[14.6182353,48.6208265],[14.617955,48.6209276],[14.6177538,48.6213431],[14.6178413,48.6214761],[14.6177005,48.6215187],[14.6177538,48.6219225],[14.6173589,48.6222283],[14.6171496,48.6221383],[14.6163172,48.62235],[14.6161854,48.6229034],[14.6159483,48.6229136],[14.615891,48.6232544],[14.6155303,48.623457],[14.6157019,48.6236068],[14.615435,48.6237568],[14.6156764,48.6239374],[14.6148305,48.6239321],[14.6148614,48.6240773],[14.6145513,48.6240673],[14.614506,48.6242346],[14.6140963,48.6243893],[14.6147682,48.6249001],[14.614111,48.6251315],[14.6143045,48.6254548],[14.6140909,48.6255288],[14.6141871,48.6258484],[14.6134395,48.6262271],[14.6132423,48.6261358],[14.6132487,48.6264284],[14.6127703,48.6265199],[14.6127927,48.6267045],[14.6123642,48.6269219],[14.6122161,48.6271408],[14.612378,48.6271331],[14.6123659,48.6272651],[14.6114117,48.6277132],[14.6111361,48.627641],[14.6110956,48.6278535],[14.6104143,48.6277841],[14.6104736,48.6281063],[14.6099201,48.6278431],[14.6097984,48.6280095],[14.6096676,48.6277349],[14.6091476,48.6278129],[14.6089702,48.6279468],[14.609162,48.6280308],[14.6089682,48.6281081],[14.6085404,48.6278847],[14.6082839,48.6281648],[14.6076312,48.6280463],[14.6074015,48.6283583],[14.6073683,48.6281451],[14.6071541,48.6281347],[14.6070806,48.6285923],[14.6066374,48.6283532],[14.6063611,48.628591],[14.6053426,48.6281744],[14.6048457,48.6282202],[14.604151,48.6279663],[14.6031364,48.628095],[14.603413,48.6279674],[14.6034868,48.6277527],[14.602838,48.6274858],[14.6029091,48.6273411],[14.602602,48.6270752],[14.603067,48.6269314],[14.6029205,48.6267386],[14.602598,48.6268629],[14.6024666,48.626747],[14.6022362,48.6259687],[14.6024381,48.6257943],[14.6024008,48.6255924],[14.6015714,48.6252651],[14.6010792,48.6255074],[14.6000968,48.625241],[14.5990357,48.6253363],[14.5990575,48.6250907],[14.5986923,48.6245431],[14.5992958,48.6243265],[14.5987947,48.6240714],[14.5982445,48.6242151],[14.5970569,48.6234162],[14.5967692,48.6229495],[14.5967752,48.6226782],[14.5962136,48.6223048],[14.5962054,48.622118],[14.5958129,48.6220934],[14.5953141,48.6218184],[14.595306,48.6214761],[14.5959195,48.621038],[14.5958336,48.620632],[14.5951855,48.6202449],[14.5941373,48.6200866],[14.5934033,48.6201694],[14.5930383,48.6199971],[14.5928016,48.6197634],[14.5927466,48.619354],[14.5906011,48.6182026],[14.5900847,48.6172855],[14.5896552,48.6177007],[14.5881518,48.617586],[14.5863794,48.618019],[14.5844289,48.617606],[14.5836038,48.6165095],[14.5829533,48.616191],[14.58217,48.6169023],[14.5817605,48.6166379],[14.5808957,48.6169001],[14.5795468,48.6159389],[14.579923,48.6151762],[14.5798439,48.6150083],[14.5781741,48.6149553],[14.577879,48.6147033],[14.5778637,48.6141773],[14.577328,48.6135138],[14.575849,48.6129952],[14.5756629,48.6128026],[14.5751758,48.6121965],[14.5760118,48.6116212],[14.5756382,48.6111322],[14.5737059,48.6117345],[14.5722746,48.6116825],[14.5719183,48.6115684],[14.5718216,48.6111959],[14.5713671,48.6109848],[14.570991,48.6105307],[14.570371,48.6103546],[14.5693862,48.6102378],[14.5685398,48.6106864],[14.568388,48.6103341],[14.5685055,48.6100112],[14.5681247,48.6095203],[14.5679825,48.6090394],[14.5677454,48.6087626],[14.5672485,48.6085621],[14.5659871,48.6083449],[14.5644892,48.6084962],[14.5640206,48.6084047],[14.5636129,48.6079034],[14.5639541,48.6069478],[14.5636884,48.60641],[14.5638568,48.6057435],[14.5637489,48.6051856],[14.5633358,48.6045898],[14.5624434,48.6038823],[14.56233,48.6034708],[14.5620564,48.6033296],[14.5610603,48.6037683],[14.5604513,48.6037479],[14.5590263,48.604238],[14.5578802,48.6054936],[14.5570497,48.6059573],[14.5563226,48.606001],[14.5540078,48.6056682],[14.5535401,48.6058302],[14.5515049,48.6077069],[14.5514458,48.6083547],[14.5518488,48.6084847],[14.5520438,48.6087467],[14.5512823,48.6100155],[14.551502,48.6103595],[14.5512837,48.6112288],[14.5497207,48.6119768],[14.5488111,48.6129022],[14.5475565,48.6136292],[14.5474737,48.6140691],[14.5472415,48.6143418],[14.5465656,48.6145996],[14.5463086,48.6144735],[14.5465135,48.6142373],[14.5464457,48.61404],[14.5456198,48.6136863],[14.5453295,48.6137205],[14.5441889,48.6146536],[14.5433602,48.6144338],[14.5406261,48.6148195],[14.5397875,48.6144817],[14.5387414,48.6143973],[14.5354947,48.6149318],[14.5326702,48.6148317],[14.5320898,48.6147154],[14.5316133,48.6143842],[14.5310399,48.6144872],[14.5309611,48.6147489],[14.5305193,48.6146144],[14.5302848,48.6143424],[14.5290254,48.6147079],[14.5275383,48.614653],[14.5272192,48.6148969],[14.5264182,48.6147408],[14.5261777,48.6151522],[14.5264185,48.6153351],[14.5263567,48.6155087],[14.5260351,48.6155028],[14.5259613,48.6151908],[14.5255296,48.6155394],[14.5245407,48.615456],[14.5241207,48.6156772],[14.5241044,48.6158073],[14.524432,48.615961],[14.5242236,48.6161012],[14.5237976,48.6159762],[14.5236265,48.616177],[14.5232079,48.6161147],[14.5225248,48.6163555],[14.5230497,48.6167178],[14.5231631,48.6170149],[14.5225619,48.6171616],[14.5220553,48.6170049],[14.5221024,48.6172784],[14.5217097,48.6177182],[14.5220522,48.6179199],[14.5213576,48.6180755],[14.5213708,48.6182525],[14.5209965,48.6183167],[14.5209592,48.6184819],[14.5204705,48.6187618],[14.5156319,48.6198518],[14.5130907,48.6196712],[14.5115169,48.6193553],[14.5077466,48.6177982],[14.5062396,48.6174007],[14.5044757,48.6171962],[14.5032907,48.6173668],[14.5023449,48.6178598],[14.5012199,48.6191371],[14.500191,48.6199448],[14.4989389,48.620603],[14.4962671,48.6215608],[14.4950925,48.6224833],[14.4948398,48.6229722],[14.4947619,48.6236657],[14.4957713,48.6259713],[14.4959623,48.6271135],[14.4959041,48.6278051],[14.4953826,48.6285416],[14.4948127,48.6287355],[14.4943616,48.6286573],[14.4943397,48.6289084],[14.4946326,48.6291578],[14.49431,48.6297585],[14.4943253,48.6301282],[14.4940468,48.6306375],[14.4935644,48.6307692],[14.493738,48.63091],[14.4940776,48.6308467],[14.4941016,48.6310909],[14.4945075,48.6309232],[14.4946559,48.6310233],[14.4941247,48.6313349],[14.494076,48.6318783],[14.4928825,48.6326946],[14.4929996,48.6329217],[14.492475,48.6333178],[14.4916775,48.6332441],[14.4910279,48.6329605],[14.4889021,48.633249],[14.4883067,48.6334826],[14.4882794,48.6340277],[14.4876489,48.6338777],[14.4876011,48.6337045],[14.4872275,48.6337111],[14.4873914,48.6341358],[14.486738,48.634047],[14.4863879,48.6342941],[14.4863955,48.6344573],[14.4858183,48.6343195],[14.4856292,48.6345025],[14.4856471,48.6341888],[14.4851853,48.6342479],[14.4851384,48.6344444],[14.4853667,48.6347116],[14.4852189,48.6348783],[14.4852847,48.635094],[14.4848568,48.6351245],[14.4847209,48.6353373],[14.4844328,48.6351932],[14.4842986,48.6353749],[14.4843775,48.6355651],[14.4840063,48.635388],[14.4838587,48.6356449],[14.4837494,48.6355761],[14.4839376,48.6352897],[14.4835799,48.635157],[14.4833276,48.6356843],[14.4828731,48.6356628],[14.4826625,48.6358608],[14.4830304,48.636085],[14.4829816,48.6363674],[14.4820349,48.6362199],[14.4821148,48.6364051],[14.4817207,48.6364489],[14.4816398,48.6366461],[14.4814335,48.6365489],[14.4809822,48.6366819],[14.4812351,48.6369705],[14.4804006,48.6370371],[14.4802538,48.6377637],[14.4796459,48.6385433],[14.4791893,48.6387212],[14.4784374,48.6386678],[14.4776851,48.6389756],[14.4774179,48.6393052],[14.4765801,48.6394795],[14.4766272,48.6398425],[14.4762703,48.639875],[14.4760867,48.6402607],[14.4754187,48.6406698],[14.4756528,48.6411279],[14.4754769,48.6416098],[14.4762226,48.6418576],[14.4770661,48.6417585],[14.4773833,48.6419298],[14.4773532,48.6417674],[14.477666,48.6417747],[14.477781,48.6421645],[14.4775927,48.6424117],[14.4776423,48.6425969],[14.4768196,48.6429204],[14.4763481,48.6427771],[14.4763367,48.6430087],[14.4761748,48.6430223],[14.475925,48.6434659],[14.4758127,48.6431878],[14.4751881,48.6434659],[14.4750325,48.6437681],[14.4746845,48.6439514],[14.47443,48.6438839],[14.4745042,48.6436836],[14.4743682,48.6436032],[14.4741145,48.6436431],[14.473971,48.6438562],[14.4735373,48.6438866],[14.4732776,48.6436434],[14.4725974,48.6439709],[14.4725021,48.6443826],[14.4721735,48.6444527],[14.4722802,48.6447415],[14.4721229,48.6450601],[14.4716253,48.645152],[14.4711768,48.6455702],[14.4706809,48.6465182],[14.4714954,48.6467361],[14.4707518,48.6470131],[14.4700943,48.647975],[14.4701923,48.6483863],[14.4698709,48.6484941],[14.4691521,48.6480711],[14.4687214,48.6475717],[14.4686303,48.6473805],[14.4689867,48.6468407],[14.4685717,48.6462102],[14.4676707,48.6459059],[14.4666298,48.6461497],[14.4646823,48.6455955],[14.4634308,48.644898],[14.4618723,48.6444439],[14.4592467,48.6442118],[14.4591387,48.6433281],[14.4532572,48.6447212],[14.4533215,48.6439024],[14.447777,48.6437162],[14.4459373,48.6433755],[14.4437604,48.6434296],[14.4439396,48.6429204],[14.4439083,48.6421227],[14.4442729,48.6398801],[14.444882,48.6392383],[14.4455839,48.6377883],[14.4471001,48.6362013],[14.4493796,48.634896],[14.4503685,48.6337558],[14.4515892,48.6329008],[14.4524998,48.63193],[14.4532223,48.6310064],[14.4548974,48.6278211],[14.4552895,48.6273513],[14.454778,48.6272541],[14.4559401,48.6255273],[14.4560481,48.6251396],[14.4555778,48.6244728],[14.4544897,48.6247049],[14.4540382,48.6245706],[14.4538191,48.6247932],[14.4526777,48.62471],[14.4523203,48.6248553],[14.4519021,48.6247153],[14.4514353,48.6238683],[14.4506809,48.6229233],[14.4502798,48.6226692],[14.4502018,48.6222604],[14.4490795,48.6214388],[14.4479423,48.6201929],[14.4473037,48.6198083],[14.447572,48.6185583],[14.4474744,48.6174506],[14.4479134,48.6165929],[14.4483814,48.6161146],[14.4485984,48.6153242],[14.4486035,48.6142376],[14.4483058,48.6129825],[14.448128,48.6130335],[14.4479591,48.6124284],[14.447452,48.6116595],[14.444709,48.6084168],[14.4443475,48.6071385],[14.4437136,48.6060455],[14.4438404,48.6051132],[14.4434168,48.6044846],[14.44355,48.6041454],[14.4434857,48.6036671],[14.4423716,48.6026438],[14.4419777,48.601925],[14.441375,48.6012921],[14.4418137,48.6003769],[14.4422058,48.6002176],[14.4417876,48.6002856],[14.4404755,48.5999114],[14.4399136,48.5999364],[14.4395495,48.59972],[14.4393014,48.5998118],[14.439056,48.5995235],[14.4388052,48.5995912],[14.4386403,48.5993903],[14.437914,48.5992085],[14.4376516,48.5989203],[14.437393,48.5989244],[14.437214,48.5986295],[14.4362143,48.5986594],[14.435476,48.5980444],[14.4355594,48.5978474],[14.4353379,48.597672],[14.4355091,48.5975002],[14.4354464,48.5972936],[14.4353436,48.5971727],[14.4350727,48.5972517],[14.4348949,48.5964528],[14.4352529,48.59574],[14.4343045,48.5950568],[14.4341436,48.594362],[14.43433,48.5942859],[14.4343676,48.5940588],[14.433942,48.5935738],[14.4339527,48.593289],[14.4334785,48.592866],[14.4332595,48.5922341],[14.4328065,48.5920049],[14.4317009,48.5905014],[14.4314131,48.5891316],[14.430348,48.5885278],[14.4277042,48.5889289],[14.4266334,48.5889271],[14.4254264,48.5887988],[14.4247872,48.5883329],[14.4230123,48.5896721],[14.4221307,48.5901695],[14.4216542,48.5902636],[14.4216467,48.590428],[14.4212078,48.5902716],[14.4211841,48.5904242],[14.4209127,48.5903596],[14.4206672,48.5906836],[14.4208205,48.5907681],[14.4207669,48.5909075],[14.4199882,48.5910475],[14.4200101,48.5912812],[14.4182302,48.5916978],[14.4173363,48.5915512],[14.4170425,48.5916499],[14.4168402,48.5919925],[14.4157234,48.5922697],[14.4154426,48.5925068],[14.4139542,48.5924891],[14.4133227,48.5922122],[14.4131799,48.5924264],[14.4128005,48.5923036],[14.4126268,48.5924667],[14.4127756,48.5925633],[14.4121504,48.5927919],[14.4120373,48.5926856],[14.412138,48.5925758],[14.4118019,48.5925905],[14.411825,48.5927566],[14.4115877,48.5926778],[14.4116602,48.5925545],[14.4114893,48.5923622],[14.4110336,48.5925752],[14.4108394,48.5924667],[14.4106668,48.5926186],[14.4107968,48.5927411],[14.4105831,48.5928335],[14.4103155,48.592759],[14.410318,48.59263],[14.4099808,48.5928382],[14.4093817,48.5928018],[14.4083337,48.5921265],[14.4072705,48.5920146],[14.4069,48.5922043],[14.4065436,48.5921813],[14.4060901,48.5926288],[14.4054065,48.5926651],[14.4039146,48.5933474],[14.3999777,48.5922817],[14.3992831,48.5924415],[14.3991302,48.592753],[14.3988709,48.592871],[14.3977728,48.5927208],[14.3968918,48.5922223],[14.3958488,48.592028],[14.3954022,48.5921737],[14.395597,48.5931642],[14.3950313,48.5932698],[14.3944948,48.5935949],[14.3935085,48.5931514],[14.3925941,48.5933146],[14.3924584,48.5935438],[14.3927019,48.5938087],[14.3919215,48.5943],[14.3913205,48.5938491],[14.3910599,48.5932946],[14.3906236,48.5931379],[14.3886624,48.592761],[14.3879332,48.5927615],[14.387259,48.5924936],[14.386243,48.5926724],[14.385763,48.5917886],[14.3861018,48.5916863],[14.3861286,48.5914803],[14.3864186,48.5912652],[14.3867496,48.591318],[14.3870429,48.5911131],[14.3865518,48.5907877],[14.3866497,48.5902091],[14.3868626,48.5899093],[14.3874144,48.5896104],[14.3874872,48.5892877],[14.3873645,48.5891141],[14.387635,48.5887934],[14.3868508,48.5882183],[14.3874456,48.5872556],[14.3873467,48.5869928],[14.3867351,48.5869817],[14.3868548,48.5866069],[14.3872981,48.5866967],[14.3873692,48.5865794],[14.3871834,48.5865302],[14.3872877,48.5863563],[14.3876052,48.5860693],[14.3879126,48.5860932],[14.3878214,48.5858635],[14.3871623,48.5855745],[14.3876649,48.5854576],[14.3877108,48.5852924],[14.3870902,48.5848448],[14.3879478,48.5838208],[14.3879448,48.5834786],[14.3877366,48.5832368],[14.3881906,48.5827174],[14.3888994,48.5823572],[14.3894247,48.5824461],[14.3903752,48.5821152],[14.3906307,48.58237],[14.3914578,48.5821065],[14.3915765,48.5817931],[14.3911377,48.5813877],[14.3910069,48.5807697],[14.3911303,48.5805603],[14.390903,48.5800803],[14.3910404,48.5791172],[14.3919799,48.578763],[14.3930531,48.5790447],[14.3935902,48.5786596],[14.3936508,48.5774748],[14.3931198,48.5773731],[14.3913797,48.5754967],[14.3894157,48.5736927],[14.3880813,48.5718809],[14.3849364,48.5709374],[14.3838581,48.5701319],[14.3796803,48.5692638],[14.3780186,48.5693325],[14.3761371,48.5691941],[14.3712645,48.5695497],[14.3684934,48.5698297],[14.3682262,48.5709407],[14.3684204,48.5714927],[14.368307,48.5724775],[14.3677937,48.5732351],[14.3669773,48.5736222],[14.3668536,48.5739494],[14.3660996,48.5746761],[14.3660795,48.5755035],[14.3658441,48.5758429],[14.3629366,48.5748882],[14.3616427,48.5747076],[14.3576724,48.5746466],[14.357656,48.574338],[14.3579467,48.5743427],[14.3579024,48.5741883],[14.3576473,48.574161],[14.3578209,48.5738837],[14.3575772,48.5737187],[14.3579105,48.573484],[14.357887,48.5733571],[14.3570907,48.5732375],[14.3572647,48.5730767],[14.356969,48.5728823],[14.356862,48.5725766],[14.3564262,48.5727881],[14.3564691,48.5725438],[14.3561969,48.5721398],[14.3558485,48.572001],[14.3559897,48.5717303],[14.3555746,48.571498],[14.3555142,48.5712447],[14.3552594,48.5710164],[14.3541674,48.5706481],[14.354147,48.5703571],[14.3535368,48.5698772],[14.3530647,48.5698306],[14.3536011,48.5695453],[14.3529879,48.5695176],[14.3528656,48.5693481],[14.3530181,48.5692995],[14.3524056,48.5688919],[14.3526714,48.5686743],[14.352658,48.5682847],[14.3524495,48.5682352],[14.3526047,48.5679286],[14.3524042,48.5672965],[14.3525326,48.567077],[14.3529842,48.5671015],[14.352835,48.5666476],[14.3531855,48.5663249],[14.3529708,48.565958],[14.3514882,48.5650077],[14.3519637,48.5645351],[14.3523804,48.5644024],[14.3526563,48.56394],[14.3522436,48.5639118],[14.3522533,48.5637599],[14.3533886,48.5630066],[14.3531163,48.5627816],[14.3531214,48.5624723],[14.3521145,48.5624057],[14.3510708,48.5619293],[14.3504774,48.5618603],[14.3494142,48.562078],[14.3481117,48.5618758],[14.3468661,48.5609121],[14.3463568,48.56084],[14.3459307,48.5605054],[14.3460055,48.5603871],[14.3446902,48.5599059],[14.345238,48.5589819],[14.3450097,48.5588201],[14.3450952,48.5586781],[14.3449058,48.5583847],[14.3450724,48.5581928],[14.3449336,48.5579252],[14.345004,48.5572541],[14.3448327,48.5570124],[14.3440421,48.5567184],[14.3434332,48.5562566],[14.3430658,48.5553323],[14.3426406,48.5549426],[14.3426913,48.5548124],[14.3420217,48.5545731],[14.341409,48.5546853],[14.3407547,48.5544713],[14.340114,48.554707],[14.3386907,48.5539981],[14.3382609,48.5539511],[14.3374938,48.5543734],[14.3373698,48.5542287],[14.3367274,48.5541621],[14.3362436,48.5536269],[14.3351375,48.5532436],[14.3349504,48.553027],[14.335104,48.5528774],[14.3332343,48.5518081],[14.3315268,48.5524664],[14.330487,48.5525241],[14.3294209,48.5528346],[14.328321,48.5535108],[14.3276535,48.5536186],[14.327113,48.5540735],[14.3273215,48.5547052],[14.3270925,48.5576282],[14.3261226,48.557693],[14.3259771,48.5589563],[14.3257166,48.5594818],[14.3252831,48.5598455],[14.3249035,48.5617529],[14.3245153,48.5623407],[14.3242826,48.5635239],[14.3243309,48.5642427],[14.3215553,48.5629541],[14.3182084,48.5634387],[14.3153104,48.563371],[14.3090238,48.5644088],[14.3071748,48.5653165],[14.3043848,48.5672156],[14.3038649,48.5669486],[14.3024957,48.5668359],[14.3021982,48.5670793],[14.3007539,48.5667616],[14.2998041,48.5670216],[14.2995862,48.566942],[14.2993749,48.5672153],[14.2982963,48.5675661],[14.2969616,48.5676566],[14.296677,48.5679492],[14.2959132,48.5682206],[14.2955995,48.5680678],[14.2950291,48.5683907],[14.2950576,48.5686142],[14.2941212,48.5690616],[14.2939133,48.5690104],[14.2921964,48.5699778],[14.2918855,48.569946],[14.2915731,48.570192],[14.2910722,48.5702344],[14.2907399,48.5705055],[14.2901558,48.5704562],[14.2890598,48.5707526],[14.2861107,48.5723903],[14.2837678,48.572814],[14.2827181,48.5733211],[14.2799025,48.5741792],[14.2794183,48.574066],[14.2788498,48.5742334],[14.2788482,48.5744121],[14.2785429,48.574479],[14.2783257,48.574765],[14.2777804,48.5749494],[14.2777806,48.5751835],[14.2771336,48.5753314],[14.276986,48.5754605],[14.2770501,48.5756254],[14.2762789,48.5760869],[14.2752012,48.5772628],[14.2745999,48.5773477],[14.2743122,48.5776763],[14.2738642,48.5777886],[14.2739896,48.5780606],[14.2737941,48.578134],[14.2738354,48.5783421],[14.2734791,48.5785506],[14.2730363,48.579138],[14.272785,48.5792043],[14.2726698,48.5796915],[14.2720577,48.5800401],[14.271816,48.58041],[14.2713685,48.5811479],[14.2715453,48.5813734],[14.2707352,48.5814279],[14.27036,48.5812204],[14.2703869,48.5809952],[14.2698964,48.5809154],[14.2684558,48.5811751],[14.2682853,48.5813635],[14.2675607,48.5812832],[14.2672614,48.5815323],[14.2668773,48.5814258],[14.2666203,48.5816273],[14.265144,48.5810376],[14.2650023,48.5811883],[14.2647237,48.5812216],[14.2646644,48.5810778],[14.2641675,48.5812829],[14.2630677,48.5812389],[14.2624943,48.5816265],[14.2616126,48.5817931],[14.2613428,48.5816408],[14.2604794,48.5818123],[14.2599506,48.5815258],[14.2590672,48.5817371],[14.2588743,48.5816496],[14.2589334,48.5814072],[14.2587522,48.5813054],[14.258262,48.581396],[14.2577484,48.581256],[14.2575888,48.5813867],[14.2570513,48.5813482],[14.2568741,48.5816125],[14.2558523,48.5815958],[14.2556547,48.5810263],[14.2552067,48.5810444],[14.2545498,48.5806744],[14.253655,48.5809199],[14.2528389,48.5806868],[14.2526068,48.580872],[14.2520394,48.5808817],[14.2505006,48.5801729],[14.2494667,48.5801544],[14.2493754,48.5799097],[14.2491352,48.5798257],[14.2492575,48.5796729],[14.2489071,48.579395],[14.2488111,48.5788461],[14.2482283,48.5781164],[14.2477006,48.578043],[14.2469455,48.5785698],[14.246304,48.5783528],[14.2447891,48.5785614],[14.2441043,48.5780994],[14.243614,48.5779832],[14.2431501,48.5781462],[14.2416488,48.5776483],[14.2407531,48.5777606],[14.2405638,48.57765],[14.2392757,48.5779408],[14.2386783,48.5785349],[14.2380215,48.580395],[14.237417,48.580905],[14.2373195,48.5813263],[14.2347476,48.5825943],[14.2312885,48.5836708],[14.2281962,48.5852152],[14.2264592,48.5856734],[14.2232201,48.5860929],[14.2227495,48.586435],[14.2211274,48.5863366],[14.2201167,48.5864757],[14.2195426,48.5863011],[14.2183345,48.5862677],[14.2174655,48.5866145],[14.2170475,48.5864665],[14.2162997,48.5866881],[14.2157328,48.5866598],[14.2145752,48.5871872],[14.2144072,48.5871037],[14.2136042,48.5876457],[14.2131306,48.5877787],[14.2131244,48.5879717],[14.2122833,48.5882809],[14.211857,48.5880828],[14.2108561,48.5880191],[14.2098863,48.5884043],[14.209378,48.5882816],[14.2090126,48.5884101],[14.2090817,48.5882776],[14.2088239,48.5881769],[14.2084544,48.5882741],[14.2084472,48.588137],[14.2080112,48.5881506],[14.2075288,48.5885062],[14.2067165,48.5886808],[14.2064717,48.5891417],[14.2059336,48.5891693],[14.2057708,48.589457],[14.2052363,48.5897434],[14.2051902,48.5900867],[14.2047139,48.590408],[14.2037909,48.5904792],[14.2026557,48.5899152],[14.2018213,48.5900868],[14.2013317,48.589995],[14.2005403,48.5904889],[14.1996647,48.5907419],[14.1991487,48.5908092],[14.1988313,48.5906338],[14.1985517,48.5908065],[14.1982958,48.5907103],[14.1973701,48.5909302],[14.196948,48.5911866],[14.1968851,48.5913862],[14.1959205,48.5919211],[14.195307,48.5919907],[14.1954933,48.5922144],[14.1952599,48.5925084],[14.1943855,48.5927286],[14.192987,48.5926502],[14.1918,48.5929607],[14.1901768,48.5929981],[14.1896898,48.5929214],[14.1892679,48.5925217],[14.1877302,48.5925101],[14.1851074,48.5930848],[14.1844178,48.5935944],[14.1817244,48.5939017],[14.1812518,48.5936558],[14.1812726,48.5933159],[14.1808776,48.5929396],[14.1798816,48.5925201],[14.1794438,48.5926566],[14.1793154,48.5929333],[14.1785429,48.592899],[14.1782256,48.5931039],[14.1772477,48.5926947],[14.1772289,48.5920482],[14.1774847,48.5911055],[14.1740401,48.5912852],[14.1712431,48.5901931],[14.16886,48.5904958],[14.1658869,48.5900332],[14.1646043,48.589384],[14.1635271,48.589236],[14.1629135,48.5898958],[14.1627144,48.5909962],[14.1628813,48.5912548],[14.1635168,48.591564],[14.1628803,48.592113],[14.1629118,48.5923454],[14.1627174,48.5924569],[14.162816,48.592645],[14.1619043,48.5929066],[14.160521,48.5922773],[14.1580524,48.5923338],[14.1575686,48.5928829],[14.1576567,48.5934036],[14.1570241,48.5936337],[14.1562201,48.5934042],[14.1559549,48.5936448],[14.1556001,48.5936903],[14.1555116,48.5939316],[14.1558094,48.5947525],[14.1552102,48.5953669],[14.1547821,48.5954612],[14.1544559,48.5958787],[14.1532703,48.5958641],[14.153109,48.5960412],[14.1524851,48.5960395],[14.1521599,48.5958306],[14.1518494,48.5959162],[14.1508576,48.5953578],[14.1510749,48.5950917],[14.1510062,48.5949301],[14.1503534,48.5948509],[14.1495068,48.5949986],[14.1484212,48.5946343],[14.1479585,48.5943152],[14.1477141,48.5944418],[14.1471804,48.5943003],[14.1469842,48.5945864],[14.1466701,48.594638],[14.1462526,48.594434],[14.1460602,48.594562],[14.1455124,48.5945163],[14.145394,48.5946496],[14.1442464,48.5945673],[14.144008,48.5947438],[14.1435208,48.5946616],[14.1433911,48.594776],[14.1429103,48.5943855],[14.1429736,48.593989],[14.1418773,48.5937473],[14.1415393,48.5938719],[14.1415739,48.5940846],[14.1413851,48.5942762],[14.1403297,48.5946755],[14.1393262,48.5946099],[14.1389463,48.5949707],[14.1386376,48.5948608],[14.1379432,48.5949922],[14.1380568,48.5951163],[14.1376525,48.5952809],[14.1378228,48.5953478],[14.1376055,48.5955184],[14.137332,48.5954868],[14.1373863,48.5957275],[14.1362309,48.5954949],[14.1359526,48.595668],[14.1358782,48.595951],[14.134587,48.596545],[14.1346474,48.5967492],[14.1338853,48.5969244],[14.1338679,48.5970645],[14.1331672,48.5970694],[14.1333016,48.5972903],[14.1328577,48.5975136],[14.1323156,48.5972677],[14.1319558,48.5975164],[14.1312361,48.5975567],[14.1309593,48.5973922],[14.1301806,48.5975732],[14.1303482,48.5976657],[14.1301889,48.5977588],[14.1294009,48.5973918],[14.1293944,48.59725],[14.1291212,48.5973616],[14.1286296,48.5971417],[14.1283536,48.5962769],[14.1284957,48.5959715],[14.1283219,48.5958082],[14.1280113,48.5958182],[14.1281175,48.5955864],[14.1279182,48.5951753],[14.1267895,48.5947817],[14.1263534,48.5944155],[14.1256292,48.5941569],[14.1255275,48.5942763],[14.1252842,48.5940412],[14.1253814,48.5939699],[14.1240717,48.5932867],[14.1236349,48.593211],[14.123761,48.5929729],[14.1219805,48.5927896],[14.1209406,48.5928747],[14.1206171,48.5931174],[14.1200559,48.592962],[14.1199229,48.5924792],[14.1194499,48.5924864],[14.119398,48.5922406],[14.1195559,48.5920447],[14.1193406,48.591428],[14.1188391,48.5912534],[14.1189714,48.5912408],[14.1189045,48.5909239],[14.1191717,48.5905948],[14.1176149,48.5903248],[14.1158363,48.5891601],[14.1134022,48.5895675],[14.1109106,48.589444],[14.1085055,48.5896272],[14.1063465,48.5894781],[14.1057189,48.5895703],[14.1032154,48.5899987],[14.1017812,48.5906487],[14.0955755,48.5922383],[14.0958699,48.5931354],[14.0958513,48.5940209],[14.0980007,48.5968637],[14.0979239,48.5972881],[14.0982607,48.5977776],[14.0980404,48.5984371],[14.0978402,48.598496],[14.0978489,48.5987542],[14.0976735,48.5988133],[14.0976577,48.5991861],[14.0974978,48.5993926],[14.097063,48.5994502],[14.0970844,48.5998368],[14.0949343,48.5995762],[14.0949299,48.5991071],[14.0942114,48.5989575],[14.0925243,48.5992622],[14.0880673,48.5994895],[14.08624,48.6000926],[14.0817735,48.5993736],[14.0805423,48.5995704],[14.0782748,48.599564],[14.0760864,48.5998553],[14.074583,48.5997172],[14.0732743,48.5999117],[14.0728228,48.5996995],[14.0722448,48.5998758],[14.0717161,48.5997223],[14.0714213,48.5994113],[14.0710742,48.5993738],[14.0713107,48.5991255],[14.0707883,48.5986175],[14.071088,48.5984152],[14.0710782,48.5982883],[14.0708656,48.5982896],[14.0709114,48.5979004],[14.0703273,48.5974259],[14.0702519,48.5966947],[14.0698484,48.5965099],[14.0692201,48.5954806],[14.0681932,48.5951486],[14.067315,48.5951617],[14.066963,48.5948589],[14.0664875,48.5955132],[14.0663402,48.596068],[14.066561,48.5976951],[14.0662651,48.5985303],[14.0662019,48.5995209],[14.0664302,48.6000521],[14.0664908,48.6008831],[14.0661706,48.6010674],[14.0663724,48.6010816],[14.0666416,48.6022075],[14.0669552,48.6026485],[14.0687484,48.6043095],[14.0692588,48.6042316],[14.0694199,48.604509],[14.0696586,48.6062865],[14.0689955,48.6069745],[14.0675444,48.6060667],[14.0660043,48.6061453],[14.0642292,48.6065724],[14.0620574,48.6066238],[14.0610368,48.6064713],[14.06036,48.6063353],[14.0595926,48.6059495],[14.0591245,48.6056203],[14.059302,48.6054336],[14.0590589,48.6052334],[14.0587142,48.6052772],[14.0580384,48.6048783],[14.0568611,48.6048466],[14.0552853,48.6042041],[14.0550262,48.6044565],[14.0542382,48.6041322],[14.0537726,48.6053676],[14.0532086,48.6060973],[14.0531035,48.6064732],[14.0521953,48.6068666],[14.052158,48.6072076],[14.0518995,48.6073904],[14.0508105,48.6076841],[14.0515525,48.6094882],[14.0489801,48.6109065],[14.0473817,48.6111069],[14.0465019,48.6116904],[14.0438811,48.6122568],[14.0433727,48.6125452],[14.0421494,48.6128659],[14.0427398,48.6134465],[14.0433184,48.6136122],[14.0436755,48.6139921],[14.0434205,48.6143849],[14.0427177,48.6148361],[14.0428697,48.6155575],[14.0426863,48.6162403],[14.0423289,48.6165233],[14.0412456,48.6167512],[14.0409147,48.6171298],[14.040897,48.6174183],[14.0423989,48.6181104],[14.0441547,48.6184641],[14.0455213,48.6188666],[14.0456735,48.6190595],[14.0452603,48.6196821],[14.0453441,48.6202412],[14.0457965,48.6206687],[14.0458747,48.6213228],[14.0464063,48.6223429],[14.0462236,48.6227536],[14.0456473,48.6229958],[14.0454494,48.6235081],[14.0457207,48.6240577],[14.0470026,48.6253685],[14.0469493,48.6257519],[14.0475045,48.6264585],[14.0482663,48.6267813],[14.0480854,48.6270215],[14.0481344,48.6273669],[14.0470916,48.6276678],[14.0467591,48.6280073],[14.0463416,48.6280512],[14.0455812,48.6286091],[14.0446629,48.6284357],[14.0436535,48.6285022],[14.0432431,48.6285695],[14.0430221,48.6287777],[14.0427939,48.6287275],[14.0424455,48.6289882],[14.041479,48.6288673],[14.040859,48.6284707],[14.0396996,48.6283587],[14.0388492,48.6278104],[14.0381946,48.6276369],[14.0349732,48.6279769],[14.0325042,48.6276418],[14.0317233,48.6274251],[14.0304499,48.6266018],[14.0294078,48.6262118],[14.0286927,48.626163],[14.0300647,48.6268403],[14.0301834,48.628745],[14.0298919,48.6289493],[14.027686,48.629125],[14.0268003,48.6294403],[14.0263766,48.6297716],[14.0229717,48.6307122],[14.0233491,48.6323641],[14.0204952,48.6338909],[14.0199633,48.6344604],[14.0188791,48.6362818],[14.0182556,48.6368975],[14.0173574,48.6372555],[14.0156013,48.6373536],[14.0146132,48.6381177],[14.0136846,48.6381513],[14.0113778,48.6390103],[14.0111355,48.6393482],[14.0105583,48.6396542],[14.0116177,48.6394603],[14.0144928,48.6406579],[14.0160622,48.6420589],[14.0162859,48.6426847],[14.0169755,48.6432492],[14.0201003,48.6445458],[14.021362,48.6447689],[14.0228523,48.6455611],[14.023381,48.6460892],[14.0232891,48.646297],[14.0242232,48.64764],[14.0243194,48.6482002],[14.0240228,48.6495319],[14.0245948,48.6507382],[14.0245431,48.6518774],[14.024183,48.6526568],[14.0252314,48.6524471],[14.0255686,48.6522393],[14.026508,48.6525142],[14.0266397,48.6527471],[14.0274568,48.6526194],[14.0287408,48.6527168],[14.0294104,48.6529016],[14.0300547,48.6534347],[14.0317589,48.6538654],[14.0326239,48.6543557],[14.0328558,48.6542566],[14.0330656,48.6543701],[14.0332088,48.6542303],[14.0341781,48.6544009],[14.0348748,48.6541402],[14.0352842,48.6543896],[14.0357465,48.654211],[14.0364041,48.6544215],[14.0368422,48.6542426],[14.0372915,48.6542691],[14.0377829,48.6547169],[14.0386744,48.6545664],[14.0388526,48.6547084],[14.0394635,48.6546091],[14.0406227,48.6547472],[14.0409716,48.6547408],[14.0414391,48.6544601],[14.0422873,48.6546603],[14.0435225,48.6542557],[14.0440977,48.6545357],[14.0450165,48.654504],[14.0460613,48.6539698],[14.046343,48.6540711],[14.0473573,48.6535804],[14.0478572,48.6535444],[14.04837,48.6531884],[14.0493273,48.653127],[14.0498939,48.6528837],[14.0503869,48.6530474],[14.0513046,48.6525548],[14.0519317,48.6527163],[14.0529391,48.6526531],[14.0535237,48.6529256],[14.0536455,48.6532146],[14.0544604,48.6539292],[14.0541695,48.6540029],[14.0541094,48.65422],[14.0544171,48.6543984],[14.0544136,48.6545448],[14.0547872,48.6545322],[14.0547546,48.6548681],[14.0545362,48.6550021],[14.0548569,48.6553371],[14.0546985,48.6554715],[14.05515,48.6556106],[14.0555888,48.6562918],[14.0564185,48.6566833],[14.0578421,48.657739],[14.0577576,48.6579809],[14.058045,48.6586497],[14.0584384,48.6588689],[14.0584913,48.6590706],[14.0583554,48.6595973],[14.0580602,48.6599745],[14.0574644,48.6602775],[14.0579487,48.6609657],[14.0578247,48.6611487],[14.058031,48.6615429],[14.0579661,48.6617952],[14.0584374,48.6620533],[14.0582131,48.66242],[14.0583501,48.6626377],[14.0591011,48.6630338],[14.0600526,48.6639651],[14.0600596,48.6643105],[14.0598535,48.6644371],[14.0598816,48.6648624],[14.0600842,48.6652215],[14.0602815,48.6652365],[14.0602423,48.6655313],[14.0600591,48.6657636],[14.0598112,48.6657899],[14.0595258,48.6661865],[14.0592636,48.6662211],[14.0592607,48.6665715],[14.0589989,48.6667262],[14.0589395,48.6673303],[14.0585336,48.6676568],[14.0589975,48.6679484],[14.0587842,48.6682939],[14.0588607,48.6685278],[14.0592459,48.6685812],[14.0593864,48.6690469],[14.0596989,48.6691546],[14.0598451,48.6695075],[14.0593568,48.6697689],[14.0594333,48.6701409],[14.0591903,48.6702748],[14.0592457,48.6705093],[14.0589942,48.6707943],[14.0592342,48.6709071],[14.0589732,48.6710806],[14.0590684,48.6712407],[14.0587645,48.6713021],[14.0585981,48.6715562],[14.0593216,48.6718452],[14.059227,48.6720988],[14.0597099,48.6722029],[14.0595983,48.672386],[14.0597877,48.6724691],[14.05968,48.6726785],[14.0598301,48.6731772],[14.0600791,48.6733209],[14.0595641,48.6735439],[14.0594662,48.6738245],[14.0590714,48.6738685],[14.0568833,48.6748449],[14.0558465,48.6755482],[14.0539124,48.6757549],[14.0527373,48.6756463],[14.0518648,48.6750976],[14.0498085,48.6751339],[14.0488917,48.6755355],[14.0479577,48.675547],[14.0477161,48.6760233],[14.047281,48.6763177],[14.045818,48.6766003],[14.0443291,48.6772724],[14.0433495,48.6774952],[14.0425597,48.6772123],[14.0407835,48.6770874],[14.0396455,48.6762877],[14.0388707,48.6761123],[14.0388148,48.6769582],[14.0377066,48.6770939],[14.0370909,48.677446],[14.0364181,48.6770894],[14.0355918,48.6774011],[14.0347281,48.6772728],[14.0341578,48.6769846],[14.0345204,48.6777832],[14.0332461,48.6788083],[14.0332743,48.6794491],[14.0334886,48.6797059],[14.0319267,48.6800014],[14.0311595,48.6806699],[14.0298781,48.6809802],[14.0293079,48.6817803],[14.0275192,48.6827108],[14.0245561,48.6833936],[14.0246619,48.6838437],[14.025983,48.6838989],[14.0256733,48.684874],[14.02791,48.6846625],[14.0285644,48.6848148],[14.0286682,48.6853809],[14.0271959,48.685895],[14.0268759,48.6866968],[14.025606,48.6870711],[14.0252725,48.6879385],[14.0253687,48.6890868],[14.0210461,48.6902337],[14.0192833,48.6904959],[14.0193859,48.6906601],[14.0177507,48.6910937],[14.016643,48.6915382],[14.016167,48.6918912],[14.0162005,48.6923187],[14.0165106,48.6926306],[14.0184518,48.6941116],[14.0181702,48.6962424],[14.0171988,48.6964219],[14.0162174,48.6963613],[14.0155744,48.6977627],[14.0150437,48.6977272],[14.0145704,48.6964848],[14.0126563,48.6948942],[14.0122443,48.6947535],[14.0099359,48.6953656],[14.0107362,48.696239],[14.0115605,48.6968242],[14.0127077,48.6970537],[14.0133576,48.6984259],[14.011469,48.700257],[14.0108123,48.6996271],[14.01029,48.6998096],[14.0102923,48.700163],[14.0087575,48.7022863],[14.008255,48.7037962],[14.0084426,48.7039894],[14.0087965,48.7040228],[14.0098356,48.7048086],[14.0085981,48.7057612],[14.0073227,48.7064863],[14.0068254,48.706557],[14.0062952,48.7062759],[14.0053401,48.7060774],[14.0052293,48.7072096],[14.003394,48.7085324],[14.0024579,48.7084096],[14.0019245,48.7086477],[14.0016371,48.7084925],[14.0010079,48.7085563],[14.0001928,48.7089487],[13.9992652,48.7088335],[13.9989685,48.7090279],[13.9973995,48.709291],[13.9967044,48.7091202],[13.9957019,48.7095007],[13.994751,48.7094845],[13.9941323,48.709759],[13.9932054,48.709838],[13.9926712,48.710118],[13.9920402,48.7097434],[13.9911932,48.7100261],[13.9895974,48.7100673],[13.9888066,48.7099152],[13.9881276,48.7100107],[13.9876956,48.7102756],[13.9871972,48.7102679],[13.9864501,48.7106191],[13.9841057,48.7108577],[13.9830498,48.7107525],[13.9828137,48.7106516],[13.9827066,48.7103759],[13.9812876,48.709798],[13.9805703,48.7098669],[13.9798606,48.7097359],[13.9796,48.7099011],[13.9782472,48.7097649],[13.9779687,48.7098705],[13.9767659,48.7110533],[13.9762077,48.7113515],[13.9754027,48.7115408],[13.9740215,48.7114828],[13.9704685,48.7131642],[13.9701807,48.7132143],[13.9693249,48.7127661],[13.9691636,48.7129052],[13.968562,48.7128312],[13.9681614,48.7129999],[13.9672268,48.7127043],[13.9670288,48.7129143],[13.9665089,48.7130035],[13.9664528,48.7128646],[13.9662009,48.7131242],[13.9658803,48.7131117],[13.9657896,48.7129611],[13.965057,48.7131512],[13.9647498,48.7130865],[13.9642303,48.7133344],[13.9630356,48.7134481],[13.9623283,48.7133121],[13.9618746,48.7134396],[13.9617173,48.7136369],[13.9611999,48.7134813],[13.960641,48.7136965],[13.9598849,48.7136358],[13.9592151,48.7139596],[13.9589639,48.7137134],[13.9584315,48.713925],[13.9579871,48.7138639],[13.957804,48.7140726],[13.9572344,48.7141168],[13.9568704,48.7143901],[13.9558864,48.7144143],[13.9557228,48.7145824],[13.9558363,48.7146806],[13.9555232,48.7149379],[13.955872,48.7150696],[13.9555299,48.7151861],[13.9555132,48.7153579],[13.9557239,48.7154772],[13.9555565,48.7158839],[13.9559198,48.7167618],[13.9558012,48.7173066],[13.9553528,48.7177708],[13.9554897,48.7179857],[13.9550914,48.7183838],[13.9545433,48.7197327],[13.9536871,48.7207311],[13.9526952,48.7210663],[13.9519412,48.720891],[13.9500987,48.7209672],[13.9475581,48.721865],[13.9441611,48.7224461],[13.9427903,48.7214129],[13.942584,48.7217199],[13.9412965,48.7219825],[13.9411134,48.7222729],[13.9412016,48.7225617],[13.9407371,48.7228577],[13.9403382,48.7225477],[13.9391527,48.7232315],[13.937764,48.7244601],[13.9378647,48.72489],[13.9376397,48.7254941],[13.9371633,48.7260353],[13.9361527,48.7266475],[13.9353023,48.7268452],[13.934191,48.727596],[13.9335558,48.7281796],[13.9334607,48.7286527],[13.9326487,48.728916],[13.928935,48.7310186],[13.9277437,48.7313979],[13.9271359,48.7317736],[13.9262959,48.7332383],[13.9262873,48.7351438],[13.9257257,48.7356306],[13.9237218,48.7364581],[13.9208429,48.7370209],[13.920895,48.7381863],[13.920177,48.7401241],[13.9197316,48.7407791],[13.9162692,48.742598],[13.9150036,48.7439469],[13.9141311,48.7443134],[13.9130163,48.745424],[13.9117079,48.74589],[13.9109301,48.7463985],[13.9101969,48.7474868],[13.909394,48.7478905],[13.9075388,48.748439],[13.9045092,48.749852],[13.9008506,48.7536676],[13.895466,48.7570785],[13.8892066,48.7584654],[13.8828942,48.7619044],[13.8761128,48.7666041],[13.8684066,48.7696228],[13.8618681,48.7695338],[13.8573045,48.7712807],[13.8551506,48.7713802],[13.8511511,48.7700236],[13.8484692,48.7697718],[13.846676,48.770583],[13.8440813,48.7725526],[13.8432226,48.7725637],[13.8395522,48.7716181],[13.8392781,48.7705707],[13.8396495,48.7672299],[13.8395551,48.7663655],[13.8384626,48.7650859],[13.8371831,48.7643722],[13.8366159,48.7637751],[13.8364548,48.7631323],[13.8361394,48.7627366],[13.834795,48.7622166],[13.8329,48.7609895],[13.8321548,48.7608029],[13.8314644,48.7602986],[13.8299745,48.7598398],[13.8276776,48.7585505],[13.8270261,48.7584748],[13.8267895,48.7581079],[13.8262321,48.7580655],[13.8262131,48.7578508],[13.8258093,48.7577056],[13.8258566,48.757518],[13.8251832,48.7568799],[13.8236085,48.7567046],[13.8232712,48.7565149],[13.822873,48.7566289],[13.8225959,48.7564062],[13.8224627,48.7559901],[13.8221894,48.7558777],[13.8220418,48.7555486],[13.8221492,48.7553772],[13.8218726,48.7549993],[13.8209882,48.7543909],[13.8211447,48.7538679],[13.8210153,48.7534722],[13.8212283,48.7532921],[13.821,48.7530625],[13.8212386,48.7527189],[13.8208617,48.752546],[13.8213432,48.7523476],[13.8212553,48.7517445],[13.8215728,48.7514357],[13.8213278,48.7510745],[13.8219023,48.7505844],[13.821855,48.7497219],[13.8220738,48.7493063],[13.8217194,48.7487402],[13.8209973,48.7481702],[13.8211949,48.7479748],[13.8206291,48.7475822],[13.8208249,48.7474867],[13.820665,48.7472471],[13.8207742,48.7469778],[13.8212316,48.7467117],[13.8213198,48.7464609],[13.8211523,48.7457028],[13.8215087,48.74544],[13.8213578,48.7452108],[13.8214724,48.7447572],[13.821038,48.7442741],[13.8206868,48.7434193],[13.8206226,48.7429872],[13.8208962,48.7429327],[13.820905,48.7424961],[13.8203348,48.7419714],[13.8205871,48.7411285],[13.8203706,48.7404716],[13.820566,48.7402017],[13.8204347,48.7396151],[13.8205369,48.7393067],[13.8196575,48.7387064],[13.8197373,48.7382578],[13.8196073,48.7380975],[13.8183729,48.737515],[13.8187577,48.7372318],[13.8188367,48.736945],[13.8178336,48.735821],[13.8180237,48.7350466],[13.8179001,48.7346772],[13.8181479,48.7341172],[13.8186844,48.734036],[13.8192167,48.7337248],[13.8191538,48.7335105],[13.8193358,48.7332171],[13.8192175,48.7327514],[13.8193853,48.7325402],[13.819013,48.7321852],[13.8190824,48.7318268],[13.8184588,48.7314287],[13.8179912,48.7308599],[13.8176353,48.7309319],[13.8165342,48.7304655],[13.815809,48.7304841],[13.8153802,48.7301733],[13.8146467,48.7300618],[13.8140299,48.7291521],[13.8130989,48.7292814],[13.8104096,48.7289447],[13.8100689,48.728481],[13.8099637,48.7276294],[13.809371,48.726931],[13.8085909,48.7266172],[13.8081362,48.7260743],[13.8085887,48.7257805],[13.8083069,48.7255877],[13.8081543,48.7252111],[13.8084366,48.7245858],[13.8075535,48.7242926],[13.806983,48.7244416],[13.8067333,48.7238721],[13.8062741,48.7240016],[13.8061599,48.7232571],[13.8053705,48.7229989],[13.8046688,48.7220943],[13.8042163,48.7217639],[13.8036148,48.7215949],[13.8033028,48.7209534],[13.8032526,48.7203645],[13.8030154,48.720072],[13.802723,48.7199601],[13.8026116,48.7202366],[13.8020659,48.7201598],[13.8023404,48.7198863],[13.8018325,48.7193265],[13.8022379,48.7193644],[13.8023592,48.7192395],[13.8021179,48.7186209],[13.8022014,48.7180801],[13.801591,48.7176338],[13.8018848,48.7172971],[13.801056,48.7165993],[13.7999523,48.7163888],[13.7990731,48.7165353],[13.79881,48.7163058],[13.7983578,48.7163718],[13.797952,48.7160784],[13.797115,48.7158454],[13.7968458,48.7155401],[13.7964584,48.7158848],[13.7955791,48.7156779],[13.7955392,48.7153536],[13.7948921,48.715082],[13.7949424,48.7146531],[13.7961459,48.713399],[13.7969377,48.7133392],[13.7975671,48.7129742],[13.7979526,48.7125344],[13.7996558,48.711884],[13.799724,48.7113636],[13.8001515,48.7108766],[13.8031943,48.7080561],[13.804882,48.7079381],[13.8055531,48.7082391],[13.8062646,48.7088859],[13.8091689,48.7089807],[13.8097718,48.7092649],[13.8114278,48.7086832],[13.81149,48.7079597],[13.8117272,48.7073746],[13.812534,48.7072346],[13.812605,48.7065719],[13.8128951,48.7061921],[13.8125732,48.7054361],[13.8129045,48.7050942],[13.8128184,48.7049459],[13.8123976,48.7049765],[13.8111609,48.7045094],[13.8110719,48.7040194],[13.8115639,48.703548],[13.8111719,48.7029355],[13.8112017,48.7025734],[13.8115144,48.7021923],[13.8122046,48.7023118],[13.8131538,48.7013089],[13.8136547,48.7012426],[13.8140883,48.7009059],[13.8147407,48.7010108],[13.8152458,48.7013066],[13.8168181,48.7015499],[13.8173249,48.7011456],[13.8185446,48.7006044],[13.8194116,48.6994646],[13.8204523,48.6990729],[13.8215578,48.6992308],[13.822945,48.6997046],[13.824819,48.6999196],[13.8252262,48.7001678],[13.8251098,48.7005681],[13.8254303,48.7006383],[13.827847,48.6999846],[13.8279569,48.700285],[13.8277023,48.7005965],[13.8279378,48.7006982],[13.828581,48.7001351],[13.8290236,48.7004075],[13.8293119,48.7003664],[13.8295102,48.7001195],[13.8294433,48.6998333],[13.8299475,48.6997465],[13.8305506,48.6999567],[13.8297743,48.7003858],[13.8299399,48.7006725],[13.8315983,48.7006065],[13.8317581,48.7007363],[13.8316595,48.7009401],[13.8321896,48.7010482],[13.8328147,48.7007568],[13.8328713,48.7003995],[13.8330979,48.7003326],[13.8332889,48.7004675],[13.8333239,48.7007589],[13.8338742,48.7004915],[13.8340011,48.7005703],[13.8338615,48.7008734],[13.8330999,48.7010003],[13.8336428,48.7012428],[13.8339777,48.7009795],[13.8347367,48.7007937],[13.8346626,48.700544],[13.8342041,48.7003811],[13.8344246,48.7001924],[13.83517,48.7003165],[13.8353121,48.7000863],[13.8355333,48.700059],[13.8363323,48.7005773],[13.8370787,48.7006686],[13.8374328,48.7005483],[13.8371291,48.7003097],[13.8373886,48.7001135],[13.8371933,48.7000232],[13.8371055,48.6996266],[13.8367546,48.6992411],[13.8368347,48.6988099],[13.8363807,48.698402],[13.8364585,48.6982416],[13.8359721,48.6975881],[13.8359671,48.697332],[13.8350274,48.696856],[13.8351825,48.6961209],[13.8350024,48.6959816],[13.8353272,48.6956354],[13.8349039,48.6955073],[13.8350645,48.6953248],[13.8345739,48.6950284],[13.8348421,48.6947293],[13.8343749,48.6943813],[13.8345283,48.6941773],[13.8343819,48.6941181],[13.8344166,48.6939662],[13.8346944,48.6938064],[13.8342871,48.6935639],[13.8345327,48.6934878],[13.8343912,48.693344],[13.8344828,48.6930591],[13.8337096,48.6923519],[13.8335366,48.6918645],[13.8325588,48.6918322],[13.8320148,48.6922312],[13.8314463,48.6920735],[13.8310584,48.692212],[13.8308158,48.6920026],[13.8302938,48.6924591],[13.8299869,48.6923974],[13.8300611,48.6923091],[13.8295241,48.6919361],[13.8289839,48.6919033],[13.8285656,48.6921705],[13.8279035,48.6920321],[13.8270882,48.6921163],[13.8267511,48.6923918],[13.8260536,48.6923627],[13.8250415,48.6926962],[13.8249304,48.6927941],[13.8251229,48.6929389],[13.8244295,48.693085],[13.8236526,48.694112],[13.8226475,48.6942533],[13.8225067,48.694139],[13.8212766,48.6946399],[13.8204424,48.6944979],[13.818701,48.6945456],[13.8177807,48.6946095],[13.8171013,48.6948416],[13.8163989,48.6947207],[13.815798,48.6943944],[13.8160065,48.6941694],[13.8159151,48.6940308],[13.8153043,48.6939077],[13.8147365,48.6932099],[13.8141575,48.6929474],[13.8143427,48.6926319],[13.8139965,48.6925052],[13.8140805,48.6922977],[13.8135045,48.6918408],[13.8140384,48.6915155],[13.8139353,48.6912275],[13.8135857,48.6910544],[13.8137808,48.6908347],[13.8135526,48.6906429],[13.8135337,48.6901896],[13.8138341,48.6897874],[13.8135933,48.6894277],[13.8138296,48.6893021],[13.8138346,48.6890213],[13.8141885,48.6889178],[13.8139572,48.6886138],[13.8141924,48.6882033],[13.814128,48.6878312],[13.814369,48.6876455],[13.8142671,48.6873984],[13.8143916,48.6871728],[13.8141667,48.6867539],[13.8144188,48.6863717],[13.8142132,48.6858922],[13.8143748,48.6858524],[13.8144208,48.685605],[13.8143623,48.6852264],[13.8138874,48.6850211],[13.8137217,48.6846306],[13.8135177,48.6845818],[13.8134776,48.6838838],[13.8131688,48.6837174],[13.8131442,48.6835507],[13.8134679,48.683154],[13.8142312,48.6827986],[13.8140259,48.6826172],[13.8141125,48.6824979],[13.8147269,48.6823282],[13.8145789,48.6820673],[13.8150116,48.6821506],[13.8156774,48.6818612],[13.8157672,48.6820006],[13.8160503,48.6819564],[13.8160234,48.6817184],[13.8166739,48.6813244],[13.8161948,48.68096],[13.81705,48.6799473],[13.8169458,48.6797294],[13.8172907,48.6796325],[13.816923,48.67936],[13.816694,48.6793807],[13.8167385,48.6791056],[13.8165101,48.6789611],[13.8168976,48.6788018],[13.8167922,48.6786066],[13.8171258,48.6783581],[13.8170731,48.6777598],[13.817455,48.6775991],[13.8174369,48.6774409],[13.8177484,48.6773836],[13.817669,48.6769462],[13.8178076,48.676729],[13.8176773,48.6766632],[13.817903,48.6765772],[13.8178922,48.6763348],[13.8181838,48.6762353],[13.8180975,48.6757225],[13.8182831,48.6755962],[13.8186811,48.6756456],[13.8187175,48.6753359],[13.8191304,48.6752558],[13.8193021,48.6749534],[13.81914,48.674867],[13.8192002,48.6746959],[13.8188864,48.6745872],[13.8190411,48.6744671],[13.8186713,48.6736319],[13.819078,48.6734565],[13.8194922,48.6729174],[13.8194,48.6717357],[13.8196857,48.6713102],[13.8197758,48.6704343],[13.8196655,48.6702131],[13.8197614,48.6700731],[13.8192488,48.6698578],[13.8191533,48.6692712],[13.8193379,48.6689155],[13.8190151,48.6686638],[13.818504,48.6686505],[13.8175299,48.6664927],[13.8175258,48.6661226],[13.8179408,48.6655379],[13.8179521,48.665191],[13.8181475,48.6651092],[13.8179544,48.6647344],[13.8181855,48.664478],[13.8181652,48.6640083],[13.8183863,48.6635824],[13.817387,48.6622356],[13.8178455,48.6606874],[13.8177154,48.6594109],[13.8175817,48.6588697],[13.8167955,48.6582325],[13.8166681,48.6577176],[13.8162655,48.6576836],[13.8165428,48.6572079],[13.8163149,48.6569343],[13.8166033,48.6562552],[13.8156782,48.655255],[13.8152983,48.6545747],[13.8152084,48.6538997],[13.8150545,48.6538288],[13.8148944,48.6532695],[13.8146518,48.6531027],[13.8147394,48.6527154],[13.814468,48.6526813],[13.8147295,48.6524995],[13.8146221,48.652032],[13.8147767,48.6519675],[13.814405,48.651607],[13.814546,48.6514872],[13.8144044,48.6514428],[13.8144948,48.6513091],[13.81427,48.651199],[13.8145571,48.6508236],[13.8145205,48.6505571],[13.8147073,48.6505131],[13.8142126,48.6501785],[13.814271,48.6499901],[13.8140793,48.6498375],[13.8142735,48.6498004],[13.8140866,48.6496654],[13.8142055,48.6494356],[13.8145739,48.6494521],[13.8143567,48.6493423],[13.8144969,48.6490728],[13.815428,48.6486291],[13.8158322,48.6480751],[13.8161718,48.6480016],[13.8162928,48.6475897],[13.816697,48.6473482],[13.8171469,48.6473588],[13.8177131,48.646921],[13.8178081,48.6466418],[13.8185949,48.6463585],[13.8182748,48.6461565],[13.8184423,48.6458958],[13.818294,48.6456326],[13.8187605,48.6454021],[13.8186235,48.645193],[13.8188419,48.6447522],[13.8189436,48.6446753],[13.8192577,48.6449654],[13.8195564,48.6449596],[13.8196997,48.6448286],[13.8196404,48.6446198],[13.8203394,48.6443085],[13.820257,48.6440274],[13.8204938,48.6439219],[13.820299,48.6438476],[13.8205203,48.643863],[13.8208728,48.6435798],[13.8211746,48.6436812],[13.8216107,48.6435389],[13.8218772,48.6432487],[13.8220206,48.6433447],[13.822613,48.6430351],[13.8229797,48.6430372],[13.8234157,48.6427403],[13.823384,48.6425687],[13.8236906,48.6426017],[13.8236565,48.6423402],[13.8239547,48.6421367],[13.823837,48.6418678],[13.8241059,48.6417007],[13.8237558,48.6414049],[13.8236884,48.6409931],[13.8228718,48.6406585],[13.8229173,48.6405044],[13.8226066,48.640466],[13.8225356,48.6400357],[13.822014,48.6399013],[13.8219451,48.6397847],[13.8221422,48.6397133],[13.8218369,48.6394816],[13.8217758,48.6391208],[13.8219257,48.6390503],[13.8216487,48.6387133],[13.8219758,48.6385085],[13.8219978,48.6383045],[13.8217448,48.6381317],[13.8219284,48.6381372],[13.8222593,48.6374682],[13.8225016,48.6376179],[13.8227207,48.6374501],[13.8226858,48.6373043],[13.8231007,48.6373934],[13.8235754,48.6372559],[13.8238772,48.6369317],[13.8245017,48.6369365],[13.8245912,48.6366778],[13.8251126,48.6367134],[13.8253252,48.6362195],[13.8257095,48.6361334],[13.8256165,48.6359677],[13.826079,48.6359007],[13.8258813,48.635539],[13.8261278,48.6355091],[13.8262552,48.6353089],[13.8261798,48.6352028],[13.8263381,48.6351189],[13.8261866,48.6349545],[13.8265029,48.6348478],[13.8263204,48.6345679],[13.8264921,48.634437],[13.8261898,48.6338446],[13.8255054,48.6333777],[13.8253436,48.6329992],[13.8254527,48.6323205],[13.8257948,48.6318836],[13.8256513,48.6318277],[13.8257877,48.6315958],[13.8254337,48.6310285],[13.8254331,48.6307028],[13.8260741,48.6304554],[13.8262588,48.6295332],[13.8267608,48.6290556],[13.8265037,48.6288118],[13.8265223,48.6285476],[13.8271105,48.6282563],[13.8269964,48.6281403],[13.8271868,48.6280383],[13.826984,48.6279488],[13.8270211,48.6278188],[13.8266567,48.6278284],[13.8269754,48.6277202],[13.8267713,48.627484],[13.8264257,48.6274826],[13.82612,48.6269995],[13.8258165,48.627048],[13.8259152,48.6268815],[13.825619,48.6265972],[13.825332,48.6266536],[13.8245263,48.6261741],[13.8245325,48.6259519],[13.8243359,48.6258047],[13.8237135,48.6256535],[13.8234501,48.6254187],[13.8236527,48.6251734],[13.8234873,48.6249363],[13.8235911,48.6245522],[13.8241911,48.6242241],[13.8244513,48.6238999],[13.8245315,48.6232865],[13.8241958,48.6231137],[13.8245227,48.6227103],[13.8245324,48.6220769],[13.8251803,48.6218559],[13.8254695,48.6214874],[13.8250623,48.620983],[13.8253739,48.6207277],[13.8251109,48.6205209],[13.8252167,48.6202428],[13.8251024,48.619895],[13.8247497,48.619838],[13.8252816,48.6197102],[13.8253217,48.6193976],[13.8248773,48.6194021],[13.8247997,48.6191864],[13.8251982,48.619184],[13.8255643,48.6189641],[13.8252399,48.6189442],[13.8249537,48.6187198],[13.8253164,48.6188124],[13.8257977,48.6185765],[13.8255401,48.6180719],[13.8251917,48.6180228],[13.8251091,48.6178442],[13.8241405,48.617861],[13.8236483,48.6174951],[13.8229804,48.6174851],[13.8234856,48.6169456],[13.8232976,48.6167425],[13.8230626,48.6167597],[13.8230275,48.6164035],[13.8223019,48.6162946],[13.8227642,48.6159466],[13.8221074,48.6155989],[13.8223252,48.6154499],[13.8225559,48.6155663],[13.8228801,48.6154676],[13.8223577,48.615039],[13.8227823,48.6149111],[13.8225591,48.6146125],[13.822617,48.6142412],[13.8215127,48.6139626],[13.820382,48.6134323],[13.8195821,48.6133045],[13.8183095,48.6135356],[13.8176847,48.6138948],[13.8174209,48.614684],[13.8170413,48.6143964],[13.816838,48.6146115],[13.816408,48.6144769],[13.8160116,48.6145665],[13.8160189,48.6143207],[13.8155187,48.6140672],[13.8157374,48.6137786],[13.8152663,48.6134774],[13.8148069,48.6134468],[13.8148141,48.6131905],[13.8145584,48.6130568],[13.8143708,48.6124188],[13.8145539,48.6121538],[13.8141006,48.6122097],[13.8141968,48.6119421],[13.8149049,48.6117879],[13.8143737,48.6114866],[13.8150109,48.6111674],[13.8150152,48.6107063],[13.81467,48.6106241],[13.8148303,48.6100485],[13.814459,48.6098149],[13.8148986,48.6096371],[13.8143398,48.6093527],[13.8140658,48.6089159],[13.8134442,48.6087311],[13.8126419,48.6088982],[13.8126013,48.6087435],[13.8122301,48.6091067],[13.8120896,48.6086894],[13.8118743,48.6090618],[13.8115067,48.608701],[13.8103713,48.6086029],[13.8101544,48.6083432],[13.8109871,48.6081409],[13.8110349,48.6079046],[13.8113806,48.6078919],[13.810716,48.6074056],[13.8105555,48.6069644],[13.8103249,48.6069955],[13.8103657,48.6066645],[13.8100384,48.6065783],[13.8102837,48.6065164],[13.810137,48.605907],[13.8094333,48.6054008],[13.8091149,48.6055619],[13.8092192,48.6053221],[13.8086354,48.6050611],[13.8083815,48.6052017],[13.8079979,48.6050451],[13.8078034,48.6052363],[13.8073849,48.6049755],[13.8073363,48.6045515],[13.8078078,48.6044068],[13.8084516,48.6036591],[13.8081401,48.603202],[13.8085174,48.6033834],[13.8087143,48.6032738],[13.8088157,48.6015792],[13.8092849,48.6016411],[13.8090287,48.6011821],[13.8087879,48.6013772],[13.8083542,48.6014091],[13.8084068,48.6010796],[13.8086447,48.6008772],[13.8081619,48.6005839],[13.8080856,48.6003171],[13.808511,48.6001975],[13.8086822,48.5999486],[13.8057633,48.5990435],[13.805128,48.599204],[13.8050267,48.5989985],[13.8051851,48.5986972],[13.8050539,48.598581],[13.8042095,48.5987034],[13.803446,48.5985527],[13.8029212,48.5986225],[13.8018125,48.5981461],[13.8015868,48.5975586],[13.8012792,48.5973942],[13.8018457,48.5970163],[13.80169,48.596814],[13.8020855,48.596796],[13.8023025,48.5964995],[13.8019262,48.5962375],[13.8016578,48.5962815],[13.8016967,48.5964621],[13.8015602,48.5965228],[13.8014356,48.5961213],[13.8021242,48.5960796],[13.80169,48.5956949],[13.8012377,48.5959417],[13.801045,48.5956734],[13.8012268,48.5954264],[13.8008236,48.5953955],[13.8009455,48.5952514],[13.8008441,48.5948101],[13.8014539,48.5944882],[13.8016071,48.5940867],[13.8013623,48.5934564],[13.8015592,48.5931388],[13.801528,48.5925935],[13.8019261,48.5921241],[13.8039634,48.590955],[13.80645,48.5905351],[13.8070603,48.5900554],[13.8063528,48.5897447],[13.8054377,48.5896742],[13.8051325,48.5889003],[13.8053449,48.5886248],[13.8060979,48.5886315],[13.8062904,48.5885046],[13.8062068,48.5881448],[13.8057318,48.5876594],[13.8057364,48.5869714],[13.8072938,48.5844378],[13.8072119,48.5839949],[13.8066118,48.5833852],[13.8058113,48.5830982],[13.8048316,48.5815795],[13.8049882,48.5806919],[13.8057684,48.5804452],[13.805951,48.5801356],[13.805901,48.5797636],[13.804501,48.5791095],[13.8039049,48.5785862],[13.8034289,48.5773866],[13.8029185,48.5767941],[13.8025748,48.5759899],[13.8026402,48.575468],[13.8024899,48.575029],[13.8021969,48.5747219],[13.8008639,48.5741692],[13.800936,48.5735982],[13.8000324,48.5731757],[13.7961818,48.5727459],[13.7957818,48.5725329],[13.795281,48.5718816],[13.7944465,48.5725411],[13.7936193,48.5725769],[13.7927415,48.5721775],[13.7903694,48.5718639],[13.7903073,48.5712656],[13.7898855,48.570798],[13.7898428,48.570065],[13.7886777,48.5688627],[13.7885368,48.5685227],[13.7881737,48.5683283],[13.7872441,48.5682242],[13.7867964,48.5677801],[13.7848746,48.5675034],[13.7844639,48.5672487],[13.784418,48.5669788],[13.7840007,48.5668377],[13.7830279,48.5659602],[13.7825691,48.5657431],[13.7819087,48.5657987],[13.7812209,48.5654152],[13.7809496,48.5648879],[13.7809398,48.5644654],[13.7813449,48.563791],[13.7814151,48.5633745],[13.7807075,48.5629208],[13.7802195,48.5621423],[13.7794534,48.5617749],[13.7780177,48.5614777],[13.777174,48.5607029],[13.7759261,48.5600226],[13.7755506,48.5596236],[13.775562,48.5587648],[13.7752562,48.5580541],[13.7748998,48.5578677],[13.7738809,48.558005],[13.7733544,48.5579041],[13.7727865,48.5568587],[13.7720089,48.5560239],[13.7722161,48.5555466],[13.7730933,48.5553776],[13.7732845,48.5552813],[13.7732116,48.5550586],[13.7701003,48.553588],[13.7685064,48.5534773],[13.7681289,48.5536372],[13.7675547,48.5547549],[13.7676966,48.5551146],[13.7676138,48.5553264],[13.7673064,48.5555954],[13.7665278,48.5570358],[13.7666071,48.5572756],[13.7664106,48.5582165],[13.7653373,48.5592938],[13.7645179,48.5598219],[13.7643717,48.5605232],[13.7635245,48.5613813],[13.7623359,48.5631202],[13.7602764,48.5654557],[13.755675,48.5649789],[13.7555594,48.5649336],[13.7557197,48.5647177],[13.7551247,48.5645542],[13.755226,48.5642861],[13.75468,48.5640612],[13.754517,48.5636989],[13.7540706,48.5635695],[13.7541856,48.5630226],[13.7538488,48.5628574],[13.7539589,48.5626338],[13.7536483,48.5622668],[13.7532692,48.5621241],[13.7529438,48.561379],[13.7520764,48.5607603],[13.7521314,48.5603117],[13.7517665,48.559931],[13.7515787,48.559133],[13.7505012,48.5581154],[13.7504982,48.5576686],[13.7495873,48.556789],[13.7488348,48.5565864],[13.7480696,48.5567412],[13.7477244,48.5560088],[13.7493248,48.5544499],[13.7493157,48.5540124],[13.7476219,48.5541933],[13.7468258,48.5532841],[13.746664,48.5524091],[13.7495046,48.5523421],[13.7501653,48.5525809],[13.7515589,48.5527468],[13.7519152,48.552635],[13.751925,48.5524848],[13.7535639,48.5520022],[13.7540568,48.5515999],[13.7546944,48.5515489],[13.7548701,48.5511614],[13.7543051,48.5508483],[13.7536368,48.5507653],[13.7535898,48.5505878],[13.7534474,48.5506247],[13.7517782,48.549597],[13.7513612,48.5487542],[13.7506959,48.5483571],[13.7502097,48.5477933],[13.7486235,48.5472426],[13.7479964,48.5469119],[13.7480639,48.5468073],[13.7478071,48.5467417],[13.7477693,48.5465075],[13.7463535,48.5465726],[13.7458867,48.5463609],[13.7453653,48.5453496],[13.7449704,48.5452381],[13.7448873,48.5449706],[13.74413,48.544611],[13.7439396,48.5442109],[13.7436701,48.5440488],[13.7437433,48.5437703],[13.7441878,48.5434655],[13.7440316,48.5433591],[13.7441583,48.5426123],[13.7438908,48.5423722],[13.7443779,48.5417485],[13.7446025,48.5409848],[13.7450316,48.5404443],[13.7470658,48.5397164],[13.7483574,48.5396038],[13.7484984,48.5388239],[13.7489133,48.5380086],[13.7488438,48.536151],[13.7490054,48.5357786],[13.74877,48.5347757],[13.7489637,48.5337209],[13.7487794,48.5333466],[13.7491019,48.5326274],[13.748989,48.5324829],[13.7491068,48.532212],[13.7486406,48.5317983],[13.7479772,48.5315302],[13.7477845,48.5293896],[13.7474538,48.5296181],[13.7469614,48.5295454],[13.7455347,48.5282421],[13.7430961,48.5282444],[13.741778,48.5275298],[13.7410172,48.5268118],[13.7405914,48.526669],[13.7376642,48.526595],[13.7362599,48.5261688],[13.7347753,48.5260575],[13.7341799,48.5256122],[13.7333223,48.5253038],[13.7333194,48.5250594],[13.7330127,48.5248175],[13.7332188,48.524587],[13.7333826,48.5236292],[13.7335475,48.5234815],[13.7335032,48.5221206],[13.7310057,48.5214035],[13.7307633,48.5211031],[13.730916,48.5203284],[13.7313203,48.5197344],[13.7312288,48.5193216],[13.7314059,48.5190802],[13.7307321,48.5181617],[13.7307506,48.5177757],[13.7310421,48.517469],[13.7319105,48.5170602],[13.7322421,48.5165938],[13.7317574,48.5160244],[13.7312159,48.5157828],[13.730522,48.514768],[13.7297524,48.5146019],[13.72946,48.5143376],[13.7283486,48.5143597],[13.7270907,48.5130191],[13.7240852,48.5138638],[13.7125643,48.5162636],[13.7068162,48.5172723],[13.7056199,48.5176694],[13.7039294,48.5185882],[13.7004008,48.5215345],[13.6981515,48.5230854],[13.6859309,48.5284109],[13.6807024,48.5298497],[13.6714786,48.5316635],[13.668219,48.5326628],[13.6641008,48.534169],[13.6618947,48.535596],[13.6606944,48.536876],[13.6601177,48.5378386],[13.6587623,48.5414897],[13.6576068,48.5437944],[13.6555034,48.5473249],[13.6549481,48.5479666],[13.653746,48.548885],[13.6513708,48.5498895],[13.6421186,48.5523218],[13.639072,48.5527279],[13.6301321,48.5530956],[13.6272725,48.5536271],[13.6246433,48.5544573],[13.6224089,48.5554824],[13.6132376,48.5604158],[13.6110783,48.5620835],[13.6082658,48.5650961],[13.6057127,48.566877],[13.5997712,48.5693883],[13.5974811,48.569872],[13.5945691,48.5699295],[13.5914835,48.5693069],[13.589713,48.5685337],[13.5883201,48.5675839],[13.5873266,48.5665625],[13.5851855,48.5634645],[13.583686,48.5608773],[13.5828269,48.5602103],[13.5815411,48.5596761],[13.5791158,48.5594501],[13.5739733,48.5602897],[13.5709044,48.5609764],[13.5670168,48.5620417],[13.5647106,48.5630596],[13.5622398,48.564402],[13.5581915,48.5673415],[13.5539463,48.5693397],[13.5472503,48.5732548],[13.5447264,48.5741759],[13.5435033,48.5747864],[13.5322672,48.584287],[13.5296645,48.5860851],[13.5276986,48.5871515],[13.5242465,48.5885984],[13.5172549,48.590585],[13.5119007,48.5911307],[13.5103894,48.5910031],[13.5089626,48.5905995],[13.5062786,48.5889613],[13.505171,48.5878242],[13.5035934,48.5843383],[13.5016506,48.5808953],[13.5025928,48.5807458],[13.5037833,48.5797532],[13.5034236,48.5794297],[13.5051063,48.5791883],[13.5049038,48.5781851],[13.5052074,48.5776525],[13.506248,48.5778771],[13.5069693,48.5777326],[13.5068234,48.5762746],[13.5065365,48.575667],[13.5058471,48.5749821],[13.5057586,48.5745891],[13.5044188,48.5738421],[13.5045432,48.5737601],[13.5044266,48.573526],[13.5037649,48.5728595],[13.5040344,48.5725145],[13.502046,48.5713786],[13.500801,48.5709778],[13.5003701,48.5705803],[13.4994517,48.5707133],[13.4977793,48.5700867],[13.4970401,48.5700743],[13.4959229,48.5694053],[13.4953026,48.569599],[13.4945386,48.5693473],[13.4924614,48.5693214],[13.49254,48.5695571],[13.4918882,48.569699],[13.4913754,48.5690524],[13.4919184,48.5683928],[13.4932212,48.5678872],[13.4934665,48.5674259],[13.4932574,48.5672758],[13.4934015,48.5669859],[13.4928862,48.5667654],[13.4922998,48.565884],[13.4918113,48.5655587],[13.4917112,48.5643123],[13.4895265,48.5634713],[13.4893264,48.5630671],[13.4887984,48.5627978],[13.4862401,48.5630397],[13.4857289,48.5625318],[13.4854797,48.5620159],[13.4848832,48.561535],[13.483802,48.5623666],[13.4812631,48.5638336],[13.4796301,48.5641195],[13.4789327,48.5646679],[13.4753395,48.5625551],[13.4744974,48.5623713],[13.4747469,48.5621168],[13.474759,48.5617046],[13.4753412,48.5605552],[13.4756984,48.5602127],[13.476411,48.5589474],[13.4752203,48.5580571],[13.47482,48.5574529],[13.475497,48.556574],[13.4753731,48.5560605],[13.4715769,48.5552516],[13.4682888,48.5538975],[13.4672742,48.5539742],[13.4655662,48.5538268],[13.4641979,48.5540928],[13.4635543,48.5539753],[13.4631893,48.5544501],[13.4626194,48.5546089],[13.4624376,48.5550456],[13.4619642,48.5555191],[13.4607902,48.5557165],[13.4597472,48.5561267],[13.4588381,48.5561584],[13.4584075,48.5568781],[13.4580015,48.5571997],[13.4561753,48.557986],[13.455943,48.5581826],[13.4555311,48.5599291],[13.4557083,48.5606815],[13.4527619,48.5624202],[13.4525578,48.5628451],[13.4512717,48.5635162],[13.4499793,48.5639468],[13.448368,48.5626285],[13.4458172,48.5612589],[13.4390866,48.558681],[13.4378394,48.5574418],[13.4373851,48.5567595],[13.4368151,48.5551069],[13.4369277,48.5535872],[13.4382819,48.5492821],[13.439227,48.5476233],[13.4413411,48.5451684],[13.4434891,48.5430987],[13.4462081,48.5410639],[13.4492361,48.5391723],[13.449831,48.5384497],[13.450146,48.537649],[13.4506002,48.5353551],[13.4503139,48.5340966],[13.449995,48.5335548],[13.4487195,48.5322898],[13.4459276,48.5308996],[13.4449962,48.5290696],[13.4449058,48.5285462],[13.445045,48.5275216],[13.4464251,48.52358],[13.4470146,48.5227057],[13.4486055,48.5211843],[13.451035,48.5193911],[13.4573753,48.5135744],[13.4580792,48.5124279],[13.4581087,48.5112687],[13.4574902,48.5101616],[13.4532952,48.5054383],[13.4497772,48.499089],[13.4480038,48.4964703],[13.4474776,48.495088],[13.4471071,48.492138],[13.4465914,48.4909889],[13.4384743,48.4770173],[13.4377947,48.4747546],[13.4372583,48.4735348],[13.4362248,48.4720411],[13.4339894,48.4698567],[13.4325757,48.4680721],[13.4273207,48.45774],[13.4269976,48.456641],[13.4269205,48.4550055],[13.4273468,48.4530289],[13.4279064,48.4518526],[13.4292231,48.4500706],[13.43505,48.4443088],[13.4379007,48.440529],[13.4388706,48.4386126],[13.4396839,48.4365092],[13.4399986,48.4344179],[13.4398483,48.4325297],[13.4393132,48.4308398],[13.4383939,48.4292303],[13.4249316,48.4098133],[13.4232823,48.4072314],[13.4219562,48.4047174],[13.4208493,48.4020936],[13.4196174,48.3979276],[13.4191722,48.3953702],[13.4184295,48.3869045],[13.4179701,48.3849422],[13.4174125,48.3835488],[13.4136786,48.3772285],[13.4113572,48.3747104],[13.4087679,48.3727453],[13.4060218,48.3711699],[13.3928841,48.3652673],[13.3721751,48.3555886],[13.3676606,48.3531801],[13.3656279,48.351899],[13.3616954,48.3488952],[13.3525242,48.3400889],[13.3495391,48.3376002],[13.3316966,48.3247791],[13.3280721,48.3224768],[13.3253037,48.3209808],[13.3212482,48.3191311],[13.2600371,48.2945574],[13.2575317,48.2938435],[13.2549438,48.2933154],[13.251195,48.2929325],[13.2484576,48.292912],[13.1940857,48.2955246],[13.1892425,48.2955998],[13.1839789,48.2953277],[13.176942,48.294378],[13.1717313,48.2932017],[13.1689837,48.2923982],[13.1375773,48.2810299],[13.1339671,48.2798441],[13.128223,48.2784592],[13.1235755,48.2777592],[13.1171373,48.2772994],[13.1041556,48.2776307],[13.0937531,48.2782711],[13.0888552,48.2783047],[13.0858337,48.2780639],[13.0805772,48.2771446],[13.0765575,48.2759458],[13.0728698,48.274369],[13.0624611,48.2683984],[13.0574829,48.2662386],[13.0523814,48.264697],[13.0497979,48.2641076],[13.0367308,48.2617525],[13.032649,48.2605681],[13.0265766,48.2592295],[13.0216802,48.2578178],[13.0177235,48.2560905],[13.0145318,48.2541785],[13.0122757,48.2524303],[13.0108434,48.2510586],[13.0090393,48.2488683],[13.004816,48.2429889],[13.0015999,48.2396336],[12.9990984,48.2375768],[12.993563,48.2336969],[12.9828745,48.2267495],[12.9759235,48.2219937],[12.9720835,48.2191287],[12.9666233,48.2146695],[12.9618997,48.2117785],[12.958629,48.2102493],[12.9561334,48.209281],[12.9516953,48.2079301],[12.9477788,48.207021],[12.9457528,48.2067401],[12.9385826,48.2064666],[12.9285456,48.2067958],[12.9225915,48.2061608],[12.921126,48.206398],[12.9170166,48.2064432],[12.9111255,48.2057722],[12.9049414,48.2045816],[12.902794,48.2043098],[12.8847706,48.2032562],[12.8791468,48.2030777],[12.8736861,48.2024682],[12.8707174,48.2016185],[12.8687554,48.2006412],[12.8668158,48.199425],[12.8657204,48.1984974],[12.8650109,48.1975787],[12.86397,48.1951802],[12.8632419,48.1916954],[12.8626592,48.1897525],[12.8619178,48.187866],[12.8605175,48.1850908],[12.8598456,48.1840682],[12.8589695,48.1831171],[12.8540488,48.1793244],[12.8523479,48.1775714],[12.8506195,48.1740824],[12.8494757,48.1722115],[12.8491545,48.1706006],[12.8480797,48.1678409],[12.847214,48.1669188],[12.8461685,48.1662695],[12.8434145,48.1656114],[12.8406845,48.1662164],[12.839599,48.1663034],[12.8383967,48.1661677],[12.8360466,48.1653333],[12.8351459,48.1643403],[12.8347867,48.1633808],[12.8351568,48.1597207],[12.8350385,48.1591005],[12.8345785,48.1581508],[12.8327577,48.1560838],[12.8311837,48.155],[12.8275304,48.1529122],[12.8262138,48.1524893],[12.8248797,48.1522876],[12.8162377,48.1522187],[12.8117505,48.151553],[12.806866,48.1500156],[12.8018353,48.1479644],[12.7994023,48.1467763],[12.7983582,48.1458035],[12.7976342,48.1445284],[12.7975861,48.1433409],[12.7979773,48.1406921],[12.7977085,48.1391552],[12.797286,48.1383463],[12.7918616,48.1306573],[12.7881592,48.1248462],[12.7875643,48.1242191],[12.7863447,48.1233357],[12.7851906,48.1229468],[12.7841361,48.122821],[12.7821685,48.1231297],[12.780413,48.1239001],[12.7775215,48.1258649],[12.7748077,48.1272339],[12.7713306,48.1282495],[12.7684184,48.1287312],[12.7647553,48.1289069],[12.7630561,48.128618],[12.7615482,48.1282027],[12.7589665,48.1269882],[12.7581257,48.1260686],[12.7579393,48.1253205],[12.7583053,48.1233675],[12.7590495,48.1218958],[12.7592466,48.1211057],[12.7591106,48.1197952],[12.7586685,48.1186952],[12.7577966,48.1176005],[12.7522844,48.1134378],[12.7502849,48.1116447],[12.7494922,48.1102636],[12.749244,48.1085127]]]}}