{"type":"Feature","properties":{"name":"Salzburg"},"geometry":{"type":"Polygon","coordinates":[[[12.0760956,47.2695893],[12.0769842,47.2679565],[12.0787134,47.2677474],[12.0815118,47.2663476],[12.0843353,47.2652038],[12.0898373,47.2614548],[12.0903649,47.2606122],[12.0913198,47.2597275],[12.0922299,47.2593942],[12.0930667,47.2594234],[12.0940806,47.2590629],[12.0982667,47.2586899],[12.1007719,47.258162],[12.1016409,47.2576705],[12.1028085,47.2566782],[12.1031143,47.2520285],[12.105396,47.2512222],[12.1063847,47.2499283],[12.1064367,47.2495035],[12.1066942,47.2493396],[12.1066084,47.2492012],[12.1071609,47.2481998],[12.1074155,47.2480555],[12.1080192,47.2470163],[12.1083787,47.2468124],[12.1091297,47.2447585],[12.1103474,47.2436041],[12.1109965,47.2425261],[12.1111234,47.2412634],[12.1109141,47.2409697],[12.1100746,47.2403859],[12.1089379,47.2400597],[12.1089441,47.2399222],[12.1068998,47.2395134],[12.1068751,47.2393486],[12.1064175,47.2390704],[12.1066154,47.2388783],[12.1065504,47.2384763],[12.1067251,47.2383062],[12.1067465,47.2379291],[12.1065497,47.2377212],[12.1064491,47.2368489],[12.104212,47.236943],[12.1033482,47.2365358],[12.1026388,47.2364887],[12.1023099,47.2361621],[12.1018646,47.2351243],[12.1016744,47.2340881],[12.1012358,47.233617],[12.1001706,47.2330609],[12.0999222,47.2327388],[12.099318,47.231043],[12.0989353,47.2305172],[12.0990786,47.2299732],[12.0988839,47.22918],[12.0982528,47.228288],[12.0981924,47.2266711],[12.0973174,47.2259918],[12.0970623,47.2255314],[12.0960598,47.2250299],[12.0965074,47.2244144],[12.0958539,47.224156],[12.0960106,47.2237974],[12.0932071,47.2198869],[12.091905,47.218448],[12.0899319,47.2169269],[12.0861657,47.2153923],[12.087343,47.2129009],[12.087248,47.2128472],[12.0875835,47.2114692],[12.0879917,47.210921],[12.0874632,47.2104158],[12.0874031,47.2097365],[12.0886974,47.208109],[12.0901057,47.2071373],[12.0889601,47.2063246],[12.0871056,47.2045036],[12.0862512,47.2020546],[12.0871246,47.2017601],[12.0872765,47.2012827],[12.087498,47.2011645],[12.0875645,47.2005108],[12.0873018,47.2000593],[12.087574,47.199741],[12.0873461,47.1990401],[12.0861847,47.1985132],[12.0857954,47.1976101],[12.0840485,47.1965242],[12.0841403,47.1963672],[12.0827827,47.1957221],[12.0827194,47.1952254],[12.0818459,47.194376],[12.0820738,47.1935437],[12.0818523,47.1918577],[12.0821277,47.191159],[12.082616,47.1905613],[12.0840539,47.1898754],[12.0839156,47.1892366],[12.0842521,47.1890766],[12.0835354,47.1859773],[12.0841194,47.185304],[12.0850122,47.1836508],[12.0864998,47.1826645],[12.0879763,47.1813068],[12.0880845,47.1804566],[12.087753,47.1798231],[12.088151,47.1793757],[12.0879843,47.1788904],[12.0883702,47.1784689],[12.0883653,47.1780802],[12.0887738,47.1779204],[12.0887393,47.1776531],[12.0892474,47.1769392],[12.0890737,47.1766622],[12.0893437,47.1756067],[12.0871892,47.1746826],[12.0874027,47.1745247],[12.0872646,47.1737168],[12.08628,47.1726023],[12.0860663,47.1720115],[12.0863171,47.1717779],[12.08632,47.1714577],[12.0859132,47.1706739],[12.086345,47.1699901],[12.0871421,47.1692708],[12.0870935,47.1686575],[12.0888952,47.1680577],[12.0898212,47.1681867],[12.0918976,47.1673121],[12.0916855,47.1667401],[12.0917282,47.1662263],[12.0929433,47.1636198],[12.093571,47.1602612],[12.0935703,47.1597788],[12.0931671,47.1590608],[12.0931134,47.1584994],[12.0935895,47.1566585],[12.0935033,47.1536914],[12.0939038,47.1522436],[12.0939468,47.1506451],[12.0937021,47.1493715],[12.0937665,47.148835],[12.0930406,47.1465331],[12.0932574,47.146045],[12.09437,47.1451777],[12.0967502,47.1446104],[12.0983749,47.1440357],[12.0985633,47.1436737],[12.099598,47.1436284],[12.1005643,47.1432138],[12.1012246,47.1431299],[12.1020981,47.142627],[12.1032153,47.1424366],[12.1044339,47.1418658],[12.1075304,47.1409506],[12.1097459,47.1398649],[12.1106695,47.1396488],[12.1117992,47.1385147],[12.1122901,47.1371223],[12.1130446,47.1365555],[12.1124993,47.1355962],[12.1130938,47.1346228],[12.1133333,47.1323508],[12.1138817,47.132039],[12.1140579,47.1316125],[12.1144635,47.1312244],[12.1142631,47.1304598],[12.1145461,47.1272756],[12.1139367,47.1259914],[12.1136214,47.1246688],[12.1146216,47.1216924],[12.1166838,47.1205315],[12.1170871,47.1196244],[12.1181804,47.118543],[12.1197938,47.1173691],[12.120603,47.1170232],[12.1219457,47.1157973],[12.1221239,47.1153134],[12.1224268,47.1150334],[12.1222875,47.1148751],[12.1224592,47.1146948],[12.1228791,47.1145916],[12.123976,47.1137779],[12.1248942,47.1135059],[12.1259192,47.1117557],[12.1272018,47.1103015],[12.1274972,47.1102563],[12.1278455,47.1096772],[12.1280552,47.107724],[12.129397,47.1053197],[12.1294459,47.1042488],[12.1279768,47.1034755],[12.1273454,47.1011951],[12.1258812,47.097234],[12.1257666,47.094315],[12.125198,47.0925595],[12.12703,47.0908156],[12.1271084,47.0905347],[12.1273704,47.0904723],[12.127665,47.0901299],[12.1289217,47.0899416],[12.1314329,47.0869939],[12.1349529,47.0815934],[12.1353546,47.0812428],[12.1360243,47.0806701],[12.1373081,47.0807957],[12.1384498,47.0802831],[12.1398235,47.0799424],[12.1410143,47.0798377],[12.1433326,47.0801874],[12.145971,47.0803375],[12.1483661,47.0795779],[12.151225,47.0794136],[12.1515548,47.0792813],[12.1533132,47.080299],[12.1543303,47.0806779],[12.1570108,47.0813105],[12.1585887,47.0813016],[12.1596722,47.0814659],[12.1613628,47.0818904],[12.162688,47.0824176],[12.1636898,47.0829766],[12.165026,47.0834589],[12.167862,47.0854629],[12.1693064,47.0861066],[12.1699599,47.0869659],[12.1706805,47.0871099],[12.1739623,47.0870938],[12.1776848,47.0879859],[12.1783065,47.0888216],[12.1784816,47.0893745],[12.1790315,47.0896644],[12.1794093,47.0900863],[12.1801399,47.0904322],[12.1805733,47.0911699],[12.1820251,47.0908957],[12.183139,47.0909891],[12.1851234,47.0915625],[12.1859695,47.0921485],[12.1883943,47.0911711],[12.1899552,47.0910597],[12.1904922,47.0907093],[12.1914872,47.0905044],[12.1941058,47.0895275],[12.1947912,47.0889278],[12.1963261,47.0886996],[12.1966794,47.0884538],[12.1980358,47.0887341],[12.2008721,47.0873268],[12.2022782,47.0869996],[12.2036469,47.0871768],[12.2069217,47.0863099],[12.2081378,47.0863448],[12.2093317,47.0865989],[12.2116154,47.0861908],[12.213559,47.0863269],[12.2154337,47.0860862],[12.2165658,47.0850701],[12.2172424,47.0840985],[12.218627,47.0840622],[12.2235127,47.0833795],[12.2249643,47.0827195],[12.226962,47.0821156],[12.2276841,47.0812293],[12.2281468,47.0793774],[12.2287015,47.0787947],[12.2291688,47.0778361],[12.2304302,47.0761589],[12.2310043,47.0757756],[12.2318256,47.0755428],[12.2320495,47.0751818],[12.2325016,47.0751047],[12.2333872,47.0744667],[12.234101,47.0735486],[12.2354527,47.0727366],[12.2374123,47.0703144],[12.2385848,47.0699414],[12.2393329,47.0698986],[12.240755,47.0691709],[12.2614091,47.0727075],[12.2741136,47.0836713],[12.2837771,47.0925558],[12.3086363,47.0931414],[12.3104321,47.1004779],[12.3131168,47.1028943],[12.320993,47.1056879],[12.3253881,47.1074379],[12.3313645,47.1080677],[12.3387281,47.1083006],[12.3456207,47.1092705],[12.3586876,47.1167753],[12.3632609,47.1413935],[12.3995162,47.1528157],[12.4068068,47.1470312],[12.4118899,47.1442561],[12.412908,47.1434375],[12.4178089,47.1423331],[12.4226907,47.1432883],[12.4234439,47.143658],[12.4242639,47.1437812],[12.429098,47.1482882],[12.4345042,47.1503308],[12.4346377,47.1504929],[12.4509495,47.1436979],[12.4655646,47.1443567],[12.4817108,47.1513943],[12.4835197,47.157844],[12.4914712,47.1564009],[12.4981582,47.1564518],[12.5120568,47.1515821],[12.5215652,47.1506218],[12.5257269,47.1456296],[12.5279254,47.1376395],[12.5440724,47.1297143],[12.5451506,47.128876],[12.5472191,47.1288239],[12.552788,47.1276097],[12.559966,47.1334362],[12.5621323,47.1346003],[12.5663644,47.1360258],[12.5741827,47.133751],[12.5788603,47.1317827],[12.5860598,47.1319126],[12.5870661,47.1321629],[12.5875469,47.1320638],[12.5922297,47.1248757],[12.594991,47.125349],[12.5973939,47.125259],[12.6037872,47.1236154],[12.6078417,47.1232146],[12.6108634,47.122567],[12.6138083,47.1214635],[12.616591,47.1214693],[12.6190152,47.1203193],[12.620176,47.1194538],[12.6224935,47.1191198],[12.6255366,47.1170781],[12.6288826,47.1155882],[12.6292509,47.1145624],[12.6306686,47.1130432],[12.6313615,47.1119611],[12.6325273,47.1115671],[12.6335918,47.1109068],[12.6356255,47.1092567],[12.636317,47.1082579],[12.6382278,47.1068078],[12.6385365,47.1059117],[12.6394836,47.1051933],[12.6414487,47.1044503],[12.6418683,47.10363],[12.643658,47.1034435],[12.6450367,47.1025864],[12.6452842,47.1022785],[12.6471687,47.1020972],[12.6514087,47.1002216],[12.6543749,47.1002419],[12.6568369,47.0995206],[12.6569169,47.1000235],[12.6580432,47.1010542],[12.6587846,47.1013862],[12.6589166,47.1016087],[12.6606805,47.1023953],[12.6619013,47.1026145],[12.6640693,47.1040943],[12.6660621,47.1051393],[12.6707363,47.1068151],[12.6709979,47.1073914],[12.6711016,47.1084759],[12.6729552,47.1092706],[12.672555,47.1099114],[12.6722744,47.1100745],[12.6718472,47.1108651],[12.6704601,47.1118622],[12.6701173,47.112484],[12.6681432,47.1138844],[12.6673108,47.1156167],[12.6668386,47.1161104],[12.6664964,47.1179506],[12.6668207,47.1189872],[12.6673245,47.1198387],[12.666257,47.1210504],[12.6660512,47.1224097],[12.6661442,47.1228334],[12.6672174,47.1217036],[12.6677749,47.1214702],[12.6704016,47.1207515],[12.6723335,47.1207105],[12.6773165,47.1214735],[12.6839132,47.1221241],[12.6855883,47.1225649],[12.6879031,47.1236005],[12.6890236,47.1243154],[12.6919083,47.1235052],[12.6920998,47.1228279],[12.6942381,47.1221205],[12.6971379,47.1216255],[12.7006425,47.1224411],[12.7033454,47.1221824],[12.7039322,47.121495],[12.7044868,47.1220156],[12.708427,47.1245568],[12.7093993,47.1248448],[12.7103607,47.1244373],[12.7117812,47.1249777],[12.7127197,47.1262666],[12.7130091,47.1272485],[12.7130241,47.1280674],[12.7139108,47.1277173],[12.7146124,47.1278086],[12.7179664,47.1293786],[12.720288,47.1294341],[12.7246005,47.1307769],[12.7254166,47.1312844],[12.7297242,47.1309107],[12.7309039,47.1309943],[12.7325594,47.1261607],[12.7343932,47.1135846],[12.7350064,47.1130412],[12.7349221,47.1129067],[12.7356657,47.1115002],[12.7337708,47.1064584],[12.7339109,47.1059276],[12.7338226,47.1054442],[12.7330679,47.1043859],[12.733952,47.1035673],[12.7350809,47.1029338],[12.7366875,47.1014713],[12.7388567,47.100318],[12.7422732,47.0998772],[12.744989,47.0990344],[12.7472487,47.0995184],[12.7488922,47.0996591],[12.7494104,47.0993347],[12.7512356,47.0986844],[12.7544074,47.0979262],[12.7562071,47.097723],[12.7575681,47.0979835],[12.7596569,47.0991507],[12.7617969,47.1000232],[12.7641734,47.1003152],[12.7648747,47.1002103],[12.7663924,47.0994502],[12.7697939,47.0994517],[12.7714572,47.1004506],[12.772776,47.1009425],[12.7736717,47.1005724],[12.7740619,47.1000621],[12.7751786,47.0992221],[12.7753887,47.0987529],[12.7758932,47.0983117],[12.7762369,47.0982232],[12.7765027,47.0978277],[12.778429,47.097386],[12.7802699,47.0962456],[12.7805453,47.0958407],[12.7811661,47.0936034],[12.7816021,47.0929915],[12.7820398,47.092788],[12.7826264,47.0930037],[12.7837834,47.0925267],[12.7848791,47.092453],[12.7874358,47.0928126],[12.7897743,47.0937381],[12.7949797,47.092891],[12.7988442,47.0945252],[12.8039206,47.0955086],[12.8040503,47.0965228],[12.8047933,47.0980041],[12.809514,47.0975191],[12.8102753,47.0976513],[12.8126854,47.0975079],[12.8140328,47.0980562],[12.8147885,47.0981803],[12.8147558,47.098031],[12.8163357,47.0973901],[12.8168117,47.0973867],[12.8173735,47.096959],[12.8181453,47.0968376],[12.8187606,47.096928],[12.8202871,47.0976656],[12.8228282,47.0950737],[12.8246084,47.092805],[12.8271947,47.09167],[12.8302296,47.0914277],[12.8317727,47.0907103],[12.8330995,47.0878337],[12.8342294,47.0860943],[12.8348625,47.0842739],[12.8359523,47.0838737],[12.8367633,47.0828001],[12.8391735,47.0825096],[12.8407016,47.0825089],[12.8460966,47.0817781],[12.8464561,47.0811685],[12.8485053,47.081671],[12.853187,47.0815849],[12.8597236,47.0806807],[12.860665,47.0819469],[12.8637805,47.0835323],[12.8655487,47.0846587],[12.8670011,47.0846063],[12.8678049,47.0848783],[12.8688407,47.0855861],[12.8699311,47.0857923],[12.870876,47.0862623],[12.8776898,47.0841737],[12.8786146,47.0844463],[12.8803878,47.0845572],[12.8825578,47.0843057],[12.8851172,47.0845895],[12.8877243,47.0835519],[12.8896826,47.082384],[12.8925123,47.0812849],[12.8943331,47.0812415],[12.8954516,47.0810437],[12.8957356,47.0813311],[12.9015386,47.0807804],[12.9040511,47.0814109],[12.9075476,47.0810022],[12.9134181,47.0813168],[12.9145321,47.0815766],[12.9165621,47.0814568],[12.9193325,47.0816058],[12.9211191,47.0811413],[12.9257582,47.0799347],[12.9267313,47.0794658],[12.929466,47.0788798],[12.9375308,47.0761693],[12.9372728,47.0759904],[12.9364618,47.0730926],[12.9391967,47.0706489],[12.9417423,47.0662926],[12.9430529,47.0636586],[12.9431745,47.0593161],[12.9451531,47.0580078],[12.9556179,47.054219],[12.9530108,47.0492627],[12.9568551,47.0432291],[12.9611123,47.0415195],[12.9648451,47.0390002],[12.9717387,47.0378611],[12.9761443,47.0385981],[12.9799703,47.0387672],[12.9826437,47.0383935],[12.9853516,47.0356066],[12.995856,47.0386705],[13.0030901,47.0438716],[13.0142147,47.0419434],[13.017883,47.0414656],[13.0212386,47.0393244],[13.0215991,47.0357088],[13.0198626,47.0301764],[13.025125,47.0280845],[13.0318777,47.0271601],[13.033208,47.0271199],[13.0349773,47.0263666],[13.0392903,47.0236569],[13.0450132,47.0214108],[13.0471151,47.0225442],[13.0491396,47.0224172],[13.0546695,47.0195614],[13.0578501,47.0175593],[13.0600809,47.0173103],[13.0693916,47.0141835],[13.0730306,47.0134127],[13.0761856,47.0156954],[13.0786123,47.0182993],[13.0797835,47.0202985],[13.0794538,47.0222485],[13.0795327,47.0244175],[13.0803416,47.0268111],[13.0860628,47.0276047],[13.0874891,47.0265559],[13.0885671,47.0269883],[13.0892563,47.0276992],[13.089653,47.027736],[13.0918051,47.0262852],[13.0937389,47.0260259],[13.095647,47.0254272],[13.1007229,47.0250674],[13.1036582,47.0252561],[13.1064599,47.0262893],[13.1122032,47.0254571],[13.120162,47.0263731],[13.1236436,47.0265785],[13.1269725,47.0270506],[13.1282269,47.0289266],[13.1291696,47.0298302],[13.1304586,47.0322333],[13.1332112,47.034806],[13.1338271,47.0349029],[13.1379656,47.0347791],[13.1392416,47.0353528],[13.1400442,47.0359624],[13.1467,47.0349697],[13.1518591,47.035619],[13.1555961,47.0354805],[13.1619826,47.0370421],[13.1663866,47.0396318],[13.1677136,47.0408146],[13.1712438,47.0417459],[13.1763655,47.0408757],[13.1788844,47.0421484],[13.1846262,47.0437413],[13.1882016,47.0426235],[13.1970291,47.0425747],[13.2042691,47.0439335],[13.2092203,47.0442754],[13.2147215,47.0440749],[13.2279573,47.0470335],[13.2481308,47.0505774],[13.2486123,47.0513061],[13.2455464,47.0678472],[13.2393877,47.0715287],[13.2397917,47.0717837],[13.2413081,47.0748794],[13.2454664,47.0786114],[13.2480153,47.0839197],[13.2481537,47.0857813],[13.2498105,47.0875093],[13.250893,47.0874089],[13.2546903,47.0878708],[13.2606906,47.0893646],[13.2659419,47.0911024],[13.2684912,47.0917218],[13.2773075,47.0951555],[13.2901456,47.0944064],[13.2968205,47.091208],[13.2999338,47.0877595],[13.3028438,47.086732],[13.3100625,47.0861006],[13.311376,47.0881085],[13.3159635,47.0893943],[13.3235903,47.0908552],[13.3252193,47.0930468],[13.332604,47.095609],[13.3383277,47.0955753],[13.3395604,47.0953853],[13.344191,47.0959998],[13.3463116,47.0955604],[13.3548309,47.0970901],[13.3551494,47.0974],[13.3559046,47.0977146],[13.3599764,47.0985765],[13.3611631,47.0984911],[13.3611805,47.0986299],[13.3614851,47.0986212],[13.3618151,47.0988853],[13.3623463,47.0987311],[13.3629757,47.0987863],[13.3640767,47.0984389],[13.3664755,47.0966359],[13.3681351,47.0958625],[13.3698579,47.0955591],[13.3709187,47.0955636],[13.3757329,47.0938887],[13.3790694,47.0930228],[13.3797443,47.0925773],[13.3801862,47.0926201],[13.3801288,47.0924549],[13.380517,47.0914536],[13.3808533,47.0910917],[13.38096,47.0906252],[13.3807562,47.0885886],[13.3813502,47.087345],[13.3815105,47.0859587],[13.3817204,47.0858153],[13.3814305,47.0854142],[13.3815405,47.085185],[13.3814299,47.0837481],[13.3812429,47.0830318],[13.3810176,47.0827605],[13.3813159,47.0817402],[13.3819202,47.0810129],[13.3819925,47.0801723],[13.383111,47.0800723],[13.3832453,47.0797194],[13.3848606,47.0785908],[13.385006,47.0783056],[13.387529,47.0767939],[13.3874566,47.0763375],[13.3871021,47.0761954],[13.388003,47.0755424],[13.3906648,47.0747486],[13.3915191,47.0740986],[13.3927719,47.0734371],[13.3949023,47.0731872],[13.3959461,47.0724668],[13.3959392,47.0722895],[13.3964823,47.0716182],[13.3969308,47.0714134],[13.396945,47.0711544],[13.3980866,47.0705015],[13.3989556,47.0702011],[13.3990412,47.070358],[13.4012114,47.0700057],[13.4027986,47.0695071],[13.4033055,47.0696818],[13.4044234,47.0693892],[13.4063698,47.0692537],[13.407983,47.0700376],[13.4091353,47.070925],[13.4108747,47.0713773],[13.4113359,47.0723442],[13.4119828,47.0728032],[13.4130066,47.0732309],[13.4133339,47.0736489],[13.4139406,47.073831],[13.414924,47.0748005],[13.4152823,47.0749512],[13.4156239,47.0755851],[13.4161519,47.0760489],[13.416071,47.0763457],[13.4173574,47.0775612],[13.4189486,47.0781504],[13.4198197,47.0781645],[13.4205766,47.0783865],[13.4216075,47.0793251],[13.4252942,47.0803353],[13.4257784,47.0805259],[13.4261882,47.0810263],[13.4275779,47.0813765],[13.4282984,47.0809537],[13.429196,47.0810021],[13.4298595,47.0803119],[13.4307805,47.0801946],[13.4337703,47.0791368],[13.4365289,47.0784686],[13.4374944,47.0784531],[13.4391951,47.077912],[13.4415729,47.0779478],[13.4446809,47.0784493],[13.4458525,47.0783376],[13.4471876,47.0789386],[13.4506018,47.0792832],[13.4517287,47.0795407],[13.4528444,47.0794675],[13.4539328,47.0797929],[13.4548987,47.0798142],[13.4553702,47.0799992],[13.457962,47.0803093],[13.4594309,47.0794627],[13.4616754,47.0787055],[13.4639351,47.0787425],[13.4653212,47.0785241],[13.4661821,47.078288],[13.4675164,47.0776082],[13.468766,47.0775764],[13.4697467,47.0778214],[13.4715449,47.0777228],[13.4742752,47.077033],[13.4747537,47.0768411],[13.4748812,47.0765859],[13.4762875,47.0765623],[13.4794716,47.0757529],[13.4799326,47.0759689],[13.4804881,47.0759802],[13.4810163,47.0757695],[13.4828954,47.0760179],[13.4836975,47.075319],[13.4848656,47.0750233],[13.4853344,47.0746505],[13.4867503,47.0742872],[13.487454,47.0742663],[13.488634,47.0735921],[13.4926166,47.0733324],[13.4948782,47.0727005],[13.4966309,47.072813],[13.4970753,47.0725946],[13.4988423,47.0725228],[13.5008752,47.071893],[13.5018672,47.0718878],[13.5020727,47.0718049],[13.5021839,47.0713143],[13.5026804,47.0709817],[13.503119,47.0700847],[13.5059039,47.0703268],[13.5063229,47.070205],[13.5081349,47.0703275],[13.5087894,47.0702029],[13.5101673,47.0704093],[13.5106581,47.0700836],[13.5120434,47.0696473],[13.512902,47.0687491],[13.5146759,47.0688291],[13.5170731,47.0684159],[13.5185627,47.0684325],[13.5189488,47.0686339],[13.5195305,47.0686753],[13.5206255,47.0684611],[13.5215545,47.0685129],[13.5227609,47.0678668],[13.5235831,47.0670312],[13.5251624,47.0665971],[13.5287721,47.0651143],[13.5300409,47.0649084],[13.5315209,47.0643033],[13.533509,47.0641183],[13.5349081,47.064596],[13.5358105,47.0643126],[13.5364545,47.0643269],[13.536969,47.0640151],[13.5376793,47.0639424],[13.5379236,47.0636708],[13.5381428,47.0637872],[13.5390353,47.0628374],[13.5404235,47.0621693],[13.5439962,47.0617002],[13.5448287,47.0612168],[13.5453392,47.060649],[13.5484457,47.0593689],[13.5491551,47.0591983],[13.5498416,47.0595927],[13.551711,47.059215],[13.5523964,47.0594124],[13.5531411,47.0592575],[13.5540038,47.0588106],[13.5547522,47.0587716],[13.5549236,47.0581903],[13.5552841,47.0577968],[13.5571829,47.0568366],[13.5580572,47.0566205],[13.5586764,47.0562109],[13.5586583,47.0560056],[13.5589457,47.0559102],[13.5638474,47.0552651],[13.5653055,47.0547249],[13.5675234,47.05427],[13.5683525,47.054276],[13.5689222,47.0540704],[13.5696982,47.0541727],[13.577109,47.0524081],[13.5807798,47.0520092],[13.5820826,47.0521751],[13.5835872,47.0531107],[13.5838033,47.053021],[13.5859897,47.0534114],[13.5878138,47.0542402],[13.58856,47.0548321],[13.5897483,47.0544503],[13.5921152,47.0547162],[13.5930767,47.0551428],[13.5942322,47.055964],[13.5946707,47.0552032],[13.595826,47.0545003],[13.5979077,47.054471],[13.5990172,47.0548107],[13.6005826,47.0548563],[13.6031239,47.0556948],[13.6061692,47.0558831],[13.6115906,47.0570809],[13.6127573,47.0578084],[13.6147406,47.0585958],[13.6156715,47.0591524],[13.6376386,47.0555017],[13.64396,47.0429524],[13.6436839,47.0420158],[13.6440396,47.0415406],[13.6455336,47.040308],[13.6470311,47.0396418],[13.6489945,47.0391778],[13.6551874,47.0396943],[13.6567333,47.0406669],[13.6569895,47.0411819],[13.6584609,47.0415191],[13.6599135,47.0409764],[13.6602311,47.040689],[13.6602836,47.0401198],[13.6609712,47.0399752],[13.6625185,47.0401382],[13.6635252,47.040035],[13.6638456,47.039814],[13.66393,47.0395204],[13.6653006,47.0400302],[13.6656415,47.0403883],[13.666229,47.0403725],[13.6668808,47.0406231],[13.6681195,47.0402352],[13.6685299,47.0399353],[13.6690521,47.0391954],[13.6710569,47.0391919],[13.6718858,47.0396496],[13.6734315,47.039818],[13.673897,47.0402056],[13.6742849,47.0410033],[13.6753759,47.0412817],[13.6757607,47.0409768],[13.6765103,47.0398545],[13.6776827,47.0400717],[13.6799749,47.0401701],[13.6804957,47.0407953],[13.681993,47.0412135],[13.6823686,47.0411451],[13.6820324,47.0402004],[13.6822776,47.0398875],[13.6827056,47.039764],[13.6865589,47.0398201],[13.6933405,47.0402103],[13.6929009,47.0391265],[13.6930253,47.0387318],[13.6929125,47.0384748],[13.6935651,47.0377297],[13.6933781,47.0376155],[13.6933812,47.0371831],[13.6943944,47.0366018],[13.6952252,47.0368672],[13.6954487,47.0352222],[13.6951637,47.0339249],[13.6955004,47.0333357],[13.6938593,47.0329481],[13.6928655,47.0320624],[13.6908091,47.0307324],[13.6896425,47.0301739],[13.6892458,47.0301629],[13.6879316,47.0292446],[13.6874879,47.0291152],[13.6900751,47.0228773],[13.6898044,47.0216569],[13.6911909,47.019437],[13.6910519,47.0182835],[13.6905527,47.0180289],[13.6908086,47.0172999],[13.6906132,47.0171341],[13.6908579,47.0169193],[13.6906449,47.0154898],[13.6896018,47.0148962],[13.6924275,47.0131912],[13.6913927,47.0118861],[13.6940036,47.0103256],[13.692089,47.0091334],[13.6933588,47.0073946],[13.6932043,47.006809],[13.6936667,47.0061206],[13.6951606,47.0052849],[13.6971068,47.0049986],[13.6973643,47.0047696],[13.697832,47.0048973],[13.6987216,47.0043396],[13.6992183,47.0032875],[13.699867,47.0032529],[13.7009886,47.0023792],[13.7020524,47.0018679],[13.7017062,47.0014793],[13.70197,46.9995796],[13.7034752,46.9987981],[13.7058455,46.9971024],[13.7062164,46.9963484],[13.7059817,46.9961589],[13.7060683,46.9958892],[13.7066053,46.9960273],[13.7067216,46.995607],[13.7069695,46.9954566],[13.7087027,46.9954748],[13.7116172,46.994618],[13.7140634,46.9941314],[13.7179158,46.9925832],[13.7205432,46.9921213],[13.7223714,46.991229],[13.7262867,46.990802],[13.7280048,46.9908761],[13.7290812,46.9905797],[13.730433,46.9897043],[13.7337129,46.9892455],[13.7349589,46.989477],[13.7352361,46.9897821],[13.736201,46.9900017],[13.7377993,46.9901635],[13.7432293,46.9933585],[13.7446936,46.9938908],[13.7452692,46.9939097],[13.7488685,46.9933317],[13.7513851,46.992566],[13.7527913,46.992025],[13.7550192,46.9904759],[13.7575917,46.9889961],[13.7583877,46.9891821],[13.7584347,46.9884115],[13.7588909,46.987781],[13.758367,46.9868335],[13.7580793,46.9845284],[13.7585687,46.9838354],[13.7583067,46.9837525],[13.7583167,46.9834928],[13.7580852,46.9832793],[13.7585693,46.9822874],[13.7596686,46.9818567],[13.7610631,46.9820533],[13.7630705,46.981785],[13.7669472,46.9806952],[13.7692034,46.979343],[13.7698263,46.978713],[13.77056,46.9782951],[13.7710173,46.9776133],[13.7717422,46.9770848],[13.7726995,46.973612],[13.7743699,46.9685957],[13.7743458,46.9674335],[13.7736132,46.9621067],[13.7749233,46.9605162],[13.7775627,46.9589366],[13.7780134,46.9574171],[13.7780528,46.9554998],[13.7768194,46.9543714],[13.7744183,46.9526457],[13.7763288,46.9489795],[13.7755727,46.948254],[13.7764321,46.9477421],[13.7767118,46.9473595],[13.7773608,46.9470924],[13.7780241,46.9464251],[13.7782429,46.9454131],[13.7789198,46.9447965],[13.7834805,46.9439238],[13.7837159,46.9440378],[13.784669,46.943858],[13.7907911,46.9447761],[13.7929401,46.947068],[13.7942929,46.9477611],[13.7965356,46.9493719],[13.7984085,46.9502819],[13.8008601,46.9508685],[13.8011626,46.951136],[13.8020337,46.9511425],[13.8037303,46.9508126],[13.8051253,46.9510155],[13.8061978,46.9509808],[13.8074515,46.9508616],[13.8086883,46.9505083],[13.8099659,46.9511986],[13.8109231,46.9511755],[13.8129989,46.9518264],[13.8145482,46.9532714],[13.8147544,46.9541828],[13.815441,46.9547192],[13.8153051,46.9550404],[13.8159147,46.9556177],[13.8164226,46.9566551],[13.8168535,46.9569388],[13.8170157,46.9580107],[13.8176904,46.9583804],[13.8187373,46.9585972],[13.8192048,46.9589001],[13.8206567,46.958873],[13.8225218,46.9594074],[13.8249642,46.9607709],[13.8275567,46.9617339],[13.8277997,46.9624024],[13.8294517,46.963637],[13.8304128,46.9641305],[13.8318172,46.9654494],[13.8320303,46.9664836],[13.8319356,46.9669426],[13.8315495,46.9674064],[13.8318836,46.9678561],[13.8319808,46.9685577],[13.8325135,46.9691303],[13.8323922,46.9693279],[13.8325151,46.9703361],[13.8323794,46.9710703],[13.8323742,46.9737291],[13.8338709,46.9750717],[13.8351584,46.9750003],[13.83607,46.9761209],[13.8380749,46.9777032],[13.8408953,46.9786934],[13.841993,46.979964],[13.842972,46.983904],[13.8443382,46.9843063],[13.842983,46.985407],[13.842657,46.986543],[13.843919,46.98773],[13.844964,46.989054],[13.847008,46.989784],[13.8552487,46.9917442],[13.85722,46.992367],[13.857591,46.992505],[13.858449,46.993776],[13.859818,46.994976],[13.862151,46.995227],[13.8648012,46.9963284],[13.8646173,46.9984132],[13.8631432,47.0002739],[13.8629973,47.0009267],[13.863123,47.001866],[13.864295,47.005255],[13.864183,47.006201],[13.863365,47.00831],[13.863109,47.009963],[13.86383,47.012961],[13.863791,47.013685],[13.864067,47.014527],[13.864816,47.015719],[13.864327,47.016829],[13.863811,47.019058],[13.863748,47.019592],[13.863945,47.019953],[13.864285,47.020054],[13.864601,47.021037],[13.865806,47.021942],[13.865985,47.022345],[13.866684,47.023002],[13.866708,47.0233563],[13.867065,47.023827],[13.867462,47.024011],[13.8674881,47.0242223],[13.8693928,47.0262837],[13.8709365,47.027567],[13.8713023,47.0285792],[13.8717415,47.0289345],[13.8725433,47.0301057],[13.8733823,47.0305936],[13.8736698,47.0309396],[13.8736773,47.0312096],[13.8742596,47.0311133],[13.8749634,47.0312876],[13.8768402,47.0327726],[13.8779613,47.0340456],[13.8783088,47.0347433],[13.8789775,47.0353808],[13.8793641,47.0362484],[13.8801098,47.0372947],[13.8805822,47.0374919],[13.881418,47.0381867],[13.8824865,47.0395707],[13.8831522,47.0413683],[13.8838053,47.0422521],[13.8842051,47.0435556],[13.8842263,47.0445643],[13.8844013,47.0448522],[13.8850398,47.0455316],[13.8865513,47.0459641],[13.8867337,47.0466842],[13.8875557,47.0472358],[13.8890314,47.0500306],[13.889535,47.0505491],[13.8895997,47.0513694],[13.8902539,47.0522923],[13.8902968,47.053374],[13.890538,47.0538795],[13.8912982,47.054641],[13.8934706,47.0553727],[13.8939203,47.0557704],[13.8957908,47.0560576],[13.8962713,47.0562978],[13.8967622,47.0569311],[13.897996,47.057711],[13.89849,47.058388],[13.899283,47.058701],[13.900491,47.059609],[13.900967,47.060216],[13.9008784,47.060557],[13.900508,47.060901],[13.9009,47.061157],[13.901147,47.061597],[13.902179,47.062322],[13.903575,47.062912],[13.903949,47.063695],[13.904039,47.064546],[13.903778,47.065515],[13.904312,47.065907],[13.904443,47.066485],[13.904715,47.066584],[13.904846,47.066944],[13.905592,47.067386],[13.904902,47.067928],[13.906367,47.069817],[13.906776,47.070112],[13.904602,47.071573],[13.904137,47.072064],[13.902631,47.072893],[13.902349,47.073391],[13.9012617,47.0741915],[13.9010939,47.0745531],[13.9007886,47.0746187],[13.9004257,47.0749639],[13.8992527,47.0764077],[13.897544,47.077483],[13.8969865,47.0785325],[13.896189,47.07957],[13.895319,47.07997],[13.894782,47.080622],[13.894232,47.080819],[13.8936797,47.0822344],[13.892274,47.082667],[13.891702,47.083194],[13.891758,47.083613],[13.891132,47.084226],[13.889571,47.08498],[13.888867,47.085846],[13.888532,47.086958],[13.887481,47.087979],[13.887384,47.089531],[13.886161,47.091362],[13.885075,47.092087],[13.884133,47.092254],[13.883531,47.09268],[13.882139,47.092783],[13.880473,47.093288],[13.8792942,47.0941645],[13.878347,47.094227],[13.8779902,47.0947114],[13.877833,47.095187],[13.877847,47.096606],[13.877463,47.097363],[13.878327,47.09829],[13.878562,47.099568],[13.87842,47.100366],[13.878911,47.100558],[13.879818,47.10204],[13.881708,47.103638],[13.8827641,47.1041478],[13.883107,47.104929],[13.881176,47.107976],[13.883163,47.109584],[13.887314,47.10982],[13.890319,47.11277],[13.892444,47.114257],[13.89681,47.11461],[13.898082,47.113749],[13.8985473,47.1142478],[13.900522,47.11559],[13.901511,47.116061],[13.902338,47.116808],[13.9029139,47.1176355],[13.9029783,47.1180553],[13.905811,47.120107],[13.906008,47.120558],[13.90694,47.12151],[13.90883,47.123015],[13.909115,47.123384],[13.90911,47.124067],[13.910799,47.123733],[13.913314,47.123629],[13.913889,47.123759],[13.914072,47.12411],[13.91498,47.124792],[13.9153779,47.1254556],[13.915982,47.12581],[13.916161,47.126382],[13.918254,47.126916],[13.918464,47.127328],[13.920031,47.127787],[13.920185,47.1279645],[13.9200391,47.1281745],[13.920256,47.128488],[13.920539,47.128427],[13.921114,47.128622],[13.921781,47.12939],[13.922798,47.128831],[13.924051,47.129274],[13.9249966,47.1292477],[13.927578,47.129719],[13.92881,47.131203],[13.929594,47.131554],[13.931058,47.132677],[13.932989,47.133282],[13.934183,47.133945],[13.935658,47.135096],[13.938408,47.136158],[13.9394894,47.1364191],[13.943772,47.136568],[13.944701,47.135399],[13.945119,47.134538],[13.946178,47.133902],[13.947372,47.13252],[13.948747,47.129455],[13.951879,47.127855],[13.953918,47.125307],[13.955495,47.124903],[13.957277,47.124003],[13.959923,47.123736],[13.963242,47.124726],[13.965866,47.125935],[13.97256,47.12695],[13.974878,47.126838],[13.977676,47.126094],[13.978657,47.125423],[13.98333,47.124976],[13.987264,47.125778],[13.9876776,47.126973],[13.988328,47.127653],[13.992864,47.129239],[13.996125,47.132811],[13.995419,47.133706],[13.99201,47.136194],[13.991669,47.136696],[13.99159,47.137582],[13.99206,47.138453],[13.992659,47.138921],[13.99305,47.138955],[13.993419,47.139285],[13.994041,47.139487],[13.994104,47.140314],[13.993483,47.141017],[13.993587,47.142061],[13.991575,47.142414],[13.9897349,47.1429517],[13.988376,47.143409],[13.986611,47.144406],[13.983842,47.14462],[13.983235,47.145138],[13.981156,47.145862],[13.977427,47.146307],[13.976529,47.146652],[13.9754841,47.147444],[13.9748621,47.1476542],[13.973757,47.148413],[13.972364,47.148963],[13.96994,47.149541],[13.968686,47.150366],[13.967902,47.150547],[13.966673,47.151613],[13.966098,47.152401],[13.965804,47.153415],[13.9652764,47.1537924],[13.963978,47.15552],[13.962938,47.156096],[13.962816,47.156952],[13.962386,47.157128],[13.9620875,47.1576591],[13.9610863,47.1582054],[13.960365,47.1593841],[13.9604581,47.1594447],[13.959792,47.159431],[13.958558,47.160317],[13.957817,47.161256],[13.956158,47.161788],[13.955639,47.162436],[13.952248,47.164369],[13.9484123,47.1658604],[13.944231,47.166848],[13.94275,47.166394],[13.940611,47.167874],[13.938063,47.168544],[13.937843,47.168802],[13.93588,47.169457],[13.934094,47.169113],[13.930755,47.169488],[13.929369,47.170289],[13.927206,47.170975],[13.923018,47.171774],[13.921255,47.171949],[13.919676,47.171752],[13.918691,47.170847],[13.917258,47.170173],[13.916796,47.170602],[13.916957,47.171673],[13.917361,47.1721],[13.9172406,47.1724048],[13.9174381,47.173633],[13.917369,47.174465],[13.916485,47.174928],[13.916031,47.175874],[13.9160375,47.1764902],[13.915817,47.176967],[13.91601,47.178218],[13.915527,47.179697],[13.9145815,47.1802971],[13.914509,47.180503],[13.912879,47.181058],[13.9122071,47.1817897],[13.911964,47.182338],[13.9089435,47.1856357],[13.908741,47.184705],[13.908383,47.184067],[13.908109,47.183944],[13.907406,47.18375],[13.905547,47.184025],[13.904311,47.18378],[13.903506,47.184084],[13.903139,47.18442],[13.902244,47.184375],[13.902167,47.184165],[13.900705,47.183989],[13.9000727,47.1836793],[13.899795,47.18338],[13.899567,47.183374],[13.89952,47.182779],[13.898974,47.182617],[13.898627,47.18271],[13.896405,47.184551],[13.8950067,47.1850334],[13.894308,47.185487],[13.895163,47.186191],[13.8960134,47.1862556],[13.896446,47.186666],[13.896617,47.187125],[13.896236,47.187248],[13.896575,47.187856],[13.896618,47.188855],[13.897403,47.19087],[13.898658,47.191272],[13.899794,47.19118],[13.9013223,47.1913568],[13.9022448,47.1934917],[13.9032415,47.193875],[13.903216,47.194739],[13.902056,47.195268],[13.901465,47.195899],[13.900966,47.196168],[13.900526,47.196387],[13.900071,47.196353],[13.898154,47.197357],[13.89638,47.197831],[13.894745,47.19806],[13.894155,47.198682],[13.891829,47.199578],[13.889812,47.200568],[13.888798,47.201238],[13.8881,47.201939],[13.887574,47.201964],[13.886944,47.202358],[13.886751,47.202849],[13.884774,47.203276],[13.88248,47.204287],[13.881245,47.205235],[13.880206,47.206629],[13.877563,47.208232],[13.875938,47.209516],[13.875616,47.210399],[13.874416,47.211556],[13.874091,47.212344],[13.873086,47.212385],[13.872297,47.212662],[13.872026,47.212998],[13.87081,47.213471],[13.869177,47.214512],[13.866293,47.215408],[13.865341,47.216421],[13.865387,47.216796],[13.866123,47.217085],[13.865055,47.218084],[13.864728,47.218761],[13.8647465,47.2199343],[13.861236,47.222892],[13.859517,47.223891],[13.858673,47.224645],[13.857019,47.225647],[13.85538,47.225924],[13.853583,47.22586],[13.852079,47.226839],[13.85122,47.227788],[13.850121,47.229644],[13.850005,47.230109],[13.850346,47.230878],[13.851918,47.231457],[13.852071,47.232541],[13.852876,47.232879],[13.85846,47.233921],[13.858941,47.235068],[13.859605,47.235403],[13.860107,47.236114],[13.861588,47.236621],[13.86275,47.237638],[13.863977,47.238071],[13.865347,47.238302],[13.866452,47.240156],[13.868127,47.241045],[13.868442,47.242434],[13.868132,47.243526],[13.867734,47.243987],[13.86789,47.24522],[13.867034,47.247246],[13.866263,47.247954],[13.865969,47.248683],[13.865482,47.249128],[13.8643894,47.2514272],[13.864182,47.252169],[13.862375,47.254065],[13.858395,47.25478],[13.854489,47.256174],[13.851633,47.256898],[13.850977,47.257704],[13.850183,47.258164],[13.847541,47.259136],[13.846913,47.259891],[13.845326,47.260438],[13.844657,47.261084],[13.842974,47.26111],[13.840385,47.261611],[13.839647,47.262351],[13.838592,47.262982],[13.836267,47.263605],[13.834766,47.263546],[13.833327,47.263778],[13.831838,47.264361],[13.830642,47.265129],[13.827429,47.265943],[13.826568,47.266422],[13.825222,47.266544],[13.823621,47.267011],[13.8235077,47.2674417],[13.8225196,47.2690295],[13.821333,47.27017],[13.822206,47.27105],[13.8228485,47.2726025],[13.823304,47.273305],[13.827246,47.274219],[13.826088,47.275996],[13.82338,47.27819],[13.823522,47.278722],[13.824294,47.279035],[13.826453,47.281691],[13.827138,47.282988],[13.826321,47.284243],[13.824386,47.285679],[13.823587,47.286993],[13.822988,47.290195],[13.823956,47.291804],[13.825343,47.2932029],[13.823196,47.294161],[13.818149,47.295427],[13.817173,47.296192],[13.814994,47.295455],[13.81268,47.294408],[13.809863,47.294023],[13.809702,47.293838],[13.808347,47.293421],[13.807083,47.293372],[13.804537,47.292711],[13.802649,47.291515],[13.803195,47.290279],[13.802681,47.289852],[13.802272,47.289913],[13.801778,47.289429],[13.801041,47.289137],[13.800135,47.288456],[13.797586,47.287391],[13.796623,47.28749],[13.796049,47.287342],[13.793967,47.287717],[13.792937,47.288182],[13.791582,47.288251],[13.790909,47.288773],[13.789334,47.289019],[13.788438,47.28671],[13.788655,47.283981],[13.789193,47.283738],[13.791138,47.281434],[13.790001,47.280563],[13.788526,47.279863],[13.786249,47.277906],[13.785307,47.276567],[13.784622,47.276085],[13.783932,47.275248],[13.783141,47.274927],[13.782239,47.274941],[13.77789,47.274047],[13.77499,47.271798],[13.768776,47.270168],[13.767049,47.269462],[13.760642,47.266271],[13.75355,47.273037],[13.751354,47.276017],[13.747722,47.277814],[13.738818,47.278312],[13.731878,47.277679],[13.729565,47.27698],[13.72751,47.277235],[13.72692,47.277678],[13.725328,47.278261],[13.721174,47.276644],[13.719701,47.275781],[13.719832,47.274697],[13.719298,47.273795],[13.71694,47.2725],[13.715418,47.271969],[13.713866,47.270186],[13.713537,47.268337],[13.712519,47.266527],[13.712085,47.264434],[13.711866,47.259502],[13.708126,47.25971],[13.707629,47.259507],[13.705723,47.259796],[13.70204,47.260752],[13.698398,47.260362],[13.69752,47.26014],[13.695824,47.260087],[13.695953,47.260385],[13.695397,47.263192],[13.695613,47.265072],[13.690285,47.267318],[13.689832,47.267826],[13.682489,47.268993],[13.679725,47.270575],[13.677213,47.273369],[13.676187,47.274156],[13.67484,47.274585],[13.669133,47.271944],[13.661401,47.27328],[13.659441,47.274278],[13.657697,47.27438],[13.655636,47.275092],[13.65366,47.276546],[13.651446,47.276677],[13.648697,47.275592],[13.647647,47.275703],[13.644615,47.275152],[13.643203,47.274547],[13.6417016,47.27413],[13.6386661,47.2746262],[13.6367494,47.2738227],[13.6333201,47.2740504],[13.631437,47.2739997],[13.6236169,47.2792681],[13.6232826,47.2795975],[13.622731,47.2808729],[13.6226802,47.2816157],[13.6220661,47.2826443],[13.622002,47.2831234],[13.6210406,47.282941],[13.6191583,47.2831422],[13.6149691,47.2832282],[13.6134715,47.2833893],[13.6123377,47.2837089],[13.6085904,47.2831408],[13.6075893,47.2835196],[13.6060462,47.2847983],[13.6058689,47.2857509],[13.6038153,47.2872732],[13.6025655,47.2888069],[13.6014292,47.2894867],[13.6009065,47.2913011],[13.6000228,47.2921763],[13.5984671,47.2926493],[13.5984886,47.2929549],[13.5979092,47.2932532],[13.597701,47.2935412],[13.5978877,47.2939664],[13.5983705,47.2942502],[13.5994984,47.2955989],[13.6002554,47.2960176],[13.6005213,47.2968073],[13.599754,47.298072],[13.599969,47.299521],[13.602223,47.301434],[13.601839,47.305653],[13.601878,47.308405],[13.602846,47.310863],[13.601696,47.311541],[13.59745,47.311678],[13.595812,47.312701],[13.59554,47.314827],[13.596285,47.315897],[13.595471,47.317485],[13.596544,47.318527],[13.598401,47.322202],[13.599215,47.324024],[13.599441,47.325382],[13.602249,47.327434],[13.603537,47.329687],[13.603478,47.330099],[13.602858,47.331042],[13.602401,47.331248],[13.601172,47.332408],[13.601124,47.333941],[13.600646,47.33507],[13.600554,47.336986],[13.599414,47.337531],[13.598557,47.338262],[13.598233,47.338819],[13.598297,47.339457],[13.598579,47.33989],[13.599706,47.3407],[13.59758,47.343215],[13.596715,47.344538],[13.596017,47.346455],[13.594974,47.347842],[13.59441,47.349731],[13.59358,47.350732],[13.593757,47.351],[13.593594,47.351601],[13.592096,47.352971],[13.590126,47.354151],[13.589823,47.355794],[13.590066,47.356642],[13.589629,47.357126],[13.5895395,47.3575121],[13.5896633,47.3576143],[13.5893961,47.3579388],[13.589602,47.3586431],[13.5895334,47.3589631],[13.585638,47.360947],[13.5855855,47.3630722],[13.5852532,47.3643309],[13.58532,47.365169],[13.584441,47.366434],[13.583644,47.367085],[13.582461,47.368818],[13.583063,47.370445],[13.584036,47.372107],[13.582196,47.374512],[13.5819307,47.3755363],[13.581533,47.376299],[13.581546,47.376894],[13.5808861,47.3782019],[13.580678,47.379026],[13.5807988,47.3795537],[13.580673,47.379965],[13.581366,47.38164],[13.581779,47.382078],[13.581747,47.382365],[13.5810353,47.3833649],[13.5808368,47.383904],[13.576435,47.386947],[13.575601,47.38787],[13.5721433,47.3933475],[13.574008,47.400794],[13.573897,47.402083],[13.573641,47.402356],[13.573981,47.402627],[13.573911,47.4037],[13.5740252,47.4044004],[13.574184,47.404526],[13.5738904,47.4049683],[13.57386,47.405823],[13.572717,47.406055],[13.571715,47.40646],[13.570449,47.407397],[13.5702587,47.407713],[13.570223,47.408476],[13.569326,47.4099194],[13.568792,47.410288],[13.568741,47.410821],[13.568289,47.411365],[13.567856,47.411509],[13.566721,47.411142],[13.566252,47.411208],[13.564544,47.412453],[13.564202,47.413757],[13.5643984,47.4148328],[13.564919,47.41606],[13.564557,47.416688],[13.564697,47.417388],[13.56432,47.417606],[13.5638531,47.4189404],[13.564072,47.419467],[13.563432,47.42002],[13.563348,47.420462],[13.5637251,47.420817],[13.564554,47.421207],[13.565209,47.422082],[13.565915,47.422334],[13.566495,47.42312],[13.567606,47.423497],[13.568205,47.423997],[13.568235,47.424412],[13.569492,47.424753],[13.570077,47.425106],[13.569966,47.425499],[13.572314,47.425741],[13.573718,47.426731],[13.573922,47.427019],[13.573824,47.428046],[13.574204,47.428733],[13.573952,47.429124],[13.573952,47.429694],[13.57447,47.430035],[13.574962,47.430794],[13.575552,47.431896],[13.575579,47.432777],[13.576177,47.433834],[13.575899,47.4344243],[13.576069,47.435012],[13.57578,47.436035],[13.576294,47.436945],[13.576466,47.437927],[13.577869,47.438823],[13.577909,47.439473],[13.578643,47.439983],[13.5784871,47.4405618],[13.5785157,47.4416019],[13.579385,47.441893],[13.580708,47.443174],[13.5806511,47.4434255],[13.580866,47.443852],[13.581778,47.444268],[13.582567,47.444947],[13.5833922,47.4460365],[13.583687,47.446693],[13.584929,47.44721],[13.5849034,47.4476063],[13.584691,47.447914],[13.5850727,47.4483677],[13.5849381,47.4487255],[13.5851281,47.4492879],[13.584981,47.449578],[13.585979,47.451027],[13.586055,47.452416],[13.585735,47.453389],[13.585799,47.453894],[13.586427,47.454274],[13.586467,47.454551],[13.587342,47.455634],[13.588652,47.456019],[13.589256,47.456016],[13.5896949,47.4563278],[13.5899125,47.4569297],[13.5896687,47.4575544],[13.5904357,47.458181],[13.590568,47.458567],[13.5910092,47.4588613],[13.591853,47.45992],[13.5926543,47.4605365],[13.592673,47.461052],[13.59185,47.461797],[13.591851,47.464094],[13.590262,47.466058],[13.591253,47.466788],[13.591907,47.468439],[13.591085,47.47128],[13.588227,47.470144],[13.588282,47.470779],[13.588663,47.471103],[13.588739,47.471476],[13.588325,47.472559],[13.586523,47.473063],[13.5856578,47.4745514],[13.585666,47.474799],[13.5813402,47.4756955],[13.5752233,47.4781719],[13.5732271,47.4803919],[13.5682323,47.482503],[13.5627922,47.4834191],[13.5615724,47.4834631],[13.5602131,47.4851356],[13.5587755,47.4859565],[13.5575245,47.486138],[13.5552109,47.4860961],[13.5535205,47.4871606],[13.5477004,47.4900561],[13.5438798,47.4902155],[13.5401361,47.4910925],[13.5351452,47.4934496],[13.5345566,47.4942678],[13.534313,47.4949312],[13.5328341,47.4950179],[13.5278895,47.4945661],[13.5230262,47.4944684],[13.5216486,47.494165],[13.5203037,47.4943357],[13.5161752,47.4965062],[13.5161036,47.4981848],[13.5134257,47.503069],[13.506423,47.5080684],[13.5020258,47.511714],[13.4962778,47.5125495],[13.4949785,47.5131691],[13.4900536,47.513258],[13.4869925,47.5196133],[13.4832728,47.5213008],[13.4813373,47.5228169],[13.4813751,47.52428],[13.4796052,47.5255185],[13.4790913,47.5268932],[13.4791626,47.5273431],[13.4771644,47.5294411],[13.4774439,47.5298832],[13.4767379,47.5303209],[13.4769691,47.5316366],[13.4762071,47.532381],[13.4766829,47.5335362],[13.4780943,47.5353882],[13.4771834,47.536599],[13.4772891,47.5384052],[13.4767492,47.5396336],[13.4767508,47.5412525],[13.4770305,47.5422196],[13.4753735,47.5431185],[13.4776222,47.5442154],[13.4783094,47.5447859],[13.4786221,47.5457733],[13.479176,47.546487],[13.4787034,47.5470544],[13.4789113,47.54741],[13.4802905,47.5477457],[13.4808615,47.5483614],[13.48347,47.549217],[13.4842365,47.5503805],[13.4847631,47.5528289],[13.4836481,47.5539851],[13.4830167,47.5566216],[13.4834166,47.5576353],[13.484126,47.5584152],[13.4831073,47.55934],[13.4824644,47.5595941],[13.4815956,47.5596206],[13.4813414,47.5599409],[13.4814943,47.56094],[13.4805836,47.5641824],[13.4783282,47.5681322],[13.4825151,47.5712884],[13.4909592,47.5770419],[13.4991083,47.5811382],[13.5052684,47.5819881],[13.5070754,47.587441],[13.5059517,47.5900872],[13.5056683,47.5911274],[13.5053773,47.5924072],[13.5052152,47.5948584],[13.5054425,47.5953995],[13.5059689,47.5957073],[13.5063296,47.596236],[13.5065358,47.5968],[13.506189,47.5985935],[13.5063216,47.6007543],[13.514093,47.6090729],[13.5145388,47.6108148],[13.5174524,47.6119834],[13.5185645,47.6134764],[13.5205972,47.6150954],[13.5232992,47.6183336],[13.5202767,47.6231757],[13.5202929,47.6243496],[13.5178637,47.6254959],[13.5176652,47.6264543],[13.5178717,47.62769],[13.51842,47.6286328],[13.5148354,47.6310327],[13.5131226,47.6316826],[13.5131276,47.6326591],[13.5113164,47.6319158],[13.505378,47.6290044],[13.5020936,47.6287954],[13.5006348,47.6301437],[13.4995691,47.6302704],[13.4994101,47.6306337],[13.4980397,47.6309141],[13.496114,47.6303194],[13.4931527,47.6304367],[13.4920144,47.6308438],[13.4906221,47.6303955],[13.4898641,47.6303315],[13.4889057,47.6318582],[13.4878302,47.6328564],[13.4859574,47.6338665],[13.4859175,47.6353549],[13.4842457,47.6377981],[13.4844168,47.6400951],[13.4840987,47.6415472],[13.4876194,47.6419348],[13.490628,47.6439247],[13.4897123,47.6464643],[13.4920168,47.6493399],[13.4944968,47.6510622],[13.497458,47.6548458],[13.4991633,47.6576136],[13.5003944,47.6589211],[13.501098,47.664831],[13.5008287,47.6655514],[13.4994074,47.6669495],[13.4988962,47.6677273],[13.4994452,47.6677986],[13.5000366,47.6689918],[13.5058911,47.6723668],[13.509092,47.6763454],[13.5116058,47.6774365],[13.5128426,47.6766836],[13.5148593,47.6763856],[13.5169437,47.6755337],[13.5182877,47.6769572],[13.5192198,47.6776989],[13.5216769,47.6788204],[13.52279,47.6796493],[13.5261739,47.6801371],[13.5272618,47.6800853],[13.5287965,47.6805358],[13.532634,47.6827284],[13.5330985,47.6832553],[13.5336933,47.6843759],[13.5334507,47.6848081],[13.5338059,47.6869107],[13.5334767,47.6877706],[13.5336368,47.6883126],[13.5335194,47.689115],[13.5336792,47.6895155],[13.5333618,47.6896951],[13.5336044,47.6900869],[13.5335233,47.6904662],[13.5340244,47.6919852],[13.53397,47.692352],[13.5345222,47.692629],[13.5344949,47.6929612],[13.5348934,47.6931638],[13.5354023,47.6939572],[13.5351762,47.6943573],[13.5356225,47.6950041],[13.5356416,47.6953129],[13.5374256,47.6971057],[13.538253,47.6976283],[13.538195,47.6979408],[13.5387966,47.698495],[13.5393438,47.6985948],[13.5399827,47.699077],[13.5430125,47.7003182],[13.5431141,47.700717],[13.5440076,47.7017819],[13.5452709,47.7020136],[13.5459264,47.7024037],[13.5464074,47.7029618],[13.5460935,47.7040254],[13.5462198,47.704283],[13.5461317,47.7049464],[13.546892,47.7057632],[13.5469007,47.7063033],[13.5476824,47.7075974],[13.5475463,47.7081306],[13.5479245,47.70844],[13.549014,47.7088179],[13.5488481,47.7091953],[13.5492044,47.7096527],[13.5485454,47.7099762],[13.5487389,47.7107251],[13.5497857,47.7113654],[13.5495058,47.7117788],[13.5496617,47.7120734],[13.550503,47.7123423],[13.5508672,47.7141175],[13.5496307,47.713854],[13.5482153,47.7138922],[13.5434945,47.715207],[13.5420871,47.7154605],[13.5380198,47.7157504],[13.5321731,47.7169156],[13.5304533,47.7175028],[13.529556,47.7174602],[13.5269613,47.716821],[13.5258788,47.7167888],[13.5250405,47.7170329],[13.5219534,47.7184707],[13.5212007,47.7186447],[13.517059,47.7189178],[13.5148362,47.7185548],[13.5127523,47.718887],[13.512234,47.7187625],[13.5115192,47.717853],[13.5111006,47.7176632],[13.5063028,47.7177676],[13.5047702,47.7181505],[13.5039175,47.7188288],[13.504122,47.7191199],[13.50559,47.7195804],[13.5065359,47.720193],[13.5066875,47.7205477],[13.5066005,47.7208811],[13.50636,47.7212071],[13.5058227,47.7214724],[13.5045251,47.7215789],[13.5003064,47.7224885],[13.4978116,47.7228504],[13.4936168,47.7227011],[13.4864054,47.7221855],[13.4863646,47.7220788],[13.4829703,47.7227474],[13.4765928,47.7241934],[13.4362742,47.7385508],[13.4364197,47.73906],[13.4360932,47.7394932],[13.4363641,47.7401137],[13.4376462,47.7410688],[13.4373739,47.741591],[13.4374812,47.7423657],[13.4377709,47.7428193],[13.4385287,47.7434447],[13.4386504,47.7438638],[13.4383221,47.7442839],[13.4385923,47.7447681],[13.4380794,47.7453223],[13.4381397,47.7456591],[13.4379721,47.7459332],[13.4381625,47.746339],[13.4379278,47.7466312],[13.4379533,47.7469568],[13.4382403,47.7474266],[13.4393843,47.7477124],[13.4395921,47.7480118],[13.4403123,47.74846],[13.4405376,47.7489821],[13.4413353,47.7495384],[13.4414641,47.7499676],[13.4408313,47.7507215],[13.4409627,47.7514411],[13.4414415,47.7519884],[13.442092,47.7534319],[13.4427944,47.7543822],[13.4428269,47.7550278],[13.4431085,47.7555418],[13.4438134,47.7562571],[13.4444322,47.757391],[13.445033,47.7589218],[13.4450732,47.7593744],[13.4435669,47.7610683],[13.4431715,47.7618284],[13.4436777,47.7627421],[13.4434398,47.7632095],[13.4438351,47.765345],[13.4442107,47.7660157],[13.4445401,47.7674082],[13.446312,47.7720025],[13.4471566,47.7722529],[13.4472232,47.7725064],[13.4519594,47.7751009],[13.4534748,47.7755732],[13.4560727,47.7772571],[13.4577719,47.7779421],[13.4587521,47.7793575],[13.4591115,47.7793755],[13.4598357,47.7809688],[13.460643,47.7812392],[13.4619669,47.7823111],[13.4619778,47.782591],[13.4640054,47.7840485],[13.4652714,47.7861463],[13.4680823,47.7862328],[13.471934,47.7856272],[13.4736688,47.7845358],[13.4755752,47.7840687],[13.4761573,47.7833334],[13.476126,47.7830855],[13.4783605,47.7822606],[13.4793154,47.7823399],[13.4804848,47.7821597],[13.4814451,47.7823207],[13.4835021,47.7820378],[13.4838297,47.7817889],[13.4843655,47.7818002],[13.4846689,47.781599],[13.4852456,47.7817414],[13.4851812,47.7819505],[13.4865434,47.7821712],[13.4896365,47.780725],[13.4920366,47.7800084],[13.4937317,47.7797056],[13.4938474,47.7798561],[13.4989674,47.7779392],[13.5005376,47.7761566],[13.5055093,47.7743717],[13.5081717,47.7738031],[13.5104967,47.7738779],[13.5116259,47.7741483],[13.5128123,47.7733252],[13.5152415,47.7720122],[13.5192691,47.772798],[13.5202626,47.7732488],[13.5223756,47.773678],[13.5241011,47.7743311],[13.5268016,47.7740729],[13.5286448,47.7747933],[13.5353847,47.7761369],[13.5355309,47.777442],[13.5369382,47.7792007],[13.5370263,47.781043],[13.5386942,47.782341],[13.5384534,47.7831177],[13.5376093,47.7842507],[13.5370796,47.7844609],[13.5366764,47.785119],[13.5364852,47.7858883],[13.535148,47.7867348],[13.5337045,47.78793],[13.5335635,47.7884185],[13.5330782,47.7890722],[13.5321375,47.7899042],[13.5317383,47.79132],[13.5314091,47.7917662],[13.5299865,47.7923951],[13.5290696,47.7934627],[13.5278985,47.7932232],[13.5268754,47.7932387],[13.5287651,47.7955],[13.5294742,47.7970255],[13.5283138,47.7973338],[13.5266694,47.7972048],[13.5258614,47.7974062],[13.52371,47.7973742],[13.521211,47.7976199],[13.5196028,47.797053],[13.5187412,47.7970784],[13.5178409,47.7968946],[13.5158658,47.7960145],[13.5152583,47.7962838],[13.514967,47.7962001],[13.5144856,47.7966384],[13.5124462,47.7970158],[13.5109709,47.7969609],[13.5090403,47.7951908],[13.5087587,47.7941205],[13.5089656,47.7931933],[13.5088545,47.792517],[13.508999,47.7924663],[13.507896,47.7909359],[13.507043,47.7905519],[13.5039293,47.7897222],[13.5033615,47.7894371],[13.4988457,47.7892301],[13.4978414,47.7895344],[13.4979026,47.7898144],[13.4974543,47.7903842],[13.4964644,47.7909189],[13.4963189,47.791344],[13.4950335,47.7919852],[13.4942859,47.7916176],[13.4925898,47.7913155],[13.4922788,47.7911299],[13.4909841,47.7894054],[13.4901964,47.7891633],[13.487986,47.7896749],[13.4873334,47.7903359],[13.4859141,47.7907849],[13.4853975,47.7913015],[13.4853533,47.7916731],[13.4851038,47.7920119],[13.4843754,47.7927981],[13.4841047,47.7936741],[13.4841838,47.7941832],[13.4840484,47.7944571],[13.4839355,47.7974461],[13.483659,47.7978709],[13.4836576,47.7982726],[13.4834568,47.798366],[13.4835142,47.7990487],[13.4837623,47.7993122],[13.4832195,47.7998608],[13.4832969,47.7999653],[13.4820725,47.8003914],[13.4820483,47.8007563],[13.4825084,47.801663],[13.48154,47.8019062],[13.4791247,47.8005833],[13.4775971,47.8006437],[13.4766879,47.8009851],[13.4752918,47.8019607],[13.4724942,47.8026597],[13.4708058,47.8028723],[13.4681108,47.8034825],[13.4675443,47.8038945],[13.4671299,47.8039878],[13.4660683,47.8037438],[13.4649202,47.8027196],[13.4644938,47.802792],[13.4638105,47.8036186],[13.4626471,47.80376],[13.4599529,47.8036672],[13.4596042,47.803224],[13.4589198,47.802931],[13.4565505,47.803013],[13.4553029,47.8028446],[13.4547507,47.8029291],[13.4536131,47.8035548],[13.4513195,47.8041991],[13.4504176,47.803742],[13.4506054,47.80356],[13.4467034,47.8022261],[13.4460475,47.802249],[13.4450225,47.8019387],[13.4433805,47.8022924],[13.4433444,47.8025006],[13.4421833,47.8024221],[13.4379876,47.8013355],[13.4373542,47.8009544],[13.4370014,47.800925],[13.4365554,47.8005031],[13.4351863,47.800207],[13.4323519,47.799962],[13.4315808,47.8001547],[13.4313483,47.8007218],[13.4314333,47.8009265],[13.4288976,47.8011],[13.4251246,47.8010928],[13.4234882,47.7996408],[13.4223319,47.7993311],[13.4212345,47.799366],[13.4181221,47.7987829],[13.4164486,47.7988333],[13.4156502,47.7986847],[13.4137674,47.7988773],[13.4123853,47.7986471],[13.4102702,47.7988626],[13.4087481,47.7987403],[13.4071726,47.7983716],[13.4066325,47.7990286],[13.4053754,47.799355],[13.4019538,47.7996974],[13.4002659,47.799228],[13.3995966,47.7987515],[13.3985514,47.7984798],[13.3980794,47.7978948],[13.3959324,47.796474],[13.3960279,47.7960931],[13.3955145,47.7960247],[13.3951865,47.7961742],[13.3947385,47.7960597],[13.3945844,47.7957877],[13.3948134,47.795284],[13.3947588,47.7950462],[13.3943316,47.7952845],[13.3938815,47.7952949],[13.3936617,47.7952579],[13.3934188,47.7948434],[13.3931871,47.7947486],[13.3926078,47.7946222],[13.3923343,47.7947832],[13.3913458,47.7948644],[13.390848,47.7945941],[13.3902054,47.7945723],[13.3898349,47.7942221],[13.389297,47.7942763],[13.3883806,47.7947643],[13.3881737,47.7955202],[13.3872407,47.795747],[13.3871712,47.7963749],[13.3873209,47.7968349],[13.3844401,47.7978761],[13.3825287,47.7980118],[13.3767658,47.7996975],[13.3748149,47.7997972],[13.3743312,47.8004225],[13.3737124,47.8008771],[13.3729603,47.8011145],[13.3723613,47.8011205],[13.3687023,47.8023817],[13.365669,47.8055718],[13.3509619,47.8099408],[13.349678,47.8125357],[13.348019,47.8139163],[13.3452775,47.8129305],[13.3441151,47.8132902],[13.3432693,47.8133395],[13.3425979,47.81306],[13.341982,47.813159],[13.3406178,47.8127465],[13.3379385,47.8134496],[13.3365531,47.8133129],[13.3359062,47.8128921],[13.333997,47.8129757],[13.3294611,47.8125928],[13.3242006,47.8127139],[13.3227454,47.8124779],[13.3222384,47.8130225],[13.3219366,47.8131321],[13.3189696,47.8126729],[13.3181446,47.8127451],[13.3167911,47.8124154],[13.315625,47.8123963],[13.3122053,47.812829],[13.3114496,47.813726],[13.3114147,47.8141671],[13.3117983,47.8154032],[13.3109245,47.8178066],[13.3107093,47.8197537],[13.3096183,47.8213718],[13.3090732,47.8216037],[13.3080157,47.8216947],[13.3051995,47.8209388],[13.3039991,47.8216619],[13.3041325,47.8222467],[13.3037295,47.8225429],[13.3009065,47.8230636],[13.3000869,47.8233776],[13.2990805,47.8233442],[13.2968185,47.8241942],[13.2938439,47.8247527],[13.292304,47.824735],[13.2897115,47.8243721],[13.2898319,47.8254546],[13.2895421,47.8262805],[13.2893114,47.8278453],[13.2896407,47.8287017],[13.2889994,47.8290489],[13.2880642,47.8290311],[13.2864124,47.8302304],[13.2863439,47.8310783],[13.2869932,47.8330924],[13.286651,47.8346056],[13.286873,47.8348736],[13.2868021,47.8352066],[13.2872107,47.8356631],[13.2884785,47.8357555],[13.2883087,47.8362138],[13.2881916,47.8382673],[13.2879648,47.8382653],[13.2879399,47.8384738],[13.2881562,47.8424931],[13.2873659,47.8425808],[13.2854955,47.8422228],[13.2841905,47.8421476],[13.2840045,47.8442402],[13.2841283,47.8448095],[13.2845387,47.8460877],[13.2867974,47.8461672],[13.2880257,47.8467888],[13.2888529,47.8468601],[13.2891205,47.8471508],[13.2914245,47.8482831],[13.2916063,47.8485027],[13.2912189,47.850158],[13.2913655,47.8510373],[13.2916062,47.8514298],[13.2915115,47.8517407],[13.2909441,47.852324],[13.2902906,47.8523669],[13.2881099,47.8530795],[13.2874534,47.854079],[13.2874144,47.8544132],[13.2876015,47.8546395],[13.2877035,47.8552949],[13.2874219,47.8555639],[13.2885917,47.8558569],[13.2910059,47.8561274],[13.2920097,47.8564291],[13.292857,47.8562421],[13.2936042,47.8563645],[13.2947468,47.8560189],[13.2957284,47.8560297],[13.2956378,47.856995],[13.2940975,47.8590975],[13.2937945,47.8592289],[13.2935723,47.859583],[13.2935351,47.8601231],[13.2931785,47.8607123],[13.2930333,47.8614569],[13.2927472,47.8617766],[13.2923393,47.8619271],[13.2928187,47.8626495],[13.292765,47.8632852],[13.2933236,47.8638889],[13.2910509,47.8651272],[13.2906553,47.8655165],[13.2903335,47.8661852],[13.2888925,47.8671219],[13.2886566,47.8680181],[13.2886555,47.8691669],[13.2870474,47.8700312],[13.2861425,47.87085],[13.2847276,47.87143],[13.2847822,47.8721879],[13.2851516,47.8727816],[13.2841687,47.8732505],[13.2819991,47.8737222],[13.2808507,47.8743499],[13.280125,47.8754793],[13.2790885,47.8762608],[13.2759016,47.8770408],[13.2754193,47.8785958],[13.2759152,47.880434],[13.276734,47.8818522],[13.2768476,47.8823055],[13.2767026,47.8830176],[13.2764882,47.8835467],[13.2759541,47.8841636],[13.2731076,47.8858595],[13.2715251,47.8863411],[13.2714347,47.8880803],[13.271234,47.8889264],[13.2706105,47.8897752],[13.2701151,47.8914259],[13.2715703,47.8921341],[13.2730632,47.8932687],[13.2747684,47.8941524],[13.2753517,47.8942183],[13.2771684,47.8937526],[13.2780001,47.8937295],[13.2804979,47.8952369],[13.2808375,47.8958356],[13.280858,47.8964861],[13.2811908,47.8972166],[13.2810194,47.8991736],[13.2803075,47.8999224],[13.2800634,47.9006165],[13.280356,47.9008669],[13.2803534,47.9015482],[13.2806328,47.9020191],[13.2806773,47.9030261],[13.2811281,47.9046352],[13.2798132,47.9055135],[13.2793213,47.9069186],[13.2797268,47.9074574],[13.2802736,47.907707],[13.2808203,47.9083515],[13.2811138,47.909341],[13.281914,47.9099338],[13.2813567,47.9123971],[13.2818819,47.913009],[13.2818698,47.913643],[13.2823949,47.9143008],[13.2812645,47.9154075],[13.2803764,47.916576],[13.2799977,47.916772],[13.2797669,47.917645],[13.2795105,47.9178431],[13.2788433,47.9192375],[13.2785604,47.9196333],[13.2776635,47.9202822],[13.2775632,47.9205874],[13.2783783,47.9212726],[13.282358,47.9222446],[13.2828669,47.9228128],[13.282939,47.9234047],[13.2827845,47.9240104],[13.28164,47.9260441],[13.2820829,47.9264676],[13.2829449,47.9266677],[13.2839745,47.9274438],[13.285102,47.9278192],[13.2853074,47.9281858],[13.2852344,47.9292401],[13.2850336,47.9299435],[13.2845345,47.9307837],[13.2843612,47.9318254],[13.2827827,47.9340095],[13.282117,47.9353163],[13.2808818,47.9368324],[13.282092,47.937069],[13.2811695,47.9388107],[13.2807316,47.9401769],[13.2806776,47.9412477],[13.2809832,47.9418477],[13.2811168,47.9426164],[13.2805084,47.9427512],[13.2808178,47.9435551],[13.2796769,47.9437084],[13.2788735,47.9444433],[13.2781666,47.9445107],[13.2778189,47.947266],[13.2780689,47.9497214],[13.2800295,47.9506701],[13.2813939,47.9519924],[13.2822546,47.953311],[13.282076,47.9539082],[13.2802893,47.9547157],[13.2811353,47.9553241],[13.2837836,47.9560287],[13.2859629,47.9568988],[13.2861731,47.9576841],[13.287382,47.9585914],[13.2879335,47.9594943],[13.2897144,47.9600073],[13.2898939,47.9604381],[13.2906939,47.960126],[13.2911908,47.9606842],[13.2938883,47.9602271],[13.294781,47.960234],[13.294927,47.9605845],[13.2959779,47.9612272],[13.2960306,47.9614541],[13.2957446,47.9615024],[13.2979374,47.9625796],[13.2993966,47.9630349],[13.3054701,47.9641919],[13.3059392,47.9635787],[13.3075379,47.9640147],[13.3086467,47.9628551],[13.311067,47.9608169],[13.3131346,47.9577698],[13.3156695,47.9576432],[13.318734,47.9571873],[13.3239724,47.9569925],[13.3257037,47.9566621],[13.3263478,47.9560774],[13.3286614,47.9562017],[13.3301291,47.9560303],[13.3318612,47.9556264],[13.3326999,47.9551034],[13.3337333,47.9540707],[13.3352452,47.953812],[13.3372803,47.954204],[13.3382825,47.9532542],[13.3400145,47.9526034],[13.3410976,47.9518017],[13.3400564,47.9511087],[13.339848,47.9504323],[13.3390051,47.9498325],[13.3385472,47.949292],[13.3387926,47.9485594],[13.3385478,47.9484848],[13.3382789,47.9478833],[13.3378893,47.9476757],[13.3387189,47.9467063],[13.339601,47.943895],[13.3401505,47.9435146],[13.3418665,47.9432562],[13.342525,47.9433121],[13.343366,47.9435446],[13.3437505,47.9439282],[13.344364,47.9441974],[13.3461194,47.9446304],[13.3467687,47.9435777],[13.3485298,47.9429524],[13.3491483,47.9425144],[13.3496241,47.9416743],[13.3502945,47.9415375],[13.3504855,47.9417208],[13.3510129,47.9416202],[13.3516187,47.941203],[13.3538054,47.9414713],[13.3552071,47.9413018],[13.3558471,47.9409565],[13.356749,47.9408809],[13.3569833,47.9403414],[13.3577887,47.9396798],[13.3582259,47.9396554],[13.3585455,47.939761],[13.3585413,47.9406877],[13.3591733,47.9408594],[13.3588755,47.9413979],[13.3589687,47.9415151],[13.358757,47.9421655],[13.3591005,47.9430375],[13.3593542,47.9429203],[13.3596711,47.943172],[13.3596857,47.9429493],[13.3606546,47.9431177],[13.3631233,47.9440809],[13.3622937,47.9448726],[13.3615889,47.9448917],[13.3629701,47.9461567],[13.3626346,47.9469598],[13.3621473,47.9491709],[13.3615174,47.9497831],[13.3611684,47.9504487],[13.3617138,47.9527934],[13.3609684,47.9530643],[13.3607878,47.9533692],[13.360677,47.9543196],[13.3610698,47.9547942],[13.3607995,47.9552432],[13.3608118,47.9555673],[13.3624429,47.9568868],[13.3632443,47.9571419],[13.3638072,47.9575672],[13.3644927,47.9577653],[13.3662645,47.9574549],[13.3671608,47.9579331],[13.3658391,47.9590013],[13.365024,47.960068],[13.3652871,47.9605565],[13.3665965,47.961654],[13.3669275,47.9617923],[13.3671926,47.9617195],[13.3670422,47.9618387],[13.3675848,47.962161],[13.3675241,47.9620499],[13.367971,47.9618678],[13.3683121,47.9620725],[13.3679277,47.962372],[13.3707551,47.9635695],[13.3717856,47.9642892],[13.3734292,47.9658088],[13.3725741,47.9668628],[13.371821,47.9674591],[13.3712529,47.9687185],[13.3707657,47.9689447],[13.3708817,47.9693635],[13.3704597,47.9705516],[13.3701664,47.9710757],[13.3698216,47.9713399],[13.3716574,47.9719809],[13.3724611,47.9728251],[13.3718698,47.9738016],[13.3719099,47.9744728],[13.3716079,47.9754432],[13.371631,47.9761212],[13.3714209,47.9765601],[13.3715665,47.9768239],[13.3712989,47.9768319],[13.3709874,47.9771388],[13.3697475,47.9771163],[13.3692867,47.9770495],[13.3692486,47.976654],[13.3683024,47.9765952],[13.3676038,47.9763194],[13.3673902,47.9765281],[13.3661992,47.9769469],[13.3653742,47.9768036],[13.365328,47.9769086],[13.3656684,47.9770908],[13.3645581,47.9771977],[13.3645995,47.9774098],[13.3640001,47.9775959],[13.3633226,47.9777477],[13.3632319,47.9776221],[13.3621582,47.9776674],[13.3617626,47.9780253],[13.3609853,47.9781393],[13.3601648,47.9779425],[13.3598791,47.9780759],[13.3594312,47.9779255],[13.3591224,47.9780474],[13.3584875,47.9776669],[13.3572262,47.977863],[13.3571104,47.9780344],[13.3563237,47.9782523],[13.3549659,47.9781953],[13.354939,47.9778858],[13.354622,47.9779435],[13.354048,47.9782954],[13.3534231,47.9782809],[13.3534007,47.9785416],[13.3527369,47.978582],[13.3522,47.9790585],[13.3515879,47.9792797],[13.351442,47.9795201],[13.3509404,47.9793369],[13.3503192,47.9799475],[13.3504285,47.9800932],[13.3503353,47.9802508],[13.3497917,47.9804266],[13.3496351,47.9806171],[13.3497254,47.9807769],[13.3486034,47.9811572],[13.3479728,47.9821448],[13.3471385,47.9823383],[13.3463571,47.9827634],[13.3459099,47.983454],[13.3442012,47.9831909],[13.342578,47.9832322],[13.3414944,47.9834011],[13.3391784,47.9841741],[13.3372988,47.9854609],[13.3364846,47.9862173],[13.3356167,47.9873442],[13.3335157,47.9869984],[13.330624,47.9873719],[13.3302719,47.9882771],[13.3301288,47.9893676],[13.3288379,47.9900717],[13.3279646,47.9903357],[13.3280864,47.9905652],[13.3267402,47.9911042],[13.3265652,47.9915744],[13.3257975,47.9918994],[13.3238828,47.9922709],[13.3231279,47.9918463],[13.3216703,47.9903097],[13.3211418,47.9905762],[13.3214933,47.9916385],[13.3212875,47.9924147],[13.3164131,47.992356],[13.3148704,47.9924235],[13.3111007,47.9929719],[13.3086038,47.9928962],[13.308488,47.9948572],[13.3071479,47.9945704],[13.3069305,47.995444],[13.3026225,47.9954722],[13.3020251,47.9956041],[13.3011429,47.9953715],[13.3012368,47.9955961],[13.3005917,47.9968947],[13.3006766,47.9974698],[13.3000062,47.9985845],[13.299849,47.9991219],[13.2998548,47.9997901],[13.3002106,48.001213],[13.298275,48.0024817],[13.3010625,48.0032501],[13.3043497,48.0035809],[13.3042102,48.0045438],[13.3033876,48.0042358],[13.3028312,48.0069789],[13.3037685,48.0070691],[13.3039326,48.0078693],[13.3042554,48.0083019],[13.3026157,48.0090391],[13.3025314,48.0094135],[13.3023103,48.0095707],[13.30038,48.0103892],[13.2968391,48.0106414],[13.2958745,48.01054],[13.2950029,48.010219],[13.2948951,48.0089138],[13.2953889,48.0073386],[13.2952064,48.0072704],[13.2938775,48.0087325],[13.2914807,48.0083737],[13.2911362,48.0093726],[13.2907207,48.0096129],[13.2877497,48.0095656],[13.2872926,48.0084286],[13.2860517,48.0079199],[13.2852969,48.007822],[13.2836588,48.0070489],[13.282444,48.0060415],[13.282331,48.0051795],[13.2813906,48.005147],[13.2809376,48.0049816],[13.2823827,48.0034222],[13.2825991,48.002932],[13.281569,48.0020739],[13.2813955,48.0017359],[13.2801701,48.0008882],[13.2822646,47.9987282],[13.2813229,47.9984973],[13.2812879,47.9983469],[13.2821604,47.9976089],[13.2824247,47.9969632],[13.2815416,47.9969168],[13.2806633,47.9971365],[13.2792852,47.9968724],[13.279304,47.9964992],[13.2791804,47.9964492],[13.2778872,47.996273],[13.2760179,47.9974726],[13.2750605,47.9978255],[13.2741956,47.9977161],[13.2714715,47.9969167],[13.2718352,47.9964235],[13.2697095,47.9958162],[13.2683176,47.9961073],[13.267036,47.9960804],[13.2675111,47.9950795],[13.267266,47.9950129],[13.2674173,47.9945676],[13.2658217,47.9939444],[13.2654337,47.993714],[13.2654695,47.9935663],[13.2597238,47.9928117],[13.257555,47.992143],[13.2569769,47.9912007],[13.2541095,47.9923642],[13.252472,47.9926888],[13.2510849,47.9926096],[13.250653,47.9925388],[13.2493493,47.9908268],[13.2481264,47.9910973],[13.2483414,47.9897848],[13.248136,47.9898728],[13.2476883,47.9897057],[13.2469486,47.9905099],[13.2468742,47.9903015],[13.2463693,47.990007],[13.2459987,47.9901324],[13.2444451,47.9916147],[13.244327,47.9916004],[13.2444769,47.991255],[13.2433689,47.9914982],[13.2426922,47.991984],[13.2395231,47.9907132],[13.2366955,47.9887796],[13.2362422,47.9891109],[13.2346576,47.9895892],[13.2345089,47.9884181],[13.2338656,47.9882687],[13.2339069,47.9877982],[13.2325592,47.9875426],[13.2316014,47.9875848],[13.2291053,47.9872592],[13.2272974,47.9876903],[13.2267801,47.987526],[13.2254895,47.9882133],[13.2245974,47.9878387],[13.2244059,47.9874086],[13.2245056,47.9873155],[13.2239826,47.986548],[13.2243832,47.9852542],[13.2241542,47.9845661],[13.2236903,47.9839995],[13.2223741,47.9831536],[13.2217333,47.9829815],[13.2212004,47.9825853],[13.2193844,47.9827931],[13.2187925,47.982452],[13.2166982,47.982131],[13.216416,47.981881],[13.2162705,47.9813777],[13.2159287,47.9813269],[13.2150919,47.9814627],[13.2149727,47.9816057],[13.2146112,47.9815491],[13.2144719,47.9817105],[13.2146564,47.9817749],[13.2145374,47.9820357],[13.2137213,47.9821737],[13.2135946,47.9823767],[13.2116753,47.9824186],[13.2117597,47.981289],[13.211573,47.9805217],[13.2125294,47.9802308],[13.2116795,47.9796096],[13.2106481,47.9790309],[13.2098773,47.9789427],[13.2086723,47.9792403],[13.2073097,47.9793439],[13.2069158,47.9787608],[13.2064031,47.9785395],[13.206033,47.978166],[13.202481,47.9778045],[13.2022484,47.9774566],[13.1981189,47.9758828],[13.1983251,47.9755095],[13.1982583,47.9750616],[13.1986794,47.9741725],[13.1970035,47.9739415],[13.1934892,47.9742883],[13.1916133,47.9741175],[13.1898386,47.9737512],[13.1878979,47.9738138],[13.185595,47.9732704],[13.1844833,47.9732493],[13.1837564,47.9729704],[13.1834281,47.973171],[13.1827171,47.9730432],[13.1815795,47.9731534],[13.1805111,47.9738337],[13.1801657,47.9738593],[13.179776,47.9736336],[13.1784499,47.9742271],[13.1776694,47.9741174],[13.1771797,47.973427],[13.1765556,47.9736288],[13.1743865,47.9736048],[13.1732843,47.973766],[13.1722244,47.9737647],[13.1706785,47.9734685],[13.1671795,47.9740353],[13.1673335,47.9741567],[13.1673168,47.9744319],[13.1665341,47.9749464],[13.1669791,47.9753879],[13.1668365,47.9758],[13.1660301,47.9759256],[13.164729,47.9757569],[13.1634886,47.9753457],[13.1611205,47.97506],[13.1601838,47.9744808],[13.1591401,47.9744583],[13.158228,47.9735115],[13.1572524,47.9735849],[13.1570294,47.9737667],[13.1567214,47.9733868],[13.1546309,47.9727522],[13.1539814,47.9718887],[13.1535465,47.9717592],[13.1519893,47.9707443],[13.1514965,47.9710291],[13.1510991,47.9708754],[13.1511021,47.9705981],[13.1491943,47.97029],[13.1485709,47.9700087],[13.14751,47.9698715],[13.1462307,47.9700119],[13.1467669,47.9708209],[13.1469077,47.9718324],[13.1478219,47.9732331],[13.1470405,47.9735353],[13.145807,47.9746433],[13.1453443,47.9745741],[13.1454341,47.9744299],[13.1451759,47.9743455],[13.1448596,47.974372],[13.1441977,47.9759685],[13.1468901,47.9769961],[13.1466552,47.9771448],[13.1446145,47.976405],[13.1438708,47.9781981],[13.1418427,47.9780507],[13.1403176,47.9809271],[13.1414732,47.9815349],[13.14118,47.9817459],[13.141144,47.9820695],[13.1407028,47.9825688],[13.1405918,47.9832494],[13.1407333,47.9834473],[13.1405751,47.9835048],[13.140512,47.9839253],[13.1407386,47.9840677],[13.1406242,47.9845982],[13.1401034,47.984951],[13.1412399,47.9850555],[13.1430979,47.985508],[13.1455113,47.9865121],[13.1459364,47.9872028],[13.1460467,47.9888742],[13.1464687,47.9897424],[13.149427,47.9912263],[13.1504791,47.9914902],[13.150983,47.9919767],[13.1512381,47.9925432],[13.1511657,47.9930375],[13.1502745,47.9943248],[13.1496836,47.9948319],[13.1472276,47.9951726],[13.1414212,47.9930788],[13.1410326,47.9927096],[13.1410648,47.9920394],[13.1394971,47.9919639],[13.1359989,47.9907496],[13.1344361,47.9905911],[13.1330772,47.9901119],[13.1319161,47.9899692],[13.1314674,47.9895659],[13.1314991,47.9884973],[13.1312541,47.9883354],[13.1301809,47.9883165],[13.1284276,47.988779],[13.126091,47.9888198],[13.123215,47.9895155],[13.1215568,47.9891225],[13.1213273,47.9891605],[13.1212252,47.9896819],[13.1214203,47.9902015],[13.1217179,47.9903957],[13.1215562,47.990851],[13.1218679,47.9910307],[13.1218974,47.9914238],[13.1222708,47.9916443],[13.1223456,47.9921191],[13.1233781,47.9937052],[13.1235256,47.9940708],[13.1234751,47.9945686],[13.1242514,47.996181],[13.1219868,47.9947306],[13.1209055,47.9955804],[13.1203347,47.9951983],[13.1185739,47.9945763],[13.1178764,47.9953005],[13.117122,47.995212],[13.1145036,47.9940787],[13.1134021,47.9938382],[13.1124767,47.9944486],[13.1103241,47.995446],[13.1096008,47.9962482],[13.1092483,47.9962418],[13.1091472,47.9960748],[13.1087136,47.9959677],[13.1078533,47.9962802],[13.107373,47.9961912],[13.1065202,47.9955544],[13.1060023,47.9955353],[13.1056038,47.9958368],[13.1061638,47.9964957],[13.1052633,47.9963335],[13.1044462,47.9965439],[13.1023781,47.9978319],[13.1015242,47.9980385],[13.0996175,47.9979726],[13.0987619,47.9976807],[13.0983505,47.9977383],[13.0957484,47.9965944],[13.0952201,47.996326],[13.0950276,47.9960541],[13.0944709,47.9960369],[13.094041,47.9958268],[13.0933359,47.9967451],[13.0934912,47.9969884],[13.09393,47.9971857],[13.0896216,47.9992349],[13.0904129,48.000031],[13.0903794,48.0001789],[13.0914167,48.0006317],[13.0911635,48.0015427],[13.0897591,48.0035804],[13.0881944,48.0026364],[13.0874534,48.0024332],[13.0848317,48.0053662],[13.0836743,48.0048459],[13.0845715,48.0042842],[13.0854568,48.0034641],[13.0846505,48.0030263],[13.0841407,48.002454],[13.0832752,48.0027403],[13.0812243,48.0027187],[13.0808732,48.0036382],[13.0803929,48.0029872],[13.0800449,48.0038229],[13.0798025,48.0037751],[13.0788308,48.0048009],[13.0783643,48.0046683],[13.0784057,48.0050226],[13.0779014,48.005132],[13.0770848,48.004882],[13.0759927,48.0049233],[13.0756263,48.0046749],[13.0756323,48.0044582],[13.075871,48.0042634],[13.0750959,48.0040427],[13.0734871,48.0065521],[13.073391,48.0069295],[13.0768282,48.0091183],[13.0756588,48.0102344],[13.0759243,48.0105646],[13.0778358,48.0110997],[13.0763786,48.0121116],[13.0750713,48.0132965],[13.0745416,48.0142608],[13.0737989,48.0146594],[13.0730857,48.0158261],[13.0707802,48.0145439],[13.0693399,48.0150924],[13.0658821,48.0152082],[13.0655345,48.0153618],[13.0655298,48.0157377],[13.0653524,48.0157809],[13.0653656,48.0159294],[13.0632053,48.0158757],[13.0635633,48.0153926],[13.063024,48.0144274],[13.0622739,48.014324],[13.0614277,48.0136942],[13.0612554,48.013879],[13.0600121,48.0134446],[13.0594756,48.0130839],[13.0595192,48.0132187],[13.0591144,48.0132712],[13.0576634,48.0132918],[13.0576473,48.0139872],[13.0581039,48.0153068],[13.0588545,48.0163462],[13.0592061,48.0166885],[13.0615689,48.0180491],[13.0607626,48.0189438],[13.0622802,48.0191171],[13.0628891,48.0186836],[13.0632838,48.0190674],[13.0630771,48.0200179],[13.0625444,48.0202638],[13.0620144,48.0202623],[13.0620278,48.0204991],[13.0616785,48.0208844],[13.0611346,48.0211844],[13.0602091,48.021397],[13.0601385,48.0216522],[13.059761,48.0218882],[13.057773,48.0223627],[13.0580958,48.0235451],[13.0571059,48.0236519],[13.0564727,48.0245154],[13.0564928,48.025464],[13.0557168,48.0256432],[13.0561566,48.026927],[13.0562337,48.0276717],[13.0568683,48.0276466],[13.0572213,48.0286685],[13.0586171,48.0289124],[13.0589604,48.0292427],[13.0587474,48.0296898],[13.0577625,48.0298668],[13.0576931,48.0300225],[13.056666,48.0298613],[13.0553117,48.0300629],[13.0547098,48.0299049],[13.0543157,48.0300998],[13.0535211,48.0299795],[13.0505619,48.0286554],[13.0496516,48.0284047],[13.0494061,48.0276661],[13.0489385,48.0277159],[13.0486894,48.0275467],[13.0472075,48.0272608],[13.0471461,48.0277111],[13.0441066,48.0281185],[13.0447138,48.0293027],[13.0441949,48.0294371],[13.0444561,48.0299366],[13.0444268,48.0306857],[13.0450863,48.0307588],[13.0452825,48.0322117],[13.045509,48.0323208],[13.0466428,48.0321476],[13.0469597,48.03262],[13.0471671,48.0333475],[13.0476106,48.0337187],[13.047515,48.0338813],[13.0479502,48.0340249],[13.0482357,48.0345291],[13.0485753,48.0347345],[13.0483925,48.0349805],[13.0479313,48.0351228],[13.0482177,48.0358947],[13.0477291,48.037036],[13.0469881,48.0373128],[13.0465232,48.0379573],[13.0469495,48.0387411],[13.0472183,48.0399806],[13.0441806,48.0409639],[13.0428827,48.0411218],[13.042152,48.0414691],[13.0401605,48.0401381],[13.0392362,48.0389897],[13.0382685,48.0382804],[13.0369961,48.0389184],[13.0355308,48.0377906],[13.0357117,48.03739],[13.0345806,48.03634],[13.0344991,48.0357601],[13.0310594,48.0346811],[13.0298373,48.0337956],[13.029902,48.0334851],[13.029015,48.0325066],[13.0280617,48.0323725],[13.0261001,48.0324747],[13.0254351,48.0327273],[13.0244553,48.0326295],[13.0229471,48.0330886],[13.0225453,48.032952],[13.0221913,48.0325368],[13.020952,48.0326299],[13.0211507,48.0333642],[13.0201589,48.0340991],[13.0196975,48.0353358],[13.0184237,48.0363252],[13.017074,48.0369519],[13.0149035,48.0370142],[13.012299,48.0365106],[13.010509,48.035982],[13.009584,48.0355325],[13.0095523,48.0349238],[13.0101947,48.0338467],[13.0101108,48.0332896],[13.0098864,48.033298],[13.0082483,48.0320382],[13.0080275,48.031408],[13.0062614,48.031217],[13.0057406,48.0303158],[13.0051084,48.0301591],[13.0045842,48.0297973],[13.0043643,48.0302562],[13.0031054,48.029889],[13.0022852,48.0292795],[13.000927,48.0290942],[12.9990369,48.0291907],[12.9989522,48.0290426],[12.9988943,48.029205],[12.9982935,48.0292119],[12.996834,48.0290276],[12.9966258,48.0292376],[12.9964749,48.0290544],[12.9960028,48.029162],[12.9956977,48.0289884],[12.9953886,48.02911],[12.9952147,48.0289223],[12.9948881,48.0291388],[12.9941376,48.0286327],[12.9935587,48.0284806],[12.9931558,48.0280366],[12.9914318,48.028261],[12.9908294,48.0284988],[12.9897723,48.0281804],[12.989868,48.0281181],[12.9896217,48.0280391],[12.989667,48.0278333],[12.989511,48.0279982],[12.9892601,48.0278829],[12.9890776,48.0281232],[12.9886381,48.0281754],[12.9884225,48.0284066],[12.9880085,48.0281959],[12.9874065,48.0282764],[12.987222,48.0280326],[12.9867878,48.0278883],[12.9866266,48.0275595],[12.9863202,48.027651],[12.9862898,48.0278454],[12.9857218,48.0278146],[12.9857105,48.0275236],[12.9842219,48.0265122],[12.9833038,48.0262128],[12.982138,48.0260849],[12.9806394,48.0250594],[12.9783759,48.0238502],[12.977426,48.0235426],[12.9739398,48.0234321],[12.9734886,48.0235966],[12.9728708,48.023502],[12.9712919,48.0239225],[12.9712445,48.0243103],[12.9711119,48.0242889],[12.9705429,48.0249464],[12.9702469,48.0249618],[12.9696705,48.0255403],[12.9697275,48.025634],[12.9685118,48.0262969],[12.9685075,48.0264753],[12.9679577,48.0267655],[12.9656062,48.0287588],[12.9644533,48.0301311],[12.9632815,48.030965],[12.9619755,48.0323922],[12.9614288,48.032755],[12.9597405,48.0333012],[12.9594819,48.0331619],[12.9587717,48.033369],[12.9581774,48.0329655],[12.9561729,48.0331698],[12.955392,48.0337989],[12.9542195,48.0344176],[12.9540195,48.0348972],[12.9527299,48.0353966],[12.9519323,48.0353548],[12.9519139,48.0352155],[12.9510096,48.0350273],[12.9507047,48.0346699],[12.9506299,48.0341553],[12.9501917,48.0341394],[12.9492406,48.0363195],[12.9491084,48.0367173],[12.9492457,48.0368153],[12.9488646,48.0369134],[12.9450215,48.0369142],[12.940395,48.03668],[12.9344492,48.0347645],[12.9319195,48.0326166],[12.9273978,48.0292424],[12.9239273,48.0255289],[12.9212433,48.0234687],[12.9200491,48.0229889],[12.9180866,48.0226734],[12.916043,48.0226153],[12.9126529,48.0229985],[12.9112779,48.0226333],[12.9103564,48.0220071],[12.9097796,48.0211369],[12.9089119,48.0168671],[12.9082941,48.0163211],[12.9055347,48.0149056],[12.9051373,48.0145612],[12.904298,48.0095701],[12.9033084,48.0087211],[12.902095,48.0064784],[12.9013068,48.0061417],[12.8979852,48.00565],[12.8974732,48.0050853],[12.89739,48.0045603],[12.8977404,48.003871],[12.897029,48.0037482],[12.8967032,48.0035716],[12.8966231,48.003297],[12.8975319,48.0028522],[12.8975095,48.0025123],[12.8967296,48.0016642],[12.8967839,48.0013577],[12.8971843,48.0010816],[12.8972589,48.0008524],[12.8966702,48.0003086],[12.8954584,47.9997172],[12.8953896,47.9988133],[12.8947734,47.9984055],[12.893823,47.9982361],[12.8940614,47.9975467],[12.8938923,47.9967568],[12.8940873,47.9962003],[12.8938479,47.9957263],[12.8936848,47.9946414],[12.8930042,47.9945742],[12.8926169,47.9949386],[12.8922791,47.9949091],[12.8919948,47.9939061],[12.8924587,47.9932944],[12.8922713,47.9927534],[12.8916019,47.9925193],[12.8914725,47.9922232],[12.8916247,47.9917506],[12.8922815,47.9914375],[12.8923371,47.9911212],[12.8899585,47.9909198],[12.8889595,47.9915123],[12.8871962,47.9921368],[12.8857726,47.9923502],[12.8855389,47.9927965],[12.8852081,47.9929456],[12.8842353,47.9930227],[12.8838394,47.9927108],[12.8835804,47.9927279],[12.8831971,47.9930325],[12.8832452,47.9935061],[12.8830832,47.99374],[12.8819611,47.993664],[12.8815824,47.9937958],[12.881695,47.9942028],[12.8822288,47.9948508],[12.8821749,47.9952142],[12.8768135,47.9966131],[12.876095,47.9963528],[12.873686,47.9962813],[12.8623442,47.9967906],[12.8601772,47.99663],[12.86229,47.9917439],[12.8635951,47.9877243],[12.8667138,47.9765682],[12.8685486,47.9710105],[12.8693292,47.9691724],[12.870293,47.967496],[12.8711145,47.9664288],[12.8729861,47.9646461],[12.8748231,47.9632726],[12.8772935,47.9618433],[12.8805161,47.9604629],[12.8838918,47.9594768],[12.8859515,47.9590703],[12.8901196,47.958583],[12.9086758,47.9575489],[12.9130139,47.95671],[12.9147403,47.9561393],[12.9173263,47.9549968],[12.9188213,47.9541344],[12.9196616,47.9534208],[12.9203103,47.9525296],[12.9206776,47.9513751],[12.9205553,47.949693],[12.9191871,47.9449485],[12.919334,47.9422635],[12.919772,47.9413865],[12.9204831,47.9405781],[12.9214284,47.9398865],[12.92261,47.9393554],[12.9241429,47.9390529],[12.9258859,47.9389885],[12.9291736,47.9393159],[12.9316865,47.9397931],[12.9334739,47.9402856],[12.9343812,47.9409294],[12.9347038,47.9414079],[12.9350147,47.9429884],[12.9357733,47.9439371],[12.9363968,47.9440585],[12.9370686,47.9439574],[12.9383268,47.9431355],[12.9386977,47.9426919],[12.9389471,47.9420582],[12.938831,47.9391137],[12.9391482,47.9371397],[12.9407328,47.932194],[12.9422139,47.9287392],[12.9437541,47.9259472],[12.945895,47.9227613],[12.9481119,47.9198024],[12.950742,47.9167558],[12.9610344,47.9070875],[12.964173,47.9037003],[12.9679222,47.8984837],[12.9799743,47.8791228],[12.9845978,47.8727769],[12.9875954,47.8691913],[12.9920287,47.8643029],[13.0013973,47.8543925],[13.0018317,47.8528617],[13.0033609,47.8500223],[13.0039559,47.8478992],[13.0041715,47.8462269],[13.0040191,47.8446808],[13.0032601,47.842582],[13.0027151,47.8417655],[13.0003001,47.8394881],[12.9982794,47.8378423],[12.9958741,47.8361193],[12.9914402,47.8335534],[12.9890728,47.8319612],[12.9857625,47.8293232],[12.9842464,47.8277876],[12.9831039,47.8262565],[12.9766626,47.815368],[12.9705941,47.8074044],[12.9641876,47.7999998],[12.9616508,47.7976712],[12.9559419,47.7941688],[12.9517053,47.7912891],[12.9499645,47.7895944],[12.948244,47.7873228],[12.947001,47.7863663],[12.9458893,47.7860691],[12.94326,47.786196],[12.9406484,47.7855605],[12.9395904,47.7850099],[12.9390474,47.7844751],[12.938412,47.7833238],[12.9397401,47.7799755],[12.9398094,47.7789849],[12.9395022,47.7782142],[12.9386653,47.7776595],[12.9350281,47.7766723],[12.9328053,47.7757441],[12.9318101,47.7750826],[12.9296018,47.7729835],[12.928639,47.7716256],[12.9277236,47.7698848],[12.9287257,47.76958],[12.9294134,47.7696882],[12.9297355,47.7698754],[12.9297052,47.7701512],[12.9309934,47.7706096],[12.9327429,47.7706862],[12.9329953,47.771257],[12.934804,47.7722781],[12.9356167,47.7721437],[12.9357184,47.7719782],[12.9353791,47.7710434],[12.9348382,47.7706277],[12.9347799,47.7701906],[12.9422359,47.7709804],[12.9448157,47.7644088],[12.9407334,47.7598537],[12.9402271,47.7598536],[12.9400249,47.7593912],[12.9397501,47.7592462],[12.9392188,47.7595214],[12.9373133,47.7588844],[12.9362994,47.7588585],[12.935126,47.7579298],[12.9353815,47.7570253],[12.935505,47.7570028],[12.9362564,47.7571416],[12.9364998,47.7574707],[12.9364074,47.7579096],[12.936931,47.7582571],[12.937843,47.7581296],[12.9379404,47.7578786],[12.9375773,47.7572558],[12.9376577,47.7568984],[12.9379116,47.7566524],[12.9359464,47.7538836],[12.9362816,47.7490584],[12.9352022,47.7473215],[12.9345227,47.7476217],[12.9341526,47.7480306],[12.9328541,47.7473309],[12.9326475,47.747163],[12.9323903,47.7464632],[12.9310739,47.7455222],[12.9309793,47.7448529],[12.9285055,47.7448564],[12.9212988,47.7441669],[12.9211361,47.7435115],[12.9182359,47.7425822],[12.9183429,47.7424266],[12.9175347,47.7419631],[12.917264,47.7411947],[12.916616,47.7404667],[12.9165809,47.7398953],[12.9161034,47.739203],[12.9156579,47.7394059],[12.9151067,47.7393516],[12.9147709,47.7380891],[12.9144145,47.7377014],[12.9139717,47.7374084],[12.9134024,47.7374675],[12.9123306,47.7370002],[12.9123908,47.7361984],[12.9112977,47.7353886],[12.9111793,47.7351295],[12.9113317,47.7337389],[12.9117599,47.7334935],[12.9113549,47.7331267],[12.9114013,47.7324612],[12.9107935,47.7318753],[12.9107219,47.7316093],[12.9098617,47.731049],[12.9093309,47.7309689],[12.9091605,47.7306443],[12.9080405,47.7298522],[12.908022,47.7292811],[12.9064228,47.7284916],[12.9056874,47.7283948],[12.9055519,47.7282297],[12.9057343,47.727969],[12.9056498,47.7278238],[12.9045536,47.7274474],[12.9044777,47.7270422],[12.904714,47.7266242],[12.9042388,47.7256277],[12.904766,47.7251111],[12.9052586,47.7234349],[12.9062321,47.722889],[12.906831,47.722923],[12.9072798,47.7226084],[12.908254,47.7224199],[12.9090884,47.7214973],[12.9097732,47.7212043],[12.9100084,47.7209087],[12.9112154,47.7201566],[12.911589,47.719128],[12.9126572,47.7184904],[12.9124715,47.7179113],[12.9128325,47.7176904],[12.9129101,47.7173543],[12.9152425,47.7167995],[12.9158262,47.717059],[12.9166112,47.7168919],[12.9172793,47.7158351],[12.918456,47.7149765],[12.918805,47.7149999],[12.9194297,47.7147245],[12.9201861,47.7147426],[12.920575,47.7145809],[12.9204792,47.7143723],[12.9212477,47.7143114],[12.9215352,47.7141275],[12.9218871,47.7141427],[12.9220722,47.7143757],[12.9224439,47.7139994],[12.9229881,47.7138568],[12.9230903,47.7135468],[12.9229906,47.7133652],[12.9232719,47.7133279],[12.9238151,47.7125818],[12.9236024,47.7125289],[12.923486,47.7121469],[12.9238376,47.7120044],[12.9238939,47.7114134],[12.9243536,47.7110774],[12.9250103,47.7110416],[12.9248705,47.710839],[12.9251146,47.7107993],[12.9251227,47.7106676],[12.924907,47.7102937],[12.9259879,47.7102526],[12.9267991,47.7104857],[12.9282243,47.7097721],[12.9331693,47.7095538],[12.9390701,47.7117408],[12.9394462,47.7116239],[12.941107,47.7119534],[12.9434701,47.7117347],[12.9443546,47.7114727],[12.9446668,47.7116401],[12.9446427,47.7118173],[12.9464527,47.7121627],[12.9481526,47.7113939],[12.9500243,47.7110669],[12.95069,47.710805],[12.9529163,47.709072],[12.9555434,47.7077985],[12.9567477,47.707804],[12.959611,47.709272],[12.961425,47.7091056],[12.9627018,47.7094851],[12.9653362,47.7085527],[12.9663078,47.7079908],[12.9677568,47.7080431],[12.9687229,47.7077837],[12.9695774,47.7079818],[12.9719441,47.7074972],[12.9727345,47.7071856],[12.9738047,47.7071526],[12.9754208,47.7076447],[12.9871975,47.707412],[12.9914808,47.708646],[12.9911841,47.7096943],[12.992395,47.7110224],[12.9923153,47.7112375],[12.9935989,47.7117026],[12.9949796,47.7130617],[13.00193,47.7132685],[13.0022998,47.7133759],[13.0028048,47.7139755],[13.0030987,47.7146207],[13.0038995,47.7151163],[13.0045312,47.7151269],[13.0045053,47.7153616],[13.0050411,47.7163475],[13.005597,47.7165761],[13.0059574,47.716935],[13.0047574,47.7180526],[13.0057993,47.7184671],[13.0062727,47.7191951],[13.0069602,47.7195196],[13.0070069,47.7199282],[13.0075399,47.7205063],[13.0079114,47.7202768],[13.0083075,47.7221609],[13.0086562,47.7223761],[13.0094564,47.7222831],[13.0096033,47.7226075],[13.0099116,47.7225813],[13.0105247,47.7229239],[13.011268,47.7226445],[13.0128532,47.7223856],[13.0130685,47.7225854],[13.0139143,47.7227759],[13.0153639,47.7226337],[13.0169985,47.7229261],[13.0183382,47.7228752],[13.0185229,47.7227926],[13.0186873,47.7221604],[13.0193572,47.7215141],[13.0204445,47.7213284],[13.0207416,47.7211428],[13.0212922,47.7212247],[13.0221266,47.7207977],[13.0228437,47.7208948],[13.0231126,47.7204185],[13.0234129,47.7203283],[13.0234029,47.7201233],[13.0238193,47.720116],[13.0243374,47.7195227],[13.0247387,47.7193239],[13.0247922,47.7187314],[13.026508,47.717624],[13.0269543,47.7165718],[13.0287562,47.7158505],[13.0294222,47.7160165],[13.0307971,47.7168623],[13.0334804,47.7164978],[13.0354365,47.7159466],[13.0387925,47.7153417],[13.0399505,47.7145412],[13.0413441,47.714154],[13.0430105,47.7139386],[13.0422717,47.7128264],[13.0460629,47.7126266],[13.0470478,47.7120397],[13.0470531,47.7118971],[13.0494983,47.7105316],[13.0480366,47.7091298],[13.0492328,47.7085347],[13.0506847,47.7073714],[13.052483,47.705722],[13.0527475,47.7052787],[13.0543333,47.7046934],[13.0557029,47.7037597],[13.0567197,47.7016695],[13.0586587,47.699999],[13.0589085,47.6994609],[13.0608569,47.6971475],[13.063128,47.6957735],[13.064533,47.6957271],[13.0651595,47.694939],[13.0662095,47.6941503],[13.0673931,47.6935742],[13.0676791,47.6931],[13.0682921,47.6927572],[13.0691981,47.6919276],[13.0700729,47.6919559],[13.0708387,47.6917045],[13.0724409,47.6920385],[13.0728985,47.6919684],[13.0731229,47.6917279],[13.0739781,47.691731],[13.0742347,47.691866],[13.0755558,47.6908139],[13.0772425,47.6891399],[13.0779927,47.6887161],[13.0784599,47.6880809],[13.0794,47.6875203],[13.0807484,47.6870338],[13.0800325,47.6860342],[13.0795334,47.6843738],[13.0796644,47.6843311],[13.0794631,47.6833033],[13.0795953,47.6829685],[13.0793549,47.6829223],[13.0797148,47.6818539],[13.0787668,47.6813822],[13.0787774,47.6804953],[13.0777162,47.6772445],[13.0780143,47.6745933],[13.0772154,47.6736678],[13.0768889,47.6728312],[13.0771351,47.6725298],[13.077132,47.6721651],[13.0768592,47.6716046],[13.0768746,47.670837],[13.0772036,47.6703825],[13.0773478,47.669194],[13.0776656,47.6688075],[13.0780811,47.6668746],[13.0791597,47.6649168],[13.0800589,47.6624823],[13.0810683,47.6620736],[13.0824316,47.6611419],[13.0844464,47.6604735],[13.0857232,47.6580442],[13.0877785,47.65604],[13.0882338,47.6551751],[13.0887053,47.654833],[13.0890038,47.6548287],[13.0894697,47.6542733],[13.0896788,47.653941],[13.0896654,47.6535352],[13.0889356,47.6514129],[13.0885281,47.6511368],[13.0884905,47.6504135],[13.0882417,47.6500671],[13.0887261,47.6494503],[13.0884972,47.649121],[13.0893299,47.6485552],[13.0891067,47.6479223],[13.0906388,47.6468365],[13.0917861,47.6445228],[13.0920413,47.6442845],[13.0939993,47.6434445],[13.0952364,47.6426024],[13.095954,47.6419356],[13.0962854,47.6413175],[13.0970234,47.6407055],[13.0972042,47.6399851],[13.0974431,47.6396857],[13.0975766,47.6388697],[13.0982486,47.6376433],[13.0982395,47.6372601],[13.0985187,47.6368564],[13.0985501,47.6358403],[13.0989358,47.6351717],[13.0987361,47.6347883],[13.0982778,47.6346366],[13.0979381,47.6337191],[13.0966899,47.6317609],[13.09675,47.6303895],[13.0956656,47.6283306],[13.0958947,47.6279971],[13.095112,47.627861],[13.0943388,47.6273197],[13.0931165,47.627012],[13.0918555,47.6258417],[13.0914263,47.6249645],[13.0911277,47.6247245],[13.0870206,47.622262],[13.0852101,47.6208823],[13.0831183,47.6199949],[13.0826451,47.619554],[13.0816654,47.6196389],[13.0813327,47.619533],[13.0805985,47.6189573],[13.0799074,47.6183637],[13.0797883,47.6181261],[13.0798662,47.6177531],[13.0794165,47.6171356],[13.079396,47.616836],[13.0786543,47.6167317],[13.0784268,47.6164304],[13.0783434,47.6158917],[13.0778317,47.6152789],[13.0777986,47.6147529],[13.0774242,47.6144488],[13.0758266,47.6137998],[13.075471,47.6134413],[13.0752858,47.6129195],[13.0739315,47.6123679],[13.0723328,47.6113766],[13.0716597,47.6105671],[13.0715755,47.6100378],[13.0720074,47.6090943],[13.071639,47.6085222],[13.0714046,47.6070723],[13.0695006,47.6048336],[13.0689465,47.60472],[13.0688031,47.6044879],[13.068135,47.6044329],[13.0669834,47.6038726],[13.0661796,47.6039708],[13.0657352,47.6035192],[13.0641447,47.6030213],[13.0636058,47.6024014],[13.0633643,47.6024515],[13.0630768,47.6022257],[13.0632135,47.6018561],[13.0634375,47.601725],[13.062619,47.6014623],[13.0630459,47.5996483],[13.063868,47.5989343],[13.0639525,47.5982176],[13.0637626,47.5976679],[13.063975,47.5973869],[13.0639966,47.5965796],[13.0641746,47.5962222],[13.0651173,47.5952115],[13.0661356,47.5947497],[13.0662091,47.5944926],[13.0673099,47.5937574],[13.0680879,47.5922121],[13.0686309,47.5920206],[13.0704342,47.5919144],[13.0710986,47.5916532],[13.0712065,47.5914622],[13.0711261,47.5912055],[13.0714793,47.5906964],[13.0713526,47.5903576],[13.0715824,47.5897275],[13.0714993,47.589281],[13.0720994,47.5884375],[13.0715744,47.5881338],[13.0706416,47.586978],[13.0699968,47.5866358],[13.069423,47.5860566],[13.0685145,47.5858059],[13.0653652,47.5864247],[13.0618499,47.5860217],[13.0609139,47.5858328],[13.0604267,47.5855428],[13.058407,47.5857982],[13.0563981,47.5856394],[13.0522674,47.5849604],[13.0513313,47.5845367],[13.0484228,47.584231],[13.0461108,47.5836612],[13.0436523,47.5833636],[13.0439742,47.5828465],[13.0440015,47.5818753],[13.0438568,47.5815344],[13.044114,47.5807784],[13.044605,47.5805928],[13.0450221,47.5801991],[13.0449221,47.5796092],[13.045112,47.579164],[13.0449087,47.5786804],[13.0440031,47.5780743],[13.0435348,47.577375],[13.0432251,47.5773946],[13.0419222,47.5768605],[13.0415725,47.5764859],[13.0421372,47.5755144],[13.0421796,47.5749252],[13.0426632,47.573717],[13.043557,47.5733031],[13.0443413,47.5716924],[13.0462095,47.5708006],[13.0466558,47.5696854],[13.0470965,47.5692687],[13.0463072,47.5688502],[13.0475262,47.5677708],[13.0482254,47.567414],[13.0484399,47.5669955],[13.0488254,47.5668867],[13.0495608,47.5656948],[13.0498007,47.5647259],[13.0503094,47.5643038],[13.0507192,47.563552],[13.0519155,47.5629277],[13.0532649,47.5624977],[13.0574986,47.5621479],[13.0565069,47.5617348],[13.05652,47.5603698],[13.0551844,47.5595819],[13.0557034,47.5573407],[13.0547134,47.5567287],[13.0521129,47.5544409],[13.0489379,47.5522417],[13.0475217,47.5514018],[13.0455011,47.5508496],[13.0447227,47.5502968],[13.0450532,47.547972],[13.0445171,47.5469723],[13.0435275,47.5460715],[13.0426537,47.5458982],[13.0411176,47.5445846],[13.0371853,47.5428454],[13.0367208,47.5420515],[13.0381285,47.5411259],[13.0371264,47.5406531],[13.0369852,47.5398273],[13.0366864,47.5394545],[13.0359987,47.5390966],[13.0348938,47.5388854],[13.034054,47.5365641],[13.0316986,47.5355227],[13.0310735,47.534176],[13.0309847,47.5335019],[13.0313,47.5330642],[13.0309363,47.5325623],[13.031982,47.5314787],[13.0328636,47.5308347],[13.033123,47.5303131],[13.0343796,47.5297948],[13.0349378,47.5297234],[13.0356892,47.5292654],[13.0373905,47.5276105],[13.0422305,47.5264106],[13.0431972,47.5256161],[13.0462606,47.5238746],[13.0465561,47.5224911],[13.0472929,47.521496],[13.046712,47.5207669],[13.0460473,47.5205032],[13.0443111,47.5204871],[13.0432772,47.5199306],[13.0441385,47.5190416],[13.0433958,47.5188287],[13.0435431,47.5177236],[13.0433765,47.5167156],[13.0437905,47.5160837],[13.0448678,47.5161285],[13.0461015,47.5157824],[13.0466997,47.5147714],[13.0460581,47.5103818],[13.0465421,47.5085052],[13.0463809,47.5070273],[13.0469496,47.5057795],[13.0467227,47.5054987],[13.0460884,47.5037365],[13.0467129,47.5023484],[13.0478352,47.5007537],[13.0482783,47.4981464],[13.0480748,47.4964131],[13.04597,47.4946602],[13.0476465,47.4921627],[13.046421,47.4918859],[13.0453071,47.4911434],[13.0442348,47.4909718],[13.0428231,47.4899528],[13.0425122,47.4891979],[13.0419279,47.4887496],[13.0409887,47.4888325],[13.0393145,47.4886241],[13.0383017,47.4889282],[13.0362461,47.4891262],[13.034901,47.4884182],[13.0342871,47.487521],[13.0325856,47.4868949],[13.0313361,47.4868057],[13.0298227,47.4869729],[13.0268945,47.4866965],[13.0261781,47.4862052],[13.0257896,47.485098],[13.0264864,47.4834488],[13.0260803,47.4828689],[13.0245629,47.4820136],[13.0244561,47.4810879],[13.0240367,47.4801194],[13.0231297,47.4796919],[13.0229198,47.4792932],[13.0223941,47.4790411],[13.0223616,47.4785387],[13.0219457,47.4775869],[13.0213504,47.4775252],[13.0212836,47.4773569],[13.0197185,47.4774483],[13.0196236,47.4771463],[13.019051,47.4766967],[13.0189919,47.4764574],[13.0187762,47.4764952],[13.0183863,47.4762628],[13.018233,47.47591],[13.0183271,47.4756805],[13.0180297,47.4752368],[13.018064,47.474858],[13.0175211,47.4743602],[13.0162226,47.4718923],[13.0148358,47.4706745],[13.0138708,47.4703696],[13.0103239,47.4685461],[13.0084272,47.465821],[13.0066207,47.4643842],[13.0036669,47.4633962],[13.0010473,47.4640123],[12.9973817,47.469575],[12.9934,47.4717096],[12.9940466,47.4734843],[12.994422,47.4754915],[12.9946287,47.4780332],[12.9948207,47.4786039],[12.9920184,47.4786132],[12.9910384,47.4783721],[12.9894318,47.4775801],[12.9876333,47.478481],[12.986219,47.4794509],[12.9864214,47.480339],[12.9858459,47.4804878],[12.98549,47.4809554],[12.9855798,47.4814763],[12.9843287,47.4819433],[12.9832043,47.4820031],[12.981089,47.4829602],[12.9804551,47.4827755],[12.9778859,47.4829529],[12.9775242,47.4837538],[12.9780077,47.4846889],[12.9776086,47.4846625],[12.9767787,47.4850145],[12.9764609,47.4848293],[12.9751237,47.485023],[12.974477,47.4845553],[12.9740611,47.4837253],[12.9734779,47.4832616],[12.9734639,47.4827328],[12.9736987,47.4825235],[12.9740238,47.4817514],[12.9743555,47.4814722],[12.9743665,47.4807436],[12.9730146,47.4792572],[12.9730078,47.4790212],[12.9726131,47.478474],[12.9726717,47.4769528],[12.9723346,47.4762562],[12.9727653,47.4756873],[12.972646,47.4752743],[12.9729582,47.4748153],[12.9727313,47.4746611],[12.9726828,47.474304],[12.9708603,47.4741591],[12.9681513,47.474451],[12.9637857,47.4753022],[12.961146,47.4764474],[12.9603814,47.4770554],[12.9549087,47.4784513],[12.9527055,47.4791786],[12.9453707,47.4827636],[12.9363993,47.4864806],[12.9326388,47.4882377],[12.931913,47.4877506],[12.9308865,47.4884745],[12.9299271,47.4884018],[12.9294411,47.4891058],[12.9284895,47.4897379],[12.9241886,47.4909682],[12.9119569,47.4960578],[12.911278,47.4963095],[12.9106802,47.4962831],[12.9087264,47.4969431],[12.9036768,47.500193],[12.8872368,47.5116543],[12.8864504,47.5118106],[12.8861905,47.5124355],[12.8844722,47.5127584],[12.8847085,47.5136956],[12.8855101,47.5145016],[12.8846047,47.5153647],[12.8845209,47.5160384],[12.8847815,47.5162965],[12.8848173,47.5165906],[12.8843391,47.5167489],[12.8845233,47.517312],[12.8847564,47.5175032],[12.8847123,47.517836],[12.8852644,47.5184963],[12.8849341,47.5185145],[12.884917,47.518749],[12.8843061,47.519571],[12.8831068,47.5201213],[12.8828416,47.5206153],[12.8809729,47.5215247],[12.8806501,47.5218563],[12.8794727,47.5221713],[12.8788614,47.5220718],[12.8777727,47.52255],[12.8773027,47.5222201],[12.8754553,47.5229957],[12.8748363,47.5227274],[12.8743636,47.5227327],[12.8739054,47.5230336],[12.8728992,47.5232308],[12.8716902,47.5239405],[12.8714865,47.5237216],[12.8709653,47.5236113],[12.8704096,47.523862],[12.8697436,47.5237056],[12.8692449,47.5240842],[12.8685437,47.5238721],[12.8683028,47.5240187],[12.8676713,47.5238793],[12.8671669,47.523992],[12.8663491,47.524731],[12.8662587,47.5244309],[12.8661156,47.5244426],[12.8651154,47.5250733],[12.8646988,47.5251745],[12.8645068,47.5255079],[12.8645041,47.5259169],[12.8638623,47.5262422],[12.8637899,47.5264357],[12.8641284,47.5267375],[12.8640112,47.5268822],[12.8641428,47.5271947],[12.8638932,47.5277361],[12.8632606,47.528057],[12.8627659,47.5281375],[12.8619204,47.5276356],[12.8616411,47.5277059],[12.8611721,47.52727],[12.860456,47.5273485],[12.8594121,47.5270636],[12.8590984,47.5272167],[12.8586144,47.5267859],[12.8572638,47.5269386],[12.8567277,47.5272882],[12.8564331,47.527676],[12.856329,47.5281791],[12.8559363,47.5286394],[12.8549623,47.5288997],[12.8547135,47.5292175],[12.8546898,47.5297549],[12.8537428,47.5298726],[12.8531661,47.5297385],[12.852921,47.5302868],[12.8517108,47.5307857],[12.8506988,47.5320336],[12.8501572,47.5330684],[12.8501484,47.5346424],[12.849977,47.535252],[12.8494035,47.5356856],[12.8495032,47.5358248],[12.8493195,47.5361438],[12.8500963,47.5364851],[12.8496526,47.5372829],[12.8498673,47.5374512],[12.849698,47.5377501],[12.850112,47.5382051],[12.84961,47.5384398],[12.8497177,47.5386243],[12.8496087,47.5390687],[12.8498921,47.5393124],[12.8496964,47.5395953],[12.8498075,47.5398582],[12.8503058,47.5404923],[12.8502012,47.5408517],[12.8489363,47.5417015],[12.8486528,47.5422629],[12.8483374,47.5423583],[12.8480335,47.5430069],[12.8484571,47.5443713],[12.8479788,47.545118],[12.8480494,47.5452331],[12.8476789,47.545632],[12.8476923,47.5459785],[12.8470113,47.5461972],[12.8461755,47.5460708],[12.84264,47.5468447],[12.841538,47.5462429],[12.8395985,47.5455775],[12.8367062,47.5454438],[12.8362652,47.5450304],[12.8354153,47.5448885],[12.8341807,47.545051],[12.8312423,47.5450867],[12.8285419,47.5446015],[12.8244051,47.5452161],[12.822523,47.5458947],[12.8186724,47.5452502],[12.8177288,47.544902],[12.8170679,47.5452871],[12.8163555,47.5454216],[12.8152539,47.5464087],[12.8147977,47.5462984],[12.8133517,47.5464188],[12.8112472,47.5474015],[12.81022,47.5471948],[12.8093477,47.5474426],[12.807262,47.5483949],[12.8065105,47.5491444],[12.8039355,47.5501249],[12.8022718,47.5515667],[12.8021543,47.5519618],[12.8015028,47.5525616],[12.7997862,47.553924],[12.7991293,47.5543859],[12.7980663,47.5546971],[12.7976189,47.5553426],[12.7963057,47.5558547],[12.7943155,47.5570041],[12.7941632,47.5578227],[12.7936479,47.5590957],[12.7929951,47.5596403],[12.7928277,47.5600865],[12.7930181,47.5610087],[12.7928459,47.5616461],[12.7929025,47.5627024],[12.7925866,47.5628742],[12.7926268,47.564378],[12.7923685,47.5651064],[12.7919249,47.5652939],[12.7907898,47.5652016],[12.789225,47.5658953],[12.7887797,47.5663947],[12.7884769,47.5670453],[12.7870481,47.5671769],[12.786355,47.5680153],[12.7850953,47.5683522],[12.7842817,47.5688641],[12.7841833,47.5697928],[12.7835417,47.5704079],[12.7828656,47.5715224],[12.7825161,47.572745],[12.7816663,47.5739794],[12.7807624,47.5743085],[12.7808276,47.5744505],[12.7800626,47.5745156],[12.7806712,47.5752379],[12.7807439,47.5759723],[12.7803811,47.5761769],[12.7805103,47.5771535],[12.7801163,47.5783194],[12.7797854,47.5787642],[12.7791497,47.5791416],[12.7792705,47.579294],[12.7800664,47.5794269],[12.7809187,47.5808707],[12.7816687,47.5811363],[12.7818138,47.5818856],[12.7815075,47.5824101],[12.7819626,47.5829148],[12.7823229,47.5830107],[12.7826724,47.5835971],[12.7831273,47.5838308],[12.7832622,47.5843969],[12.7836798,47.58502],[12.7841122,47.5851739],[12.78476,47.5857313],[12.7855982,47.5856951],[12.7859927,47.5861463],[12.7866533,47.5864148],[12.7869698,47.5876142],[12.786852,47.5879657],[12.7874362,47.5886054],[12.7877621,47.5887733],[12.7882589,47.5887253],[12.7886169,47.5890272],[12.7902633,47.589564],[12.7911092,47.5900303],[12.7918461,47.5901428],[12.7920799,47.5904864],[12.7935643,47.5910535],[12.7953337,47.5931666],[12.7954056,47.5933692],[12.7948466,47.5937241],[12.7948539,47.5939685],[12.7942869,47.5944769],[12.7940479,47.5953359],[12.793732,47.5953657],[12.793315,47.595664],[12.7927894,47.595695],[12.7921749,47.597094],[12.7916315,47.5972697],[12.7913246,47.5977696],[12.7912979,47.5983525],[12.7917182,47.5988958],[12.792513,47.5993184],[12.7928837,47.6005732],[12.7943353,47.6014975],[12.7965358,47.6017911],[12.7974647,47.6037582],[12.7993926,47.6052105],[12.8004198,47.6052755],[12.8012251,47.6057729],[12.8019323,47.6054359],[12.8027981,47.6054066],[12.8031298,47.6064473],[12.8031721,47.607308],[12.8050209,47.6089037],[12.8073584,47.6102534],[12.8104978,47.6107419],[12.8132705,47.6119811],[12.815162,47.6111672],[12.8183946,47.610921],[12.821287,47.6099461],[12.822879,47.6096079],[12.8244836,47.6121071],[12.8212481,47.6144234],[12.8109653,47.6212758],[12.7993228,47.6260341],[12.7998175,47.6272543],[12.7976063,47.6276631],[12.7897064,47.6332181],[12.789395,47.6333487],[12.7867075,47.6329032],[12.7849817,47.632153],[12.7809381,47.6326508],[12.7805815,47.6331065],[12.7798566,47.6334562],[12.779566,47.6338333],[12.7789015,47.6339323],[12.7783052,47.6343791],[12.7783118,47.6346444],[12.7774205,47.635078],[12.7771202,47.6354265],[12.775343,47.636507],[12.7746888,47.6371961],[12.7738471,47.637588],[12.7733149,47.6380794],[12.7718709,47.6389519],[12.7716084,47.6391948],[12.7712325,47.6403887],[12.7705376,47.6413714],[12.7701287,47.6415425],[12.7689929,47.6425693],[12.7677954,47.6430419],[12.7672293,47.6431078],[12.7660174,47.643929],[12.7657301,47.6442615],[12.7657136,47.6445871],[12.7653711,47.6450865],[12.7652905,47.6457928],[12.7650742,47.6459888],[12.7651182,47.6467701],[12.7647706,47.6471505],[12.7614953,47.6494569],[12.759666,47.6502178],[12.7585755,47.6515501],[12.758401,47.6528838],[12.7594041,47.6540788],[12.7599656,47.6542745],[12.7606524,47.6549518],[12.7622259,47.6553576],[12.7624475,47.6556005],[12.7634565,47.6557554],[12.7658932,47.655316],[12.7676427,47.655435],[12.7699728,47.6564029],[12.7703078,47.6569647],[12.7705897,47.6571075],[12.7729386,47.6576587],[12.7730697,47.6579973],[12.7747988,47.6588034],[12.7763011,47.6599733],[12.7772102,47.6600047],[12.7784548,47.660917],[12.7780271,47.6628599],[12.7795682,47.6644668],[12.7804812,47.6651801],[12.7812043,47.6662514],[12.7818521,47.666761],[12.7819415,47.6679104],[12.7826555,47.6692353],[12.783045,47.6694103],[12.7827089,47.6700222],[12.7840532,47.6715362],[12.7824973,47.672381],[12.7811652,47.6738182],[12.7789034,47.6723364],[12.7781585,47.6715953],[12.7778045,47.6709075],[12.7740814,47.6670065],[12.7732663,47.6662546],[12.7720703,47.6656349],[12.7711199,47.6656186],[12.7689311,47.6665402],[12.7667992,47.667138],[12.7653181,47.6672425],[12.7633051,47.6670423],[12.7614273,47.6662509],[12.7587344,47.6634611],[12.7579552,47.6631392],[12.7572069,47.6630364],[12.7568343,47.6637553],[12.7569502,47.6641848],[12.7560571,47.6642568],[12.7558519,47.6651327],[12.7555464,47.6654452],[12.7560007,47.6662793],[12.7544694,47.6669356],[12.7543754,47.6674185],[12.7547091,47.6681178],[12.7540046,47.6682687],[12.7527374,47.6689905],[12.7518729,47.6692113],[12.7514832,47.6698834],[12.7505705,47.6705518],[12.7508074,47.6713608],[12.7507481,47.6716432],[12.7497558,47.671939],[12.7488173,47.6730095],[12.7472732,47.6736369],[12.7471408,47.6739704],[12.7464776,47.6743595],[12.7460726,47.6749897],[12.7449773,47.6757007],[12.7441961,47.6758958],[12.7430005,47.6760971],[12.7423258,47.6760013],[12.7413124,47.6762851],[12.7403956,47.6760212],[12.7392212,47.6761766],[12.7384706,47.6767572],[12.7383921,47.677226],[12.7377851,47.6776322],[12.7352595,47.6780249],[12.7342411,47.6788428],[12.7326946,47.6795735],[12.7318039,47.6796512],[12.7309718,47.6790558],[12.7295098,47.6792468],[12.7281209,47.6787933],[12.7263345,47.678621],[12.7255636,47.6782823],[12.7228812,47.6782034],[12.7214792,47.6779085],[12.7200565,47.677208],[12.7176831,47.6765014],[12.715232,47.6762902],[12.7095659,47.6783811],[12.7089362,47.6789961],[12.7051123,47.6811271],[12.7007336,47.6796779],[12.6958024,47.6822111],[12.6942019,47.6817676],[12.6899843,47.6816077],[12.6893293,47.681215],[12.6871469,47.681588],[12.6852219,47.6812836],[12.6845256,47.6814792],[12.6845925,47.6819022],[12.6842025,47.6825057],[12.6829817,47.6826875],[12.6790166,47.6823824],[12.6782362,47.6824604],[12.6751979,47.6817779],[12.6730249,47.6810863],[12.6718697,47.6809765],[12.6703687,47.6805947],[12.6670267,47.6808126],[12.6661134,47.6810368],[12.665315,47.6807073],[12.6642267,47.6798698],[12.6621173,47.678973],[12.6619049,47.6786827],[12.6589168,47.6773728],[12.6572696,47.6760744],[12.6568519,47.6739682],[12.6554388,47.6734016],[12.654889,47.6720806],[12.6513745,47.671695],[12.6506684,47.6714041],[12.6502102,47.6708735],[12.648313,47.6701181],[12.6480552,47.6707368],[12.6471655,47.6716794],[12.6472056,47.6724933],[12.6469661,47.6729727],[12.6456207,47.6735419],[12.6445456,47.6735218],[12.6443721,47.6733216],[12.6436039,47.6734492],[12.6430323,47.6730244],[12.6423505,47.6728747],[12.6417405,47.6724227],[12.6399436,47.6718562],[12.6387706,47.6710362],[12.6372967,47.6718649],[12.6362917,47.673342],[12.6361535,47.6732757],[12.6342446,47.6740427],[12.6315638,47.6757995],[12.6300193,47.6762217],[12.629188,47.6760362],[12.6270301,47.675],[12.626334,47.6750082],[12.6252401,47.6746867],[12.6248002,47.6748738],[12.6232472,47.674815],[12.6224943,47.6742733],[12.6218206,47.6734388],[12.6168761,47.6724445],[12.6162077,47.6724379],[12.6160594,47.6725694],[12.6152726,47.672392],[12.6138686,47.6726377],[12.6126437,47.6731072],[12.6116496,47.6732766],[12.6110125,47.6731946],[12.6096135,47.6735657],[12.6091107,47.6739062],[12.6073437,47.6737269],[12.6056526,47.6732135],[12.6048396,47.6732012],[12.6033971,47.6722155],[12.6026084,47.6705964],[12.6020776,47.6686704],[12.599931,47.6677747],[12.5969025,47.6661084],[12.5888902,47.6557329],[12.5828802,47.6473246],[12.5808365,47.6402926],[12.5805022,47.6400173],[12.5806207,47.6399964],[12.5784282,47.6369905],[12.5780103,47.6342199],[12.5778334,47.6340071],[12.5756143,47.6330928],[12.5751067,47.6325533],[12.5745502,47.6313447],[12.5740245,47.6296022],[12.5739064,47.6286623],[12.5734344,47.6277874],[12.5728582,47.6256413],[12.5719323,47.6237308],[12.5712242,47.6188712],[12.5700044,47.6162836],[12.5701653,47.6117199],[12.5726222,47.6093981],[12.5745073,47.6049914],[12.5782656,47.6037269],[12.5801324,47.6041899],[12.5865268,47.6029891],[12.5935542,47.6026925],[12.5985216,47.6020486],[12.6019334,47.6014193],[12.6056101,47.5998986],[12.6061605,47.5994153],[12.6080166,47.5987859],[12.6112782,47.5988221],[12.6150547,47.5980263],[12.6203441,47.5977514],[12.6263629,47.596355],[12.636727,47.5931281],[12.6384329,47.593432],[12.6407256,47.5933076],[12.6409542,47.5926289],[12.643322,47.5915927],[12.6456293,47.5916321],[12.6478099,47.5906897],[12.652581,47.5891315],[12.653545,47.5880299],[12.6578069,47.5854145],[12.6607059,47.5826297],[12.6657195,47.5792994],[12.66607,47.5788338],[12.6665796,47.5787001],[12.6601032,47.5747125],[12.6572627,47.5726688],[12.6519957,47.5697399],[12.6517773,47.5658818],[12.6499703,47.5655618],[12.6460264,47.5605766],[12.641615,47.5545027],[12.6374165,47.552375],[12.6351262,47.5514769],[12.6327967,47.5515477],[12.6281755,47.5495427],[12.6345254,47.5458471],[12.6366019,47.5431566],[12.6411604,47.541463],[12.643186,47.5409692],[12.6448041,47.5384369],[12.6483602,47.5375504],[12.6506294,47.5364802],[12.6536665,47.5364216],[12.6541201,47.5367735],[12.653246,47.5349211],[12.6532085,47.5338056],[12.653879,47.5311749],[12.6539702,47.5302766],[12.6545013,47.5293095],[12.6544262,47.5288761],[12.6557297,47.526064],[12.6560677,47.5239847],[12.6585782,47.5178419],[12.6584441,47.5162211],[12.660944,47.510697],[12.6630307,47.508175],[12.6637206,47.5076806],[12.6651301,47.506069],[12.6693043,47.5082297],[12.6720189,47.4997125],[12.6753519,47.4991174],[12.6853059,47.492743],[12.6870171,47.4912288],[12.6942047,47.490211],[12.6971712,47.4881194],[12.6974722,47.4874808],[12.697842,47.4854441],[12.6976642,47.4847756],[12.6964964,47.4823061],[12.6995919,47.47789],[12.6962196,47.4769185],[12.6922459,47.4762524],[12.686698,47.4739125],[12.6841164,47.4743349],[12.6787351,47.4706731],[12.6766204,47.4690277],[12.6758884,47.4687824],[12.6750221,47.4679828],[12.6733867,47.4670898],[12.6723774,47.4671903],[12.6708046,47.4668046],[12.6672627,47.4662846],[12.6652253,47.4648058],[12.6639931,47.4648907],[12.6630871,47.4654517],[12.657449,47.4663079],[12.6526964,47.4675264],[12.649197,47.4675583],[12.6446925,47.4681915],[12.6419258,47.4678261],[12.6413244,47.4679924],[12.6402859,47.4678086],[12.6377941,47.4662521],[12.6368518,47.4663721],[12.6360343,47.4668702],[12.6355164,47.4668144],[12.6343072,47.4662276],[12.6336576,47.4653297],[12.6332456,47.4654131],[12.633056,47.4651039],[12.6322556,47.465051],[12.6313772,47.4645487],[12.6313863,47.4643551],[12.6320147,47.4638629],[12.6318106,47.4632727],[12.6318417,47.4619237],[12.631176,47.4612887],[12.6310518,47.4609376],[12.6308405,47.4593709],[12.6309571,47.4584078],[12.6317999,47.4567658],[12.6322151,47.4562007],[12.6329809,47.4558748],[12.6329911,47.4554252],[12.6336713,47.4545552],[12.6327995,47.4516316],[12.6342675,47.4511602],[12.637454,47.4493877],[12.637756,47.4493435],[12.6369138,47.4464413],[12.6368894,47.4458468],[12.6368674,47.4443977],[12.638356,47.4415126],[12.6375328,47.4365724],[12.6341691,47.4354459],[12.6322931,47.4321037],[12.627028,47.4297952],[12.626345,47.426012],[12.625784,47.425634],[12.6248819,47.4254676],[12.6242913,47.4248759],[12.6240354,47.4240382],[12.6241261,47.4231098],[12.6245707,47.4225135],[12.6228831,47.4208901],[12.6229475,47.4205235],[12.6227597,47.4200517],[12.6230461,47.419537],[12.6229429,47.4191702],[12.6223368,47.4183789],[12.6213497,47.4180559],[12.6208347,47.4174678],[12.6196055,47.4166687],[12.6183617,47.4165277],[12.6145637,47.4172028],[12.610545,47.4157068],[12.6090268,47.4148537],[12.6058296,47.4137647],[12.603067,47.4141168],[12.6019297,47.4134199],[12.6011143,47.4131803],[12.6007871,47.4125886],[12.5998161,47.411779],[12.5997571,47.4103596],[12.5991134,47.4097061],[12.5981379,47.4092892],[12.5972045,47.4079096],[12.5959537,47.4076731],[12.5925581,47.406504],[12.5912062,47.4039807],[12.5896299,47.4030844],[12.5904659,47.4015408],[12.5902093,47.4004665],[12.5893295,47.3999473],[12.5883049,47.3986837],[12.5867385,47.397529],[12.5838632,47.3960002],[12.5812882,47.3940901],[12.5795601,47.3933415],[12.5786159,47.3924989],[12.5768457,47.3923319],[12.5717449,47.3928263],[12.5709993,47.3936906],[12.5690252,47.3938867],[12.5678442,47.3944781],[12.5645459,47.3947801],[12.5631833,47.3959276],[12.5629036,47.3971653],[12.5634408,47.3990649],[12.5633925,47.3993445],[12.562663,47.3995479],[12.562115,47.3993912],[12.5606451,47.3985524],[12.5586182,47.3982879],[12.5550562,47.3995878],[12.5537411,47.3991479],[12.5525771,47.399177],[12.5502382,47.3983672],[12.5467264,47.3977799],[12.5460947,47.3981844],[12.5453112,47.3980321],[12.5456194,47.3969365],[12.54261,47.3948739],[12.5326002,47.3928367],[12.5310046,47.3918124],[12.5281966,47.3916243],[12.5236453,47.3906982],[12.5227893,47.3906401],[12.5189215,47.3921327],[12.516014,47.3929462],[12.515102,47.3933674],[12.5103647,47.3933959],[12.5060893,47.3941259],[12.5052363,47.3924808],[12.5039972,47.3908429],[12.503987,47.390513],[12.502817,47.389481],[12.5012458,47.3885409],[12.5007809,47.3880492],[12.5001568,47.3867255],[12.4987384,47.385704],[12.498975,47.3843015],[12.4978066,47.3817228],[12.4980225,47.3814291],[12.4958588,47.3802528],[12.4942817,47.3804368],[12.4927413,47.3803765],[12.4919793,47.3795149],[12.4906306,47.3795385],[12.4883186,47.3791934],[12.4872068,47.3784905],[12.4864555,47.378585],[12.4826618,47.3779255],[12.4820529,47.3774069],[12.4814865,47.3740448],[12.4793214,47.3709761],[12.478962,47.3682242],[12.47972,47.3687708],[12.4806359,47.3683417],[12.479334,47.3661481],[12.4789547,47.3649712],[12.4813357,47.3624608],[12.484718,47.3605575],[12.4878897,47.3594497],[12.4877379,47.3588265],[12.4862871,47.3570528],[12.4860154,47.3540223],[12.4861919,47.3524487],[12.4920619,47.350829],[12.4951671,47.3484364],[12.496677,47.348565],[12.4985966,47.349176],[12.4981786,47.3486908],[12.4976545,47.3471127],[12.4983967,47.344727],[12.4976505,47.3441061],[12.4971202,47.3427114],[12.4947371,47.3413552],[12.4952177,47.3374285],[12.4942079,47.3380172],[12.4913463,47.3385621],[12.4908463,47.3381689],[12.4882124,47.3380475],[12.4870606,47.3375338],[12.4820586,47.3294728],[12.4809648,47.3295122],[12.4806078,47.3284883],[12.4783056,47.3263897],[12.4763275,47.3257819],[12.4724611,47.325239],[12.4697888,47.3237713],[12.468359,47.3241045],[12.4672107,47.3250214],[12.4650201,47.325323],[12.4610312,47.3252712],[12.4575075,47.3257848],[12.4518285,47.326952],[12.4487002,47.3266266],[12.4451573,47.3277478],[12.4445951,47.3280932],[12.4418885,47.3286169],[12.4259768,47.3240198],[12.4183148,47.3215178],[12.417154,47.3207425],[12.4148907,47.3182862],[12.413967,47.3166751],[12.4140018,47.3163418],[12.4136829,47.3157582],[12.4139211,47.3155584],[12.4118051,47.3145523],[12.4103098,47.3137296],[12.4103331,47.313623],[12.4049915,47.3132951],[12.4023753,47.3136581],[12.4008244,47.3142162],[12.398456,47.3147028],[12.3961617,47.3149538],[12.3886831,47.3147512],[12.3861157,47.314385],[12.3857509,47.3144628],[12.3823504,47.3132466],[12.3745876,47.3113098],[12.3742584,47.3120023],[12.3728246,47.3120669],[12.371225,47.3127719],[12.3692566,47.3140622],[12.3675104,47.3137606],[12.3661058,47.3139908],[12.3646668,47.3149447],[12.3636445,47.3153427],[12.3620346,47.3168172],[12.3595147,47.3178573],[12.357297,47.3185272],[12.3545349,47.3182054],[12.3508665,47.3184529],[12.3497233,47.3191396],[12.3482352,47.3207495],[12.3464628,47.3211388],[12.3457011,47.3210306],[12.3422493,47.3217662],[12.3416806,47.3220656],[12.3398333,47.3239493],[12.3367914,47.3247234],[12.3365177,47.3258579],[12.3352625,47.328533],[12.3350622,47.3279155],[12.3338612,47.3275306],[12.318867,47.3256914],[12.3175103,47.3279291],[12.3175806,47.3283208],[12.3174047,47.3289645],[12.3168721,47.3296627],[12.3123045,47.3302553],[12.3104202,47.3301293],[12.3070987,47.3309807],[12.304325,47.3304358],[12.2966018,47.3326052],[12.2965049,47.3280937],[12.2955551,47.3263469],[12.2941783,47.3253183],[12.2924699,47.3244463],[12.2917764,47.3233904],[12.2918166,47.322498],[12.287445,47.3205019],[12.2856963,47.3176746],[12.2837768,47.3164823],[12.2800986,47.3150651],[12.2795258,47.3131505],[12.2768626,47.311706],[12.2736065,47.3081832],[12.2725914,47.307822],[12.2703604,47.3063569],[12.2684911,47.305471],[12.2668731,47.3032698],[12.2664109,47.3028678],[12.2641095,47.3022067],[12.2602504,47.3042035],[12.2583975,47.3054475],[12.2564631,47.3072919],[12.2546844,47.3079634],[12.2521115,47.3075616],[12.2477952,47.3031333],[12.2457275,47.3027061],[12.241168,47.302685],[12.2404258,47.3022345],[12.2372947,47.3014499],[12.2362624,47.3024058],[12.2341074,47.3035119],[12.2331874,47.3045545],[12.2320958,47.3049499],[12.2317247,47.3054955],[12.2326104,47.3077498],[12.231461,47.3099074],[12.2313198,47.3107089],[12.2299702,47.3120396],[12.2263713,47.3129725],[12.2256833,47.3129995],[12.2229311,47.3126735],[12.2215507,47.3118153],[12.2189882,47.3111365],[12.2162071,47.3114519],[12.215345,47.3096371],[12.2089805,47.3036871],[12.2081455,47.3021383],[12.2054463,47.3014894],[12.2017991,47.3010364],[12.2004721,47.2994661],[12.1977811,47.2993693],[12.1970023,47.2984558],[12.1954224,47.2985922],[12.190583,47.3013317],[12.188782,47.3012276],[12.1864303,47.3004777],[12.18337,47.3015705],[12.1822144,47.3016776],[12.1802419,47.3003369],[12.174216,47.3021459],[12.1694991,47.3027673],[12.1646062,47.3015398],[12.1647781,47.3012564],[12.1649339,47.2987418],[12.1616933,47.2982373],[12.1593486,47.2973049],[12.1568831,47.2971596],[12.1573116,47.2959102],[12.1548383,47.2935723],[12.1533777,47.2928247],[12.148474,47.2914087],[12.1443026,47.2889175],[12.1440884,47.2881302],[12.1389121,47.289961],[12.1374476,47.2910019],[12.1372022,47.292476],[12.1372567,47.2930678],[12.1370854,47.2932817],[12.1361038,47.2937995],[12.1335955,47.2943648],[12.1320181,47.2951599],[12.130094,47.295823],[12.1301836,47.296906],[12.1271893,47.2993881],[12.1262419,47.3006208],[12.1238047,47.3021464],[12.1212457,47.3025848],[12.1189594,47.3034353],[12.1145474,47.3064538],[12.1109184,47.3042661],[12.1090022,47.30228],[12.1072183,47.3015827],[12.105859,47.2991553],[12.1051862,47.2984599],[12.1035833,47.2980864],[12.1031757,47.2972122],[12.1027956,47.2940069],[12.1030105,47.2937043],[12.0996394,47.2929758],[12.0990225,47.2925574],[12.0990225,47.2920867],[12.0973205,47.2908276],[12.0962133,47.2902298],[12.0952439,47.2888624],[12.09466,47.2864188],[12.0941918,47.2856566],[12.0925393,47.2846702],[12.0901134,47.2846399],[12.0865223,47.2835672],[12.0863393,47.2826847],[12.0818056,47.2808483],[12.0816459,47.279683],[12.0785705,47.2752009],[12.0790621,47.2732292],[12.0784506,47.2717696],[12.0769467,47.2705155],[12.0760956,47.2695893]]]}}