{"type":"Feature","properties":{"name":"Steiermark"},"geometry":{"type":"Polygon","coordinates":[[[13.563348,47.420462],[13.563432,47.42002],[13.5637883,47.4197475],[13.563976,47.4195916],[13.564072,47.419467],[13.5640188,47.419219],[13.5638531,47.4189404],[13.5641234,47.4180638],[13.56432,47.417606],[13.564495,47.4174838],[13.564697,47.417388],[13.5646733,47.4171771],[13.5645563,47.4168654],[13.564557,47.416688],[13.5647699,47.4163799],[13.564919,47.41606],[13.5646708,47.4152238],[13.5643984,47.4148328],[13.5643104,47.4142054],[13.564202,47.413757],[13.5642251,47.4134663],[13.5642691,47.4131181],[13.5644149,47.4126675],[13.564544,47.412453],[13.5647478,47.4122523],[13.5652926,47.4119116],[13.565532,47.4117161],[13.565708,47.4115169],[13.566252,47.411208],[13.5666187,47.4111278],[13.566721,47.411142],[13.5670314,47.4113214],[13.5673396,47.4113438],[13.567856,47.411509],[13.568289,47.411365],[13.5685446,47.4110998],[13.568741,47.410821],[13.568792,47.410288],[13.5690701,47.4100739],[13.5692682,47.4099883],[13.569326,47.4099194],[13.5695048,47.4095172],[13.5698295,47.4091337],[13.569978,47.4089139],[13.570223,47.408476],[13.5701871,47.4081207],[13.5702587,47.407713],[13.570449,47.407397],[13.5707594,47.4071897],[13.5712904,47.4066665],[13.571715,47.40646],[13.572717,47.406055],[13.5736675,47.4059515],[13.57386,47.405823],[13.5739014,47.4055902],[13.573863,47.405104],[13.5738904,47.4049683],[13.5740142,47.404756],[13.574184,47.404526],[13.5740252,47.4044004],[13.5739812,47.4039851],[13.573911,47.4037],[13.5739124,47.4034842],[13.5739812,47.4033315],[13.5740087,47.4028529],[13.573981,47.402627],[13.573641,47.402356],[13.573897,47.402083],[13.5739206,47.4019572],[13.5739014,47.4015922],[13.5739619,47.401419],[13.574008,47.400794],[13.5738876,47.4004115],[13.5721433,47.3933475],[13.5722973,47.3931019],[13.575601,47.38787],[13.576435,47.386947],[13.5808368,47.383904],[13.5808789,47.3838349],[13.5808806,47.3837719],[13.5809204,47.3836043],[13.5810353,47.3833649],[13.5812352,47.3830999],[13.581747,47.382365],[13.581779,47.382078],[13.5814492,47.3817844],[13.581366,47.38164],[13.5813507,47.3815308],[13.5813619,47.3813897],[13.5812306,47.3811629],[13.5809987,47.3808292],[13.5808861,47.3804117],[13.5807368,47.3799941],[13.580673,47.379965],[13.5807988,47.3795537],[13.580678,47.379026],[13.5808861,47.3782019],[13.581546,47.376894],[13.5814971,47.3766498],[13.581533,47.376299],[13.5819307,47.3755363],[13.582196,47.374512],[13.583851,47.3724091],[13.584036,47.372107],[13.5831602,47.3706111],[13.583063,47.370445],[13.582981,47.3701265],[13.5824741,47.3689766],[13.582461,47.368818],[13.582491,47.3686562],[13.583644,47.367085],[13.5840509,47.3666786],[13.584441,47.366434],[13.5849632,47.3658014],[13.58532,47.365169],[13.5852532,47.3643309],[13.5855855,47.3630722],[13.5855376,47.3616132],[13.585638,47.360947],[13.5892543,47.3591203],[13.5895334,47.3589631],[13.5895783,47.3588365],[13.589602,47.3586431],[13.5894324,47.358205],[13.5893961,47.3579388],[13.5896633,47.3576143],[13.5895395,47.3575121],[13.589629,47.357126],[13.5898702,47.3568332],[13.590066,47.356642],[13.589823,47.355794],[13.589947,47.3548953],[13.590126,47.354151],[13.592096,47.352971],[13.593594,47.351601],[13.5936468,47.3511431],[13.593757,47.351],[13.59358,47.350732],[13.59441,47.349731],[13.594974,47.347842],[13.596017,47.346455],[13.5960289,47.3462078],[13.596715,47.344538],[13.5970735,47.3440977],[13.5973861,47.3436761],[13.59758,47.343215],[13.5980534,47.3427603],[13.599706,47.3407],[13.598579,47.33989],[13.598297,47.339457],[13.598233,47.338819],[13.598557,47.338262],[13.599414,47.337531],[13.600554,47.336986],[13.600646,47.33507],[13.601124,47.333941],[13.601172,47.332408],[13.602401,47.331248],[13.602858,47.331042],[13.603478,47.330099],[13.603537,47.329687],[13.602249,47.327434],[13.599441,47.325382],[13.599215,47.324024],[13.598401,47.322202],[13.596544,47.318527],[13.595471,47.317485],[13.596285,47.315897],[13.59554,47.314827],[13.595812,47.312701],[13.59745,47.311678],[13.6002485,47.3116678],[13.601696,47.311541],[13.602846,47.310863],[13.601878,47.308405],[13.601839,47.305653],[13.602223,47.301434],[13.599969,47.299521],[13.599754,47.298072],[13.6005213,47.2968073],[13.6002554,47.2960176],[13.5994984,47.2955989],[13.5983705,47.2942502],[13.5978877,47.2939664],[13.597701,47.2935412],[13.5979092,47.2932532],[13.5984886,47.2929549],[13.5984671,47.2926493],[13.5994756,47.2924164],[13.6000228,47.2921763],[13.6009065,47.2913011],[13.6014292,47.2894867],[13.6025655,47.2888069],[13.6031663,47.2882247],[13.6038153,47.2872732],[13.6058689,47.2857509],[13.6060462,47.2847983],[13.6075893,47.2835196],[13.607939,47.283384],[13.6085904,47.2831408],[13.6123377,47.2837089],[13.613218,47.283453],[13.6134715,47.2833893],[13.6149691,47.2832282],[13.6159641,47.2832078],[13.6191583,47.2831422],[13.6210406,47.282941],[13.622002,47.2831234],[13.6220661,47.2826443],[13.6226802,47.2816157],[13.622731,47.2808729],[13.6232826,47.2795975],[13.6236169,47.2792681],[13.6249673,47.278392],[13.6267643,47.2770426],[13.6300703,47.2748603],[13.631437,47.2739997],[13.6333201,47.2740504],[13.6367494,47.2738227],[13.6386661,47.2746262],[13.6417016,47.27413],[13.643203,47.274547],[13.644615,47.275152],[13.647647,47.275703],[13.648697,47.275592],[13.651446,47.276677],[13.65366,47.276546],[13.655636,47.275092],[13.657697,47.27438],[13.659441,47.274278],[13.661401,47.27328],[13.669133,47.271944],[13.6731795,47.2738166],[13.6734008,47.2739189],[13.67484,47.274585],[13.676187,47.274156],[13.677213,47.273369],[13.679725,47.270575],[13.682489,47.268993],[13.6852162,47.2685597],[13.689832,47.267826],[13.690285,47.267318],[13.695613,47.265072],[13.695397,47.263192],[13.695953,47.260385],[13.695824,47.260087],[13.69752,47.26014],[13.698398,47.260362],[13.70204,47.260752],[13.705723,47.259796],[13.707629,47.259507],[13.708126,47.25971],[13.711866,47.259502],[13.712085,47.264434],[13.712519,47.266527],[13.713537,47.268337],[13.713866,47.270186],[13.715418,47.271969],[13.71694,47.2725],[13.719298,47.273795],[13.719832,47.274697],[13.719701,47.275781],[13.721174,47.276644],[13.725328,47.278261],[13.72692,47.277678],[13.72751,47.277235],[13.729565,47.27698],[13.731878,47.277679],[13.738818,47.278312],[13.747722,47.277814],[13.751354,47.276017],[13.75355,47.273037],[13.760642,47.266271],[13.7636596,47.2678224],[13.767049,47.269462],[13.768776,47.270168],[13.77499,47.271798],[13.77789,47.274047],[13.782239,47.274941],[13.783141,47.274927],[13.783932,47.275248],[13.784622,47.276085],[13.785307,47.276567],[13.786249,47.277906],[13.7868135,47.2782595],[13.788526,47.279863],[13.7888102,47.2799165],[13.790001,47.280563],[13.791138,47.281434],[13.789193,47.283738],[13.788655,47.283981],[13.788438,47.28671],[13.789334,47.289019],[13.7897677,47.2889085],[13.790909,47.288773],[13.791582,47.288251],[13.792937,47.288182],[13.793967,47.287717],[13.7947824,47.2876484],[13.7949422,47.2875469],[13.796049,47.287342],[13.796623,47.28749],[13.7972698,47.2873504],[13.797586,47.287391],[13.800135,47.288456],[13.801041,47.289137],[13.801069,47.2891481],[13.801778,47.289429],[13.802272,47.289913],[13.802681,47.289852],[13.8029422,47.2900969],[13.803195,47.290279],[13.802649,47.291515],[13.8039912,47.2923652],[13.804537,47.292711],[13.807083,47.293372],[13.808347,47.293421],[13.809702,47.293838],[13.809863,47.294023],[13.81268,47.294408],[13.8137751,47.2949466],[13.814994,47.295455],[13.8157867,47.2956189],[13.817173,47.296192],[13.818149,47.295427],[13.823196,47.294161],[13.825343,47.2932029],[13.823956,47.291804],[13.822988,47.290195],[13.823587,47.286993],[13.824386,47.285679],[13.826321,47.284243],[13.827138,47.282988],[13.826453,47.281691],[13.8251342,47.2801422],[13.824294,47.279035],[13.823522,47.278722],[13.82338,47.27819],[13.826088,47.275996],[13.827246,47.274219],[13.823304,47.273305],[13.8228485,47.2726025],[13.822473,47.2714792],[13.822206,47.27105],[13.821811,47.2707603],[13.8216897,47.2705001],[13.8214666,47.2702405],[13.821333,47.27017],[13.821937,47.269672],[13.82212,47.2692836],[13.8225196,47.2690295],[13.822971,47.268353],[13.8230711,47.2679575],[13.8235077,47.2674417],[13.823621,47.267011],[13.825222,47.266544],[13.826568,47.266422],[13.827429,47.265943],[13.830642,47.265129],[13.831838,47.264361],[13.833327,47.263778],[13.834766,47.263546],[13.836267,47.263605],[13.838592,47.262982],[13.839647,47.262351],[13.840385,47.261611],[13.842974,47.26111],[13.844657,47.261084],[13.845326,47.260438],[13.846913,47.259891],[13.847541,47.259136],[13.8491448,47.2584755],[13.850183,47.258164],[13.850977,47.257704],[13.851633,47.256898],[13.854489,47.256174],[13.858395,47.25478],[13.862375,47.254065],[13.864182,47.252169],[13.8643894,47.2514272],[13.865482,47.249128],[13.865969,47.248683],[13.866263,47.247954],[13.867034,47.247246],[13.86789,47.24522],[13.867734,47.243987],[13.868132,47.243526],[13.868442,47.242434],[13.868127,47.241045],[13.866452,47.240156],[13.865347,47.238302],[13.863977,47.238071],[13.86275,47.237638],[13.861588,47.236621],[13.860107,47.236114],[13.859605,47.235403],[13.8591693,47.2351223],[13.858941,47.235068],[13.85846,47.233921],[13.852876,47.232879],[13.852071,47.232541],[13.8519451,47.2320926],[13.851918,47.231457],[13.850346,47.230878],[13.850005,47.230109],[13.8500959,47.2298563],[13.850121,47.229644],[13.85122,47.227788],[13.8519815,47.2270345],[13.852079,47.226839],[13.8529616,47.2263741],[13.853583,47.22586],[13.85538,47.225924],[13.857019,47.225647],[13.858673,47.224645],[13.859517,47.223891],[13.861236,47.222892],[13.8631208,47.2214052],[13.8643728,47.220346],[13.8647465,47.2199343],[13.8647555,47.2198988],[13.8646898,47.2194595],[13.864728,47.218761],[13.865055,47.218084],[13.866123,47.217085],[13.865387,47.216796],[13.8653769,47.2167137],[13.865341,47.216421],[13.8661838,47.2156451],[13.866293,47.215408],[13.8674109,47.215155],[13.868369,47.2146934],[13.869177,47.214512],[13.87081,47.213471],[13.872026,47.212998],[13.872297,47.212662],[13.873086,47.212385],[13.874091,47.212344],[13.874416,47.211556],[13.8750332,47.2110494],[13.875616,47.210399],[13.875696,47.2099722],[13.875938,47.209516],[13.877563,47.208232],[13.8791185,47.2073223],[13.879295,47.20707],[13.8799097,47.2067081],[13.880138,47.2066472],[13.880206,47.206629],[13.8809588,47.2057203],[13.881245,47.205235],[13.88248,47.204287],[13.8831638,47.2038849],[13.8837759,47.2037093],[13.884116,47.2035046],[13.884774,47.203276],[13.886751,47.202849],[13.886944,47.202358],[13.887574,47.201964],[13.8881,47.201939],[13.8882523,47.2017861],[13.888798,47.201238],[13.8891111,47.2011001],[13.889812,47.200568],[13.8909714,47.2000733],[13.891829,47.199578],[13.8931172,47.1991111],[13.894155,47.198682],[13.894745,47.19806],[13.8948566,47.1980685],[13.895344,47.1980111],[13.89638,47.197831],[13.8963474,47.1977473],[13.897327,47.197475],[13.898154,47.197357],[13.8986246,47.1970433],[13.8991626,47.1968933],[13.8997061,47.1965093],[13.900071,47.196353],[13.9003251,47.1963023],[13.900526,47.196387],[13.900966,47.196168],[13.9012953,47.1959261],[13.901465,47.195899],[13.9019012,47.1954047],[13.902056,47.195268],[13.902491,47.1950276],[13.9027707,47.1950387],[13.903216,47.194739],[13.9032522,47.1945645],[13.9032782,47.1943007],[13.9032415,47.193875],[13.9030934,47.1937408],[13.9029901,47.193717],[13.9026672,47.1936486],[13.9022448,47.1934917],[13.9019484,47.1930479],[13.9013223,47.1913568],[13.9011518,47.191381],[13.9003758,47.191293],[13.899794,47.19118],[13.898658,47.191272],[13.898067,47.191183],[13.8978186,47.1910765],[13.897403,47.19087],[13.8972666,47.190411],[13.8970879,47.1901046],[13.8969471,47.1898099],[13.896853,47.1893372],[13.896618,47.188855],[13.8965756,47.1885312],[13.896669,47.1882311],[13.896647,47.1881555],[13.896575,47.187856],[13.896342,47.1875314],[13.8962811,47.1873673],[13.896236,47.187248],[13.8964662,47.1871522],[13.896617,47.187125],[13.8964961,47.1869761],[13.896446,47.186666],[13.8960134,47.1862556],[13.8955913,47.186186],[13.8954856,47.1861798],[13.8952868,47.186238],[13.895163,47.186191],[13.8948829,47.1860144],[13.8945907,47.185706],[13.8943832,47.1855549],[13.894308,47.185487],[13.8948097,47.1852034],[13.8950067,47.1850334],[13.8951616,47.1850182],[13.8955873,47.1848346],[13.895838,47.184678],[13.8961335,47.1846375],[13.896405,47.184551],[13.8967854,47.1842359],[13.8970898,47.1840429],[13.8974667,47.1837432],[13.8979416,47.1833976],[13.8980035,47.1832652],[13.8982369,47.1830507],[13.8985029,47.1829],[13.898627,47.18271],[13.898974,47.182617],[13.8993659,47.1827194],[13.89952,47.182779],[13.8995831,47.1829603],[13.8995344,47.1830994],[13.899567,47.183374],[13.899672,47.183429],[13.899795,47.18338],[13.9000727,47.1836793],[13.900705,47.183989],[13.901338,47.1840512],[13.9014253,47.1840015],[13.901664,47.1841163],[13.901891,47.184084],[13.9020422,47.1841783],[13.902167,47.184165],[13.902244,47.184375],[13.9027148,47.1844189],[13.903139,47.18442],[13.9033331,47.184301],[13.9033573,47.1841975],[13.903506,47.184084],[13.904311,47.18378],[13.9043838,47.1838374],[13.9046746,47.1838346],[13.9052224,47.1839724],[13.905547,47.184025],[13.9058145,47.1839583],[13.9064915,47.1839001],[13.9066927,47.1838326],[13.907406,47.18375],[13.90785,47.1839179],[13.908109,47.183944],[13.9082515,47.1840443],[13.908383,47.184067],[13.9084719,47.1843012],[13.908741,47.184705],[13.9087058,47.1849411],[13.9088858,47.1850625],[13.9088641,47.185399],[13.9089267,47.1855615],[13.9089154,47.1856248],[13.9089435,47.1856357],[13.9091563,47.1853482],[13.911964,47.182338],[13.9120656,47.1822067],[13.9121327,47.1820627],[13.9122021,47.1820272],[13.9122745,47.181871],[13.9122071,47.1817897],[13.9123694,47.1817049],[13.9125902,47.1813247],[13.912879,47.181058],[13.9132094,47.1810337],[13.9133888,47.180916],[13.913751,47.180866],[13.9139168,47.1807266],[13.9140612,47.1807328],[13.914147,47.1805979],[13.91432,47.18047],[13.914509,47.180503],[13.9145702,47.1804425],[13.9145815,47.1802971],[13.914693,47.1802441],[13.9148793,47.1800887],[13.9152909,47.1798814],[13.915527,47.179697],[13.9155471,47.1795496],[13.9156687,47.1793952],[13.9157761,47.1790801],[13.9157778,47.1789134],[13.9158251,47.17882],[13.9158122,47.1785757],[13.9159895,47.178342],[13.91601,47.178218],[13.9159486,47.1776041],[13.9158315,47.1772887],[13.915817,47.176967],[13.9159365,47.1767861],[13.9160375,47.1764902],[13.9160622,47.1760094],[13.916031,47.175874],[13.9160997,47.1757046],[13.916274,47.1755131],[13.9162478,47.1754153],[13.9163058,47.1751374],[13.9163893,47.1751193],[13.916485,47.174928],[13.9167921,47.1748408],[13.9170001,47.1746615],[13.917369,47.174465],[13.9174381,47.173633],[13.9172607,47.1728104],[13.9172406,47.1724048],[13.917361,47.1721],[13.9173189,47.1719516],[13.916957,47.171673],[13.9169351,47.1711478],[13.9168216,47.17088],[13.916796,47.170602],[13.9169513,47.1703566],[13.917258,47.170173],[13.9181301,47.1706286],[13.918691,47.170847],[13.9191875,47.1713252],[13.919676,47.171752],[13.9202075,47.1717814],[13.921255,47.171949],[13.9223616,47.1718259],[13.923018,47.171774],[13.927206,47.170975],[13.929369,47.170289],[13.930755,47.169488],[13.931219,47.1694359],[13.934094,47.169113],[13.93588,47.169457],[13.937843,47.168802],[13.938063,47.168544],[13.9401889,47.1680291],[13.940611,47.167874],[13.94179,47.1670534],[13.94275,47.166394],[13.944231,47.166848],[13.9484123,47.1658604],[13.948837,47.165722],[13.952248,47.164369],[13.9546423,47.1629278],[13.9553458,47.1626063],[13.955639,47.162436],[13.956158,47.161788],[13.957817,47.161256],[13.9581975,47.1608849],[13.9585143,47.1604941],[13.958558,47.160317],[13.9592538,47.1598844],[13.9595775,47.1596504],[13.959792,47.159431],[13.9603226,47.1595209],[13.9604581,47.1594447],[13.960365,47.1593841],[13.9607698,47.1588693],[13.9607472,47.1587844],[13.9610863,47.1582054],[13.9616726,47.1578001],[13.9619108,47.1576823],[13.9620875,47.1576591],[13.962386,47.157128],[13.9626014,47.1570886],[13.962816,47.156952],[13.9629461,47.1565807],[13.9628262,47.1563487],[13.962938,47.156096],[13.9632079,47.1558635],[13.963978,47.15552],[13.9641764,47.1551206],[13.9642843,47.1549528],[13.9646563,47.1546076],[13.9647595,47.1543969],[13.9652764,47.1537924],[13.9656557,47.1536066],[13.965804,47.153415],[13.9661154,47.1526984],[13.966098,47.152401],[13.966673,47.151613],[13.967902,47.150547],[13.968686,47.150366],[13.9690444,47.1501542],[13.969392,47.1498694],[13.96994,47.149541],[13.972364,47.148963],[13.9733794,47.1485278],[13.973757,47.148413],[13.9748621,47.1476542],[13.9754841,47.147444],[13.9762163,47.1469425],[13.976529,47.146652],[13.9767724,47.146647],[13.977427,47.146307],[13.9778093,47.1462887],[13.97825,47.1461849],[13.9788489,47.1461742],[13.981156,47.145862],[13.982574,47.1453954],[13.983235,47.145138],[13.983842,47.14462],[13.986611,47.144406],[13.988376,47.143409],[13.9897349,47.1429517],[13.991575,47.142414],[13.992293,47.1422732],[13.992903,47.142242],[13.993587,47.142061],[13.9935883,47.141409],[13.993483,47.141017],[13.9939304,47.1404223],[13.994104,47.140314],[13.994041,47.139487],[13.993419,47.139285],[13.99305,47.138955],[13.992659,47.138921],[13.99206,47.138453],[13.99159,47.137582],[13.991669,47.136696],[13.99201,47.136194],[13.9938757,47.1348927],[13.995419,47.133706],[13.996125,47.132811],[13.9945873,47.1310431],[13.9939757,47.1303525],[13.992864,47.129239],[13.99026,47.1282976],[13.988328,47.127653],[13.98782,47.127103],[13.9876776,47.126973],[13.987264,47.125778],[13.98333,47.124976],[13.978657,47.125423],[13.977676,47.126094],[13.974878,47.126838],[13.973479,47.1269056],[13.9733847,47.1269102],[13.97256,47.12695],[13.965866,47.125935],[13.963242,47.124726],[13.959923,47.123736],[13.957277,47.124003],[13.955495,47.124903],[13.953918,47.125307],[13.951879,47.127855],[13.948747,47.129455],[13.947372,47.13252],[13.946178,47.133902],[13.945119,47.134538],[13.944701,47.135399],[13.943772,47.136568],[13.9408845,47.1364465],[13.940099,47.136463],[13.9394894,47.1364191],[13.93926,47.1363637],[13.938408,47.136158],[13.935658,47.135096],[13.934183,47.133945],[13.932989,47.133282],[13.931058,47.132677],[13.929594,47.131554],[13.92881,47.131203],[13.9284741,47.1307455],[13.927578,47.129719],[13.9272918,47.1296065],[13.9266896,47.1296056],[13.9264791,47.1295008],[13.925987,47.129375],[13.9255709,47.1293787],[13.925297,47.1292884],[13.9249966,47.1292477],[13.9244682,47.1292774],[13.924051,47.129274],[13.9235949,47.1291404],[13.9233414,47.1290097],[13.9230426,47.1289634],[13.922798,47.128831],[13.9223458,47.1289789],[13.9222323,47.1291068],[13.9219035,47.1293837],[13.921781,47.12939],[13.9216377,47.1291608],[13.9214338,47.1289683],[13.9212369,47.1288939],[13.921114,47.128622],[13.920539,47.128427],[13.920256,47.128488],[13.9201954,47.1283102],[13.9200391,47.1281745],[13.920185,47.1279645],[13.920031,47.127787],[13.919608,47.1275935],[13.9192661,47.1275097],[13.9187385,47.1274068],[13.918464,47.127328],[13.918254,47.126916],[13.9178474,47.1268005],[13.917127,47.1267025],[13.916161,47.126382],[13.9162108,47.1262326],[13.9161796,47.1261375],[13.915982,47.12581],[13.9158532,47.1256673],[13.9153779,47.1254556],[13.915186,47.12526],[13.9150961,47.1250558],[13.9150561,47.1249071],[13.91498,47.124792],[13.9146889,47.1245152],[13.9145407,47.1243953],[13.914292,47.1242827],[13.914072,47.12411],[13.9140163,47.1240227],[13.9140109,47.1238843],[13.913889,47.123759],[13.913314,47.123629],[13.9130992,47.1236379],[13.9128203,47.123693],[13.9124543,47.1237395],[13.9121748,47.1236899],[13.9118059,47.1237593],[13.9112868,47.123715],[13.910799,47.123733],[13.9101698,47.1238168],[13.90911,47.124067],[13.9091355,47.1235682],[13.909115,47.123384],[13.90883,47.123015],[13.9084475,47.1227427],[13.9079171,47.1224085],[13.9072451,47.1216488],[13.90694,47.12151],[13.906008,47.120558],[13.905811,47.120107],[13.9053725,47.11987],[13.9046085,47.1192953],[13.903297,47.118186],[13.9029783,47.1180553],[13.9029139,47.1176355],[13.902338,47.116808],[13.901511,47.116061],[13.900522,47.11559],[13.8996428,47.1149805],[13.8988638,47.114361],[13.8985473,47.1142478],[13.8983917,47.1139813],[13.898082,47.113749],[13.8972848,47.1142206],[13.89681,47.11461],[13.8965646,47.1145977],[13.8943325,47.1144856],[13.8937332,47.1144396],[13.8927684,47.1143311],[13.892444,47.114257],[13.8920881,47.1140079],[13.890319,47.11277],[13.89025,47.1127023],[13.887314,47.10982],[13.8870428,47.1097431],[13.883163,47.109584],[13.8814524,47.1081997],[13.881176,47.107976],[13.883107,47.104929],[13.8829291,47.1044919],[13.882887,47.104293],[13.8827641,47.1041478],[13.882339,47.1039893],[13.881708,47.103638],[13.879818,47.10204],[13.8793312,47.1012896],[13.8793277,47.1011411],[13.878911,47.100558],[13.8786555,47.1004791],[13.87842,47.100366],[13.8785404,47.1002193],[13.878562,47.099568],[13.8785404,47.0994047],[13.8784056,47.0990901],[13.8784249,47.098796],[13.878327,47.09829],[13.8782626,47.0981218],[13.8780782,47.098045],[13.8777591,47.0977716],[13.8775032,47.097472],[13.877463,47.097363],[13.8776876,47.0967079],[13.877847,47.096606],[13.8777839,47.0960149],[13.8778196,47.0955392],[13.877833,47.095187],[13.8778774,47.0949567],[13.8779902,47.0947114],[13.8780755,47.0946421],[13.8783066,47.0943611],[13.878347,47.094227],[13.8787357,47.0942487],[13.879106,47.09424],[13.8792942,47.0941645],[13.8796739,47.0938835],[13.8800948,47.0935258],[13.880473,47.093288],[13.8810136,47.0931924],[13.8815033,47.0930632],[13.881872,47.0928646],[13.882139,47.092783],[13.8825515,47.0927448],[13.8831265,47.0927373],[13.883531,47.09268],[13.8838198,47.0925425],[13.8839821,47.0923833],[13.884133,47.092254],[13.8842132,47.0922259],[13.8847579,47.0921754],[13.885075,47.092087],[13.8854787,47.0918682],[13.886161,47.091362],[13.8864636,47.0910291],[13.8867965,47.090336],[13.8870303,47.0900307],[13.8871954,47.0898996],[13.887384,47.089531],[13.8875062,47.0891597],[13.8874265,47.0889575],[13.8874072,47.0884236],[13.887481,47.087979],[13.8877924,47.087605],[13.888532,47.086958],[13.8886177,47.0867827],[13.888648,47.0863762],[13.888867,47.085846],[13.8891872,47.0854153],[13.889571,47.08498],[13.8899822,47.0847409],[13.8902683,47.0846566],[13.8904692,47.084651],[13.891132,47.084226],[13.8916439,47.0836076],[13.891758,47.083613],[13.891702,47.083194],[13.892274,47.082667],[13.8925985,47.0826016],[13.893566,47.082332],[13.8936797,47.0822344],[13.893754,47.0820958],[13.8937155,47.0820433],[13.8938008,47.081781],[13.894232,47.080819],[13.894395,47.0807132],[13.8946068,47.0806551],[13.894782,47.080622],[13.8949102,47.0803586],[13.8950057,47.0803104],[13.895319,47.07997],[13.8958858,47.0797227],[13.8959321,47.0797394],[13.896189,47.07957],[13.896296,47.0793475],[13.8969865,47.0785325],[13.8972699,47.0779424],[13.897544,47.077483],[13.8981943,47.077178],[13.8985527,47.0769137],[13.8988037,47.0767671],[13.8991021,47.0763989],[13.8992527,47.0764077],[13.8993171,47.0762488],[13.8996138,47.0759864],[13.899714,47.0758031],[13.8998187,47.0757282],[13.8998991,47.0755966],[13.9002198,47.0753155],[13.9004257,47.0749639],[13.9005589,47.0749263],[13.9007065,47.074813],[13.9007886,47.0746187],[13.9010939,47.0745531],[13.9011737,47.0744126],[13.9011682,47.0743133],[13.9012617,47.0741915],[13.9015203,47.0741165],[13.9018285,47.0737081],[13.902349,47.073391],[13.9023814,47.0732284],[13.902631,47.072893],[13.9030087,47.0726307],[13.9036057,47.072359],[13.904137,47.072064],[13.904602,47.071573],[13.9050524,47.0713869],[13.9057594,47.0708853],[13.9059971,47.0706678],[13.9065172,47.0703237],[13.906776,47.070112],[13.9066732,47.0700125],[13.9065097,47.0699417],[13.906367,47.069817],[13.904902,47.067928],[13.9048865,47.0678468],[13.9050499,47.0676949],[13.9054585,47.0675254],[13.9055774,47.0674521],[13.905592,47.067386],[13.904846,47.066944],[13.9046933,47.066774],[13.904715,47.066584],[13.904443,47.066485],[13.9044667,47.0661667],[13.904312,47.065907],[13.9041638,47.0658559],[13.9041316,47.0657518],[13.903778,47.065515],[13.9038473,47.065412],[13.9038352,47.0652103],[13.9039355,47.0650737],[13.904039,47.064546],[13.9039504,47.0642969],[13.903949,47.063695],[13.9037795,47.063181],[13.903575,47.062912],[13.9034526,47.0628268],[13.9032446,47.0627357],[13.902836,47.0626319],[13.902179,47.062322],[13.9019965,47.062136],[13.901147,47.061597],[13.9009899,47.0614376],[13.9009,47.061157],[13.9006184,47.0610378],[13.900508,47.060901],[13.9008784,47.060557],[13.900967,47.060216],[13.9005776,47.0598737],[13.900491,47.059609],[13.9001801,47.0593828],[13.9000092,47.0591753],[13.8995932,47.05894],[13.899283,47.058701],[13.8988614,47.0585604],[13.89849,47.058388],[13.8982634,47.0581985],[13.8980851,47.057948],[13.897996,47.057711],[13.8975836,47.0574115],[13.8969744,47.0570901],[13.8967622,47.0569311],[13.8965356,47.0565136],[13.8962713,47.0562978],[13.8957908,47.0560576],[13.8951447,47.0559172],[13.8950589,47.0559447],[13.8939203,47.0557704],[13.893791,47.0555765],[13.8934706,47.0553727],[13.893056,47.0552042],[13.8927638,47.055197],[13.8926115,47.0551609],[13.8920014,47.0549206],[13.8912982,47.054641],[13.8911694,47.0543837],[13.890538,47.0538795],[13.8903558,47.05363],[13.8902968,47.053374],[13.8903489,47.0527213],[13.8902673,47.0524934],[13.8902539,47.0522923],[13.8900715,47.0520054],[13.8899347,47.051894],[13.8897282,47.0516472],[13.8895997,47.0513694],[13.889535,47.0505491],[13.8890314,47.0500306],[13.8887041,47.0493208],[13.8881779,47.0485971],[13.8877243,47.047637],[13.8877781,47.0475457],[13.8875557,47.0472358],[13.8867337,47.0466842],[13.8865513,47.0459641],[13.886252,47.0458629],[13.8856032,47.0457859],[13.8850398,47.0455316],[13.884713,47.0452588],[13.8844013,47.0448522],[13.8842263,47.0445643],[13.8842051,47.0435556],[13.8838053,47.0422521],[13.8836967,47.0420165],[13.8832887,47.0416324],[13.8831522,47.0413683],[13.883158,47.0412462],[13.8830522,47.0408987],[13.8829116,47.0405952],[13.8824865,47.0395707],[13.881418,47.0381867],[13.8805822,47.0374919],[13.8801098,47.0372947],[13.8796901,47.0367079],[13.8795326,47.0364496],[13.8793641,47.0362484],[13.8792476,47.0359442],[13.8789993,47.0355793],[13.8789775,47.0353808],[13.8785836,47.0349998],[13.8785005,47.0348847],[13.8783088,47.0347433],[13.8781997,47.0344427],[13.8779613,47.0340456],[13.8777146,47.0337366],[13.8773981,47.0334185],[13.8769367,47.0329432],[13.8768402,47.0327726],[13.8749634,47.0312876],[13.8745499,47.0311497],[13.8742596,47.0311133],[13.8739888,47.0311323],[13.8736773,47.0312096],[13.8736188,47.0310547],[13.8736698,47.0309396],[13.8733823,47.0305936],[13.8727778,47.0302492],[13.8725433,47.0301057],[13.8724226,47.0299487],[13.8723239,47.0297096],[13.8720846,47.0294971],[13.8717415,47.0289345],[13.8714686,47.0286646],[13.8713023,47.0285792],[13.8709231,47.0277412],[13.8709365,47.027567],[13.8705477,47.027294],[13.8693928,47.0262837],[13.8682681,47.0251035],[13.8674881,47.0242223],[13.867462,47.024011],[13.867065,47.023827],[13.866708,47.0233563],[13.866684,47.023002],[13.8664368,47.0226954],[13.865985,47.022345],[13.865806,47.021942],[13.8653707,47.0216267],[13.8648061,47.0211203],[13.864601,47.021037],[13.8644644,47.0207987],[13.8643307,47.0204897],[13.8643492,47.0202618],[13.864285,47.020054],[13.863945,47.019953],[13.863748,47.019592],[13.863811,47.019058],[13.8640149,47.0182232],[13.8642452,47.0176103],[13.864327,47.016829],[13.8645477,47.0161918],[13.8646353,47.0159389],[13.864816,47.015719],[13.8644867,47.0153133],[13.8643158,47.0149562],[13.864067,47.014527],[13.863791,47.013685],[13.86383,47.012961],[13.8637289,47.0124539],[13.863532,47.0118891],[13.8634837,47.0113243],[13.863376,47.010952],[13.8633017,47.0105138],[13.863109,47.009963],[13.8632163,47.0094449],[13.8632163,47.0092347],[13.863365,47.00831],[13.8637289,47.0073907],[13.8638478,47.0069854],[13.864183,47.006201],[13.8642841,47.0053475],[13.864295,47.005255],[13.8635513,47.003195],[13.863123,47.001866],[13.8629973,47.0009267],[13.8631432,47.0002739],[13.8635335,46.9997015],[13.8643689,46.9988455],[13.8646173,46.9984132],[13.8647166,46.9973925],[13.8648012,46.9963284],[13.862151,46.995227],[13.859818,46.994976],[13.858449,46.993776],[13.857591,46.992505],[13.85722,46.992367],[13.8570187,46.9922943],[13.8568585,46.9922567],[13.8564987,46.9922083],[13.8563069,46.9921564],[13.8560611,46.9920475],[13.8552487,46.9917442],[13.8548836,46.9917047],[13.8546851,46.9916352],[13.8537088,46.9914394],[13.8532692,46.9912998],[13.8524431,46.9911582],[13.851783,46.9909692],[13.8514584,46.9908393],[13.8512321,46.9908085],[13.847008,46.989784],[13.8450323,46.9890784],[13.844964,46.989054],[13.843919,46.98773],[13.842657,46.986543],[13.8428038,46.9858902],[13.842983,46.985407],[13.843673,46.9847271],[13.8443382,46.9843063],[13.842972,46.983904],[13.8423209,46.9815392],[13.841993,46.979964],[13.8408953,46.9786934],[13.8380749,46.9777032],[13.83607,46.9761209],[13.8356123,46.9756096],[13.8351584,46.9750003],[13.8344564,46.9751145],[13.8338709,46.9750717],[13.8326568,46.9740875],[13.8323742,46.9737291],[13.8324519,46.9730187],[13.8323893,46.9712618],[13.8323991,46.9711964],[13.8323858,46.971157],[13.832387,46.9711472],[13.8323992,46.9711298],[13.8323969,46.9711147],[13.8323805,46.9710839],[13.8323794,46.9710703],[13.8323849,46.9709896],[13.8324117,46.9709665],[13.8324436,46.9709217],[13.8324569,46.9708601],[13.8324369,46.9707897],[13.8324336,46.9707495],[13.8324454,46.9707282],[13.8324694,46.9705811],[13.8324427,46.9704841],[13.8324432,46.9704486],[13.8324544,46.9704233],[13.8325024,46.9703872],[13.8325151,46.9703361],[13.832486,46.9702715],[13.8324302,46.9701928],[13.8323981,46.9701133],[13.8323851,46.9700246],[13.8323907,46.9698325],[13.8323931,46.9698147],[13.8324122,46.9697683],[13.8324142,46.9697447],[13.832413,46.9697258],[13.8323988,46.9696857],[13.832399,46.9696516],[13.832414,46.9696234],[13.8324748,46.9695466],[13.8324572,46.9695054],[13.8324102,46.9694577],[13.8324101,46.9694213],[13.8323995,46.9693889],[13.8323922,46.9693279],[13.8324062,46.9692769],[13.8324148,46.9692638],[13.8324666,46.9692232],[13.8325044,46.9691789],[13.8325116,46.9691649],[13.8325135,46.9691303],[13.8324161,46.9690013],[13.8323995,46.9689492],[13.8323704,46.9689113],[13.8323608,46.968887],[13.8323182,46.9688549],[13.8322723,46.9687643],[13.8322634,46.9687549],[13.832165,46.9687139],[13.8320963,46.9686544],[13.8320221,46.9686085],[13.8319808,46.9685577],[13.8319581,46.9685164],[13.8319401,46.9684643],[13.8319352,46.9684294],[13.8319499,46.9683569],[13.8319616,46.9683308],[13.831966,46.9682806],[13.8319523,46.9682322],[13.8319523,46.9681907],[13.8319055,46.967994],[13.8318951,46.9678871],[13.8318836,46.9678561],[13.8318246,46.9677676],[13.8317807,46.9676571],[13.8317612,46.9676336],[13.8316661,46.9675483],[13.8315842,46.9674633],[13.8315495,46.9674064],[13.8316857,46.96726],[13.8317189,46.9671972],[13.831731,46.9671847],[13.8318002,46.9671728],[13.8318085,46.9671648],[13.8318115,46.967122],[13.8318262,46.9670982],[13.8318704,46.9670537],[13.8318577,46.9670222],[13.8318886,46.9669576],[13.8319356,46.9669426],[13.8318772,46.9669069],[13.8318636,46.9668834],[13.8318939,46.9668443],[13.8319214,46.9668345],[13.8319129,46.966769],[13.831919,46.9666644],[13.831944,46.9666243],[13.8319886,46.9665326],[13.8320303,46.9664836],[13.8318172,46.9654494],[13.8304128,46.9641305],[13.8294517,46.963637],[13.8277997,46.9624024],[13.8275818,46.9620734],[13.8275567,46.9617339],[13.8253278,46.9608487],[13.8249642,46.9607709],[13.8249049,46.9607368],[13.8248392,46.96071],[13.8247262,46.960616],[13.824567,46.9605444],[13.8244988,46.9605069],[13.8243766,46.9604049],[13.8242844,46.9603533],[13.8242225,46.9603425],[13.8241666,46.9603376],[13.8240891,46.9603138],[13.824018,46.9602369],[13.8239309,46.9601942],[13.8238216,46.960155],[13.8238231,46.9601018],[13.8238006,46.9600673],[13.8237429,46.960053],[13.8236875,46.9600115],[13.8236489,46.9599988],[13.8235946,46.9599523],[13.8235412,46.959916],[13.8235257,46.9599104],[13.8234701,46.9598702],[13.8233661,46.9597794],[13.8232157,46.9596996],[13.8231235,46.959671],[13.8229613,46.9596012],[13.8229154,46.9595861],[13.8228852,46.9595811],[13.8228385,46.9595637],[13.8227788,46.9595402],[13.8227344,46.9595158],[13.8226847,46.9594997],[13.8225218,46.9594074],[13.8224408,46.9593982],[13.8223944,46.9593973],[13.8223305,46.9594099],[13.8222585,46.9593907],[13.8222311,46.9593687],[13.8221449,46.9593165],[13.822123,46.9592935],[13.8220682,46.9592585],[13.8220096,46.9592321],[13.8219558,46.9592245],[13.8219138,46.9592251],[13.821838,46.9592571],[13.8217172,46.9592537],[13.8216707,46.9592304],[13.8216545,46.9592074],[13.8216156,46.9591758],[13.8215693,46.9591471],[13.821526,46.9591287],[13.8214496,46.9591098],[13.8213539,46.9590561],[13.8213198,46.9590529],[13.8212244,46.9590311],[13.8211752,46.9590277],[13.8210928,46.9590099],[13.8210116,46.9589813],[13.8209415,46.9589446],[13.8209052,46.9589486],[13.8208764,46.9589458],[13.8207889,46.9589052],[13.8207076,46.9588823],[13.8206567,46.958873],[13.8204339,46.9588848],[13.8201499,46.9588848],[13.8200934,46.958859],[13.8200238,46.958852],[13.8199433,46.9588445],[13.8198932,46.9588557],[13.819822,46.9588573],[13.8196744,46.9588444],[13.8196143,46.9588304],[13.8195297,46.9588243],[13.8194913,46.9588553],[13.8194433,46.9589057],[13.8193977,46.9589155],[13.8193495,46.9589171],[13.819306,46.9589161],[13.8192048,46.9589001],[13.8191428,46.9588692],[13.8190908,46.9588489],[13.8189603,46.9587686],[13.8188971,46.9587374],[13.8188219,46.9586788],[13.8187373,46.9585972],[13.8186566,46.9585692],[13.818593,46.9585699],[13.8185244,46.9585344],[13.8184501,46.9585044],[13.818386,46.9584881],[13.8182139,46.9584588],[13.8181334,46.9584489],[13.8179975,46.9584421],[13.8179113,46.958425],[13.8178549,46.9584062],[13.8177603,46.9583863],[13.8176904,46.9583804],[13.8170157,46.9580107],[13.8168934,46.9572967],[13.816899,46.9572643],[13.8169379,46.9572192],[13.816936,46.9571867],[13.8169291,46.9571739],[13.8168813,46.9571487],[13.8168468,46.9571143],[13.8168411,46.9570751],[13.8168535,46.9569388],[13.8166345,46.9567355],[13.8164768,46.9566919],[13.8164226,46.9566551],[13.8163881,46.9565913],[13.8163762,46.9565221],[13.8163279,46.9564397],[13.8162794,46.9563886],[13.8162311,46.956327],[13.8161929,46.9562595],[13.8161375,46.9562151],[13.8161276,46.9561846],[13.8160988,46.9561428],[13.8160739,46.9560759],[13.8160624,46.9559509],[13.8159283,46.9557297],[13.815933,46.9556617],[13.8159307,46.955644],[13.8159147,46.9556177],[13.8158679,46.9555611],[13.8157859,46.9554887],[13.815767,46.9554616],[13.8157095,46.9554237],[13.8156728,46.9553851],[13.8156629,46.9553574],[13.8156236,46.9553061],[13.8155417,46.9552747],[13.8155027,46.9552539],[13.8154531,46.9551889],[13.8153898,46.9551506],[13.8153051,46.9550404],[13.8152828,46.9549909],[13.8153647,46.9549005],[13.8153977,46.9547709],[13.8154225,46.9547343],[13.815441,46.9547192],[13.8154263,46.9547079],[13.8151171,46.9543688],[13.8149745,46.9543412],[13.8148706,46.9542917],[13.814809,46.9542463],[13.8147544,46.9541828],[13.8147344,46.9541503],[13.8147305,46.9541114],[13.8147341,46.9540766],[13.8147725,46.9540131],[13.8147765,46.953982],[13.8147727,46.9539485],[13.8146999,46.9538726],[13.814649,46.9537997],[13.8146436,46.9536407],[13.8146232,46.9535983],[13.814603,46.9535712],[13.8145995,46.9535149],[13.8145736,46.9534316],[13.8145666,46.9533302],[13.8145482,46.9532714],[13.8144845,46.9532198],[13.8144353,46.9531665],[13.8144205,46.9531271],[13.8143875,46.9530657],[13.8143261,46.9529714],[13.8142667,46.9529239],[13.8141478,46.9528481],[13.8141093,46.9527859],[13.8140462,46.9527063],[13.8138084,46.9524882],[13.8137139,46.9524485],[13.813629,46.9524336],[13.8135736,46.9524139],[13.8135107,46.9523783],[13.8134935,46.9523169],[13.8134645,46.9522725],[13.8133927,46.9522049],[13.8133176,46.952169],[13.813212,46.9521089],[13.8131516,46.9519735],[13.8131289,46.9519328],[13.8130813,46.9519109],[13.8130562,46.9518946],[13.8130196,46.9518636],[13.8129989,46.9518264],[13.8128212,46.9517589],[13.8127704,46.9517172],[13.8126524,46.9516818],[13.8122893,46.9515318],[13.8122678,46.9515147],[13.8121954,46.9515049],[13.8120585,46.9514728],[13.8117651,46.9514218],[13.8115973,46.9514101],[13.8113532,46.9513662],[13.8112513,46.9513129],[13.8111916,46.951276],[13.8110967,46.9512392],[13.8110128,46.9512013],[13.8109231,46.9511755],[13.8107046,46.9511411],[13.8104965,46.9511688],[13.8103881,46.9511537],[13.8100088,46.9511981],[13.8099659,46.9511986],[13.8098177,46.9511186],[13.8097247,46.9510524],[13.8096646,46.9510168],[13.8095466,46.950932],[13.809483,46.9508598],[13.8093492,46.9507622],[13.8092717,46.950737],[13.809115,46.9506694],[13.8089234,46.950578],[13.8087917,46.9505292],[13.8086883,46.9505083],[13.8085794,46.9505948],[13.8085363,46.9506108],[13.808439,46.9506155],[13.8083483,46.9505993],[13.8081729,46.9506035],[13.8081143,46.9506182],[13.8080073,46.9506812],[13.8078029,46.9507418],[13.8076692,46.950789],[13.8075923,46.9508345],[13.8074515,46.9508616],[13.8071005,46.9508629],[13.8061978,46.9509808],[13.8060194,46.9509659],[13.8059734,46.9509454],[13.8057754,46.9509049],[13.8054046,46.9509098],[13.8052768,46.9509303],[13.8051253,46.9510155],[13.8049659,46.9509704],[13.8046363,46.950907],[13.8045123,46.950877],[13.8044157,46.9508697],[13.8041932,46.9508611],[13.8040449,46.9508499],[13.8039494,46.9508414],[13.803784,46.9508143],[13.8037303,46.9508126],[13.8036533,46.9508152],[13.8036238,46.9508258],[13.8035431,46.9508882],[13.8034237,46.9509065],[13.8031402,46.9509204],[13.8030723,46.9509309],[13.8030375,46.9509495],[13.8029948,46.950961],[13.8028111,46.9509804],[13.8027686,46.950994],[13.8026271,46.9510516],[13.8025408,46.9510662],[13.802463,46.9510866],[13.8023123,46.9510932],[13.8021727,46.9511171],[13.8021278,46.9511305],[13.8020337,46.9511425],[13.8017872,46.9511671],[13.8017132,46.9511682],[13.8016369,46.9511641],[13.8015254,46.951149],[13.8011626,46.951136],[13.8011647,46.9510552],[13.8011349,46.9510059],[13.8010394,46.950971],[13.8008601,46.9508685],[13.8007259,46.9508515],[13.800678,46.9508293],[13.8006008,46.9508171],[13.8005304,46.9508178],[13.800439,46.9508353],[13.8003608,46.950836],[13.8002788,46.9508023],[13.7984085,46.9502819],[13.7965356,46.9493719],[13.7942929,46.9477611],[13.7929401,46.947068],[13.7919145,46.9459667],[13.7907911,46.9447761],[13.7877666,46.9442561],[13.784669,46.943858],[13.7847239,46.9436901],[13.7848084,46.9434076],[13.784824,46.94281],[13.7843772,46.941806],[13.784058,46.940679],[13.783465,46.939745],[13.78378,46.938334],[13.784802,46.937565],[13.7859122,46.9374519],[13.787571,46.937283],[13.789101,46.936673],[13.790325,46.936584],[13.791705,46.936218],[13.79245,46.936253],[13.794159,46.935508],[13.794545,46.935235],[13.795046,46.933686],[13.7998676,46.9300382],[13.800423,46.929618],[13.80125,46.9295559],[13.803307,46.929577],[13.804399,46.929243],[13.80474,46.928816],[13.806428,46.927869],[13.806885,46.927283],[13.8075382,46.9270494],[13.8086008,46.9263939],[13.8101869,46.9255175],[13.810345,46.925492],[13.810968,46.924604],[13.811157,46.923199],[13.811791,46.922099],[13.81345,46.920403],[13.814477,46.919775],[13.8153593,46.9185121],[13.8157169,46.9182945],[13.81661,46.917769],[13.819059,46.918205],[13.821685,46.917068],[13.822325,46.916536],[13.824728,46.915393],[13.8273911,46.9145222],[13.8288303,46.9132114],[13.8295339,46.9132155],[13.830944,46.91343],[13.8316526,46.9136806],[13.8327742,46.9139874],[13.8333184,46.9142557],[13.8338445,46.9144012],[13.834344,46.91459],[13.834878,46.915021],[13.835646,46.914255],[13.836692,46.913684],[13.837322,46.913527],[13.8378382,46.9128373],[13.838157,46.912648],[13.8385749,46.9128829],[13.838793,46.9131914],[13.8391113,46.9134351],[13.8393962,46.9134614],[13.839986,46.913965],[13.8406256,46.9139068],[13.8412852,46.9137034],[13.841975,46.913598],[13.842665,46.913938],[13.843067,46.912613],[13.843685,46.911408],[13.844031,46.911094],[13.844614,46.910651],[13.847171,46.909505],[13.8482,46.909278],[13.849653,46.90952],[13.849872,46.909691],[13.8505504,46.9111876],[13.8507403,46.9114032],[13.850728,46.911671],[13.8511381,46.9119275],[13.8512998,46.9122483],[13.852539,46.913159],[13.853123,46.913424],[13.8535047,46.913883],[13.854705,46.914956],[13.8558611,46.9168829],[13.856115,46.917306],[13.8568421,46.9174078],[13.859274,46.917595],[13.863386,46.91824],[13.8639785,46.9184838],[13.8640674,46.9186533],[13.8643393,46.9188523],[13.8646682,46.9189561],[13.8647885,46.9190189],[13.865159,46.9193703],[13.865091,46.9195954],[13.8652047,46.9196288],[13.8652959,46.9197497],[13.8653959,46.9197789],[13.8656178,46.9198798],[13.8657036,46.9199439],[13.8657868,46.9199384],[13.8658757,46.919961],[13.8659075,46.9200355],[13.8660309,46.9200978],[13.866232,46.9200941],[13.8663796,46.9201582],[13.8665968,46.9201362],[13.8668811,46.9199805],[13.8671759,46.9198349],[13.8673654,46.9198716],[13.8677824,46.919735],[13.8679461,46.91963],[13.8680077,46.919539],[13.8682303,46.9194749],[13.8684865,46.919348],[13.86852,46.9192715],[13.8687494,46.9191675],[13.8691621,46.9185529],[13.86922,46.9185021],[13.8696555,46.9186475],[13.8698316,46.9185918],[13.8701159,46.9180862],[13.8702657,46.9178962],[13.8703687,46.9177434],[13.8704843,46.9177146],[13.8706083,46.9177211],[13.8708442,46.9178079],[13.8709688,46.9178847],[13.8713233,46.9178054],[13.8717553,46.9178674],[13.8721219,46.9179517],[13.872443,46.91789],[13.8726663,46.9179641],[13.8728801,46.918102],[13.8738409,46.918051],[13.874043,46.917906],[13.879013,46.918217],[13.8799039,46.9176801],[13.8808698,46.9170047],[13.8809446,46.9170656],[13.8818631,46.9178135],[13.882037,46.918049],[13.8823548,46.9186751],[13.8826358,46.9194053],[13.882812,46.919503],[13.8828985,46.9197426],[13.882835,46.920092],[13.8838868,46.9221482],[13.884071,46.922388],[13.8842434,46.9225313],[13.884737,46.922733],[13.885213,46.9227596],[13.885826,46.9229195],[13.886138,46.9229474],[13.886776,46.923141],[13.8871893,46.9234269],[13.8874085,46.923744],[13.887546,46.92394],[13.887494,46.9244621],[13.887558,46.924599],[13.8876909,46.9247285],[13.888351,46.925179],[13.8886419,46.9251699],[13.8889651,46.9252232],[13.8891211,46.925312],[13.8895557,46.925449],[13.8900535,46.92552],[13.8906776,46.9255885],[13.8913649,46.9257915],[13.892299,46.926001],[13.8927431,46.9262152],[13.89304,46.926541],[13.8934229,46.9266642],[13.8935529,46.9266439],[13.8944185,46.9268926],[13.8947714,46.9270473],[13.895376,46.927218],[13.8966396,46.9273246],[13.897011,46.927356],[13.8970783,46.9275649],[13.8970123,46.927831],[13.8973275,46.9286203],[13.897383,46.929073],[13.8977268,46.9296841],[13.8978398,46.9298778],[13.8981077,46.9304859],[13.8981024,46.9306599],[13.89818,46.930839],[13.8984176,46.9310545],[13.8985686,46.9314603],[13.8990848,46.931978],[13.899058,46.932137],[13.8997461,46.9326462],[13.8999988,46.9327894],[13.900125,46.932976],[13.9000257,46.9330592],[13.899972,46.9334025],[13.8997998,46.9337003],[13.9002593,46.9336721],[13.9006775,46.9334842],[13.901104,46.933391],[13.901529,46.933715],[13.9018358,46.9335913],[13.9023916,46.9335049],[13.9026228,46.9333978],[13.902833,46.933262],[13.9038361,46.933054],[13.9040563,46.9330859],[13.904798,46.932913],[13.9051843,46.9329863],[13.905779,46.93306],[13.9060786,46.9330371],[13.906311,46.932941],[13.9067004,46.9329938],[13.9069838,46.9330803],[13.9072919,46.9330502],[13.9079,46.9330615],[13.9081228,46.9330264],[13.9084983,46.933096],[13.9088899,46.933129],[13.909323,46.933168],[13.9097682,46.9330502],[13.909821,46.932992],[13.9104726,46.9330502],[13.9108028,46.933007],[13.9112155,46.9329938],[13.911467,46.933055],[13.911924,46.933274],[13.9118648,46.9333151],[13.9118978,46.9335782],[13.9120012,46.9337188],[13.9119318,46.9337952],[13.912052,46.934059],[13.912272,46.9342],[13.9122748,46.9343781],[13.9124151,46.9344537],[13.9124536,46.9345814],[13.9125582,46.9347317],[13.9130727,46.9353367],[13.9132708,46.9353893],[13.9133341,46.9356392],[13.913514,46.9357957],[13.913612,46.935963],[13.9139889,46.936169],[13.9142751,46.9363644],[13.9144127,46.936556],[13.914602,46.936735],[13.9149613,46.936877],[13.9151823,46.9370411],[13.915527,46.9371835],[13.9158153,46.9373963],[13.9161196,46.9375325],[13.9164521,46.9378472],[13.918734,46.939793],[13.9226219,46.9409349],[13.924889,46.941576],[13.925565,46.94198],[13.92759,46.942494],[13.9284521,46.9428977],[13.929202,46.943408],[13.934429,46.945618],[13.935624,46.945433],[13.936837,46.943964],[13.938133,46.942982],[13.9417208,46.9413596],[13.944523,46.941316],[13.9467183,46.9406317],[13.948077,46.94139],[13.950019,46.94214],[13.951141,46.942311],[13.951652,46.942621],[13.951595,46.943377],[13.950661,46.944161],[13.950878,46.944898],[13.950742,46.9454],[13.950227,46.945756],[13.949947,46.948407],[13.950895,46.950063],[13.95118,46.951444],[13.95031,46.953227],[13.950677,46.954515],[13.950976,46.954761],[13.950797,46.955437],[13.9506733,46.9554766],[13.949827,46.95674],[13.949672,46.957918],[13.949826,46.958195],[13.9502838,46.9582098],[13.9514865,46.9580465],[13.9518378,46.9577554],[13.9532283,46.9568313],[13.9538136,46.9563201],[13.9549669,46.9563158],[13.9554835,46.9565091],[13.9566433,46.9573963],[13.9577419,46.9579898],[13.9581625,46.9584496],[13.9585066,46.9587015],[13.958888,46.9588712],[13.9589433,46.9590613],[13.9592027,46.9591874],[13.9599011,46.9592176],[13.9605604,46.9594179],[13.9606223,46.959629],[13.9610325,46.9599874],[13.9614766,46.9601875],[13.9617843,46.9604725],[13.9619259,46.9607682],[13.96218,46.9609503],[13.9622435,46.9610695],[13.9625777,46.9613085],[13.9626463,46.9616704],[13.9628023,46.9617558],[13.9627969,46.9618803],[13.9629717,46.9621479],[13.9632949,46.9622187],[13.9637131,46.9626271],[13.9638644,46.962693],[13.9639574,46.9628321],[13.9644904,46.9630609],[13.9652387,46.9632079],[13.9654691,46.9633672],[13.9658484,46.9633959],[13.9662638,46.9633035],[13.9669344,46.9633375],[13.967582,46.96318],[13.9677215,46.9632312],[13.9678878,46.9631287],[13.9681655,46.9630457],[13.9686763,46.9630665],[13.9688319,46.9630225],[13.9690787,46.9630555],[13.9692885,46.9631333],[13.9694542,46.9630811],[13.9696394,46.9631067],[13.9700085,46.9632017],[13.9703038,46.9633891],[13.9708493,46.9634695],[13.9711972,46.9634104],[13.971235,46.9633238],[13.971403,46.9632936],[13.9716814,46.963402],[13.971919,46.9636191],[13.9720716,46.9639828],[13.9722127,46.9640889],[13.9728261,46.9642002],[13.9734028,46.9641807],[13.9736702,46.9642733],[13.9738416,46.9643719],[13.9739588,46.9645405],[13.9741796,46.964753],[13.9745041,46.9647219],[13.9745932,46.9647477],[13.9746444,46.9647626],[13.9747707,46.9647893],[13.9748252,46.9649742],[13.974988,46.9650102],[13.9751307,46.9649438],[13.9758337,46.9651105],[13.9760206,46.9653025],[13.9759801,46.9654016],[13.9760088,46.965494],[13.9761329,46.9655797],[13.9761338,46.965658],[13.9762301,46.965725],[13.9763479,46.9657193],[13.9764737,46.9657704],[13.9765713,46.9659529],[13.9768583,46.966058],[13.9769924,46.9659829],[13.9771195,46.9659333],[13.9773881,46.9659989],[13.9775412,46.9658943],[13.9777315,46.9659733],[13.977828,46.9659367],[13.9781173,46.9659793],[13.978425,46.966075],[13.9789574,46.9659666],[13.9791478,46.9660798],[13.9792818,46.9660648],[13.9794839,46.966151],[13.9796734,46.9661344],[13.9801931,46.9662304],[13.9804079,46.9662291],[13.9806032,46.9664155],[13.9808267,46.9665078],[13.9810672,46.9666591],[13.9813743,46.9666115],[13.981428,46.9665438],[13.9815704,46.966485],[13.9819103,46.9665151],[13.9821951,46.9664975],[13.9823973,46.9665698],[13.9825679,46.9666748],[13.9829834,46.9666148],[13.9832889,46.966625],[13.983375,46.9666922],[13.9833814,46.9668286],[13.9837527,46.9668705],[13.9839728,46.9668454],[13.9839998,46.9667494],[13.9840588,46.9667128],[13.9841661,46.9667311],[13.9842027,46.9667964],[13.9844691,46.9668831],[13.9852067,46.9666979],[13.9853875,46.9667649],[13.9855827,46.9667711],[13.9859234,46.9666984],[13.9861838,46.9665009],[13.9866508,46.9662816],[13.987537,46.9664048],[13.9877033,46.9663516],[13.9881855,46.9663814],[13.9883423,46.9663247],[13.9886418,46.9663874],[13.989057,46.9661488],[13.9892083,46.9661433],[13.9896251,46.966276],[13.9898871,46.9664112],[13.9903546,46.966239],[13.9903718,46.9661824],[13.9905392,46.9661464],[13.990909,46.9662403],[13.9911264,46.9662076],[13.9914093,46.9662908],[13.991711,46.9662115],[13.991817,46.9661466],[13.991974,46.9661527],[13.9921403,46.9662405],[13.9922637,46.9661673],[13.9925127,46.9661101],[13.992725,46.9662661],[13.9929204,46.9662961],[13.9930454,46.9664751],[13.9932383,46.9665996],[13.9938037,46.9667885],[13.9939705,46.966934],[13.9941374,46.9672194],[13.9944096,46.9673522],[13.994463,46.9677423],[13.994599,46.9680957],[13.9946813,46.9682175],[13.9949081,46.9681983],[13.9950359,46.9681428],[13.9951351,46.9681431],[13.9955849,46.9683681],[13.996053,46.9687029],[13.9962016,46.9688714],[13.9964443,46.9689415],[13.9970862,46.9688537],[13.9974316,46.9686782],[13.9977581,46.9686315],[13.9979407,46.9686952],[13.998019,46.9687629],[13.9980719,46.9690569],[13.9982513,46.969152],[13.998556,46.9691577],[13.9991027,46.9693036],[13.9993258,46.9693257],[13.9994771,46.9694961],[13.9996284,46.9696451],[14.0002555,46.9699658],[14.0003695,46.9699934],[14.0009241,46.9699748],[14.0016242,46.9700115],[14.0019029,46.970089],[14.0023546,46.9701043],[14.0033438,46.9702522],[14.003814,46.9703813],[14.0041761,46.9704821],[14.0052809,46.9705396],[14.0057572,46.9705061],[14.0060887,46.9705551],[14.0063234,46.9706847],[14.0064967,46.971093],[14.006648,46.9711952],[14.0069468,46.9712585],[14.0071372,46.9716674],[14.0076055,46.9723131],[14.0079016,46.9723934],[14.0080628,46.9723945],[14.0082651,46.9724542],[14.0086588,46.9726943],[14.008992,46.9730777],[14.0091902,46.9733843],[14.0093203,46.9736204],[14.0091969,46.9740329],[14.0092873,46.9745329],[14.0093012,46.9748621],[14.0092334,46.9750537],[14.0091293,46.9750889],[14.0085896,46.9756646],[14.0081567,46.9758972],[14.0078005,46.9760158],[14.007049,46.9760559],[14.0068537,46.9761234],[14.0067185,46.9762468],[14.0064766,46.976658],[14.0064433,46.9771126],[14.0063312,46.9773421],[14.0060032,46.9776029],[14.0057921,46.9778155],[14.0056671,46.9780305],[14.0056478,46.9782507],[14.0057301,46.9785316],[14.0059061,46.9786666],[14.0060828,46.9787591],[14.0062942,46.9787861],[14.0063921,46.9789358],[14.0067867,46.9795015],[14.0071962,46.9801244],[14.0074545,46.9802796],[14.0075921,46.9804437],[14.007679,46.9808057],[14.0075868,46.9811834],[14.0076171,46.9814136],[14.0080478,46.9818493],[14.0083413,46.9821],[14.0086468,46.9823417],[14.0089941,46.9827335],[14.0091164,46.9830297],[14.0091365,46.9831981],[14.0091805,46.9833953],[14.0093755,46.9835269],[14.009945,46.9837329],[14.0102885,46.9839249],[14.0104052,46.984211],[14.0106002,46.984468],[14.0108389,46.9846674],[14.0111871,46.9849431],[14.0114617,46.9851027],[14.0117329,46.9851243],[14.0122219,46.9851457],[14.012559,46.9851883],[14.0127497,46.985239],[14.0128788,46.9853287],[14.0129954,46.9854855],[14.0130035,46.9856247],[14.0130048,46.9858372],[14.0131604,46.9861813],[14.0134683,46.9864249],[14.0137427,46.9865347],[14.0140892,46.9867118],[14.0143105,46.9868389],[14.0145267,46.9870739],[14.0152721,46.9873871],[14.0155926,46.9874918],[14.0159011,46.987535],[14.016183,46.9875511],[14.0163571,46.987629],[14.0163764,46.9877456],[14.0164018,46.9878789],[14.0163383,46.9879358],[14.0162597,46.9880533],[14.0162701,46.9883589],[14.0163739,46.988866],[14.0164458,46.9890785],[14.0163991,46.989296],[14.0163712,46.9895246],[14.0162672,46.9896901],[14.0159555,46.9898133],[14.0156344,46.9899565],[14.0153303,46.9904789],[14.015172,46.9908307],[14.0150352,46.9912645],[14.0150105,46.9917429],[14.0148907,46.9921438],[14.0148612,46.9924103],[14.0148689,46.9926414],[14.0149709,46.9928683],[14.015496,46.993184],[14.0155819,46.9933595],[14.015706,46.9936495],[14.0159901,46.9942093],[14.0158442,46.9948743],[14.0157331,46.9952768],[14.0155577,46.9956569],[14.015665,46.9964767],[14.0155607,46.9967899],[14.015636,46.9972836],[14.0155486,46.9977005],[14.0152973,46.997807],[14.0150186,46.9978326],[14.0147919,46.9979314],[14.0147131,46.9982323],[14.0147088,46.9985164],[14.014819,46.9988188],[14.0147996,46.9990206],[14.0146991,46.9993162],[14.0145664,46.999408],[14.0144941,46.9997718],[14.0144822,47.0003126],[14.014535,47.0004141],[14.0145273,47.0005416],[14.014467,47.000741],[14.014571,47.0006003],[14.0145127,47.0008359],[14.0146541,47.0013823],[14.0146413,47.0016712],[14.0145877,47.0017827],[14.0146251,47.0018716],[14.0145743,47.0019492],[14.0144697,47.0020114],[14.0143947,47.0020943],[14.0137893,47.0021817],[14.0132829,47.0021637],[14.0129168,47.0022656],[14.0127397,47.0024156],[14.0125185,47.0025415],[14.0123093,47.00276],[14.0121784,47.0030587],[14.0123983,47.0037906],[14.0125716,47.003883],[14.0128878,47.0036741],[14.0131294,47.003672],[14.0133108,47.0038274],[14.0143435,47.00394],[14.0145342,47.0038619],[14.0148649,47.0038689],[14.0156224,47.0040567],[14.0158021,47.00409],[14.0161832,47.0040037],[14.0163936,47.0038908],[14.0164986,47.0038431],[14.0169002,47.0037282],[14.0170056,47.0037348],[14.0171295,47.0038114],[14.0174248,47.0038725],[14.0176911,47.0039141],[14.0180034,47.0040325],[14.0180527,47.0040823],[14.0180707,47.0041498],[14.0181803,47.0042538],[14.0182936,47.0043153],[14.0184419,47.0043812],[14.0188446,47.0045187],[14.0190647,47.0045223],[14.0194099,47.0046468],[14.0197599,47.0048073],[14.0200527,47.0049242],[14.0206334,47.0049256],[14.0208621,47.0048536],[14.0212636,47.0050008],[14.0214924,47.0050733],[14.0218024,47.0050433],[14.0221678,47.0051673],[14.0230253,47.0055142],[14.0234685,47.0057211],[14.0238064,47.0057629],[14.0240264,47.0057629],[14.024265,47.0058484],[14.0246648,47.0058717],[14.0247564,47.0059068],[14.0248107,47.0059303],[14.0248654,47.0060623],[14.0249964,47.0062355],[14.0250955,47.0062749],[14.0254166,47.0063158],[14.0256035,47.0063958],[14.0258362,47.0063905],[14.0260682,47.0064733],[14.0261726,47.0065227],[14.0262058,47.0065955],[14.0264805,47.0067198],[14.026814,47.0067922],[14.0270207,47.0067402],[14.027137,47.0067438],[14.0274087,47.0067684],[14.0278201,47.006873],[14.0293629,47.006953],[14.0297139,47.0069372],[14.0298473,47.0068654],[14.0299368,47.0068539],[14.0304319,47.0067918],[14.030558,47.0068045],[14.0306449,47.0067881],[14.0307272,47.0067568],[14.0308733,47.0066595],[14.0310146,47.0066687],[14.0311762,47.0067149],[14.0312816,47.006729],[14.0313986,47.0067046],[14.0317714,47.0065308],[14.0319563,47.0064119],[14.0320655,47.0062729],[14.0323521,47.0061155],[14.0325087,47.0060947],[14.0326901,47.0061066],[14.0331278,47.0059048],[14.0333093,47.0058813],[14.0335347,47.0057704],[14.0336477,47.0056644],[14.0337274,47.0055589],[14.0340448,47.0054138],[14.0341457,47.0053856],[14.0345079,47.0053207],[14.0347002,47.0053859],[14.0349038,47.0054197],[14.03501,47.0054209],[14.0355455,47.0053249],[14.0357215,47.0052114],[14.0361024,47.0049757],[14.0364214,47.0048486],[14.0367116,47.0047623],[14.03703,47.004761],[14.0371048,47.0047972],[14.0373516,47.0047752],[14.0374659,47.0047338],[14.037843,47.0047073],[14.0379454,47.0047237],[14.0380318,47.0047779],[14.0381351,47.0048167],[14.0384352,47.0047862],[14.0385425,47.004713],[14.0386873,47.0047021],[14.0388095,47.0047584],[14.0396004,47.0046277],[14.0407757,47.0044315],[14.0409075,47.0043624],[14.0413311,47.0042473],[14.0421671,47.0042013],[14.0424934,47.0040384],[14.0427993,47.0039733],[14.0435664,47.0041718],[14.0440244,47.0041645],[14.0447546,47.0042914],[14.0455686,47.0042659],[14.0460444,47.0042626],[14.0465344,47.0042314],[14.0474285,47.0040736],[14.0479119,47.004073],[14.0484145,47.0039912],[14.0489889,47.0039941],[14.049474,47.0041653],[14.049958,47.004338],[14.0504565,47.0046766],[14.0508836,47.0049404],[14.051391,47.0051393],[14.052394,47.0052964],[14.0526114,47.0054757],[14.0532513,47.0057235],[14.0538759,47.0059169],[14.0546485,47.0060711],[14.0557658,47.0064932],[14.0560997,47.006734],[14.0564751,47.0070279],[14.0572358,47.0072389],[14.0582201,47.0075073],[14.0587937,47.0076383],[14.0593196,47.0079402],[14.0607701,47.0081032],[14.0611889,47.0082381],[14.0613248,47.0083167],[14.0615677,47.0083608],[14.0621227,47.0084027],[14.0629418,47.0082971],[14.0635035,47.0084177],[14.0643484,47.0087238],[14.0648103,47.0090796],[14.0652914,47.009496],[14.066279,47.0098367],[14.0671138,47.0100994],[14.0674286,47.010137],[14.0679787,47.0104028],[14.0686887,47.0109907],[14.069467,47.0115698],[14.0698997,47.0117789],[14.0703204,47.0118741],[14.0704603,47.0118873],[14.070653,47.0120036],[14.071086,47.0119802],[14.0716906,47.0122512],[14.0720095,47.0124969],[14.07232,47.0126601],[14.0726269,47.013308],[14.072817,47.0137004],[14.0730176,47.0143436],[14.0732813,47.0150608],[14.0736325,47.0158399],[14.0739183,47.0162783],[14.0741908,47.0168184],[14.0745644,47.0177719],[14.0748461,47.0188957],[14.0751257,47.0193155],[14.0762927,47.0202008],[14.0773694,47.0210156],[14.0791469,47.0220264],[14.0795961,47.0222276],[14.0801414,47.0227356],[14.080619,47.0235503],[14.080855,47.0239517],[14.0816554,47.0245288],[14.0824998,47.0250685],[14.0830017,47.0253901],[14.0840705,47.0260137],[14.0848302,47.0265071],[14.0854077,47.0271132],[14.0866726,47.02807],[14.0874883,47.0286901],[14.0881101,47.028882],[14.0891333,47.0291945],[14.0912215,47.0292067],[14.0920612,47.0293797],[14.0932521,47.0296216],[14.0936941,47.0303325],[14.0945501,47.0316235],[14.0948053,47.0326521],[14.0951328,47.0330403],[14.0951524,47.0333695],[14.0956306,47.0336639],[14.0959383,47.033906],[14.0967446,47.0342943],[14.0971445,47.034217],[14.0976337,47.0343142],[14.0981327,47.0343],[14.0989715,47.0345954],[14.1000883,47.0347649],[14.1005942,47.0348464],[14.1015854,47.0349644],[14.1016678,47.0350793],[14.1018738,47.0355047],[14.1018115,47.0365341],[14.1017423,47.0377558],[14.101802,47.0381056],[14.1033664,47.0380353],[14.1044837,47.0382699],[14.1050758,47.0385808],[14.1054764,47.0387347],[14.1063001,47.0388542],[14.1075509,47.0395667],[14.1087457,47.0398863],[14.1087863,47.0400598],[14.1101807,47.0405877],[14.1112659,47.0408856],[14.1130433,47.0409647],[14.1144721,47.0407473],[14.1159637,47.0409009],[14.1175003,47.0405687],[14.1179434,47.0404241],[14.1188201,47.0399498],[14.1194468,47.0407448],[14.1199371,47.0410495],[14.1211603,47.0417877],[14.1219968,47.0420996],[14.1226657,47.0421468],[14.123482,47.0422121],[14.1236124,47.0426858],[14.1238936,47.043072],[14.1239502,47.0435098],[14.1244995,47.0439034],[14.1251234,47.0443533],[14.1253151,47.0446582],[14.1255224,47.0449947],[14.1257484,47.0453401],[14.1254835,47.0458517],[14.1251634,47.0464862],[14.1247875,47.0468824],[14.1241107,47.0477641],[14.123665,47.0483494],[14.1235785,47.0487328],[14.1234862,47.049196],[14.1237214,47.0501364],[14.1246067,47.0510634],[14.124757,47.0516457],[14.1248021,47.0522504],[14.1248522,47.0529236],[14.1246485,47.0534709],[14.1244723,47.053943],[14.1240053,47.0544873],[14.123575,47.0551662],[14.1236363,47.0554495],[14.123609,47.0556861],[14.1234992,47.0557914],[14.1249023,47.0574618],[14.1252623,47.0580259],[14.1253655,47.0581275],[14.1262906,47.0587248],[14.1266335,47.0589048],[14.1270292,47.0591395],[14.1272299,47.0592997],[14.1273698,47.059424],[14.1274937,47.0596203],[14.1278481,47.0600391],[14.1280883,47.0603684],[14.128376,47.0607596],[14.1285177,47.060852],[14.1285823,47.0607976],[14.1288009,47.0608115],[14.1288957,47.0609189],[14.1291581,47.0610133],[14.1293542,47.0609996],[14.1295715,47.0611128],[14.1298436,47.0613107],[14.1299696,47.0613033],[14.1301465,47.0612361],[14.1302486,47.0611491],[14.1303548,47.0612307],[14.1304084,47.0614881],[14.1305979,47.0616616],[14.1309839,47.0620052],[14.1311859,47.0618983],[14.1317745,47.0618872],[14.1321052,47.0620486],[14.1322868,47.0622174],[14.132402,47.0622808],[14.1325621,47.0623395],[14.1327937,47.062327],[14.1329471,47.0623491],[14.1333459,47.0623201],[14.1334801,47.0622686],[14.1344735,47.0617046],[14.1346913,47.0615212],[14.1350857,47.0615093],[14.1354243,47.0612117],[14.1355687,47.0612024],[14.1356385,47.0610379],[14.135805,47.0609278],[14.1358952,47.060888],[14.1361455,47.0605859],[14.1362876,47.06021],[14.1363796,47.0598934],[14.1369776,47.0594261],[14.1372054,47.0591537],[14.1373639,47.0591531],[14.137795,47.0592436],[14.1378862,47.0593094],[14.1383566,47.0593631],[14.1384123,47.0596679],[14.1388035,47.0599854],[14.138833,47.0600932],[14.1389215,47.0600978],[14.1397169,47.0605447],[14.1402291,47.0603016],[14.14028,47.0599755],[14.1401647,47.0598177],[14.1402682,47.0596666],[14.1414528,47.0597077],[14.1422099,47.0597156],[14.1424966,47.0596377],[14.1436252,47.059458],[14.1442299,47.0593935],[14.1443192,47.0594247],[14.1447,47.0594017],[14.1456154,47.0590644],[14.1459125,47.0590154],[14.146515,47.0589879],[14.1477464,47.0586521],[14.1487224,47.0582477],[14.1499141,47.0580141],[14.1502698,47.0576359],[14.1505384,47.0574656],[14.1508711,47.057001],[14.1511813,47.0567552],[14.1512586,47.056535],[14.1513684,47.0563564],[14.1519621,47.0561291],[14.1519645,47.0560424],[14.1524127,47.0557735],[14.1527213,47.0555299],[14.1530779,47.0551389],[14.1534119,47.0549723],[14.1536602,47.0549604],[14.1536817,47.0549056],[14.1538931,47.0548749],[14.15424,47.0548848],[14.1546755,47.0548743],[14.1549905,47.0546747],[14.1562958,47.0542144],[14.1563091,47.0541285],[14.1563682,47.0540611],[14.1572032,47.0538318],[14.1575431,47.0538011],[14.1578217,47.0537268],[14.158,47.0536081],[14.1582656,47.0535709],[14.1585687,47.0534455],[14.1589174,47.0533596],[14.1590273,47.0532773],[14.1592868,47.0531779],[14.1595272,47.0531594],[14.1604728,47.0527799],[14.1607094,47.0526604],[14.1611003,47.0525855],[14.1614051,47.0525035],[14.1615808,47.0524244],[14.1618327,47.0523891],[14.1621923,47.0524349],[14.1624498,47.0523949],[14.1626266,47.0525378],[14.1627885,47.052703],[14.1630941,47.0530464],[14.1630391,47.0531988],[14.1630965,47.0532907],[14.1632443,47.053308],[14.1633575,47.0533922],[14.1634883,47.0535901],[14.1638207,47.0536392],[14.1639733,47.0537397],[14.1642594,47.0537456],[14.1646762,47.053868],[14.1648125,47.0540661],[14.165234,47.0542587],[14.1653573,47.0543756],[14.1655505,47.0543976],[14.1657489,47.0545364],[14.1659572,47.0545936],[14.1663699,47.0548059],[14.1665816,47.0550591],[14.166695,47.0551288],[14.1670614,47.0551628],[14.1672019,47.0551451],[14.1673433,47.0551686],[14.1674752,47.0553649],[14.1679993,47.0556257],[14.1684161,47.0559115],[14.1687447,47.0562093],[14.1689205,47.0565371],[14.1691902,47.0569543],[14.1694441,47.0570949],[14.1696426,47.0573556],[14.1702422,47.0576901],[14.1705748,47.057837],[14.1711708,47.0578474],[14.1715665,47.0577821],[14.1716895,47.0578059],[14.1718795,47.0581014],[14.1718749,47.0582421],[14.1718309,47.0583421],[14.1718714,47.0583974],[14.1721452,47.0584059],[14.1722449,47.0584798],[14.1723642,47.0586755],[14.1723271,47.0588513],[14.1723413,47.0589716],[14.1727513,47.0599226],[14.1729031,47.0601384],[14.1729792,47.0602132],[14.1732142,47.0602166],[14.1735044,47.0603583],[14.1736608,47.0605143],[14.1737449,47.0606629],[14.1741321,47.0610776],[14.1742399,47.0613914],[14.1743214,47.0618919],[14.1742615,47.0621095],[14.1743398,47.0622489],[14.174497,47.062255],[14.1748824,47.0621779],[14.1754623,47.0622754],[14.1762207,47.062472],[14.1764596,47.0626662],[14.1767258,47.0630988],[14.1768557,47.0632379],[14.1773551,47.0634223],[14.1775202,47.0636659],[14.1778421,47.063854],[14.1779047,47.0639704],[14.1781692,47.0640844],[14.1782869,47.0642372],[14.1784079,47.0644549],[14.1785554,47.0645185],[14.1787886,47.064725],[14.1791001,47.0648084],[14.1797567,47.0648487],[14.1803316,47.0647375],[14.1805262,47.0647769],[14.1806549,47.0648541],[14.1808771,47.0648651],[14.1811244,47.064848],[14.1813628,47.0649063],[14.1816038,47.0649884],[14.1818583,47.0650166],[14.1820946,47.0650256],[14.1827072,47.0652792],[14.1829276,47.0652631],[14.1830641,47.065238],[14.183252,47.0652289],[14.1836143,47.0653111],[14.1839319,47.0654315],[14.1841771,47.0659239],[14.1843128,47.0660622],[14.1845229,47.0661795],[14.1847732,47.066194],[14.1849145,47.0662157],[14.1851175,47.0662693],[14.1852223,47.0664013],[14.1851739,47.0665372],[14.1850036,47.0667709],[14.1851704,47.066882],[14.1853387,47.0668925],[14.185691,47.0668713],[14.1858478,47.0668988],[14.1861575,47.0671214],[14.1863431,47.0671513],[14.1865183,47.0672918],[14.1866863,47.0674938],[14.1868559,47.0677734],[14.1869175,47.0679579],[14.1870198,47.0680229],[14.1871771,47.0680961],[14.1874506,47.0681706],[14.1876491,47.0681593],[14.1878525,47.0680853],[14.1880177,47.0680489],[14.1881618,47.0680894],[14.1884689,47.0683342],[14.1885133,47.0684579],[14.1884889,47.0685982],[14.1883876,47.0687458],[14.1884859,47.0689293],[14.18862,47.0690266],[14.1887555,47.0690206],[14.1890725,47.0691378],[14.1892165,47.0692286],[14.1893104,47.0696898],[14.1894559,47.0698514],[14.1896063,47.0702058],[14.1898041,47.0703317],[14.1899291,47.0702988],[14.1902023,47.0703173],[14.1904457,47.0703668],[14.1906826,47.0706653],[14.1907702,47.0709601],[14.1909443,47.0710426],[14.1909622,47.0711067],[14.1915,47.0713829],[14.1918312,47.0716093],[14.1921595,47.071672],[14.1924959,47.0716565],[14.1927176,47.0717775],[14.1927567,47.0718584],[14.1931424,47.0720221],[14.1934265,47.0721194],[14.1938117,47.0724086],[14.1941118,47.0724036],[14.194525,47.072282],[14.1947253,47.0722809],[14.195034,47.0724874],[14.1955566,47.072711],[14.1957295,47.0727479],[14.1966645,47.0726433],[14.1968383,47.0726549],[14.1969312,47.0728369],[14.1969979,47.0729397],[14.1974185,47.0734067],[14.1976206,47.073513],[14.1977776,47.0735185],[14.1980613,47.0735199],[14.1986972,47.0735904],[14.1989379,47.0737169],[14.1991866,47.0738816],[14.1995162,47.0741913],[14.1996097,47.0743559],[14.1998886,47.0745338],[14.200466,47.074745],[14.200705,47.0748021],[14.2008978,47.074916],[14.2011209,47.0750869],[14.2012917,47.0751895],[14.2015171,47.075269],[14.2019035,47.0755235],[14.2019998,47.0756319],[14.2022856,47.0758326],[14.2024239,47.075897],[14.2025702,47.07618],[14.2027764,47.0764878],[14.2028436,47.0767575],[14.2029157,47.0769365],[14.203118,47.0771741],[14.2032951,47.0772215],[14.2033409,47.0771145],[14.2034151,47.0770144],[14.2039313,47.0767573],[14.2041279,47.0764816],[14.2040333,47.0762635],[14.2042596,47.0760781],[14.2044158,47.0759058],[14.204288,47.075755],[14.2040332,47.0754754],[14.2037937,47.075198],[14.2038762,47.0748566],[14.2041299,47.0747374],[14.2048114,47.0745257],[14.2049607,47.0738316],[14.2049209,47.0735625],[14.2048755,47.0734839],[14.2048672,47.0734168],[14.2051293,47.073164],[14.205247,47.072826],[14.205214,47.0726817],[14.2047849,47.0724471],[14.2043278,47.0716551],[14.204183,47.0714881],[14.2041707,47.0714089],[14.2044685,47.0712671],[14.2046879,47.0712795],[14.2048534,47.0711873],[14.2050184,47.070932],[14.2050304,47.0708079],[14.2052968,47.0705381],[14.2054125,47.0703749],[14.205429,47.0701784],[14.2055869,47.0699748],[14.2058225,47.0697191],[14.206009,47.0696073],[14.2064151,47.0694274],[14.2065659,47.0691827],[14.2066982,47.0690933],[14.2069557,47.0687754],[14.2073025,47.0684124],[14.20746,47.0681765],[14.2075219,47.0679374],[14.2076156,47.0678656],[14.2076921,47.0677317],[14.2078914,47.0678128],[14.2080525,47.0678215],[14.208108,47.067541],[14.2081047,47.0674033],[14.2081382,47.0670865],[14.2082925,47.0670279],[14.2085145,47.0670626],[14.2087448,47.0671181],[14.2089078,47.0670981],[14.2089701,47.0669611],[14.2091834,47.066923],[14.2092906,47.0668206],[14.2094226,47.0668377],[14.2094954,47.0667698],[14.2094963,47.0666034],[14.2095441,47.0664394],[14.2096358,47.0662738],[14.2098253,47.0660338],[14.2105688,47.0657229],[14.2109831,47.0654036],[14.2112638,47.0650696],[14.2113397,47.0648494],[14.2115668,47.064686],[14.2121725,47.0645013],[14.2126837,47.0643675],[14.2128857,47.0642191],[14.2133016,47.0639451],[14.2135914,47.0637141],[14.2138234,47.0634671],[14.214114,47.0630696],[14.2143038,47.0629663],[14.2143952,47.0628812],[14.2144646,47.06275],[14.2152156,47.0624239],[14.2158671,47.0621065],[14.2160754,47.0619115],[14.2164866,47.0616679],[14.2161654,47.0613427],[14.2159462,47.0611352],[14.2156034,47.060848],[14.21534,47.0602752],[14.215324,47.0601556],[14.2154896,47.0591846],[14.2154713,47.0587229],[14.2155527,47.0585799],[14.2157076,47.0584753],[14.2158261,47.0583888],[14.2159084,47.0583164],[14.2159867,47.0581856],[14.216035,47.0580467],[14.2161863,47.0577973],[14.2162185,47.0576413],[14.2162311,47.0574753],[14.2162606,47.0573671],[14.2169383,47.0570864],[14.2170162,47.0570651],[14.2175362,47.0570296],[14.2177933,47.056846],[14.2179297,47.0565709],[14.2181116,47.0564051],[14.2183907,47.0561692],[14.2184912,47.0560012],[14.2185807,47.0558005],[14.2186903,47.0556656],[14.2190479,47.0554481],[14.2192644,47.0552765],[14.2193671,47.0551431],[14.2194233,47.0549494],[14.2194649,47.0546855],[14.2195117,47.0545277],[14.219651,47.054344],[14.2197327,47.054171],[14.2198177,47.0538484],[14.2197688,47.0536728],[14.2197808,47.0535448],[14.2199416,47.0534921],[14.2200141,47.0533815],[14.2203008,47.0531653],[14.2204865,47.0528242],[14.2207674,47.052587],[14.2209329,47.0525111],[14.221122,47.0523249],[14.2211515,47.0522048],[14.2210558,47.051999],[14.2210357,47.0518122],[14.2210411,47.0517228],[14.2212362,47.0514573],[14.2215742,47.0510712],[14.2217846,47.0509318],[14.2222268,47.0504618],[14.2222931,47.0502226],[14.2222564,47.0501304],[14.2222827,47.0497861],[14.222402,47.0496702],[14.2225215,47.0493817],[14.2225698,47.0488317],[14.2226452,47.0485752],[14.2227813,47.0483504],[14.2228754,47.0481417],[14.2228953,47.0478255],[14.2226585,47.0474614],[14.2226399,47.0471628],[14.2227207,47.0468771],[14.2226332,47.0466927],[14.2226574,47.0465175],[14.2225233,47.0461042],[14.2226012,47.0457899],[14.2226908,47.0457331],[14.2226328,47.0454861],[14.2224879,47.0453554],[14.2224551,47.0452137],[14.2226386,47.0450172],[14.2226302,47.0448937],[14.2224433,47.0448093],[14.2225048,47.0446498],[14.2227062,47.0445936],[14.2227943,47.044452],[14.2226922,47.0443879],[14.2226762,47.0443112],[14.222762,47.0442326],[14.2227145,47.0439947],[14.22263,47.0438616],[14.222664,47.043735],[14.2227727,47.0435819],[14.2226386,47.0434796],[14.2226117,47.0433737],[14.2227083,47.0432127],[14.2226159,47.0430412],[14.2227682,47.0429105],[14.2228036,47.0428141],[14.222698,47.0425272],[14.2226019,47.0424562],[14.2225171,47.0424324],[14.2225159,47.0422099],[14.2226654,47.0421763],[14.2226681,47.0420575],[14.2229471,47.0418364],[14.2229434,47.0417964],[14.2230896,47.0417475],[14.2231954,47.0416984],[14.2231978,47.0416158],[14.2230998,47.0413034],[14.2232961,47.041251],[14.2233467,47.0411838],[14.2234301,47.0411438],[14.2234325,47.0410685],[14.2233039,47.0408638],[14.2232956,47.0407656],[14.2235009,47.0406658],[14.2235874,47.0405743],[14.2235162,47.0403562],[14.2234282,47.0402777],[14.223437,47.0401542],[14.2235767,47.0400279],[14.2236145,47.0398835],[14.2235675,47.0396762],[14.2236426,47.0393767],[14.2235687,47.0392504],[14.2233969,47.0390509],[14.2232797,47.0389849],[14.2233923,47.0388258],[14.2233467,47.0386467],[14.2232696,47.0386242],[14.2232957,47.038495],[14.2234693,47.0383931],[14.2235134,47.0382607],[14.2233742,47.038092],[14.2234155,47.0380211],[14.2235693,47.0379616],[14.223693,47.0379578],[14.2237747,47.0379321],[14.224001,47.0375773],[14.2240678,47.0373453],[14.2240771,47.0371942],[14.2241322,47.0370712],[14.2242562,47.0370422],[14.2243524,47.0369055],[14.2244569,47.0366815],[14.2244515,47.036486],[14.2244085,47.0362773],[14.2243379,47.0360714],[14.2243256,47.0359742],[14.2244767,47.0358462],[14.2244575,47.035716],[14.2244181,47.0356172],[14.2244589,47.0354664],[14.2245392,47.0354038],[14.2246315,47.0354367],[14.2247173,47.0354221],[14.2247173,47.03536],[14.2248011,47.0352819],[14.2250015,47.0352507],[14.2254024,47.0350657],[14.2257293,47.0347059],[14.2258634,47.0346231],[14.2260551,47.034337],[14.2261078,47.0340844],[14.2261221,47.0339565],[14.2264527,47.0338171],[14.2266575,47.0336723],[14.2270586,47.0335229],[14.2274136,47.033503],[14.2276409,47.0334482],[14.2282554,47.0331275],[14.2288439,47.032813],[14.2291165,47.0325812],[14.229532,47.0323047],[14.2299067,47.0322452],[14.2301201,47.0319475],[14.2305415,47.0317745],[14.2306608,47.0315092],[14.2308649,47.0312887],[14.2310189,47.0310218],[14.231101,47.031031],[14.2316585,47.0301818],[14.231695,47.0300451],[14.2317118,47.0298985],[14.2321945,47.0294278],[14.232353,47.029129],[14.2324676,47.0288566],[14.2325115,47.0286474],[14.232831,47.0284477],[14.2330368,47.0282685],[14.2332057,47.0281771],[14.2343711,47.0266156],[14.2345146,47.0264425],[14.235019,47.0258217],[14.2350423,47.0258223],[14.2351225,47.0258299],[14.2363331,47.0258283],[14.2363015,47.0266253],[14.2361369,47.0266652],[14.2358884,47.0268042],[14.235817,47.0269295],[14.2358027,47.0272597],[14.2358941,47.0274695],[14.2358192,47.0276252],[14.2358958,47.028041],[14.2363492,47.02817],[14.2368909,47.0283031],[14.2371797,47.0283443],[14.2373558,47.0283504],[14.2377036,47.0283541],[14.2383554,47.0283309],[14.2385211,47.0282821],[14.2390248,47.0282585],[14.2392522,47.0283508],[14.2394829,47.0283617],[14.2397772,47.028404],[14.2401264,47.0286296],[14.2402452,47.02874],[14.2405021,47.0288151],[14.2405692,47.0289175],[14.240775,47.029037],[14.2410244,47.0291273],[14.2411577,47.0292205],[14.2413608,47.0294792],[14.2414999,47.0295081],[14.2415762,47.0296472],[14.242023,47.0299037],[14.2422435,47.0301738],[14.2425814,47.0304259],[14.243033,47.030993],[14.2434963,47.0315396],[14.2440183,47.0317369],[14.2443568,47.0317385],[14.2444644,47.0319449],[14.2450727,47.032157],[14.2455002,47.0325963],[14.2459063,47.0331429],[14.2469355,47.0336583],[14.248154,47.0342679],[14.2502343,47.0347288],[14.2509078,47.0343398],[14.2524136,47.0334636],[14.2529989,47.0329919],[14.2537152,47.03229],[14.2555797,47.0304628],[14.2557388,47.0300516],[14.255743,47.0297343],[14.255805,47.0296644],[14.2567215,47.029403],[14.2571445,47.0292322],[14.2578944,47.0287967],[14.2585218,47.0285819],[14.2590355,47.0283175],[14.2594112,47.0280557],[14.2598224,47.0278371],[14.259938,47.0278165],[14.2604439,47.0278266],[14.2608363,47.0275739],[14.2610426,47.0273564],[14.2615972,47.0269308],[14.2620926,47.0266978],[14.262852,47.0264243],[14.2636277,47.0262398],[14.2641314,47.0260813],[14.2648368,47.0259065],[14.2650208,47.02621],[14.2652461,47.0268702],[14.2653043,47.0272222],[14.2660079,47.0274427],[14.2664349,47.0275253],[14.2670073,47.0276926],[14.2671985,47.0277979],[14.2676467,47.0283541],[14.2677086,47.0285239],[14.2677899,47.0286258],[14.2679745,47.0287614],[14.2685578,47.0287859],[14.2687088,47.0287728],[14.2691865,47.0289216],[14.2702476,47.0292183],[14.2706374,47.0293894],[14.270886,47.0292097],[14.2711188,47.0291638],[14.271434,47.0291276],[14.2715394,47.0289881],[14.2716507,47.0289827],[14.2717223,47.0291794],[14.2719213,47.0291578],[14.2727582,47.0287594],[14.2730497,47.0287278],[14.2737203,47.0283307],[14.2736998,47.0281789],[14.273726,47.0281134],[14.2736551,47.0276147],[14.2738826,47.0273774],[14.2745164,47.0268624],[14.2747995,47.0266888],[14.2750206,47.0265075],[14.2753031,47.0265717],[14.2755988,47.0267437],[14.275795,47.026805],[14.2761598,47.0270395],[14.276625,47.027045],[14.2769092,47.0270439],[14.2771414,47.0269966],[14.2771491,47.02691],[14.2772509,47.026826],[14.2773515,47.0264212],[14.2774121,47.0262795],[14.2775486,47.0261809],[14.2779346,47.0260749],[14.2785287,47.026159],[14.2790262,47.0263674],[14.2791393,47.0264639],[14.2794143,47.0265901],[14.2793419,47.0268028],[14.2795235,47.0270006],[14.280164,47.0273785],[14.2804052,47.0273893],[14.2805004,47.0273692],[14.2809622,47.0277107],[14.2811886,47.0279524],[14.2813243,47.0280027],[14.2815687,47.0276745],[14.2818071,47.0277551],[14.2818171,47.0280157],[14.2821188,47.0286157],[14.282283,47.028762],[14.2830603,47.029005],[14.2833583,47.0289152],[14.2836079,47.0287841],[14.2837742,47.0287895],[14.2838718,47.0286922],[14.2842337,47.0284543],[14.2843428,47.0284531],[14.2842922,47.0282965],[14.2844011,47.0282449],[14.2844823,47.0282703],[14.2845252,47.0283325],[14.2848936,47.0282663],[14.2850333,47.0284537],[14.2854686,47.0286199],[14.2858906,47.0281276],[14.2860472,47.0278879],[14.2867896,47.0279151],[14.2870653,47.0279038],[14.2870384,47.0278059],[14.2873408,47.0276899],[14.2873075,47.0275332],[14.2872324,47.0274253],[14.2872563,47.0271414],[14.2873979,47.0270597],[14.2876409,47.0267229],[14.287609,47.0266366],[14.2877036,47.0265042],[14.2877394,47.0263354],[14.2881471,47.0260252],[14.2887699,47.0260453],[14.2892289,47.0259394],[14.2896317,47.0257407],[14.2898219,47.0257434],[14.2900103,47.0258661],[14.2903268,47.025877],[14.2907104,47.0260251],[14.2909304,47.0260579],[14.2909881,47.026163],[14.2909776,47.0265027],[14.2910297,47.0267238],[14.2919336,47.0268574],[14.292032,47.0268384],[14.2926578,47.0269194],[14.2931014,47.0269452],[14.2932089,47.0268838],[14.2935241,47.0268031],[14.2941601,47.0268571],[14.2949704,47.0268962],[14.2955891,47.0270279],[14.2956617,47.0271148],[14.2957476,47.0271532],[14.2957991,47.0272284],[14.295866,47.0273555],[14.2962813,47.027486],[14.2965276,47.0276721],[14.2967983,47.0276786],[14.2970806,47.0275957],[14.2973224,47.0276412],[14.2974771,47.0275498],[14.2977081,47.0274591],[14.2978816,47.027433],[14.2982392,47.0272644],[14.2983491,47.0270657],[14.2987206,47.0268618],[14.2988655,47.0269585],[14.2994314,47.0272242],[14.2998316,47.0273434],[14.3000826,47.0273213],[14.3005177,47.0276515],[14.3006789,47.0279254],[14.3014731,47.0282442],[14.3020179,47.028385],[14.3021699,47.0283923],[14.3023244,47.0284726],[14.3024441,47.0285654],[14.3024964,47.0286848],[14.3030154,47.0288647],[14.3033619,47.028841],[14.303676,47.0287742],[14.3052682,47.028149],[14.3057338,47.0275891],[14.307195,47.0278379],[14.3074442,47.0278703],[14.3075132,47.0279442],[14.3080888,47.0282669],[14.309241,47.0287653],[14.3098488,47.0291167],[14.3102556,47.0290711],[14.3106611,47.0290549],[14.3110325,47.0289019],[14.3112425,47.0287638],[14.3119659,47.0284868],[14.3130031,47.0287104],[14.313451,47.0287885],[14.3135109,47.0287384],[14.3136133,47.0285806],[14.3140232,47.0285718],[14.3142629,47.0284952],[14.314683,47.0284219],[14.3153645,47.0281983],[14.3157808,47.02825],[14.3158615,47.0281643],[14.3162609,47.0281051],[14.3185801,47.0279663],[14.3188391,47.0279539],[14.3191435,47.0279981],[14.3193141,47.0280735],[14.3194992,47.0282137],[14.3200136,47.0284629],[14.320586,47.0286148],[14.3211409,47.0286305],[14.3214344,47.0286607],[14.3222087,47.0285419],[14.3225939,47.0286108],[14.3230292,47.0287322],[14.3235407,47.0289534],[14.324402,47.0290836],[14.3247761,47.0291971],[14.3250562,47.0291823],[14.3251795,47.0291596],[14.3257334,47.0291938],[14.3261977,47.0292256],[14.3263128,47.0292883],[14.326821,47.0295158],[14.3274996,47.0296141],[14.3278966,47.0297467],[14.3280653,47.0296524],[14.3282893,47.0296924],[14.3283617,47.029773],[14.3285226,47.0297944],[14.3286914,47.0296388],[14.3287219,47.0294536],[14.3291948,47.0292699],[14.3300011,47.0293192],[14.3302146,47.0291304],[14.3303224,47.0290507],[14.3303986,47.0287901],[14.3307644,47.0285203],[14.3311268,47.0285907],[14.3312439,47.0284623],[14.3314669,47.0284369],[14.331807,47.0279901],[14.3318942,47.0277111],[14.332524,47.0271745],[14.3326495,47.0271924],[14.3328276,47.0271395],[14.3332044,47.026798],[14.3334815,47.0264281],[14.3339369,47.0259136],[14.3345034,47.0256004],[14.3350755,47.0253856],[14.3360615,47.0248824],[14.3368716,47.0246005],[14.3372766,47.0243536],[14.3376467,47.0242008],[14.3382116,47.0241163],[14.3395634,47.0239448],[14.3403085,47.0238325],[14.341014,47.0237927],[14.342008,47.0246396],[14.3427086,47.0250836],[14.3429752,47.0253114],[14.3434317,47.0255739],[14.3441843,47.0258175],[14.3446135,47.0259272],[14.3459283,47.0259926],[14.347668,47.0258928],[14.3480762,47.0258017],[14.3485563,47.0256635],[14.3491837,47.0257891],[14.3495002,47.0257785],[14.3498119,47.0256593],[14.3502555,47.0256237],[14.3513051,47.0255823],[14.3516782,47.0255533],[14.3520054,47.0254935],[14.3529495,47.0252381],[14.353288,47.0253028],[14.3539256,47.0252935],[14.354418,47.0251605],[14.3545889,47.0250918],[14.3550996,47.0249941],[14.3552879,47.02514],[14.3555462,47.025317],[14.3569176,47.0253026],[14.3573416,47.025149],[14.3574135,47.0250475],[14.3579481,47.0247537],[14.3579931,47.0246168],[14.3582842,47.0245637],[14.3591178,47.0245771],[14.3591693,47.0246416],[14.3594633,47.0247252],[14.3597698,47.0247541],[14.3603422,47.0249609],[14.3616906,47.0252443],[14.3622093,47.0251997],[14.3626607,47.0253105],[14.3634461,47.0252977],[14.3639978,47.0251102],[14.3643433,47.0249362],[14.3650707,47.0247427],[14.3657638,47.0246539],[14.3658477,47.024586],[14.365841,47.0244462],[14.3660116,47.024154],[14.3659812,47.0240687],[14.3661931,47.0240651],[14.3665896,47.0238168],[14.3671306,47.023574],[14.3677926,47.0230419],[14.368229,47.0229563],[14.368844,47.022809],[14.3698579,47.0226486],[14.3701763,47.0223996],[14.3704061,47.0220917],[14.3704394,47.0218038],[14.3703638,47.0216903],[14.3705142,47.0213941],[14.3705303,47.0208739],[14.3706878,47.0199621],[14.3711636,47.0193031],[14.3714887,47.019025],[14.371891,47.018848],[14.3728617,47.0186708],[14.3732906,47.0185475],[14.3735899,47.0183524],[14.3739906,47.0179938],[14.3749123,47.0175425],[14.3751636,47.0174792],[14.3755468,47.0174772],[14.375715,47.017349],[14.3760498,47.0173721],[14.3768432,47.0172541],[14.3771219,47.017027],[14.3771881,47.0172223],[14.3773147,47.0172618],[14.377563,47.017219],[14.3777774,47.0173112],[14.3778682,47.0172584],[14.3779091,47.0171479],[14.3785002,47.0167309],[14.3789782,47.016498],[14.379229,47.0165343],[14.379472,47.0165208],[14.3797687,47.0163482],[14.3805519,47.016006],[14.3811315,47.0156542],[14.3815993,47.0154984],[14.3818986,47.0151778],[14.3819944,47.0149362],[14.3821403,47.0146614],[14.3823074,47.0145319],[14.3826324,47.014176],[14.3825626,47.0139913],[14.3828084,47.0139816],[14.3828055,47.0138871],[14.3826271,47.0137585],[14.3824372,47.0136358],[14.3822607,47.013429],[14.3823988,47.0133483],[14.382489,47.0132241],[14.3825493,47.0129231],[14.3826515,47.0127855],[14.3822958,47.0124191],[14.3820113,47.0122697],[14.38158,47.011885],[14.3814847,47.0116705],[14.3811991,47.0114311],[14.3808316,47.0110218],[14.380709,47.0108097],[14.380425,47.010595],[14.380133,47.009984],[14.379751,47.009982],[14.3790227,47.0093259],[14.378541,47.008733],[14.3777275,47.0085385],[14.37711,47.00834],[14.376958,47.007913],[14.377094,47.007227],[14.377463,47.007279],[14.3787781,47.0065657],[14.3792952,47.0063346],[14.379531,47.0063143],[14.379638,47.006264],[14.3795758,47.0061727],[14.3792459,47.0059954],[14.379004,47.005805],[14.3790482,47.0055664],[14.37912,47.005425],[14.378374,47.004666],[14.3783921,47.0043463],[14.378595,47.004207],[14.3790174,47.004053],[14.379378,47.003978],[14.379639,47.004138],[14.3796015,47.0038863],[14.379671,47.003725],[14.3796115,47.0032958],[14.379627,47.00304],[14.3793749,47.0028477],[14.3791906,47.0025838],[14.3789281,47.002119],[14.3788508,47.0020438],[14.3787443,47.0019553],[14.378604,47.001659],[14.3779372,47.0011746],[14.3779772,47.0010394],[14.37818,47.000706],[14.3778589,47.0003231],[14.3777534,47.0003029],[14.3778312,47.000173],[14.3776519,46.9997673],[14.3777203,46.9992718],[14.377723,46.999051],[14.3769338,46.9981292],[14.376758,46.997893],[14.376881,46.9977251],[14.3768324,46.9973325],[14.3768102,46.9968704],[14.3768933,46.9965905],[14.3768622,46.996418],[14.3767627,46.996345],[14.3767107,46.9959643],[14.3768563,46.9955919],[14.3767608,46.9950928],[14.3768252,46.9948359],[14.3768362,46.9947231],[14.3767563,46.9942767],[14.3768227,46.9942532],[14.376798,46.993758],[14.3768413,46.9935196],[14.3769784,46.9933131],[14.3770087,46.9930443],[14.3770909,46.9929177],[14.3771177,46.9927274],[14.377268,46.9924896],[14.3772369,46.9923945],[14.377441,46.992146],[14.3778305,46.9920233],[14.3782001,46.9919598],[14.3784812,46.991985],[14.3786193,46.9919565],[14.3788302,46.9918469],[14.379167,46.991803],[14.3796944,46.9918401],[14.380337,46.991693],[14.380229,46.991367],[14.3803553,46.9912682],[14.38059,46.991231],[14.3807624,46.9909942],[14.3811511,46.9906189],[14.381643,46.990077],[14.381896,46.989348],[14.3818323,46.9890619],[14.381722,46.988898],[14.3819536,46.9888167],[14.3821293,46.9885372],[14.382173,46.988417],[14.3821617,46.9882098],[14.3821156,46.9880088],[14.3820115,46.9878406],[14.3819606,46.9874009],[14.381848,46.987078],[14.381952,46.9865271],[14.3820609,46.9862288],[14.382025,46.985987],[14.3821059,46.9858733],[14.382933,46.985766],[14.3830077,46.9856744],[14.383044,46.985564],[14.382768,46.985532],[14.3827,46.9853149],[14.3826671,46.9851454],[14.3823862,46.9849983],[14.382442,46.9845134],[14.382879,46.983382],[14.3836581,46.9831972],[14.3850446,46.9827991],[14.3851135,46.9826413],[14.3851089,46.982434],[14.38497,46.982224],[14.3855598,46.9820421],[14.385764,46.981889],[14.3858012,46.9811432],[14.3858994,46.9808951],[14.3858452,46.9805889],[14.385907,46.979997],[14.3863602,46.9801349],[14.3871032,46.9801649],[14.387813,46.980348],[14.3879827,46.9806471],[14.3880857,46.9808028],[14.388203,46.980936],[14.388855,46.98117],[14.3889799,46.9812925],[14.389087,46.981485],[14.390203,46.981774],[14.391296,46.981994],[14.391556,46.9819],[14.3916066,46.9816547],[14.3919121,46.9809194],[14.3922216,46.9802365],[14.3923171,46.9801697],[14.3944175,46.9802087],[14.3950516,46.9802733],[14.3953673,46.9803307],[14.3958297,46.9804694],[14.396191,46.9806806],[14.3966483,46.9810938],[14.3968042,46.981303],[14.3970078,46.9817127],[14.397597,46.9820657],[14.3980712,46.9823379],[14.3983987,46.9824829],[14.3988156,46.9828263],[14.399343,46.983415],[14.3994427,46.9836587],[14.3996875,46.9838814],[14.39991,46.984184],[14.3999517,46.9845347],[14.400016,46.985075],[14.400356,46.9855226],[14.4005048,46.9857333],[14.4010678,46.9862766],[14.4012802,46.9865344],[14.4014653,46.9866488],[14.4018607,46.9871227],[14.402088,46.987302],[14.402087,46.98768],[14.4023035,46.9877738],[14.402793,46.987794],[14.402888,46.988097],[14.4029661,46.9880909],[14.4030934,46.9880809],[14.403146,46.987953],[14.4033063,46.9879976],[14.4036033,46.9880803],[14.4040475,46.988204],[14.40413,46.988227],[14.404541,46.98863],[14.4045908,46.9886563],[14.404861,46.988799],[14.405147,46.988856],[14.405201,46.989153],[14.4054167,46.9892914],[14.405836,46.98953],[14.4063636,46.9895215],[14.406651,46.989579],[14.4068898,46.9898488],[14.407029,46.989919],[14.407721,46.989997],[14.407975,46.9898779],[14.408592,46.989926],[14.4087081,46.9900243],[14.408909,46.990326],[14.4092483,46.990375],[14.4093257,46.9903706],[14.4094216,46.9903652],[14.4096713,46.9902356],[14.4099417,46.9901452],[14.410286,46.99003],[14.4103888,46.9900281],[14.4106578,46.9901646],[14.4114663,46.9902467],[14.4117229,46.9902239],[14.412199,46.990321],[14.4125938,46.9907144],[14.412693,46.991037],[14.4130973,46.9911766],[14.4134156,46.9912331],[14.413742,46.991328],[14.4143804,46.9916011],[14.4145843,46.9916883],[14.4149781,46.9919715],[14.4151698,46.9921093],[14.4153733,46.9921832],[14.415833,46.99235],[14.4162041,46.9923796],[14.4164189,46.9923967],[14.4186475,46.9929981],[14.418871,46.993044],[14.419415,46.993101],[14.4200992,46.9929675],[14.420616,46.992833],[14.421462,46.99304],[14.4214789,46.9931766],[14.4221618,46.9934856],[14.422951,46.993961],[14.4232188,46.993969],[14.423459,46.994052],[14.4237276,46.9942287],[14.424078,46.99463],[14.4243813,46.9947628],[14.4249671,46.9948455],[14.425169,46.994937],[14.4251935,46.9950522],[14.425145,46.99529],[14.4246485,46.9956857],[14.424461,46.996077],[14.4253831,46.996465],[14.425829,46.996739],[14.4261583,46.9967971],[14.4266564,46.9967334],[14.426833,46.99682],[14.4280406,46.996319],[14.4280718,46.9962678],[14.428356,46.996191],[14.429027,46.996273],[14.4305772,46.996954],[14.43086,46.997008],[14.430966,46.997082],[14.430351,46.997901],[14.4301435,46.9980589],[14.4297645,46.9984491],[14.428776,46.999626],[14.430198,47.00048],[14.430408,47.000408],[14.430194,47.000207],[14.4301946,47.000113],[14.430318,46.999977],[14.4307584,46.9997425],[14.4312189,46.9996165],[14.431356,46.9994998],[14.431754,46.999306],[14.4323559,46.9991467],[14.432572,46.999173],[14.432869,46.998988],[14.433132,46.999114],[14.4334212,46.9990122],[14.434055,46.998936],[14.4344669,46.9987483],[14.434814,46.998568],[14.4345104,46.9981093],[14.434247,46.997627],[14.4342757,46.9972886],[14.4343324,46.9971876],[14.434479,46.99705],[14.4350408,46.9970022],[14.4355119,46.9968741],[14.4357233,46.9968756],[14.4363639,46.9967161],[14.436531,46.996639],[14.437283,46.99662],[14.4378654,46.9967589],[14.438422,46.996835],[14.4388038,46.9968507],[14.439147,46.99676],[14.4396028,46.9970819],[14.4400113,46.9974335],[14.440128,46.997599],[14.4404823,46.9975182],[14.4413613,46.99738],[14.441922,46.9972565],[14.4423768,46.9972],[14.44282,46.997104],[14.4426653,46.9969488],[14.4416232,46.9961278],[14.441523,46.995935],[14.4420655,46.9960152],[14.4422977,46.996069],[14.4426902,46.9961307],[14.4430145,46.9961478],[14.4439103,46.9963416],[14.444368,46.996422],[14.4448071,46.9964746],[14.4451924,46.996497],[14.4456892,46.9965099],[14.446001,46.996537],[14.446724,46.9971404],[14.447083,46.997563],[14.4473102,46.9979296],[14.447459,46.998328],[14.4476462,46.9979692],[14.4477534,46.9976582],[14.4478363,46.9972065],[14.448015,46.996676],[14.4480374,46.996392],[14.4480297,46.9960127],[14.448057,46.995714],[14.4488075,46.9944787],[14.4492824,46.994634],[14.4500048,46.9947457],[14.450493,46.9948558],[14.450876,46.994964],[14.4522145,46.9951307],[14.4528016,46.9951751],[14.453469,46.995272],[14.4540696,46.995446],[14.4545576,46.9956812],[14.455084,46.995849],[14.4561175,46.995958],[14.456438,46.99596],[14.456685,46.995939],[14.456861,46.9962522],[14.4569236,46.9966096],[14.457373,46.997727],[14.4578306,46.997646],[14.4581558,46.9976055],[14.458339,46.997603],[14.4585903,46.9981842],[14.4587405,46.9985722],[14.4589819,46.9994415],[14.4592475,46.9999698],[14.4593588,47.0002764],[14.459505,47.0008082],[14.4597095,47.0012111],[14.4598121,47.0015846],[14.459875,47.001841],[14.4599005,47.002487],[14.4598382,47.0028735],[14.459846,47.003276],[14.4598127,47.0037809],[14.4597356,47.0040209],[14.4595908,47.0047723],[14.459428,47.005168],[14.45957,47.0054625],[14.4596766,47.0057987],[14.4598832,47.0060012],[14.459942,47.0061803],[14.46017,47.006613],[14.4600567,47.0070222],[14.4601179,47.0070966],[14.4600838,47.0071859],[14.460108,47.007228],[14.4600141,47.0073396],[14.4600479,47.0074043],[14.4598664,47.0076835],[14.4597732,47.0079723],[14.4596807,47.0081488],[14.459458,47.008379],[14.4592589,47.00849],[14.4590088,47.0087273],[14.4587432,47.0088977],[14.4586654,47.0090013],[14.458604,47.009179],[14.4578505,47.0095517],[14.4578174,47.0095471],[14.4577047,47.0096011],[14.4575859,47.0096164],[14.4575612,47.0096395],[14.4575094,47.0096532],[14.457287,47.009807],[14.4572327,47.0099367],[14.4570722,47.0100951],[14.456992,47.010422],[14.4569714,47.0107032],[14.4570412,47.0112705],[14.45703,47.011607],[14.4573149,47.0118559],[14.4574772,47.0120203],[14.4576001,47.0122136],[14.4577381,47.0123323],[14.457812,47.0125355],[14.457979,47.012783],[14.4581028,47.0132245],[14.4581317,47.0136316],[14.4581907,47.0138622],[14.4582725,47.0139996],[14.458369,47.014117],[14.45868,47.014295],[14.4587105,47.0141778],[14.4589546,47.013876],[14.4589538,47.0137914],[14.459,47.013646],[14.4592314,47.0132534],[14.459277,47.0130161],[14.459576,47.0121332],[14.4597489,47.0117926],[14.4598027,47.0115306],[14.460022,47.011087],[14.4600763,47.0110346],[14.4603365,47.0110719],[14.460586,47.011092],[14.4609681,47.0109373],[14.461399,47.01066],[14.4619006,47.0105014],[14.4621602,47.0103482],[14.462694,47.010139],[14.4634536,47.0100585],[14.464029,47.009931],[14.4641992,47.0098204],[14.4642619,47.0097485],[14.464356,47.009747],[14.4647939,47.0100148],[14.4649851,47.010216],[14.4651301,47.0103175],[14.4654643,47.0103903],[14.465672,47.010526],[14.4659456,47.010539],[14.4660966,47.0105193],[14.4662653,47.0106145],[14.4665828,47.0107052],[14.467031,47.010767],[14.467206,47.0107704],[14.4674558,47.0106895],[14.467709,47.010734],[14.4679213,47.0108255],[14.4680992,47.0108612],[14.4681904,47.0109142],[14.4683198,47.0111727],[14.4684068,47.0112269],[14.468565,47.011265],[14.4691067,47.0111352],[14.4692847,47.0111029],[14.4694179,47.01112],[14.4696513,47.0110761],[14.4698498,47.0111072],[14.470194,47.0110308],[14.4707751,47.0109481],[14.4709611,47.0109363],[14.471093,47.010884],[14.4712559,47.0107551],[14.4713367,47.0106101],[14.471361,47.010504],[14.4713495,47.0099598],[14.471299,47.009684],[14.4712534,47.0095613],[14.4709643,47.0094291],[14.470596,47.009355],[14.4705569,47.0092765],[14.470535,47.009129],[14.4707028,47.0088947],[14.4709772,47.0085592],[14.471221,47.008393],[14.4712846,47.0081927],[14.4713098,47.0079987],[14.4712776,47.0077947],[14.471307,47.007657],[14.4717336,47.0076825],[14.4718628,47.0077145],[14.4733104,47.0086373],[14.4736706,47.0091362],[14.4737849,47.0094347],[14.474024,47.00982],[14.4742089,47.0101831],[14.4743645,47.0107855],[14.4745477,47.0111239],[14.474638,47.011841],[14.474817,47.011828],[14.474902,47.0120178],[14.4751987,47.0124655],[14.475572,47.012947],[14.4754307,47.0132208],[14.4753105,47.0135438],[14.4752976,47.0137373],[14.4752231,47.0138737],[14.475135,47.013992],[14.4752056,47.0144191],[14.4751442,47.014732],[14.475239,47.015311],[14.4753448,47.0154706],[14.475513,47.015901],[14.475336,47.01599],[14.4754084,47.0161414],[14.476229,47.017174],[14.4763458,47.0172669],[14.4764607,47.0173275],[14.47709,47.01778],[14.4768584,47.0178901],[14.47665,47.0180317],[14.476312,47.018132],[14.4767082,47.0184551],[14.4769442,47.0185923],[14.4770598,47.0187408],[14.477947,47.019399],[14.4783562,47.0194796],[14.4787311,47.0194931],[14.4792,47.019587],[14.480484,47.020118],[14.480959,47.020408],[14.480669,47.020726],[14.4814109,47.0207969],[14.482336,47.021058],[14.4827362,47.0209589],[14.4831578,47.0208857],[14.4833204,47.020911],[14.4837184,47.0209978],[14.484141,47.021162],[14.4842656,47.021222],[14.4848804,47.0216852],[14.4849716,47.0217449],[14.4856705,47.0222019],[14.4858824,47.0224323],[14.485997,47.022572],[14.4864599,47.0225799],[14.4882143,47.0227525],[14.489081,47.022784],[14.4894704,47.0228603],[14.489767,47.022984],[14.4899532,47.023152],[14.4904604,47.0233679],[14.4907399,47.0234643],[14.49091,47.023665],[14.4911932,47.0245209],[14.491142,47.024608],[14.492151,47.024949],[14.4931951,47.024899],[14.4948138,47.0248804],[14.4951028,47.0249354],[14.495357,47.024941],[14.4954335,47.0250571],[14.4955805,47.025157],[14.495743,47.025202],[14.4959289,47.0254632],[14.4959552,47.0255781],[14.4960036,47.0256861],[14.496054,47.025744],[14.4962116,47.0257878],[14.4964006,47.0258097],[14.496485,47.025837],[14.4966318,47.0259173],[14.4968582,47.0261026],[14.496852,47.026165],[14.4969074,47.0262107],[14.4970123,47.0262325],[14.4972739,47.0262105],[14.4974078,47.026143],[14.4978256,47.0259548],[14.4985859,47.0258053],[14.498729,47.025807],[14.4988556,47.0258561],[14.4990483,47.0258807],[14.499236,47.0258478],[14.499354,47.0259204],[14.499653,47.025847],[14.500565,47.026139],[14.500604,47.025981],[14.5009003,47.0262909],[14.501163,47.026345],[14.501716,47.025879],[14.5017874,47.0259215],[14.5028498,47.0265466],[14.5031025,47.026295],[14.503318,47.026154],[14.5052679,47.0278845],[14.5055527,47.0281044],[14.505757,47.028227],[14.5063368,47.0279806],[14.5064192,47.0279441],[14.5063094,47.0277237],[14.5063406,47.0274263],[14.506326,47.0273149],[14.506235,47.027161],[14.5058861,47.0269955],[14.505779,47.026786],[14.5055335,47.0266869],[14.505305,47.0266691],[14.5052453,47.0266415],[14.5051578,47.026601],[14.5049872,47.0265222],[14.5049428,47.0264765],[14.5050155,47.026307],[14.5050177,47.0261765],[14.50485,47.0261201],[14.5048479,47.0260563],[14.5049328,47.0259613],[14.50494,47.025829],[14.5047995,47.0254183],[14.504802,47.025155],[14.5048591,47.0248726],[14.5051784,47.0243603],[14.5052231,47.024237],[14.5051912,47.024143],[14.5048806,47.0240262],[14.504536,47.023826],[14.5040381,47.0233642],[14.5038852,47.023176],[14.5037028,47.0230403],[14.503514,47.0229405],[14.5033304,47.0227601],[14.503139,47.022511],[14.503142,47.022184],[14.5034812,47.0216067],[14.5038932,47.0209636],[14.503993,47.020646],[14.503872,47.0200927],[14.5038025,47.0200029],[14.5035021,47.019874],[14.5033377,47.019778],[14.5032594,47.0196968],[14.5032486,47.0196086],[14.5032594,47.0193877],[14.5031869,47.0192085],[14.503176,47.019016],[14.5032915,47.0189306],[14.503348,47.01878],[14.5036751,47.0186585],[14.5040002,47.0186785],[14.5041552,47.0185612],[14.5043725,47.0184935],[14.5044143,47.0184415],[14.5044227,47.0183135],[14.5047336,47.0181212],[14.5048392,47.0179395],[14.504943,47.017826],[14.5050865,47.017791],[14.5051793,47.0178325],[14.5053022,47.0179326],[14.5053657,47.0179774],[14.5055387,47.0179783],[14.505675,47.017944],[14.505602,47.0177923],[14.505673,47.017626],[14.5059024,47.0174174],[14.5060491,47.0173534],[14.5061744,47.0173585],[14.506264,47.0172799],[14.5063423,47.0171082],[14.506406,47.017051],[14.5064995,47.0170232],[14.506703,47.017028],[14.5067211,47.0169606],[14.5066993,47.0168195],[14.506744,47.016709],[14.5069429,47.0166603],[14.5072041,47.0166187],[14.5073685,47.0166192],[14.5075479,47.0166334],[14.50763,47.0166877],[14.507688,47.016698],[14.5077258,47.0166669],[14.5076671,47.0164041],[14.5076553,47.0163674],[14.5076998,47.0162964],[14.507695,47.0162368],[14.507746,47.016197],[14.507807,47.016194],[14.507921,47.0162863],[14.5079721,47.016277],[14.5080163,47.0161949],[14.5081048,47.0161839],[14.5081785,47.0162086],[14.5082509,47.016204],[14.5084193,47.016077],[14.5084595,47.0160692],[14.5085325,47.0161821],[14.5085963,47.0161885],[14.508643,47.01617],[14.5086474,47.0161224],[14.5084291,47.0158859],[14.508404,47.015781],[14.5086155,47.0157864],[14.5087177,47.0157505],[14.5087874,47.0156591],[14.5088813,47.0156573],[14.508943,47.0157341],[14.509033,47.015701],[14.5091978,47.0155347],[14.5091844,47.0154799],[14.5090824,47.0154524],[14.5091119,47.0154067],[14.509356,47.0153848],[14.5093276,47.015473],[14.5093705,47.015513],[14.509476,47.015495],[14.5094874,47.0153226],[14.5096149,47.0152599],[14.5096085,47.0151891],[14.5096028,47.0150995],[14.5096779,47.0150849],[14.5097986,47.0150995],[14.5098415,47.01518],[14.5098281,47.0152824],[14.5099381,47.0154213],[14.5100502,47.0153662],[14.5104986,47.0152824],[14.5106148,47.0152469],[14.5108661,47.0152696],[14.510932,47.015254],[14.5109641,47.0151984],[14.5109056,47.0150421],[14.5109984,47.0149181],[14.511088,47.014868],[14.5111397,47.0149002],[14.5111853,47.0151031],[14.511224,47.01514],[14.5113784,47.0151068],[14.511475,47.0151324],[14.5115737,47.0152169],[14.511674,47.015202],[14.5116864,47.0151363],[14.5115466,47.0149845],[14.511564,47.014932],[14.5119959,47.0147974],[14.51254,47.014775],[14.5127445,47.0145663],[14.5127061,47.0145145],[14.5126337,47.0144664],[14.5124937,47.0143278],[14.512495,47.014266],[14.5126551,47.0143168],[14.5130267,47.0143201],[14.513263,47.014393],[14.5133493,47.0143238],[14.513409,47.014211],[14.513561,47.0141643],[14.513774,47.01418],[14.514125,47.0142199],[14.5141875,47.0142044],[14.5143273,47.0142354],[14.5145238,47.0143712],[14.5146778,47.0144105],[14.514844,47.014396],[14.5149404,47.0143387],[14.5149431,47.01424],[14.5151889,47.0141952],[14.5152695,47.0141217],[14.5153481,47.0139474],[14.5155163,47.0139196],[14.5158817,47.0136828],[14.5159167,47.0135871],[14.5160589,47.0135121],[14.5161285,47.0135664],[14.516223,47.0135297],[14.516368,47.013423],[14.5163915,47.0132634],[14.5165095,47.0131738],[14.5164604,47.0130509],[14.5163807,47.0129872],[14.5163673,47.0129251],[14.5164807,47.0128464],[14.5165375,47.0127407],[14.5165341,47.0126503],[14.5164236,47.0125611],[14.516484,47.012449],[14.5161787,47.0118256],[14.515882,47.011254],[14.5159999,47.0110724],[14.515963,47.011034],[14.5158589,47.0110486],[14.5157107,47.0111616],[14.5155931,47.011059],[14.515549,47.010909],[14.5157236,47.0108219],[14.5156893,47.0107438],[14.5155734,47.0105896],[14.515569,47.010491],[14.5156381,47.0104283],[14.5158441,47.0103689],[14.5158416,47.0101232],[14.5159866,47.0099717],[14.5158368,47.0096676],[14.5157289,47.0096081],[14.515588,47.009517],[14.5156253,47.0094536],[14.5156934,47.0093685],[14.5157671,47.0093223],[14.5160058,47.0093162],[14.5160459,47.0092665],[14.5158137,47.0089797],[14.515694,47.0088859],[14.5156246,47.0088249],[14.5155894,47.0087491],[14.515615,47.008695],[14.5157419,47.0086504],[14.5159513,47.0086753],[14.516127,47.008765],[14.5161796,47.0089728],[14.5162412,47.0089802],[14.5163452,47.0090789],[14.5163485,47.0091502],[14.51642,47.009243],[14.5163419,47.0092641],[14.5162752,47.0093505],[14.5162466,47.0094392],[14.5161832,47.0095157],[14.516184,47.009622],[14.5162339,47.0096821],[14.5163298,47.0097427],[14.516501,47.009797],[14.5166945,47.0097684],[14.5167884,47.0097227],[14.5169359,47.0097465],[14.517082,47.0097241],[14.517146,47.0096738],[14.5172309,47.009653],[14.517401,47.009644],[14.517486,47.0096573],[14.5177085,47.0097955],[14.5177903,47.0098137],[14.517899,47.009815],[14.5180435,47.0097873],[14.5181699,47.0097228],[14.518272,47.0096536],[14.518409,47.0095943],[14.518674,47.0095526],[14.5190006,47.0094379],[14.519161,47.009426],[14.5193334,47.0094522],[14.5195359,47.0094823],[14.5196557,47.0094392],[14.5198629,47.0095472],[14.5203794,47.0096111],[14.5207101,47.0095853],[14.521013,47.009652],[14.521396,47.009515],[14.5215896,47.0095343],[14.5217317,47.0095179],[14.52212,47.0095489],[14.5221716,47.0094685],[14.5222628,47.009452],[14.522582,47.0095014],[14.522878,47.009504],[14.523128,47.0094641],[14.5234434,47.0093505],[14.523872,47.009242],[14.5240484,47.0092814],[14.524341,47.009271],[14.5244919,47.0092663],[14.5247045,47.009132],[14.524857,47.009105],[14.5250415,47.009178],[14.52561,47.009134],[14.5257711,47.0091649],[14.5259535,47.0092892],[14.526052,47.0092176],[14.5262968,47.0092271],[14.5264313,47.0091703],[14.52669,47.009151],[14.5269889,47.0092271],[14.5271588,47.0091903],[14.527342,47.00923],[14.5274877,47.0093185],[14.5278686,47.0094319],[14.5280242,47.0095453],[14.528226,47.0095458],[14.5286418,47.0097182],[14.528999,47.009822],[14.5291304,47.0099293],[14.5294812,47.0103256],[14.5294868,47.010406],[14.529854,47.010797],[14.5302472,47.0108354],[14.530601,47.0109155],[14.5307922,47.0110048],[14.531051,47.011028],[14.531322,47.0111477],[14.5314482,47.011345],[14.5316749,47.0115259],[14.5318222,47.0115461],[14.532052,47.011725],[14.532423,47.011751],[14.5325261,47.0118037],[14.532682,47.011789],[14.5327811,47.0117397],[14.532936,47.0116293],[14.5329848,47.0115633],[14.533113,47.011522],[14.5332727,47.0115601],[14.5335228,47.0116199],[14.533774,47.011706],[14.5340718,47.0116271],[14.5342523,47.0116815],[14.534493,47.0116307],[14.5346439,47.0117071],[14.5348638,47.0116632],[14.535574,47.01174],[14.5357317,47.0118349],[14.536076,47.011924],[14.536536,47.0118793],[14.5371106,47.0118496],[14.5374356,47.0119235],[14.53775,47.011939],[14.538278,47.011817],[14.5386839,47.0118734],[14.5391317,47.0120088],[14.539729,47.012084],[14.5400306,47.0120742],[14.5402577,47.0119645],[14.5404706,47.0119193],[14.540664,47.011925],[14.5409133,47.012057],[14.5409262,47.0123229],[14.541103,47.012522],[14.5419136,47.0126347],[14.542194,47.01264],[14.5424691,47.0126243],[14.5426417,47.0124957],[14.54336,47.01242],[14.5438731,47.0124437],[14.544209,47.012428],[14.544703,47.01272],[14.544809,47.0128248],[14.5450709,47.0128905],[14.5453245,47.0132206],[14.545535,47.013253],[14.5456463,47.0132398],[14.5457775,47.0131536],[14.5459386,47.0131338],[14.546136,47.0131943],[14.546333,47.0131665],[14.5465207,47.0131996],[14.5470868,47.0130628],[14.5471832,47.0130988],[14.5473678,47.0130053],[14.5475081,47.0130559],[14.5477469,47.0130222],[14.5478886,47.0129031],[14.5482427,47.0129287],[14.5482788,47.0128218],[14.5485777,47.0128003],[14.5487308,47.0126709],[14.5486852,47.0125886],[14.5489308,47.0125018],[14.5490715,47.0123691],[14.549257,47.0122586],[14.5492616,47.0121697],[14.549483,47.012035],[14.5496616,47.011996],[14.5497971,47.0119079],[14.5500743,47.0118637],[14.5503202,47.0117666],[14.550483,47.0116726],[14.550615,47.011577],[14.5510408,47.0115705],[14.5513482,47.0116543],[14.5515774,47.0116222],[14.5517725,47.0116686],[14.5518744,47.0116412],[14.552172,47.0116379],[14.5526201,47.0116961],[14.5529634,47.0117016],[14.5531699,47.0117546],[14.5534225,47.0117868],[14.5538748,47.0117847],[14.5541033,47.0118223],[14.554403,47.011825],[14.5547087,47.0119064],[14.5548899,47.0120207],[14.5549517,47.0121255],[14.5552433,47.0122264],[14.555339,47.012302],[14.5557686,47.0124046],[14.555969,47.012359],[14.5562747,47.0126173],[14.5565066,47.0126928],[14.55663,47.0127641],[14.5567775,47.0127693],[14.557246,47.013112],[14.5577348,47.0132913],[14.558176,47.013373],[14.5592229,47.013351],[14.5593417,47.0133786],[14.5597279,47.0133347],[14.559977,47.013366],[14.5599881,47.013278],[14.5602518,47.0131231],[14.5602669,47.0130337],[14.5606302,47.0127235],[14.5606198,47.0126555],[14.560764,47.012543],[14.5610957,47.0123384],[14.561822,47.012203],[14.5622756,47.0121916],[14.5625254,47.0122466],[14.5626837,47.0122246],[14.5628719,47.0122239],[14.562988,47.012306],[14.5636379,47.012242],[14.5637176,47.0121999],[14.5644989,47.0123379],[14.5646758,47.0124276],[14.565045,47.01252],[14.5651835,47.0125154],[14.5653492,47.0125492],[14.5655888,47.012499],[14.56591,47.0124739],[14.5661389,47.0125436],[14.566415,47.012566],[14.566658,47.012403],[14.5670576,47.0123997],[14.5680746,47.0123494],[14.5682521,47.012336],[14.5684225,47.0122679],[14.568588,47.012227],[14.5688799,47.0122495],[14.5692031,47.0122952],[14.5693957,47.012318],[14.5696681,47.012331],[14.569956,47.012326],[14.570283,47.012168],[14.5707785,47.0121685],[14.5710223,47.0121136],[14.5714615,47.0121174],[14.5718108,47.0120809],[14.5723692,47.0119973],[14.5728689,47.0120166],[14.57321,47.011987],[14.574059,47.0123711],[14.5746517,47.0124861],[14.574927,47.012584],[14.575406,47.012656],[14.5756326,47.0126092],[14.575734,47.0124965],[14.576062,47.01247],[14.5762235,47.0124941],[14.5762642,47.012566],[14.5764559,47.0126104],[14.5769235,47.0126105],[14.576996,47.0127038],[14.5772075,47.0126351],[14.5778996,47.0125824],[14.5781093,47.0126126],[14.578754,47.012544],[14.5792361,47.012374],[14.5797378,47.012281],[14.581895,47.011981],[14.5847645,47.011793],[14.585924,47.011717],[14.586773,47.011514],[14.586573,47.010595],[14.587441,47.0091968],[14.587647,47.008865],[14.5879303,47.008003],[14.5886869,47.0064926],[14.5897971,47.0042743],[14.589925,47.003967],[14.5901251,47.0036965],[14.592768,47.001634],[14.595647,47.001576],[14.60138,47.000653],[14.602436,47.000855],[14.609828,46.998606],[14.615255,46.9979457],[14.617035,47.00203],[14.6177417,47.0030402],[14.6179452,47.0032831],[14.6181494,47.0035107],[14.6184851,47.0039056],[14.6184499,47.0039539],[14.6184728,47.0040094],[14.618747,47.0041915],[14.619217,47.0044674],[14.61971,47.0049294],[14.6208272,47.0057807],[14.6211224,47.0059682],[14.6214439,47.0062153],[14.621821,47.006584],[14.6220637,47.006953],[14.6222227,47.0071359],[14.6223833,47.0074666],[14.622722,47.007921],[14.622866,47.008278],[14.622839,47.0083703],[14.6227869,47.0084273],[14.622687,47.008529],[14.6229141,47.0089435],[14.623138,47.009352],[14.6234303,47.0095453],[14.6237576,47.010033],[14.624317,47.010392],[14.624866,47.01112],[14.6248585,47.011207],[14.6248322,47.0119939],[14.624781,47.012109],[14.6250381,47.012294],[14.625682,47.012595],[14.6264494,47.0125427],[14.626761,47.012571],[14.6270692,47.0128069],[14.6271166,47.0129958],[14.6276006,47.0134276],[14.627747,47.013577],[14.6281688,47.0136118],[14.6285545,47.0136039],[14.6288297,47.013558],[14.6290142,47.0134935],[14.629701,47.01344],[14.6299172,47.0135377],[14.630016,47.0136199],[14.6301087,47.0136722],[14.630349,47.013707],[14.6305385,47.0137075],[14.6313468,47.0135972],[14.632602,47.01354],[14.6327496,47.0137983],[14.632986,47.01397],[14.6331175,47.0143973],[14.6335056,47.0144505],[14.6340157,47.0145001],[14.634606,47.014487],[14.635104,47.01426],[14.6357054,47.0143713],[14.6364539,47.0144644],[14.6366037,47.0145524],[14.636888,47.0145932],[14.6372896,47.014615],[14.6376204,47.014621],[14.6376936,47.0146664],[14.6381685,47.0146667],[14.638825,47.014791],[14.6399254,47.0146687],[14.6400207,47.0146779],[14.6409527,47.014501],[14.641791,47.014395],[14.6425767,47.0142455],[14.6429769,47.0141457],[14.643496,47.013994],[14.6440953,47.0140896],[14.6446978,47.0141353],[14.645115,47.0141066],[14.6464126,47.0142708],[14.646942,47.0142868],[14.648493,47.014473],[14.6489318,47.0142995],[14.6493236,47.0141982],[14.650065,47.014123],[14.6505013,47.0142621],[14.6509402,47.0144532],[14.651174,47.014591],[14.6516424,47.0148191],[14.653045,47.015376],[14.6535268,47.0154601],[14.6544287,47.0157832],[14.6545205,47.0157854],[14.655187,47.015888],[14.6554141,47.0160174],[14.656487,47.016711],[14.6572643,47.0168864],[14.6584025,47.0171143],[14.6591629,47.017212],[14.66002,47.0174289],[14.6604781,47.017484],[14.661192,47.017642],[14.6623213,47.0177213],[14.663878,47.01793],[14.664464,47.0181938],[14.6646853,47.0182732],[14.664849,47.018314],[14.6655493,47.0182757],[14.666001,47.018347],[14.6674229,47.018162],[14.667731,47.0181408],[14.6681598,47.0181069],[14.668929,47.018086],[14.6692929,47.018147],[14.669941,47.018305],[14.6718779,47.018119],[14.6739278,47.0179237],[14.6740055,47.0180092],[14.6743161,47.0179324],[14.6745982,47.0178329],[14.6748541,47.0177815],[14.6751985,47.0177833],[14.6755307,47.0178283],[14.6757159,47.0178208],[14.67629,47.01776],[14.6767031,47.0176869],[14.676935,47.0176702],[14.6771343,47.0176851],[14.677675,47.0177702],[14.6781857,47.0178511],[14.6785164,47.0178695],[14.6787878,47.0177899],[14.6791263,47.0176938],[14.6793158,47.0176495],[14.6795906,47.0176103],[14.6798507,47.0176026],[14.680012,47.0176103],[14.6808026,47.0177797],[14.6808928,47.0178036],[14.6811403,47.0178878],[14.681865,47.0180554],[14.6822904,47.0180881],[14.682456,47.018059],[14.682926,47.018252],[14.6830453,47.0181892],[14.6835862,47.0180768],[14.6843906,47.0182297],[14.685141,47.0184405],[14.685782,47.01856],[14.68705,47.0185147],[14.687687,47.018492],[14.6885019,47.0185757],[14.6891821,47.0187823],[14.6895517,47.0188554],[14.689939,47.018867],[14.690212,47.018828],[14.6906471,47.0187378],[14.6909003,47.0186055],[14.691208,47.018503],[14.691905,47.018537],[14.6924792,47.0182166],[14.692684,47.018158],[14.6928653,47.0181366],[14.693785,47.018158],[14.6940272,47.0181031],[14.6945199,47.0179458],[14.6947914,47.0179265],[14.696257,47.017539],[14.696953,47.0172432],[14.6975677,47.0169212],[14.698415,47.0163859],[14.6986752,47.0163009],[14.6988082,47.0163801],[14.6989078,47.0165061],[14.6990134,47.0165865],[14.6991317,47.0166598],[14.6994966,47.0168784],[14.6996109,47.0169639],[14.699625,47.017028],[14.7000447,47.0172262],[14.7001748,47.0172633],[14.700814,47.017638],[14.7010571,47.0177333],[14.7014179,47.0178038],[14.7018044,47.0178966],[14.7021822,47.0181058],[14.702887,47.018345],[14.703257,47.0186164],[14.703636,47.019078],[14.7039331,47.0197257],[14.703997,47.0199076],[14.70461,47.0198009],[14.7048916,47.0196747],[14.7051894,47.0196053],[14.7055863,47.0195065],[14.7064768,47.0192542],[14.7067209,47.0190623],[14.706965,47.0190348],[14.7072191,47.0191477],[14.7075249,47.0193854],[14.7076248,47.019576],[14.7083027,47.0199394],[14.7087781,47.0199856],[14.7093441,47.0200661],[14.7098074,47.020051],[14.7104009,47.0200204],[14.7110439,47.0201241],[14.7114114,47.0201497],[14.7117789,47.0202174],[14.712265,47.0199509],[14.712552,47.0198997],[14.7127934,47.0198338],[14.7132145,47.0195943],[14.7131984,47.0194224],[14.7131904,47.0192395],[14.7132333,47.0188648],[14.7133594,47.0186911],[14.7136057,47.0186217],[14.713936,47.0186106],[14.7141748,47.0187057],[14.7146549,47.0187404],[14.7149016,47.0187075],[14.7151618,47.0184588],[14.7156144,47.0183175],[14.715776,47.0181937],[14.716004,47.0181571],[14.7166659,47.0184016],[14.7169502,47.018643],[14.7172184,47.0190343],[14.7174256,47.0190659],[14.7179265,47.0195609],[14.7181867,47.0197072],[14.7184683,47.0197383],[14.7187741,47.019742],[14.7199254,47.0199052],[14.7204404,47.0198942],[14.7210647,47.0200546],[14.7213839,47.0201497],[14.721872,47.0204149],[14.7220973,47.0205447],[14.7226016,47.0206233],[14.7230227,47.0205246],[14.7234203,47.020408],[14.7236295,47.0202764],[14.7237824,47.0200167],[14.7239273,47.0197845],[14.7240396,47.0196896],[14.7243725,47.0194041],[14.7246032,47.0193456],[14.7247909,47.0192761],[14.725212,47.0191171],[14.7255715,47.0188245],[14.7256412,47.0186837],[14.7258933,47.0185411],[14.7262118,47.0184638],[14.7265417,47.0184254],[14.7267731,47.0183747],[14.7268938,47.018276],[14.7268911,47.0181754],[14.7267865,47.0180017],[14.7266899,47.0176816],[14.7269313,47.0174787],[14.7271245,47.0172647],[14.7273498,47.0169867],[14.7277065,47.0166667],[14.7281786,47.0164802],[14.7285085,47.0162096],[14.7290771,47.0160285],[14.7290792,47.0160459],[14.72912,47.0161602],[14.7288867,47.0164235],[14.7286748,47.0167344],[14.7286292,47.0167893],[14.7283978,47.0173684],[14.7284568,47.0178146],[14.7285695,47.0179773],[14.7286017,47.018162],[14.7285963,47.0182535],[14.7284334,47.018371],[14.728369,47.0185027],[14.7283496,47.0186137],[14.7283952,47.0187454],[14.7284998,47.0188331],[14.7286607,47.0188715],[14.7286614,47.0189306],[14.7286339,47.0190416],[14.7285112,47.0192267],[14.7282134,47.019448],[14.7279828,47.019576],[14.7277387,47.0196967],[14.7278212,47.019965],[14.7278315,47.0201019],[14.7274356,47.0203934],[14.7273068,47.0203806],[14.7271996,47.0204976],[14.7271808,47.0206201],[14.7270359,47.0209163],[14.7268717,47.0212597],[14.7270145,47.0218782],[14.7270547,47.0220884],[14.7268696,47.0223664],[14.7269877,47.0224614],[14.7271888,47.0225712],[14.727443,47.022642],[14.7277843,47.0227503],[14.7278943,47.0227357],[14.7279978,47.0226769],[14.7281437,47.0226699],[14.728194,47.0226786],[14.7284059,47.0227535],[14.7287519,47.0230022],[14.729098,47.023018],[14.7292588,47.0231485],[14.7292481,47.0232893],[14.7291623,47.0235562],[14.729208,47.023662],[14.7294895,47.0238963],[14.7296296,47.0238931],[14.729797,47.023956],[14.7298194,47.024081],[14.7297611,47.0243173],[14.730058,47.02445],[14.7303351,47.0247452],[14.7305651,47.0250848],[14.7308842,47.0252713],[14.7310056,47.0254802],[14.7312493,47.0257023],[14.7313241,47.0258729],[14.7314633,47.0260362],[14.7318009,47.0262502],[14.7322021,47.0267389],[14.732369,47.026832],[14.7329977,47.0269283],[14.7331225,47.0268738],[14.733216,47.026897],[14.7333952,47.0271266],[14.734026,47.027402],[14.7343267,47.0273851],[14.734506,47.027399],[14.7348235,47.0275908],[14.735055,47.027777],[14.7359136,47.028048],[14.7369637,47.0282802],[14.7381526,47.028778],[14.7386195,47.0289224],[14.738977,47.029015],[14.7400929,47.0295247],[14.7408371,47.030047],[14.741067,47.03008],[14.741414,47.030336],[14.7416616,47.0304004],[14.742086,47.0304441],[14.742916,47.03041],[14.7436263,47.0306294],[14.7445772,47.030898],[14.744805,47.0310541],[14.745278,47.031244],[14.7458329,47.0312497],[14.746278,47.031334],[14.7465027,47.0314039],[14.746708,47.031613],[14.747781,47.0317613],[14.748037,47.031829],[14.7485469,47.0320974],[14.7486151,47.0321504],[14.7486676,47.0322894],[14.7488934,47.0323603],[14.7493804,47.0324489],[14.750601,47.032479],[14.751165,47.032766],[14.7516539,47.0327768],[14.7521146,47.0329074],[14.7526662,47.0329552],[14.753315,47.033089],[14.753696,47.033372],[14.7542504,47.0332035],[14.7545093,47.0332199],[14.754835,47.033081],[14.7551706,47.0332586],[14.7556033,47.0336547],[14.7562393,47.0340085],[14.756337,47.034085],[14.757103,47.034297],[14.757612,47.034271],[14.758452,47.034763],[14.7589831,47.03478],[14.7595001,47.0350355],[14.759881,47.035053],[14.7603113,47.0353861],[14.7604968,47.0355884],[14.760647,47.035678],[14.7611095,47.0358839],[14.763273,47.036729],[14.763751,47.037082],[14.7641043,47.0371732],[14.764595,47.037152],[14.7660375,47.0377961],[14.767159,47.038498],[14.7673479,47.0385609],[14.7676239,47.0385333],[14.7682543,47.0387237],[14.769882,47.03899],[14.770295,47.038869],[14.771144,47.03913],[14.77144,47.039498],[14.771766,47.039607],[14.77202,47.039638],[14.772408,47.039419],[14.7729599,47.0394036],[14.7733686,47.0393251],[14.77374,47.039386],[14.7741738,47.0392919],[14.7743127,47.0393102],[14.7745831,47.0391714],[14.7750388,47.0390785],[14.775789,47.039027],[14.7770413,47.0386663],[14.7775666,47.0385619],[14.7779087,47.0383568],[14.7780996,47.0383429],[14.779681,47.037906],[14.7803568,47.0378732],[14.781959,47.037642],[14.7823919,47.0375453],[14.78277,47.037385],[14.783289,47.037564],[14.783763,47.037501],[14.785177,47.037704],[14.7852929,47.0380601],[14.785505,47.038186],[14.7861823,47.0383659],[14.7868196,47.0385705],[14.787508,47.0388],[14.7881076,47.0387965],[14.788526,47.038875],[14.7894314,47.0386705],[14.7900009,47.0385105],[14.790235,47.038405],[14.790462,47.037962],[14.790977,47.037688],[14.791361,47.0376052],[14.7915796,47.0375821],[14.7917044,47.0376029],[14.792306,47.03743],[14.7927935,47.0370268],[14.7930777,47.0369306],[14.79332,47.036782],[14.7933486,47.0366418],[14.793738,47.036471],[14.7942033,47.0364844],[14.7945509,47.0365574],[14.795266,47.036515],[14.795954,47.036792],[14.796507,47.0376202],[14.79671,47.037825],[14.797991,47.03846],[14.7985654,47.0384062],[14.798974,47.038432],[14.799338,47.038574],[14.800378,47.038466],[14.8011859,47.0386182],[14.801647,47.038646],[14.80251,47.038894],[14.802948,47.039235],[14.803758,47.039167],[14.803928,47.038924],[14.804872,47.038878],[14.805315,47.038998],[14.8054682,47.039276],[14.8055815,47.0395649],[14.805669,47.039653],[14.80632,47.039716],[14.8066689,47.0395199],[14.807158,47.03906],[14.8074321,47.0389821],[14.807665,47.038951],[14.8083348,47.0391959],[14.808507,47.0392968],[14.8092714,47.0394393],[14.810249,47.039844],[14.8109794,47.0401832],[14.8111709,47.0403254],[14.8113615,47.0404993],[14.8115984,47.040675],[14.811943,47.0408411],[14.81231,47.040957],[14.8131133,47.0408382],[14.813546,47.0407899],[14.813929,47.040792],[14.8142448,47.0408491],[14.814477,47.0409665],[14.814905,47.041076],[14.8156136,47.0414014],[14.8157543,47.0415243],[14.8158297,47.0415651],[14.8161444,47.0416039],[14.8165395,47.0417957],[14.8169479,47.0420587],[14.81708,47.042155],[14.8171189,47.0422205],[14.8170835,47.042528],[14.81711,47.0426073],[14.817301,47.043224],[14.8177453,47.0436401],[14.818055,47.043797],[14.8185779,47.0438959],[14.8192203,47.0439449],[14.8194159,47.0440259],[14.8197868,47.0441199],[14.8199478,47.0441394],[14.8200899,47.0442015],[14.8202239,47.0441973],[14.8208779,47.0442877],[14.8211226,47.0443477],[14.821389,47.044334],[14.8218508,47.0444636],[14.8219144,47.0445049],[14.8219745,47.0446412],[14.8225347,47.0448621],[14.8226783,47.0450065],[14.8229051,47.045179],[14.8230145,47.0451774],[14.82334,47.04532],[14.823508,47.0455671],[14.823576,47.045764],[14.8234485,47.0460246],[14.823454,47.046341],[14.823655,47.0466337],[14.82384,47.046769],[14.8240776,47.0469994],[14.8242228,47.0473918],[14.8244232,47.0475629],[14.824673,47.047754],[14.8249536,47.0478682],[14.8252906,47.0479733],[14.8254605,47.0481556],[14.825613,47.048208],[14.826766,47.0484416],[14.8271089,47.048466],[14.8275225,47.0486334],[14.8284271,47.0488253],[14.8289123,47.0488282],[14.829029,47.048855],[14.8294986,47.0490348],[14.8295997,47.0491803],[14.8300765,47.0494117],[14.830539,47.049571],[14.831648,47.04959],[14.832658,47.049323],[14.8332805,47.0489041],[14.834003,47.048489],[14.835205,47.048242],[14.8377739,47.0483746],[14.839532,47.048405],[14.840634,47.048489],[14.84086,47.048671],[14.842427,47.048644],[14.8429723,47.048468],[14.843233,47.0484437],[14.8436442,47.0483846],[14.8442147,47.048217],[14.844473,47.0481],[14.8435097,47.0476042],[14.8424759,47.0459062],[14.8416919,47.0446553],[14.8408376,47.0434572],[14.8403216,47.0426895],[14.840108,47.042284],[14.840638,47.041139],[14.840387,47.038371],[14.8404817,47.0382967],[14.841385,47.037588],[14.842974,47.0367171],[14.8441311,47.0360274],[14.8449312,47.0355521],[14.8469694,47.0329305],[14.8473865,47.0326153],[14.8502337,47.0306412],[14.8513955,47.0298017],[14.8539034,47.0277329],[14.8560379,47.0260362],[14.8562337,47.0252682],[14.8592271,47.0253509],[14.8613337,47.0250894],[14.8627995,47.0248615],[14.8639467,47.024727],[14.86546,47.024601],[14.8662732,47.0243983],[14.8679196,47.0236943],[14.869444,47.023258],[14.8711029,47.0229059],[14.873235,47.022525],[14.874214,47.021878],[14.8764576,47.019657],[14.8782584,47.0185587],[14.880087,47.017484],[14.8814872,47.0164639],[14.881903,47.016161],[14.8823141,47.0154478],[14.8830803,47.0145076],[14.8832761,47.0141013],[14.8848501,47.0120187],[14.885537,47.011172],[14.8861202,47.0106128],[14.886333,47.010291],[14.88795,47.008969],[14.888478,47.008653],[14.8892274,47.0084825],[14.890881,47.0083487],[14.891033,47.008292],[14.8914171,47.0081114],[14.891986,47.007822],[14.8927611,47.0073302],[14.8933531,47.0067713],[14.893745,47.006515],[14.895472,47.005716],[14.899305,47.003573],[14.9012067,47.0023346],[14.9032522,47.0008135],[14.903989,47.0003],[14.9049027,47.0000726],[14.9084107,46.9995816],[14.913336,46.998876],[14.913133,46.998442],[14.9140434,46.9982369],[14.9149628,46.9981121],[14.916913,46.997753],[14.9185637,46.9972644],[14.919383,46.996973],[14.9202152,46.996826],[14.9213523,46.9968008],[14.9216082,46.9967885],[14.922093,46.996781],[14.922211,46.996599],[14.9229753,46.9964477],[14.9237991,46.9962802],[14.925023,46.995952],[14.926705,46.995283],[14.9274682,46.9951103],[14.9281718,46.9949929],[14.9285905,46.9949174],[14.9291329,46.9948312],[14.9296739,46.9947104],[14.9308903,46.994444],[14.9318892,46.9942972],[14.9323021,46.9942406],[14.932843,46.9941364],[14.9333984,46.9940235],[14.934241,46.993865],[14.936169,46.993361],[14.9377429,46.9931038],[14.9378699,46.9930831],[14.9382686,46.9930179],[14.938623,46.99296],[14.9401726,46.9927995],[14.9422587,46.9926326],[14.943964,46.992479],[14.9450352,46.992513],[14.9452742,46.9925125],[14.9457454,46.992604],[14.9460516,46.9925946],[14.9463833,46.9926751],[14.947553,46.992659],[14.9479465,46.9928057],[14.9481565,46.9928568],[14.948747,46.9929606],[14.9489603,46.9930124],[14.949324,46.992996],[14.9508094,46.9922887],[14.9516646,46.9919147],[14.952286,46.991721],[14.952406,46.9916453],[14.9526137,46.9913415],[14.9527777,46.9912439],[14.952989,46.991115],[14.953356,46.990637],[14.9533469,46.9905206],[14.953273,46.990443],[14.9539617,46.9901294],[14.9543997,46.9899125],[14.954775,46.989829],[14.955799,46.989222],[14.9562333,46.9893467],[14.956811,46.989417],[14.958319,46.988766],[14.9587493,46.9884754],[14.9589088,46.9883179],[14.9593986,46.9878236],[14.9599112,46.9872252],[14.9601579,46.9870513],[14.960966,46.986396],[14.9610668,46.9861416],[14.9612258,46.985891],[14.9612951,46.9855649],[14.961453,46.985167],[14.96202,46.985211],[14.9620317,46.9851385],[14.961927,46.9849428],[14.9619056,46.984805],[14.961861,46.984689],[14.962032,46.984343],[14.9624699,46.9840948],[14.9629685,46.983836],[14.9634404,46.9836485],[14.963883,46.9835589],[14.9641138,46.9834306],[14.964496,46.9831705],[14.9660435,46.9823834],[14.9662482,46.9823665],[14.966609,46.982208],[14.9669305,46.9818006],[14.967074,46.98147],[14.9672793,46.980748],[14.9673336,46.9800762],[14.967492,46.979438],[14.967008,46.978336],[14.9673976,46.9778623],[14.9678451,46.9774175],[14.968066,46.977152],[14.968176,46.976761],[14.9686854,46.9762971],[14.9694986,46.9757014],[14.9698527,46.9753105],[14.970215,46.975075],[14.9701289,46.9750112],[14.970047,46.974884],[14.970759,46.974711],[14.971023,46.9745725],[14.971161,46.974443],[14.9712158,46.9742848],[14.9713732,46.9736888],[14.9716247,46.9730795],[14.9718047,46.9725285],[14.9720139,46.9719709],[14.9721039,46.9716622],[14.972221,46.971385],[14.9722133,46.9711394],[14.972111,46.970888],[14.972412,46.97022],[14.972459,46.9698498],[14.9725137,46.9696589],[14.9725441,46.9695428],[14.9725441,46.9694316],[14.9724809,46.9692922],[14.9724594,46.9690664],[14.972493,46.9688922],[14.972634,46.968652],[14.9727363,46.9685104],[14.9729065,46.9683694],[14.973289,46.9680453],[14.9734392,46.9679146],[14.973784,46.967703],[14.9739913,46.9676324],[14.9741956,46.9675727],[14.974633,46.967409],[14.9746942,46.9674299],[14.9748499,46.9673785],[14.9751271,46.9673785],[14.975308,46.967363],[14.9757498,46.9672208],[14.9759298,46.9671411],[14.976069,46.967046],[14.976494,46.9666698],[14.9768864,46.9662517],[14.977124,46.9659013],[14.9772091,46.9657203],[14.9776323,46.9652241],[14.977747,46.9650189],[14.9779023,46.9648605],[14.9782406,46.9645433],[14.9783206,46.9643526],[14.9784593,46.9642016],[14.9785446,46.9640574],[14.978816,46.9637876],[14.9788935,46.9637664],[14.979069,46.963565],[14.9790916,46.9634961],[14.9791067,46.9633087],[14.979248,46.962945],[14.979099,46.9627293],[14.9791573,46.9625516],[14.9791719,46.9624039],[14.9792275,46.9623006],[14.9791547,46.9622007],[14.9791571,46.9620626],[14.9792385,46.9617557],[14.979162,46.961561],[14.9792385,46.9611684],[14.9795254,46.9602821],[14.979572,46.959924],[14.9795294,46.9598525],[14.979527,46.9597645],[14.9795704,46.9596787],[14.9794909,46.9596076],[14.9795074,46.959413],[14.9795677,46.9591025],[14.9794224,46.9589827],[14.9794005,46.9588256],[14.979422,46.958614],[14.9795284,46.9582333],[14.9796754,46.9580647],[14.9796729,46.9578455],[14.979722,46.957708],[14.9798061,46.9576076],[14.9800556,46.957443],[14.9801762,46.9572054],[14.9802323,46.9571184],[14.9803223,46.957062],[14.9804366,46.9568817],[14.980754,46.956613],[14.9809498,46.9564627],[14.9812343,46.9563167],[14.9814703,46.9562286],[14.9816163,46.9561556],[14.981793,46.956097],[14.981986,46.9559331],[14.9822677,46.955761],[14.9824212,46.9555627],[14.9825089,46.9555413],[14.9825989,46.9554483],[14.982868,46.9552352],[14.9830242,46.955166],[14.9832188,46.9548872],[14.983547,46.954589],[14.9838,46.9544606],[14.984123,46.954377],[14.9845702,46.9540003],[14.9847785,46.9538712],[14.985685,46.953208],[14.9857626,46.9529432],[14.9857215,46.9528534],[14.985723,46.952737],[14.9860175,46.9525315],[14.986306,46.952174],[14.9861315,46.9519682],[14.986104,46.951788],[14.9861914,46.9516816],[14.9864874,46.9515394],[14.9866753,46.95116],[14.9867725,46.9510042],[14.9870766,46.9507649],[14.9872249,46.9505839],[14.9874681,46.9503942],[14.9878854,46.950136],[14.988017,46.949915],[14.987996,46.9497604],[14.987877,46.949635],[14.9882003,46.9491544],[14.988244,46.9489767],[14.988346,46.948918],[14.9884117,46.9485342],[14.9884946,46.9484205],[14.988413,46.948199],[14.9885359,46.9480137],[14.9885652,46.9477783],[14.9887735,46.9475275],[14.9888472,46.947215],[14.9890228,46.9468216],[14.9890126,46.9467451],[14.9890759,46.9465592],[14.9890929,46.9463749],[14.989148,46.946221],[14.9892011,46.9457872],[14.9891634,46.9456509],[14.9891829,46.9455363],[14.9891422,46.9454812],[14.9891707,46.9453786],[14.9892377,46.9453111],[14.989217,46.944685],[14.9898444,46.9441637],[14.9900998,46.9438991],[14.9902701,46.9437596],[14.9904104,46.9435497],[14.9909182,46.9431131],[14.9910169,46.9428744],[14.991097,46.9428513],[14.991333,46.9426499],[14.9916974,46.9425811],[14.9921471,46.9423138],[14.9922208,46.9422344],[14.9931085,46.9419062],[14.993383,46.941847],[14.9936473,46.9414245],[14.9936473,46.9413371],[14.993807,46.940983],[14.9939549,46.9409151],[14.99411,46.940811],[14.993939,46.940477],[14.9937822,46.9404734],[14.9936593,46.9402626],[14.993445,46.940229],[14.993279,46.939979],[14.993436,46.939801],[14.9932597,46.93963],[14.993092,46.93931],[14.992442,46.9389722],[14.992337,46.93889],[14.9922758,46.9387707],[14.992309,46.938581],[14.9925061,46.9385162],[14.992701,46.93835],[14.9929771,46.9379824],[14.9931571,46.9377765],[14.9933114,46.9375333],[14.9936484,46.9371737],[14.993982,46.936771],[14.9942301,46.9363871],[14.994857,46.935677],[14.9951616,46.93546],[14.9953708,46.9353941],[14.99603,46.935067],[14.9963263,46.9346526],[14.9967511,46.9341109],[14.9968346,46.9340331],[14.997021,46.933725],[14.9976122,46.9334679],[14.9978853,46.9332492],[14.998129,46.933095],[14.9983204,46.9329101],[14.9984733,46.9326024],[14.998598,46.9324985],[14.998751,46.932401],[14.9985761,46.9323358],[14.9982682,46.9321314],[14.9975049,46.9313496],[14.9972389,46.9311909],[14.9971939,46.9311536],[14.996923,46.931034],[14.9972316,46.9309526],[14.9976173,46.9308822],[14.9984416,46.9308338],[14.9985462,46.9308471],[14.998695,46.930839],[14.9990473,46.930901],[14.999594,46.9311038],[14.9999953,46.9312071],[15.0004209,46.931341],[15.0007494,46.9314273],[15.0008535,46.9314683],[15.0010218,46.9314902],[15.0012346,46.9315292],[15.001419,46.931541],[15.0016431,46.9315137],[15.001862,46.931434],[15.0021102,46.9312278],[15.0024994,46.9309571],[15.0029356,46.9306246],[15.003257,46.9304206],[15.0036121,46.9302088],[15.0036997,46.9301316],[15.0037856,46.9300739],[15.0043712,46.9297921],[15.0044768,46.9298401],[15.0044658,46.9298584],[15.0045432,46.9298822],[15.005078,46.930041],[15.0056844,46.9300977],[15.0057646,46.9301076],[15.006469,46.930027],[15.0066396,46.9299222],[15.0068047,46.9297683],[15.007155,46.929604],[15.0072278,46.9293984],[15.0074393,46.9293326],[15.0075717,46.9292175],[15.007871,46.9289732],[15.0080378,46.9287841],[15.008454,46.928366],[15.008816,46.928084],[15.009088,46.9277836],[15.0091334,46.9276977],[15.0091849,46.9275521],[15.0092606,46.9275403],[15.009508,46.927234],[15.0095496,46.9271492],[15.0096315,46.9268994],[15.009725,46.926385],[15.0098316,46.9263306],[15.0098577,46.9262556],[15.0101223,46.9260992],[15.0102375,46.9259653],[15.0103493,46.9259019],[15.0103854,46.9258337],[15.0105694,46.9257163],[15.010656,46.925623],[15.0107344,46.9256294],[15.0108549,46.9255977],[15.0110031,46.9255391],[15.0112074,46.9253615],[15.0113124,46.9253357],[15.0114328,46.9252465],[15.0115618,46.9252042],[15.011684,46.9251383],[15.0122681,46.9249036],[15.0124769,46.924733],[15.0125523,46.9246998],[15.012716,46.924583],[15.0128697,46.9244237],[15.013029,46.9243493],[15.0131263,46.924336],[15.01332,46.924254],[15.013496,46.9242629],[15.0139825,46.9242264],[15.0143497,46.9242198],[15.0144839,46.9242018],[15.014844,46.9242684],[15.015102,46.923815],[15.0153323,46.9236085],[15.0155643,46.9234501],[15.0157919,46.9232849],[15.016091,46.922985],[15.0167479,46.9227602],[15.017122,46.922679],[15.0173252,46.9225193],[15.0173712,46.9224832],[15.0173292,46.922439],[15.0174879,46.922277],[15.0180844,46.9215158],[15.0181656,46.9213382],[15.0183408,46.921176],[15.018346,46.921089],[15.0185964,46.9208811],[15.0190004,46.9204127],[15.0196036,46.9199055],[15.0196823,46.9197781],[15.019837,46.9196983],[15.0198439,46.9196184],[15.0200361,46.9194099],[15.0202495,46.9192175],[15.0203117,46.9190404],[15.020414,46.918884],[15.0203946,46.9186053],[15.0203289,46.918486],[15.0203263,46.9183332],[15.0201727,46.9179095],[15.0200916,46.9175462],[15.0201122,46.9174311],[15.02003,46.917254],[15.0200162,46.9171671],[15.0201926,46.9169921],[15.02013,46.9166481],[15.020019,46.9164596],[15.0200434,46.9163033],[15.0201982,46.9162117],[15.0202085,46.9160519],[15.020106,46.916064],[15.0202803,46.915915],[15.020509,46.9158385],[15.02058,46.91573],[15.0205407,46.9156681],[15.0207978,46.9154079],[15.0211413,46.915277],[15.0212046,46.9151441],[15.02151,46.9149324],[15.0217313,46.9148417],[15.022159,46.914449],[15.0224724,46.914278],[15.023035,46.914161],[15.024533,46.913225],[15.0247202,46.913001],[15.0247857,46.9128105],[15.0248027,46.9124529],[15.024859,46.912325],[15.0251584,46.9119592],[15.0253291,46.9117842],[15.0254629,46.9117162],[15.025684,46.911544],[15.0258328,46.9112497],[15.025824,46.911071],[15.0263421,46.9107793],[15.02676,46.910483],[15.0268507,46.9103626],[15.026848,46.910259],[15.0268913,46.9101951],[15.0268809,46.9099772],[15.027002,46.909736],[15.0270421,46.9093945],[15.027203,46.9089993],[15.0272489,46.9087231],[15.027373,46.908379],[15.0277076,46.9078634],[15.027775,46.90768],[15.027479,46.906598],[15.0272933,46.906433],[15.0272186,46.9062264],[15.0269777,46.9059569],[15.0267799,46.9054591],[15.0266581,46.9054626],[15.026534,46.905403],[15.026087,46.9048672],[15.0256755,46.9041385],[15.025445,46.903917],[15.0253138,46.9039023],[15.025059,46.9037594],[15.0248846,46.9036164],[15.024659,46.903556],[15.0245045,46.9033078],[15.0241359,46.9029373],[15.023791,46.902744],[15.0239662,46.9010702],[15.023894,46.899454],[15.021935,46.898602],[15.022513,46.896995],[15.021614,46.894951],[15.020075,46.893325],[15.01938,46.891972],[15.0191079,46.8904741],[15.018838,46.889201],[15.017403,46.887134],[15.017326,46.886728],[15.0174951,46.8863198],[15.017758,46.885943],[15.017435,46.88478],[15.017119,46.8842741],[15.016791,46.883957],[15.01753,46.883579],[15.016787,46.8832968],[15.016484,46.8830988],[15.0163096,46.883075],[15.016108,46.882998],[15.0159069,46.8827775],[15.0157245,46.8824469],[15.0154756,46.882123],[15.015433,46.8819024],[15.015285,46.881617],[15.0149013,46.8813879],[15.014911,46.8812446],[15.0148681,46.8810043],[15.0149405,46.8809158],[15.014873,46.880816],[15.014506,46.880828],[15.0142835,46.8808976],[15.013603,46.880965],[15.0134295,46.8808811],[15.012926,46.880547],[15.0127124,46.8804972],[15.0124621,46.8804831],[15.012261,46.880511],[15.011271,46.880058],[15.01069,46.879916],[15.010269,46.879976],[15.0094497,46.8798109],[15.009174,46.87968],[15.0089527,46.8796839],[15.00822,46.879866],[15.008109,46.879607],[15.0082571,46.8790197],[15.008262,46.878834],[15.0081557,46.8786385],[15.0081503,46.878422],[15.0080706,46.8782542],[15.0080433,46.8779303],[15.0080876,46.8777312],[15.0080352,46.8773918],[15.007925,46.8773751],[15.0079706,46.8772378],[15.007921,46.876378],[15.0081077,46.8755431],[15.00815,46.8751382],[15.008355,46.87415],[15.0085339,46.8738403],[15.0090137,46.8734921],[15.0093306,46.8731729],[15.0099581,46.8726591],[15.0101598,46.8723796],[15.0103162,46.8720329],[15.0105468,46.8719561],[15.01064,46.871854],[15.0106107,46.8716117],[15.0107021,46.8712369],[15.0106933,46.871059],[15.0107789,46.8709301],[15.0106665,46.8708019],[15.010404,46.870317],[15.0104777,46.8700241],[15.0105533,46.8698592],[15.0106475,46.8695097],[15.010602,46.869214],[15.0102558,46.8691754],[15.0098978,46.8674589],[15.0098937,46.8672969],[15.0097462,46.866917],[15.0096505,46.8662727],[15.0095747,46.8659522],[15.0093404,46.8649619],[15.009185,46.864011],[15.009047,46.8635359],[15.0086082,46.8625551],[15.008421,46.861442],[15.0084995,46.860503],[15.0085875,46.8601932],[15.008747,46.857947],[15.009016,46.857455],[15.0091291,46.8569597],[15.009116,46.856532],[15.0092055,46.8563104],[15.009474,46.8559894],[15.0094799,46.8556345],[15.009751,46.854907],[15.0100346,46.8544861],[15.0109787,46.8536345],[15.011485,46.853098],[15.0115618,46.8529593],[15.0116495,46.8526434],[15.011551,46.852443],[15.011772,46.852173],[15.011922,46.852268],[15.012308,46.851998],[15.0126079,46.8516718],[15.0127656,46.8514295],[15.0130636,46.8511361],[15.01329,46.8509694],[15.013527,46.850666],[15.0139243,46.850092],[15.014238,46.84951],[15.0143623,46.8493672],[15.015498,46.848631],[15.015822,46.8482273],[15.0165561,46.8474422],[15.0168879,46.8470808],[15.017401,46.846489],[15.0184554,46.8457056],[15.019066,46.845161],[15.0194582,46.8446302],[15.019628,46.844256],[15.016365,46.840442],[15.0158456,46.8384967],[15.014652,46.83557],[15.0144803,46.8351712],[15.013383,46.833203],[15.01209,46.832601],[15.0117929,46.8325577],[15.0095129,46.8322254],[15.0082243,46.8321748],[15.00593,46.831793],[15.0005361,46.8296872],[14.997346,46.828374],[14.995444,46.827478],[14.992457,46.823199],[14.990381,46.822422],[14.9897301,46.8160948],[14.989695,46.815922],[14.9891866,46.8145427],[14.987519,46.810814],[14.9875402,46.8106654],[14.9877197,46.8094395],[14.9862962,46.8089717],[14.984522,46.808273],[14.981866,46.805938],[14.981051,46.804311],[14.979832,46.800968],[14.978774,46.796371],[14.979496,46.791501],[14.978741,46.788959],[14.9784358,46.7886626],[14.9784217,46.7886489],[14.977363,46.7876209],[14.9762624,46.7847833],[14.9789071,46.7834584],[14.9816099,46.7824888],[14.9827762,46.7820351],[14.9838933,46.7816928],[14.9852213,46.7818238],[14.9881545,46.7817093],[14.9902373,46.7813213],[14.9966751,46.7808233],[14.997595,46.7788],[15.0149335,46.7743758],[15.0171479,46.7736498],[15.0184139,46.7734301],[15.019306,46.773157],[15.021396,46.772983],[15.023858,46.772981],[15.024362,46.772675],[15.02547,46.77242],[15.026718,46.772338],[15.026693,46.771681],[15.026887,46.771359],[15.028332,46.770531],[15.029463,46.770306],[15.03015,46.769792],[15.0305597,46.769298],[15.030789,46.768883],[15.0308701,46.7681799],[15.030998,46.767882],[15.0309441,46.7672225],[15.0307719,46.7669906],[15.030741,46.7668096],[15.0307585,46.7666426],[15.0307301,46.7664927],[15.0307453,46.7663802],[15.0308207,46.7661705],[15.03065,46.765884],[15.030685,46.765411],[15.030807,46.765063],[15.0306287,46.7649029],[15.0305938,46.7647526],[15.0305533,46.7646216],[15.0304737,46.7645726],[15.030374,46.764426],[15.0302743,46.7643278],[15.029809,46.764228],[15.0295835,46.7637114],[15.0295453,46.7636239],[15.029494,46.763469],[15.029867,46.763216],[15.0298701,46.7631118],[15.029728,46.762942],[15.0295126,46.7627846],[15.0294254,46.7627312],[15.029363,46.762693],[15.0291939,46.7626192],[15.0290456,46.7626009],[15.0288951,46.7625823],[15.0286505,46.7625808],[15.0282941,46.7625433],[15.028138,46.762441],[15.0281624,46.7623585],[15.0280905,46.7622692],[15.0280693,46.7621923],[15.028189,46.7618991],[15.028131,46.7617557],[15.0281028,46.7616812],[15.028134,46.761533],[15.0277475,46.7611116],[15.0276203,46.7607048],[15.027446,46.760497],[15.0275592,46.7602449],[15.0275935,46.7599529],[15.0275838,46.7598611],[15.0275401,46.7597053],[15.0273963,46.7595893],[15.0273134,46.7594655],[15.027236,46.759343],[15.0275087,46.7588768],[15.0275999,46.7579426],[15.0278925,46.7569826],[15.028227,46.756115],[15.029753,46.754715],[15.0300882,46.7545531],[15.0306734,46.7541319],[15.030978,46.753958],[15.0314022,46.7533281],[15.0326956,46.7514139],[15.0330137,46.7505376],[15.033559,46.749826],[15.033609,46.749368],[15.033295,46.748887],[15.0330379,46.7485749],[15.032874,46.748376],[15.032233,46.747972],[15.031966,46.747487],[15.0318266,46.7470064],[15.031583,46.746604],[15.0315308,46.7457587],[15.0315511,46.7456923],[15.0323067,46.7443648],[15.0328451,46.7437893],[15.033097,46.743313],[15.033139,46.742518],[15.0335724,46.7420906],[15.0356868,46.73978],[15.038417,46.736646],[15.0390512,46.7364259],[15.041287,46.73602],[15.042277,46.735248],[15.043063,46.734168],[15.0432202,46.7338477],[15.043678,46.7336934],[15.0438475,46.7336306],[15.044254,46.73348],[15.044593,46.732959],[15.043269,46.732262],[15.0424351,46.7323692],[15.0417023,46.7323314],[15.0410421,46.7323065],[15.0399495,46.7324789],[15.039579,46.732417],[15.039196,46.732132],[15.039011,46.731656],[15.0388616,46.7315405],[15.037287,46.729582],[15.037167,46.729166],[15.0366025,46.7288606],[15.035863,46.728259],[15.0359948,46.7278782],[15.0362286,46.7276463],[15.0363332,46.7274185],[15.0369977,46.7267269],[15.037539,46.725885],[15.037956,46.725747],[15.0383309,46.7254937],[15.0388416,46.7250087],[15.0392723,46.7248231],[15.039414,46.724671],[15.040269,46.7245405],[15.0406012,46.7243929],[15.041549,46.724207],[15.0419917,46.72395],[15.0422255,46.7236886],[15.042661,46.7234],[15.0427177,46.7231023],[15.04261,46.722875],[15.0430007,46.7223853],[15.043265,46.721809],[15.043507,46.721025],[15.042275,46.72088],[15.042479,46.719685],[15.044041,46.716588],[15.044351,46.714673],[15.0432376,46.7135534],[15.041318,46.711872],[15.039926,46.711285],[15.038564,46.711041],[15.037728,46.710517],[15.036587,46.709448],[15.0361908,46.7084576],[15.035555,46.707222],[15.034534,46.705837],[15.034671,46.705467],[15.0344049,46.7048754],[15.034342,46.704112],[15.034729,46.703546],[15.034846,46.702939],[15.035063,46.69932],[15.0348166,46.6988509],[15.034276,46.698214],[15.034027,46.696965],[15.0340878,46.6963975],[15.034313,46.695684],[15.034004,46.694909],[15.034401,46.694438],[15.033903,46.693052],[15.032533,46.691259],[15.0327081,46.6905324],[15.0328138,46.6894104],[15.032898,46.689272],[15.0328027,46.6883801],[15.0326914,46.6879641],[15.0327137,46.687613],[15.032659,46.687061],[15.0324132,46.6862963],[15.032107,46.685729],[15.0321295,46.6855139],[15.0319959,46.6851293],[15.0319904,46.6847583],[15.0318124,46.684785],[15.0318124,46.6844224],[15.0318347,46.6843308],[15.031723,46.683952],[15.030997,46.682945],[15.03045,46.681391],[15.0303548,46.6806172],[15.0305829,46.6790675],[15.030452,46.678004],[15.029983,46.677497],[15.029454,46.677308],[15.027561,46.677233],[15.026844,46.676966],[15.026407,46.676477],[15.025903,46.676236],[15.025192,46.6762238],[15.025035,46.67616],[15.024625,46.675479],[15.0246968,46.674987],[15.024638,46.674166],[15.0244966,46.6740785],[15.023548,46.673891],[15.022859,46.674],[15.022468,46.673354],[15.0223713,46.6730326],[15.022422,46.672477],[15.0228943,46.6721508],[15.023455,46.67156],[15.02334,46.670729],[15.0241405,46.6701657],[15.02452,46.669736],[15.0246198,46.6696993],[15.0255857,46.6693228],[15.026652,46.668953],[15.0278378,46.6689231],[15.028997,46.668754],[15.0293698,46.6685988],[15.03066,46.667849],[15.031451,46.667208],[15.0322117,46.6669417],[15.032944,46.666782],[15.0336298,46.6664727],[15.0340285,46.6662265],[15.0342791,46.6659763],[15.034624,46.665884],[15.0350821,46.6659412],[15.035873,46.666105],[15.0362097,46.6660623],[15.037547,46.666167],[15.0379695,46.6664571],[15.038299,46.666781],[15.038913,46.667003],[15.0391541,46.6670081],[15.0394161,46.6669261],[15.040187,46.666805],[15.041153,46.666844],[15.0422694,46.6669534],[15.0433629,46.6671371],[15.043664,46.66721],[15.0437957,46.6672504],[15.043941,46.66758],[15.0439666,46.6678015],[15.0438641,46.6681298],[15.043961,46.668528],[15.0444051,46.668673],[15.0448322,46.6688919],[15.0452537,46.6690443],[15.045763,46.669108],[15.0461706,46.6693022],[15.046511,46.669613],[15.0466319,46.6695484],[15.04827,46.669475],[15.0488416,46.6696539],[15.050031,46.6702],[15.050379,46.6701046],[15.0506635,46.6701067],[15.050708,46.669284],[15.050573,46.66897],[15.049882,46.668378],[15.049756,46.667798],[15.049283,46.667164],[15.0492118,46.6668362],[15.0492004,46.6663515],[15.049262,46.666139],[15.0493599,46.6660623],[15.050141,46.665751],[15.050254,46.6655581],[15.0506926,46.6650735],[15.0514045,46.6643895],[15.053872,46.661735],[15.054112,46.660864],[15.0549298,46.6608875],[15.0554993,46.6609383],[15.056312,46.660912],[15.056832,46.660481],[15.057789,46.660023],[15.0580678,46.6599845],[15.059545,46.660022],[15.0602092,46.6598516],[15.062356,46.659609],[15.063448,46.658854],[15.063976,46.658129],[15.064118,46.65757],[15.06423,46.6569435],[15.0641446,46.6562125],[15.064482,46.65404],[15.064967,46.653413],[15.0651128,46.6528701],[15.0651507,46.6523254],[15.0650848,46.65201],[15.0655862,46.6516311],[15.0663145,46.651497],[15.0669982,46.6513974],[15.0677255,46.6511446],[15.068412,46.650775],[15.068984,46.6505547],[15.0693453,46.6503949],[15.0696538,46.6502525],[15.0706346,46.649885],[15.0713293,46.6498301],[15.0713284,46.6499078],[15.0721289,46.6499815],[15.0726161,46.6501251],[15.0729138,46.6500759],[15.073628,46.6498136],[15.0744613,46.6498465],[15.0747917,46.6497704],[15.0747272,46.6495553],[15.0754365,46.6492723],[15.0754443,46.6492707],[15.0757994,46.6490864],[15.0758058,46.6490849],[15.0763637,46.6488904],[15.0763698,46.6488869],[15.0767935,46.6485684],[15.0768003,46.6485639],[15.0773536,46.6482332],[15.0775916,46.6480583],[15.0778233,46.6479613],[15.0779267,46.6478994],[15.0781393,46.6478114],[15.0781448,46.6478097],[15.0787624,46.6474454],[15.0787668,46.6474415],[15.0792519,46.6471284],[15.0792567,46.647124],[15.0797889,46.6467804],[15.0805851,46.646357],[15.0805896,46.6463533],[15.080697,46.6459594],[15.080703,46.6459564],[15.0811299,46.6457461],[15.0816298,46.6454983],[15.0816365,46.6454977],[15.0820452,46.6453271],[15.0820632,46.6453211],[15.0824241,46.6451691],[15.0827462,46.6455715],[15.0833038,46.6459801],[15.0833061,46.645985],[15.0836557,46.646278],[15.0839224,46.6465301],[15.0839261,46.6465352],[15.0839445,46.6465557],[15.0841167,46.6467725],[15.0842602,46.6469331],[15.0842651,46.6469352],[15.0844204,46.6471042],[15.0846622,46.6474905],[15.0846653,46.6474916],[15.0848419,46.6477272],[15.0849525,46.6480045],[15.085096,46.6483044],[15.0851001,46.6483095],[15.0858207,46.6489655],[15.0862631,46.6493073],[15.0869295,46.6498333],[15.0869342,46.6498361],[15.0874711,46.6502193],[15.0879844,46.6505181],[15.0883109,46.6507631],[15.088316,46.6507706],[15.0886224,46.6510816],[15.0890362,46.6513957],[15.0890427,46.6513986],[15.0888294,46.6517345],[15.0883577,46.6519426],[15.0879176,46.6519883],[15.088242,46.6520788],[15.0885857,46.6521789],[15.0889233,46.6522929],[15.0895812,46.6523599],[15.0899741,46.6524143],[15.0899565,46.6524238],[15.090583,46.652568],[15.0909907,46.6526477],[15.0910183,46.6526506],[15.0915769,46.6525917],[15.0921558,46.6528355],[15.0921505,46.6528413],[15.0925621,46.6529436],[15.0927957,46.6528842],[15.0931185,46.6529436],[15.0933702,46.6529906],[15.093872,46.6530235],[15.0943357,46.6530019],[15.0944368,46.6530181],[15.0946027,46.6530172],[15.0946962,46.6530405],[15.0947592,46.653028],[15.0948203,46.6530198],[15.0948796,46.6530239],[15.0950403,46.6530284],[15.0951318,46.6530208],[15.0951996,46.6529728],[15.0953982,46.6529511],[15.095631,46.6529292],[15.0957759,46.6529034],[15.0958144,46.6528864],[15.0962238,46.6528933],[15.0967619,46.6528856],[15.0968275,46.6528931],[15.0969153,46.6528614],[15.0970457,46.652876],[15.0971796,46.6528804],[15.0973051,46.6528907],[15.09744,46.6528933],[15.0974878,46.6529286],[15.0975385,46.652941],[15.0975563,46.6530159],[15.0975751,46.6530848],[15.0976038,46.6531351],[15.0976301,46.6531621],[15.0976647,46.6531693],[15.0977497,46.6531693],[15.0979131,46.6531812],[15.0980398,46.6532177],[15.0981444,46.6532343],[15.0982848,46.6533045],[15.0983534,46.6533451],[15.098492,46.6533597],[15.0986461,46.6533711],[15.0987423,46.6534036],[15.0987879,46.6534267],[15.0988396,46.6534351],[15.0988597,46.6534726],[15.0988888,46.6534866],[15.0989131,46.6534823],[15.0989506,46.6535136],[15.0989949,46.6535838],[15.0990294,46.6536221],[15.0990543,46.6537049],[15.099096,46.65379],[15.0991167,46.6538489],[15.0992116,46.6539049],[15.0992615,46.6539739],[15.099337,46.6540446],[15.099344,46.6541066],[15.0993913,46.6541764],[15.0994682,46.6542427],[15.0995118,46.6542887],[15.0995381,46.654363],[15.0995381,46.6543991],[15.0996266,46.6544657],[15.0996935,46.6544857],[15.099737,46.654516],[15.099785,46.6545454],[15.0998574,46.6545852],[15.0999284,46.6546278],[15.0999745,46.6546717],[15.1001296,46.6547565],[15.1001689,46.6548011],[15.1001639,46.6548654],[15.100149,46.6549838],[15.10016,46.6550425],[15.1001241,46.6551331],[15.1000837,46.6551908],[15.1000691,46.6552351],[15.1000609,46.6552933],[15.1000682,46.6553454],[15.1000707,46.6553595],[15.1000945,46.6553888],[15.1000886,46.655423],[15.1000962,46.655444],[15.1001692,46.6555075],[15.1001628,46.6555699],[15.10019,46.655612],[15.1002255,46.6557067],[15.1002376,46.6557692],[15.1002394,46.6557832],[15.1002661,46.6558456],[15.1002991,46.6559222],[15.1003067,46.655972],[15.1003484,46.6560084],[15.1003887,46.6560529],[15.1004183,46.6560494],[15.1005004,46.656057],[15.1006293,46.6561073],[15.1006255,46.6561245],[15.1008076,46.6562124],[15.1009252,46.6562867],[15.1010147,46.6563156],[15.1010773,46.6563351],[15.101215,46.6563429],[15.1014255,46.6563978],[15.1017488,46.6564317],[15.1017942,46.6564477],[15.1018306,46.6564482],[15.1018934,46.6564616],[15.1019049,46.6564678],[15.1019282,46.6564793],[15.1021668,46.6565712],[15.1022917,46.6566308],[15.1023631,46.6566491],[15.1024609,46.6566889],[15.1026336,46.6567416],[15.102778,46.6567577],[15.1028972,46.6568249],[15.1029896,46.6569022],[15.1030779,46.6569566],[15.1031625,46.6570136],[15.1031953,46.6570648],[15.1032772,46.6571061],[15.1033788,46.657171],[15.103468,46.6572311],[15.1035527,46.6572408],[15.1035796,46.6572661],[15.1038145,46.6573526],[15.1038661,46.6573908],[15.1039232,46.6574413],[15.103973,46.6574694],[15.1040476,46.6574828],[15.1041598,46.6575577],[15.1041712,46.6575815],[15.1043696,46.6576226],[15.1044031,46.6576356],[15.10446,46.6577046],[15.1045344,46.6577285],[15.1047568,46.6578312],[15.1048754,46.6578711],[15.1049556,46.657889],[15.1050214,46.657912],[15.1050494,46.6579467],[15.1051047,46.6580101],[15.1051251,46.658001],[15.1052239,46.6580433],[15.1053074,46.6580877],[15.1054986,46.6581635],[15.1056353,46.6581953],[15.1057148,46.6582265],[15.1057192,46.6582556],[15.1057302,46.6582775],[15.1058131,46.6583307],[15.105852,46.6583295],[15.1060001,46.6583212],[15.1060557,46.658357],[15.1061952,46.6584337],[15.1062406,46.6584318],[15.106287,46.6584388],[15.1063927,46.6584745],[15.1064526,46.6585026],[15.1065277,46.658584],[15.1065843,46.6586508],[15.1066915,46.6587166],[15.1067597,46.6588631],[15.1068375,46.6589651],[15.1069583,46.6591138],[15.1070107,46.6591631],[15.1070165,46.6591873],[15.1070453,46.6592061],[15.1070886,46.6592358],[15.1071083,46.659245],[15.1071198,46.659289],[15.1071304,46.6593886],[15.1071443,46.6594558],[15.1071757,46.6595044],[15.1072257,46.6595681],[15.1072812,46.6596175],[15.1074009,46.659652],[15.1074934,46.6596856],[15.1076134,46.6597108],[15.1077985,46.6596919],[15.1079642,46.6597236],[15.1080027,46.6597307],[15.1081003,46.6597951],[15.1081442,46.6597967],[15.1082473,46.6597853],[15.1082727,46.6598053],[15.1083709,46.6598361],[15.1084284,46.6597868],[15.1085504,46.6597318],[15.1086418,46.6596598],[15.1088014,46.6595039],[15.1088812,46.6594448],[15.1090163,46.6594248],[15.1090499,46.6594163],[15.1091491,46.659455],[15.1092239,46.659474],[15.1093361,46.6595147],[15.1094103,46.6595423],[15.109531,46.6595646],[15.1097422,46.6595809],[15.1098568,46.6596124],[15.10996,46.659636],[15.1100118,46.6596507],[15.1101306,46.6596629],[15.1102171,46.6597076],[15.1102552,46.6597029],[15.1104781,46.6596798],[15.1106324,46.6596659],[15.1107932,46.6595878],[15.1108544,46.6595555],[15.1109634,46.6595081],[15.1110775,46.6594442],[15.1110988,46.6594393],[15.1111238,46.6594165],[15.1111981,46.6593584],[15.1112355,46.659331],[15.1113521,46.6592355],[15.1114097,46.6591865],[15.1115853,46.6590742],[15.1116934,46.6590121],[15.1117828,46.6589674],[15.1119124,46.6589065],[15.1119944,46.6588724],[15.1121098,46.658829],[15.112162,46.658808],[15.1122061,46.6588122],[15.1123169,46.6587709],[15.1124915,46.6587231],[15.1125927,46.6586896],[15.1127221,46.6586164],[15.1128325,46.6584928],[15.1129492,46.6583921],[15.1130752,46.6582742],[15.1131293,46.6582067],[15.113195,46.658141],[15.113255,46.6581008],[15.1133173,46.6580796],[15.1133928,46.658062],[15.1134635,46.6580362],[15.1135658,46.6579981],[15.1138454,46.6579257],[15.1140847,46.6578648],[15.1142856,46.6578021],[15.1144766,46.6577177],[15.1146186,46.6575941],[15.1147625,46.6575088],[15.1148918,46.6574083],[15.1150604,46.6573564],[15.1151161,46.657337],[15.1152534,46.6572986],[15.1154302,46.6572166],[15.115767,46.6571378],[15.1159912,46.6570658],[15.1161745,46.6569823],[15.1162771,46.6569167],[15.1164032,46.6567974],[15.1164198,46.6567181],[15.1162868,46.6566277],[15.1161451,46.656599],[15.1159968,46.6565603],[15.1156451,46.6564783],[15.1153488,46.6564165],[15.1149644,46.6563195],[15.1148679,46.6562728],[15.1147414,46.6561865],[15.1146831,46.6561114],[15.114671,46.6560425],[15.1146811,46.6559707],[15.114757,46.6559153],[15.1148886,46.6558668],[15.115029,46.6557904],[15.1152215,46.6556852],[15.1152755,46.6556204],[15.1154029,46.6554984],[15.1154301,46.655446],[15.1154916,46.6553639],[15.1155564,46.655265],[15.1156483,46.6551594],[15.1156634,46.6551379],[15.1157513,46.6550679],[15.1157641,46.6550617],[15.1158691,46.6550236],[15.1158973,46.6550055],[15.1159667,46.6549575],[15.1160724,46.6549152],[15.1161564,46.6548851],[15.1162054,46.6548647],[15.1163238,46.6548043],[15.1164434,46.6547787],[15.1164865,46.6547684],[15.1166569,46.6547211],[15.1167445,46.6547199],[15.1167592,46.6547012],[15.1169726,46.6546452],[15.1171063,46.6546777],[15.1172256,46.6546719],[15.1172605,46.6546699],[15.1173843,46.6546646],[15.1175226,46.6546365],[15.1176495,46.654604],[15.1177803,46.6545856],[15.1179641,46.6545537],[15.1180956,46.6545324],[15.1182662,46.6544823],[15.1184684,46.6544238],[15.1185709,46.6544034],[15.1187,46.6543426],[15.1187377,46.6543347],[15.1187685,46.6543022],[15.1188519,46.6542257],[15.1188609,46.6542022],[15.1188502,46.6541583],[15.1188585,46.65413],[15.118881,46.6540384],[15.1188192,46.6538917],[15.1188045,46.6538634],[15.1186808,46.6537823],[15.1188504,46.6537918],[15.1189244,46.6537599],[15.1189891,46.6537499],[15.1191224,46.6537452],[15.1193062,46.6538615],[15.1193929,46.6538515],[15.1194991,46.6538734],[15.1196209,46.6539487],[15.1197108,46.654032],[15.1198431,46.6541312],[15.1198576,46.6541951],[15.1199559,46.6542653],[15.1199093,46.6543372],[15.1198675,46.6544415],[15.1198677,46.6545057],[15.1198441,46.6545756],[15.1198523,46.6546035],[15.1198945,46.6546504],[15.1200207,46.6547825],[15.1200311,46.6548277],[15.1201114,46.6549424],[15.1201804,46.6549638],[15.1202488,46.6550113],[15.1202906,46.6550614],[15.1203969,46.6551584],[15.1204599,46.655204],[15.1205221,46.6552622],[15.1205796,46.655326],[15.1207203,46.6554478],[15.1207708,46.6555698],[15.1208234,46.6556607],[15.1209257,46.6557262],[15.1209647,46.6557372],[15.1210305,46.6557423],[15.121139,46.6557775],[15.1211994,46.6558333],[15.1213502,46.6558739],[15.1214857,46.655918],[15.1215349,46.6559872],[15.1215696,46.6559545],[15.1218217,46.6558163],[15.121834,46.6558128],[15.1215551,46.6555531],[15.1213125,46.6553391],[15.1212163,46.6549659],[15.1213043,46.6547113],[15.1213194,46.6545199],[15.1215825,46.6543394],[15.1223254,46.6543165],[15.1228021,46.6542464],[15.1230124,46.6542929],[15.123402,46.6542805],[15.1234297,46.6542854],[15.1236811,46.6541703],[15.124203,46.6541188],[15.1242683,46.6541332],[15.1243495,46.6541184],[15.1244649,46.6540493],[15.1245386,46.6540183],[15.1245893,46.6540164],[15.1246804,46.6540342],[15.1247569,46.6539942],[15.124778,46.6539555],[15.1249036,46.653744],[15.125442,46.6533695],[15.1257335,46.6531896],[15.1263406,46.6530123],[15.1264367,46.6530006],[15.1264132,46.652918],[15.1263886,46.6528686],[15.1263965,46.6528395],[15.1263734,46.6527875],[15.1263467,46.652704],[15.1263212,46.6526397],[15.1263152,46.6526036],[15.1262723,46.6525679],[15.1262267,46.6525115],[15.126222,46.6524695],[15.1261854,46.6524094],[15.1261334,46.6523542],[15.1260748,46.6523096],[15.1261043,46.6522731],[15.1262796,46.6520619],[15.1264344,46.6518311],[15.1264376,46.6518234],[15.1265517,46.651663],[15.12655,46.6516569],[15.1264481,46.6514923],[15.126408,46.6513459],[15.1264094,46.6513409],[15.1263626,46.6511315],[15.1263364,46.6510002],[15.1263313,46.6509932],[15.1263775,46.6508566],[15.1264505,46.6507964],[15.1265642,46.6507316],[15.1267536,46.6506373],[15.1269517,46.6505301],[15.127089,46.6505058],[15.1270949,46.6505066],[15.1273498,46.6505515],[15.1273574,46.650553],[15.127629,46.6506847],[15.1276337,46.6506841],[15.1277876,46.6506191],[15.1277883,46.650616],[15.1278326,46.6505069],[15.1279354,46.6503487],[15.1279377,46.6503456],[15.1280513,46.6502147],[15.1282545,46.6500854],[15.1285545,46.650011],[15.1285606,46.6500099],[15.1287173,46.6500174],[15.1289912,46.650055],[15.129003,46.6500566],[15.1291323,46.6501074],[15.1291378,46.650107],[15.1294756,46.650123],[15.1294892,46.6501261],[15.1296106,46.6501515],[15.129687,46.6501618],[15.129789,46.6502476],[15.1298876,46.6502788],[15.1299779,46.6502814],[15.1300803,46.6503113],[15.1301782,46.6503114],[15.1302436,46.650324],[15.1303742,46.6503089],[15.1304396,46.6503018],[15.1304772,46.650318],[15.1305422,46.6503517],[15.1306532,46.6503813],[15.1306808,46.6504167],[15.1307122,46.6504829],[15.1307536,46.6504867],[15.1308052,46.6505208],[15.1309682,46.6505522],[15.1310392,46.6505558],[15.1311403,46.6505581],[15.1311583,46.6505721],[15.1311865,46.6506023],[15.1312046,46.6506482],[15.1312514,46.6507327],[15.1313107,46.6507869],[15.1313637,46.65083],[15.1313732,46.6508687],[15.1314585,46.6509572],[15.1314948,46.6509961],[15.1315489,46.6511238],[15.1315333,46.6512155],[15.1315848,46.6512381],[15.1316175,46.6512888],[15.1316908,46.651346],[15.1317198,46.651388],[15.1318153,46.6514934],[15.1318948,46.6515666],[15.1320695,46.6516549],[15.1321214,46.6517471],[15.1321653,46.6518296],[15.1322019,46.6519071],[15.1322504,46.6519799],[15.1322611,46.6520698],[15.1322381,46.6521909],[15.1322353,46.6522851],[15.1322859,46.6523524],[15.1322601,46.6524404],[15.1322371,46.6524679],[15.1321188,46.6526027],[15.1320727,46.6526891],[15.132059,46.6527366],[15.1320505,46.6528213],[15.1320231,46.6529127],[15.1319844,46.6529992],[15.1320329,46.6531258],[15.1320649,46.6531964],[15.1321251,46.6532475],[15.1321832,46.6532847],[15.1322437,46.6533853],[15.1322806,46.6534038],[15.1323934,46.6534312],[15.1324893,46.6534568],[15.1325668,46.6534541],[15.1326262,46.6534841],[15.1327334,46.6535217],[15.1327885,46.6536115],[15.1328444,46.6536353],[15.1328556,46.6536692],[15.1328667,46.653691],[15.1329078,46.6537283],[15.132999,46.6537765],[15.133119,46.6538281],[15.1332166,46.6538886],[15.1332582,46.654026],[15.1333226,46.6541191],[15.1333593,46.6541503],[15.1332638,46.6543766],[15.133296,46.6545766],[15.1333732,46.6546234],[15.1334779,46.6549328],[15.1335327,46.6551507],[15.1337921,46.655507],[15.1337898,46.6562609],[15.1339164,46.6563916],[15.1340434,46.6565451],[15.1344594,46.6568063],[15.1349794,46.6569632],[15.1352625,46.6570973],[15.1355428,46.6570397],[15.1360358,46.6572967],[15.1362246,46.6574108],[15.1367828,46.6575717],[15.1371548,46.6576598],[15.1378475,46.6577665],[15.1379147,46.6575386],[15.1379285,46.6572571],[15.1388494,46.6572457],[15.1388859,46.6572503],[15.1389516,46.6571664],[15.1391936,46.6569833],[15.1395256,46.6568279],[15.1396268,46.6567896],[15.1398337,46.6567273],[15.1399123,46.6566887],[15.1399787,46.6566413],[15.1400768,46.6565327],[15.1401881,46.656385],[15.1402186,46.6563965],[15.1404104,46.6564628],[15.1408686,46.6566552],[15.1415861,46.656949],[15.1419303,46.6570742],[15.1422079,46.6571688],[15.142298,46.6575597],[15.1424115,46.6577338],[15.1425935,46.6579818],[15.142821,46.6585125],[15.1429138,46.6589161],[15.143201,46.6594139],[15.1435576,46.6594218],[15.1436984,46.6594422],[15.1438846,46.6594638],[15.1441334,46.6595492],[15.1441989,46.6596033],[15.1442753,46.659598],[15.1447171,46.659733],[15.1448665,46.6597547],[15.1449112,46.6597491],[15.145121,46.6597809],[15.1452945,46.6598059],[15.1453424,46.659838],[15.1454256,46.659813],[15.1454347,46.6597792],[15.1455222,46.6597072],[15.1457016,46.6596524],[15.1458896,46.6595775],[15.1459343,46.6596043],[15.1459912,46.6596143],[15.1460357,46.6595924],[15.1461827,46.6595409],[15.1462855,46.6595395],[15.146354,46.6595244],[15.1463805,46.6594945],[15.1464191,46.6594467],[15.1465009,46.6594635],[15.146813,46.6593921],[15.1468811,46.6594182],[15.147035,46.6594641],[15.1471004,46.6594482],[15.1472383,46.6594365],[15.1473651,46.6593407],[15.1474664,46.6593232],[15.1475698,46.659274],[15.1476765,46.6592714],[15.1477706,46.659271],[15.1479249,46.659251],[15.1481406,46.659252],[15.1483791,46.6591665],[15.1484269,46.6591412],[15.1486112,46.6590435],[15.1487877,46.6589811],[15.1489827,46.6588826],[15.1491781,46.6588608],[15.1493265,46.6588024],[15.1494977,46.658659],[15.1495382,46.6586158],[15.1496056,46.6585638],[15.1496826,46.6585735],[15.1497382,46.6585719],[15.1497787,46.6585454],[15.1500386,46.6584146],[15.1502131,46.6583869],[15.150322,46.6583219],[15.1503949,46.6583133],[15.1504665,46.6583128],[15.1505977,46.6583544],[15.1506567,46.6583734],[15.1509964,46.6583891],[15.1511963,46.6583809],[15.1512819,46.6583929],[15.1514153,46.658359],[15.151509,46.6582956],[15.1516566,46.6583675],[15.1517083,46.6583766],[15.1517544,46.6583711],[15.15185,46.6583257],[15.1520087,46.6582977],[15.152272,46.6583349],[15.1523523,46.658328],[15.1524441,46.6582677],[15.1524993,46.6582725],[15.1526227,46.6582394],[15.1526413,46.6581857],[15.1526938,46.6581288],[15.1530086,46.6578955],[15.1529677,46.6578248],[15.1529213,46.6577942],[15.1529753,46.6577684],[15.1531265,46.6576935],[15.1531692,46.6576593],[15.1533714,46.6576048],[15.153544,46.6574204],[15.1535461,46.6573911],[15.1537075,46.6572427],[15.1539156,46.6571548],[15.1539636,46.6571193],[15.15403,46.656988],[15.1539456,46.6569503],[15.1541087,46.6568302],[15.1541581,46.6568522],[15.1542081,46.6568552],[15.1541971,46.6568107],[15.1541995,46.6567681],[15.154186,46.6567538],[15.1542717,46.6566603],[15.1543037,46.656516],[15.1543199,46.6564867],[15.154369,46.6564653],[15.154352,46.656403],[15.154425,46.6563033],[15.1544663,46.6562266],[15.1545007,46.6561912],[15.1545664,46.656171],[15.1546601,46.6561079],[15.1547753,46.6559488],[15.1549442,46.655855],[15.1549766,46.6558556],[15.1550697,46.6558215],[15.1552594,46.6557727],[15.1553946,46.655785],[15.155584,46.6557777],[15.1557594,46.6557064],[15.1558472,46.6557031],[15.1559364,46.6556563],[15.1560947,46.6558401],[15.156488,46.6559878],[15.1569556,46.6561759],[15.1575745,46.6563798],[15.1579394,46.6564362],[15.1585637,46.6563208],[15.1591992,46.6567303],[15.1596987,46.6568986],[15.1599877,46.6570625],[15.1602434,46.6571231],[15.1608115,46.6572739],[15.161621,46.6574659],[15.1619073,46.6576508],[15.1621777,46.6577491],[15.1623636,46.6577783],[15.162873,46.6576919],[15.1630494,46.6576209],[15.1631608,46.6575825],[15.1634696,46.6575593],[15.1634754,46.6575524],[15.1636955,46.6574531],[15.1638357,46.6574456],[15.1639344,46.6574217],[15.1639376,46.657369],[15.1639761,46.6573578],[15.1641226,46.6573396],[15.1641816,46.6573459],[15.1642792,46.6573273],[15.1645376,46.6573024],[15.1647463,46.6571032],[15.1649126,46.6568757],[15.1649982,46.6564733],[15.1654081,46.6558966],[15.1655781,46.6556865],[15.1656119,46.6554001],[15.1656141,46.6553076],[15.1656957,46.6550784],[15.1658177,46.654956],[15.1661721,46.6547072],[15.1662107,46.654653],[15.1663306,46.6545308],[15.1665461,46.6543081],[15.1667008,46.6541753],[15.1669544,46.6541131],[15.1670526,46.6540718],[15.1674693,46.6541019],[15.1675812,46.6540623],[15.1683873,46.653977],[15.1686493,46.6539775],[15.1689359,46.6538863],[15.1693689,46.6538415],[15.1695457,46.6538997],[15.1696632,46.6539613],[15.1697446,46.6540171],[15.1698792,46.653998],[15.1700302,46.6540299],[15.1703941,46.6540871],[15.1707296,46.6539704],[15.1712394,46.6542111],[15.1716713,46.6543225],[15.172263,46.6543526],[15.1726582,46.6542366],[15.1732012,46.6542125],[15.1732027,46.6542296],[15.1735212,46.6545137],[15.1736585,46.6546201],[15.1738237,46.6547681],[15.1741546,46.655074],[15.1743969,46.6552932],[15.1746442,46.655524],[15.1746691,46.6555488],[15.1749034,46.6554652],[15.1750693,46.6553804],[15.1751108,46.6553633],[15.1753633,46.6552631],[15.1754686,46.6552214],[15.17566,46.6551819],[15.1759305,46.655164],[15.1761754,46.6551624],[15.1765325,46.6552402],[15.1767562,46.6552416],[15.1774501,46.6552786],[15.1776169,46.6553101],[15.1778407,46.655382],[15.1781519,46.6554996],[15.1784066,46.6556079],[15.1785519,46.6556749],[15.1786569,46.6556891],[15.1787303,46.6556801],[15.1787617,46.6556636],[15.1788259,46.6556186],[15.1788353,46.6555858],[15.1788334,46.6555208],[15.1788329,46.6554406],[15.1788383,46.655423],[15.1788619,46.6554196],[15.1789272,46.6554269],[15.1792663,46.6556369],[15.1793535,46.6557093],[15.1794581,46.6558075],[15.1794785,46.6558352],[15.1795016,46.6558668],[15.1798061,46.6559615],[15.1802349,46.6560806],[15.1804278,46.6561369],[15.1807756,46.6562072],[15.1811282,46.656271],[15.181406,46.6562955],[15.1815875,46.6562792],[15.1817284,46.6562595],[15.182165,46.656156],[15.1822619,46.6561441],[15.1826423,46.6560243],[15.1830244,46.655775],[15.183162,46.6556662],[15.1833896,46.6554734],[15.1835072,46.6553781],[15.183611,46.655306],[15.1837952,46.655195],[15.1842068,46.654968],[15.1846926,46.6547267],[15.1848931,46.6546098],[15.1850334,46.6545153],[15.1854715,46.6542556],[15.1856017,46.654172],[15.1856136,46.6541584],[15.1858615,46.6539619],[15.1858436,46.6539456],[15.1861694,46.6537772],[15.1861805,46.6537869],[15.1862243,46.6537284],[15.1862773,46.6536846],[15.186396,46.6536153],[15.1865243,46.6535687],[15.1867203,46.6535003],[15.18692,46.6534402],[15.1872089,46.6533339],[15.1873861,46.6532761],[15.1879256,46.6530979],[15.188128,46.6530204],[15.1882085,46.6529526],[15.1882758,46.6529016],[15.1883626,46.6528542],[15.1884529,46.6528217],[15.1884662,46.6528566],[15.1893425,46.6527801],[15.1896084,46.6523993],[15.1898387,46.6520975],[15.190236,46.6517398],[15.1905524,46.6513608],[15.1908092,46.6511221],[15.1911094,46.6509793],[15.1916347,46.6507221],[15.1915472,46.6502763],[15.1914084,46.6497773],[15.1914246,46.6496348],[15.191521,46.6494615],[15.1917529,46.6489208],[15.1918068,46.648796],[15.1919248,46.6486099],[15.1922481,46.648451],[15.1922484,46.6484153],[15.1927273,46.6482278],[15.1931418,46.6480715],[15.1937444,46.647837],[15.194228,46.6475542],[15.1946138,46.6473147],[15.1948466,46.6471671],[15.195113,46.6467467],[15.1955463,46.6465607],[15.196035,46.6463289],[15.196569,46.6461357],[15.1967277,46.6460535],[15.1968551,46.6459211],[15.1973524,46.6457373],[15.1974258,46.6457343],[15.1976033,46.6457386],[15.1979039,46.6457374],[15.1980706,46.6457262],[15.1984792,46.645727],[15.1992227,46.6456709],[15.1995164,46.6456048],[15.2002476,46.6454079],[15.2002559,46.6454248],[15.200652,46.6452993],[15.2007474,46.6452691],[15.2009919,46.6451758],[15.2012333,46.6450794],[15.2013832,46.6450233],[15.2014001,46.6450186],[15.2015577,46.6449699],[15.2016808,46.6449493],[15.2017411,46.6449458],[15.2018879,46.6449395],[15.2019802,46.6449486],[15.2023946,46.6450321],[15.2026712,46.6451132],[15.2028333,46.6451719],[15.2030899,46.6452829],[15.2032001,46.6453198],[15.2033175,46.6453593],[15.2033732,46.645371],[15.203505,46.6454024],[15.2035967,46.6454186],[15.2036846,46.6454166],[15.2037309,46.6454186],[15.2039005,46.6454047],[15.2039906,46.6453937],[15.2041956,46.645359],[15.2045822,46.6453247],[15.2047636,46.6453188],[15.204875,46.6452917],[15.2050156,46.6452651],[15.2051091,46.6452408],[15.2051829,46.6452232],[15.2052594,46.6451959],[15.2054331,46.6452263],[15.2056009,46.6452668],[15.205755,46.6452627],[15.2058655,46.6452518],[15.2061257,46.6452111],[15.2061514,46.6452067],[15.2064228,46.6451192],[15.2064553,46.6451044],[15.2065616,46.6450378],[15.2066211,46.6449753],[15.2066709,46.6449215],[15.2067077,46.6448834],[15.2067203,46.6448664],[15.2070609,46.6447019],[15.2071231,46.6446785],[15.2073108,46.6446294],[15.207519,46.6445539],[15.2076396,46.644496],[15.2077508,46.6444348],[15.2079812,46.6443171],[15.2082119,46.6442302],[15.2085657,46.644101],[15.2087578,46.6440104],[15.2090287,46.6439449],[15.2090835,46.643941],[15.209611,46.6439265],[15.2097644,46.6439051],[15.2102125,46.6439136],[15.2102857,46.6439091],[15.2105211,46.6438638],[15.2108653,46.6438199],[15.2112005,46.6437906],[15.2116471,46.6437232],[15.2117313,46.6437152],[15.2119227,46.643707],[15.2120174,46.643707],[15.2123088,46.6436726],[15.2124684,46.6436338],[15.2125899,46.643621],[15.2127278,46.6436115],[15.2128049,46.643616],[15.2131114,46.6436682],[15.213204,46.6437019],[15.2132868,46.6437293],[15.21345,46.6437685],[15.2135819,46.6437958],[15.2136471,46.6437969],[15.2137206,46.6437982],[15.2137813,46.6437833],[15.2139378,46.6437226],[15.2141141,46.643667],[15.2141655,46.6436491],[15.2143406,46.6435744],[15.2145044,46.6435178],[15.2147527,46.643444],[15.2149981,46.6433781],[15.2151846,46.6433353],[15.2154272,46.6432988],[15.21585,46.6432535],[15.2160906,46.6432333],[15.2162989,46.6432042],[15.2164211,46.6431723],[15.2165275,46.6431339],[15.2166196,46.6430856],[15.2170164,46.6428402],[15.2171489,46.6427639],[15.2173401,46.6426912],[15.2174985,46.6425999],[15.2176062,46.6425248],[15.2177822,46.6423714],[15.2178958,46.6422905],[15.2179633,46.6422506],[15.2180527,46.6422141],[15.2181198,46.6422018],[15.2181925,46.6421986],[15.2182874,46.6422041],[15.2183736,46.6422171],[15.218548,46.6422506],[15.218838,46.6423002],[15.2190084,46.6423322],[15.2190941,46.6423384],[15.2190759,46.6423679],[15.2195009,46.6423848],[15.2200702,46.642457],[15.2205036,46.6425827],[15.2207648,46.642677],[15.2210754,46.64275],[15.2217444,46.6429961],[15.2220212,46.6430416],[15.2223264,46.6431139],[15.2227768,46.6432156],[15.2231714,46.6432951],[15.2237532,46.6433457],[15.2242863,46.6434411],[15.224613,46.6433466],[15.2250654,46.6431558],[15.2258385,46.6430086],[15.2260819,46.6429296],[15.2264134,46.6427646],[15.2268153,46.6426138],[15.2272375,46.642447],[15.2277391,46.6423329],[15.2282299,46.6422126],[15.2288617,46.6420234],[15.2294187,46.6419196],[15.2300052,46.6417133],[15.2305999,46.6415412],[15.2313943,46.6412583],[15.2320691,46.6409736],[15.2328362,46.6406695],[15.2336371,46.6404194],[15.2340561,46.6402671],[15.2344324,46.6400653],[15.234579,46.6399939],[15.2350025,46.6398499],[15.2351798,46.639779],[15.2353473,46.6397067],[15.2354247,46.6396718],[15.235606,46.6394621],[15.2359029,46.6393806],[15.2364325,46.6394909],[15.2365599,46.6395196],[15.2366963,46.6395409],[15.2370336,46.6396505],[15.2374631,46.6397093],[15.2375877,46.6397363],[15.2381232,46.6397593],[15.2386352,46.6397887],[15.2393707,46.6398677],[15.2398007,46.6399098],[15.240415,46.6400012],[15.2410609,46.6400561],[15.2413431,46.6400708],[15.2418519,46.6402377],[15.2424458,46.6405841],[15.2430789,46.6410652],[15.2435842,46.6415251],[15.2440059,46.6417661],[15.2442528,46.6417983],[15.2452506,46.6417691],[15.2458064,46.6417674],[15.2470067,46.6417654],[15.2471475,46.6417468],[15.2473963,46.6417139],[15.2481695,46.6418994],[15.248931,46.6420643],[15.2497479,46.6421072],[15.2508019,46.6421215],[15.2517734,46.6421105],[15.2529034,46.642177],[15.2534656,46.6421002],[15.2537712,46.6422976],[15.2543658,46.6424556],[15.2548665,46.6426009],[15.2555292,46.6427476],[15.2561724,46.6430103],[15.2566875,46.6431755],[15.2575249,46.6435368],[15.25898,46.6439878],[15.2592464,46.6439901],[15.2597263,46.644051],[15.2604201,46.6442343],[15.2610699,46.6444149],[15.2619842,46.644641],[15.2625248,46.6447175],[15.2633378,46.6446275],[15.263898,46.6444867],[15.2645734,46.6444697],[15.2653164,46.644578],[15.2666001,46.6446425],[15.2669518,46.6447643],[15.2678464,46.6447381],[15.2690228,46.6444905],[15.2695848,46.6442081],[15.2703771,46.6439176],[15.2713678,46.6438835],[15.2723507,46.6441228],[15.2729458,46.6441846],[15.2741609,46.6441191],[15.2755114,46.6439933],[15.2761207,46.6437908],[15.2765153,46.6436386],[15.2768034,46.6435728],[15.2773673,46.6436182],[15.2783103,46.6439791],[15.2790791,46.6443696],[15.2794182,46.6445712],[15.27965,46.6446734],[15.2802404,46.6447954],[15.2814709,46.6450016],[15.2822329,46.6452243],[15.2826488,46.6456769],[15.2827121,46.6461396],[15.2829187,46.6464777],[15.2835418,46.6473339],[15.2838313,46.6477605],[15.2840773,46.6479547],[15.2855318,46.6484159],[15.2858432,46.6485486],[15.2874852,46.6489743],[15.2885481,46.6490065],[15.2890004,46.6493685],[15.28953,46.6494539],[15.2905128,46.6499557],[15.2914597,46.6504878],[15.2916433,46.6507437],[15.2921067,46.6511496],[15.2923944,46.6514242],[15.2930198,46.6518372],[15.2934345,46.6522121],[15.2937448,46.6523199],[15.2940113,46.6524942],[15.2947892,46.652653],[15.2953152,46.652655],[15.2962752,46.6525617],[15.2966568,46.6526702],[15.2973092,46.652724],[15.2984502,46.6528939],[15.2994125,46.6528746],[15.299381,46.6529625],[15.2997392,46.6530253],[15.3001356,46.6531135],[15.3006271,46.6531716],[15.3010998,46.6532283],[15.3015761,46.6532545],[15.3021359,46.6531943],[15.302622,46.6531526],[15.3036783,46.653009],[15.3046726,46.6530239],[15.3051513,46.6530388],[15.3059161,46.6529681],[15.306821,46.6527685],[15.3074465,46.6526051],[15.3079755,46.6524426],[15.3082402,46.6524165],[15.3086503,46.6524088],[15.3089635,46.6524277],[15.3094945,46.6525028],[15.3104454,46.6523884],[15.3113103,46.6521406],[15.3126087,46.6514743],[15.3132893,46.6512101],[15.313807,46.6507607],[15.3146453,46.6502441],[15.3152083,46.6496743],[15.3155348,46.6490778],[15.3158713,46.6489174],[15.316817,46.6485936],[15.3183509,46.6480104],[15.3186664,46.6478546],[15.31943,46.6478482],[15.3206509,46.6478875],[15.3212499,46.6480764],[15.3216473,46.6480333],[15.3219148,46.6482245],[15.32163,46.6486457],[15.3219942,46.648855],[15.3222245,46.6490633],[15.3223999,46.6492436],[15.323524,46.6496366],[15.3243428,46.6498641],[15.323731,46.6504086],[15.3243581,46.6508471],[15.3254037,46.6514972],[15.3257138,46.6517499],[15.3266223,46.6522566],[15.3270485,46.6527534],[15.327473,46.65304],[15.3279894,46.6532102],[15.328421,46.6532419],[15.3298772,46.652947],[15.330468,46.6527047],[15.330896,46.6525477],[15.3312945,46.652369],[15.331857,46.6523564],[15.3326427,46.6525814],[15.3338453,46.6531545],[15.33394,46.6531183],[15.3340207,46.6530998],[15.3340622,46.6530954],[15.3341321,46.653088],[15.3342426,46.6530856],[15.3354763,46.653183],[15.335742,46.6532088],[15.3366126,46.6529149],[15.3377727,46.6531706],[15.3381614,46.6528907],[15.3385255,46.6527634],[15.3392695,46.6522501],[15.3394558,46.6518037],[15.3399944,46.6515928],[15.3404333,46.6515601],[15.3405015,46.6510084],[15.3411342,46.6508717],[15.341808,46.6509797],[15.3425809,46.6510525],[15.3429258,46.6510304],[15.3437138,46.6509076],[15.3441964,46.6508452],[15.3442698,46.6512176],[15.3441157,46.6512847],[15.344192,46.65137],[15.3446804,46.6515803],[15.3453423,46.6521239],[15.3458931,46.6523381],[15.3464829,46.6525371],[15.3467526,46.6528285],[15.3469675,46.653067],[15.3471585,46.6534254],[15.3476702,46.6536654],[15.3479766,46.6537528],[15.3484698,46.6538609],[15.3486874,46.6538604],[15.3491407,46.6540458],[15.3496891,46.6542721],[15.3503505,46.654514],[15.3509218,46.6546514],[15.3517122,46.654716],[15.3523117,46.6547388],[15.3528799,46.6547152],[15.3532314,46.6548183],[15.3535072,46.6549981],[15.3537368,46.65499],[15.3543749,46.6546163],[15.354737,46.654505],[15.3550297,46.6541931],[15.3553703,46.653637],[15.3554145,46.6532645],[15.3554698,46.6528771],[15.3554906,46.6526643],[15.3555642,46.6523446],[15.3556536,46.6520339],[15.3557155,46.6517438],[15.3557169,46.6514523],[15.3562301,46.6514216],[15.3569043,46.6514687],[15.3572565,46.6514378],[15.3578603,46.6513475],[15.3585127,46.6513376],[15.3591211,46.6513289],[15.3598645,46.6513416],[15.3603793,46.6513104],[15.3610896,46.6512725],[15.362548,46.6511154],[15.3635015,46.6511466],[15.3640307,46.6511298],[15.3649311,46.6509933],[15.3654953,46.6511879],[15.3669177,46.6513761],[15.3681298,46.6512977],[15.3687561,46.6509549],[15.3689206,46.6506189],[15.3701102,46.6498957],[15.3708411,46.6498162],[15.3715516,46.6497981],[15.3722949,46.6497447],[15.3731436,46.6502851],[15.3743506,46.6504704],[15.3747282,46.6506054],[15.3748835,46.6507715],[15.3749195,46.651243],[15.3755381,46.6516902],[15.3758993,46.6518896],[15.3772915,46.6518937],[15.3777506,46.6519116],[15.3788867,46.6518859],[15.3793957,46.6519708],[15.3805578,46.6522893],[15.3810845,46.6522913],[15.3815546,46.6521895],[15.3821538,46.6518941],[15.3825486,46.6516827],[15.3828853,46.6516305],[15.3834354,46.6515115],[15.3840216,46.6516253],[15.3845019,46.6518673],[15.3850684,46.6519895],[15.3853153,46.6520205],[15.3856871,46.6520409],[15.3862196,46.6522093],[15.3875827,46.6525283],[15.3881749,46.6527233],[15.3884816,46.6529492],[15.3889657,46.6529287],[15.3910226,46.652201],[15.3918784,46.6521839],[15.392277,46.6521442],[15.3926268,46.6520952],[15.3931882,46.6521164],[15.3937689,46.6520757],[15.3943345,46.6519072],[15.3944527,46.6520437],[15.394796,46.6522686],[15.3953445,46.6524929],[15.3963925,46.6528704],[15.3967838,46.6528666],[15.3971459,46.6529857],[15.3981247,46.6532855],[15.3985031,46.653353],[15.3995109,46.653411],[15.4007827,46.653316],[15.4014211,46.6533707],[15.4020216,46.6535621],[15.4027116,46.6537944],[15.4032652,46.6539211],[15.4042687,46.6539932],[15.404685,46.6541889],[15.4051909,46.654332],[15.4053763,46.6541579],[15.4056506,46.6543245],[15.4056604,46.6544755],[15.4066868,46.6545542],[15.4077711,46.6546045],[15.4082837,46.6544847],[15.4087244,46.6544753],[15.4097245,46.654787],[15.4109009,46.6548502],[15.4112069,46.6548662],[15.4118166,46.6548911],[15.4121771,46.6548788],[15.4126484,46.6550903],[15.4130026,46.6553926],[15.4134121,46.6555157],[15.4140706,46.655544],[15.4145334,46.6554299],[15.4158439,46.6550935],[15.4168659,46.6547812],[15.4176461,46.6549113],[15.4187153,46.6549408],[15.4199284,46.654983],[15.4203774,46.6548996],[15.4211057,46.6545383],[15.4215887,46.6536754],[15.4217058,46.6532694],[15.4233163,46.6526934],[15.4230598,46.6522192],[15.4228636,46.6516776],[15.4231548,46.6512754],[15.4231516,46.650855],[15.4227,46.6502884],[15.422124,46.6500309],[15.4217286,46.6499799],[15.4218745,46.6495149],[15.4216316,46.6489279],[15.4214351,46.6482552],[15.4215698,46.6475899],[15.4217095,46.6472343],[15.4220424,46.647284],[15.4226741,46.6473558],[15.4228016,46.6472357],[15.4228685,46.6471099],[15.4232106,46.6471994],[15.4237084,46.6473282],[15.4237456,46.6475052],[15.4251555,46.6473381],[15.4264923,46.6471726],[15.4278127,46.6470263],[15.4283604,46.6471207],[15.4290714,46.6469965],[15.4293417,46.6468033],[15.4301782,46.6466569],[15.430394,46.6465549],[15.4306081,46.6463874],[15.4311159,46.645897],[15.4309911,46.6458655],[15.4310427,46.6457486],[15.4310443,46.6457448],[15.4312783,46.6457164],[15.4316831,46.6452442],[15.4319187,46.6448154],[15.4321696,46.6442461],[15.43236,46.6438767],[15.432613,46.6436985],[15.432841,46.6433656],[15.4329672,46.6432198],[15.4335381,46.6427885],[15.4336582,46.64243],[15.4347411,46.6421206],[15.43562,46.6419218],[15.4357877,46.641899],[15.4361856,46.6415205],[15.4369029,46.6410647],[15.4375575,46.6407012],[15.4381676,46.640493],[15.4386236,46.6404358],[15.4393106,46.6400728],[15.4393534,46.6398648],[15.4398079,46.6399112],[15.4405329,46.6400308],[15.4412657,46.6399684],[15.4418304,46.6398953],[15.4420796,46.6402113],[15.442166,46.640133],[15.4421664,46.6401326],[15.4422078,46.6401123],[15.4425578,46.6403878],[15.4429103,46.6405198],[15.4432683,46.6406632],[15.4435668,46.6405871],[15.4442571,46.6407354],[15.4451092,46.6409484],[15.445805,46.641206],[15.4462907,46.641307],[15.447599,46.6416465],[15.4480886,46.6420027],[15.448637,46.6421566],[15.4496341,46.6423454],[15.4502121,46.641859],[15.4505039,46.6416709],[15.4506881,46.6417533],[15.4516292,46.6410184],[15.4520744,46.6408513],[15.452757,46.6404743],[15.4532229,46.6401488],[15.4539184,46.639966],[15.4542163,46.6400386],[15.4544964,46.6399839],[15.4549097,46.6399016],[15.4548969,46.6398752],[15.4554514,46.6397781],[15.4559176,46.6391515],[15.4568522,46.6389778],[15.4567693,46.638598],[15.4563736,46.6380959],[15.4557709,46.6376706],[15.4558347,46.6375541],[15.4559552,46.6372718],[15.4562933,46.6365421],[15.4562036,46.6361351],[15.4559686,46.635908],[15.4560356,46.6349715],[15.4558228,46.6347024],[15.4554843,46.6344464],[15.4553697,46.6339931],[15.4553377,46.6336481],[15.4552352,46.6332776],[15.4551372,46.6328618],[15.4552647,46.6323324],[15.4555003,46.6320034],[15.4558575,46.6315602],[15.4558827,46.6312813],[15.4554753,46.6306626],[15.4552652,46.6304255],[15.455061,46.6301217],[15.4552274,46.6298735],[15.4560713,46.6295209],[15.456553,46.6293693],[15.4571744,46.6292521],[15.4572932,46.6289442],[15.4575899,46.6281766],[15.4588498,46.6277407],[15.4593023,46.6273361],[15.4597861,46.6266607],[15.4594269,46.6264638],[15.4596648,46.6261859],[15.4599,46.6260937],[15.4603772,46.6261249],[15.4609423,46.6260113],[15.4610442,46.6261653],[15.4621464,46.6259447],[15.4622233,46.625538],[15.4622721,46.6252791],[15.4623141,46.6250563],[15.462539,46.6247632],[15.4625584,46.6247378],[15.4627852,46.6244423],[15.4628946,46.6243055],[15.4629563,46.6242283],[15.4631345,46.6240054],[15.4634014,46.6234533],[15.4634187,46.6233792],[15.4635052,46.6230073],[15.4635335,46.6230097],[15.4636692,46.6230213],[15.4637152,46.6227984],[15.4640356,46.622097],[15.4639852,46.6216531],[15.4638062,46.6212225],[15.4637583,46.6211127],[15.4637317,46.6210517],[15.4637007,46.6209807],[15.4636619,46.6204247],[15.4637274,46.6201388],[15.463761,46.6199924],[15.4638559,46.6195789],[15.4634375,46.6192591],[15.4628352,46.6189851],[15.4627616,46.6186912],[15.462473,46.6181812],[15.4622813,46.6179737],[15.4621769,46.6178608],[15.4622332,46.6176127],[15.4623459,46.6171162],[15.4623709,46.6166243],[15.4623866,46.6165435],[15.4625058,46.6159301],[15.4625147,46.6156455],[15.4624728,46.6156044],[15.4624239,46.6155566],[15.462113,46.6152523],[15.4622375,46.615246],[15.4622708,46.6152443],[15.4623613,46.6152398],[15.4626141,46.6152331],[15.4630211,46.6152274],[15.4630968,46.6148457],[15.4635492,46.6150035],[15.4637827,46.6147443],[15.463913,46.6145891],[15.4639712,46.6145893],[15.4643176,46.6145895],[15.4647683,46.614578],[15.4652396,46.6144947],[15.4656793,46.614417],[15.4662772,46.6143783],[15.4663046,46.6143766],[15.4664747,46.6143651],[15.4672119,46.6141033],[15.4673892,46.6140404],[15.4676963,46.6139314],[15.4682425,46.613547],[15.4685676,46.6132579],[15.4688942,46.6130052],[15.4691414,46.6128486],[15.4692273,46.6128953],[15.4694261,46.6129792],[15.4696382,46.6131091],[15.4700569,46.6133423],[15.4701042,46.6133558],[15.4701222,46.6133609],[15.4701871,46.6133388],[15.4702439,46.6133157],[15.4706513,46.6132414],[15.4707783,46.6131905],[15.4708461,46.6131466],[15.4709935,46.6130496],[15.4710306,46.6130118],[15.471175,46.6127802],[15.4712367,46.6127008],[15.4713274,46.612621],[15.4713498,46.6125884],[15.4715475,46.6125033],[15.4717362,46.6124091],[15.4718276,46.6123449],[15.4718639,46.6123065],[15.4719646,46.6122485],[15.4721837,46.612206],[15.4724056,46.6121217],[15.4724772,46.6120946],[15.4725967,46.612058],[15.4728467,46.6119995],[15.4730636,46.6119868],[15.4733974,46.6120494],[15.4735238,46.6120754],[15.4736412,46.6121311],[15.4738886,46.6122484],[15.4741233,46.6123492],[15.4742104,46.612398],[15.4742452,46.6123856],[15.4743843,46.6123643],[15.4745993,46.6123148],[15.474654,46.6122632],[15.4746958,46.6121448],[15.474742,46.612049],[15.474952,46.6121071],[15.4750239,46.6121351],[15.4754528,46.6122524],[15.475733,46.6122676],[15.4761136,46.6124109],[15.476226,46.6124331],[15.4765346,46.612533],[15.4767353,46.6126104],[15.4771481,46.6127438],[15.4776188,46.6128492],[15.4776324,46.6128858],[15.4776624,46.6129025],[15.4777089,46.6129316],[15.4778188,46.612966],[15.4779203,46.6129973],[15.4780409,46.6130283],[15.4781729,46.6130607],[15.4782146,46.613094],[15.4783056,46.6131378],[15.4783442,46.6131575],[15.4784216,46.6131682],[15.4784559,46.6131937],[15.4785345,46.6132796],[15.4787038,46.6133912],[15.4787677,46.613444],[15.4789719,46.6134846],[15.4790679,46.613557],[15.4791487,46.6135813],[15.4792167,46.6136619],[15.4793247,46.6136897],[15.4794354,46.6137242],[15.4795291,46.6137665],[15.4795524,46.6137851],[15.4796193,46.6138401],[15.4796681,46.6138671],[15.4796855,46.6139005],[15.4796393,46.6139797],[15.4796696,46.6140631],[15.4797458,46.6141577],[15.4797931,46.6142251],[15.4797926,46.6143637],[15.4798099,46.614411],[15.4798497,46.614437],[15.4799807,46.6144853],[15.4800935,46.6145191],[15.4801521,46.6145742],[15.4801721,46.6146229],[15.4801975,46.6146702],[15.4802282,46.6146897],[15.4802581,46.6147482],[15.4803265,46.6147724],[15.480489,46.614873],[15.4805561,46.6148962],[15.4807401,46.6150067],[15.480826,46.6150848],[15.4811262,46.6152123],[15.4811782,46.6153086],[15.4814513,46.61541],[15.4815699,46.6154715],[15.481659,46.6155404],[15.4817383,46.6155574],[15.4818693,46.6156613],[15.4819812,46.6158083],[15.4820401,46.6158243],[15.4821342,46.6159286],[15.4822301,46.6160078],[15.4822765,46.6161653],[15.4823136,46.616201],[15.4823804,46.6162415],[15.4824449,46.6163339],[15.4826018,46.6164634],[15.4827696,46.61658],[15.4828608,46.6167298],[15.4828276,46.6167698],[15.4828427,46.6168079],[15.4830058,46.6168906],[15.4830064,46.6170757],[15.4829734,46.6171464],[15.4830478,46.617214],[15.4830594,46.6173394],[15.483023,46.6174243],[15.4830874,46.6175348],[15.4831181,46.6176049],[15.4831848,46.617704],[15.483257,46.6177801],[15.4832524,46.6178437],[15.4831835,46.6179725],[15.4832287,46.6180447],[15.4833063,46.6181181],[15.4834302,46.6182049],[15.4834909,46.6183284],[15.4835468,46.6183432],[15.4835686,46.6183752],[15.4835275,46.6184198],[15.4835431,46.6184727],[15.4836291,46.6185257],[15.4836788,46.6186163],[15.4836957,46.6187838],[15.4838815,46.6189161],[15.4839005,46.6189432],[15.483952,46.618968],[15.4840047,46.6190006],[15.4841991,46.6190579],[15.4842175,46.6191005],[15.4842735,46.6191403],[15.4842811,46.6191897],[15.4843717,46.6192451],[15.4844896,46.6192871],[15.4845938,46.6193458],[15.4845966,46.6193776],[15.4846473,46.6194016],[15.4847041,46.6194079],[15.4848245,46.6193886],[15.4848724,46.6194016],[15.4849886,46.619502],[15.485151,46.6195341],[15.4854684,46.6195195],[15.4855545,46.6194981],[15.4856082,46.6194434],[15.4856531,46.6194303],[15.4858008,46.6194381],[15.4858889,46.6193812],[15.4859217,46.6194018],[15.4859285,46.6194447],[15.4860566,46.6195581],[15.4861424,46.6195593],[15.4862279,46.6195882],[15.4862603,46.6196871],[15.4863476,46.6197336],[15.4864117,46.6197756],[15.4865536,46.6198065],[15.4866141,46.6197991],[15.4866996,46.6197451],[15.4867794,46.6197528],[15.486889,46.6198022],[15.4869494,46.6198108],[15.4870393,46.6197755],[15.4871212,46.6197686],[15.487235,46.6198752],[15.4873425,46.6199008],[15.4873967,46.6199014],[15.4874334,46.6199558],[15.4876024,46.6200576],[15.4876834,46.6201633],[15.4878559,46.620236],[15.488185,46.6207208],[15.4882613,46.6206476],[15.488379,46.620705],[15.4885645,46.6206378],[15.4886679,46.6206737],[15.4888701,46.6206793],[15.4891731,46.6205893],[15.4892919,46.6205808],[15.4894868,46.6204797],[15.4895743,46.6204489],[15.4897247,46.6204569],[15.4899206,46.620374],[15.4901215,46.6204171],[15.4902573,46.6204331],[15.4903749,46.6203914],[15.4905305,46.6203859],[15.490665,46.620372],[15.4907546,46.6203604],[15.4908174,46.6203693],[15.4908478,46.6203865],[15.4908435,46.620418],[15.4908543,46.6204298],[15.4909048,46.6204542],[15.4909628,46.6204715],[15.4910211,46.6204758],[15.4911083,46.6204017],[15.4911681,46.6204003],[15.4911907,46.6204201],[15.4913965,46.6204809],[15.4914595,46.6204817],[15.4915747,46.620464],[15.4916503,46.6204745],[15.4917667,46.6204237],[15.491782,46.6204102],[15.4918759,46.6204139],[15.4919065,46.6204424],[15.4919501,46.6204416],[15.4920863,46.6203757],[15.4921281,46.6203579],[15.4922093,46.6203504],[15.4922861,46.6203617],[15.4923825,46.6203835],[15.4924557,46.6203913],[15.4925265,46.6203625],[15.4925853,46.6203498],[15.4926837,46.6203524],[15.4929108,46.6202991],[15.4931359,46.6201645],[15.4933913,46.6200234],[15.4934809,46.6199828],[15.4935425,46.6199469],[15.4935619,46.6199243],[15.4935781,46.6198617],[15.4935778,46.6198212],[15.4935851,46.6197857],[15.493621,46.6197615],[15.4936483,46.6196984],[15.4937354,46.6196375],[15.4937897,46.6196139],[15.4938485,46.6195944],[15.4938876,46.6196156],[15.4939339,46.6195802],[15.4939698,46.619571],[15.4940123,46.6195946],[15.4940257,46.6196132],[15.4940546,46.6196295],[15.4940912,46.619612],[15.4941331,46.6195486],[15.4941962,46.6194656],[15.4942792,46.6194093],[15.4943094,46.6193704],[15.4943181,46.6193092],[15.4943191,46.6192701],[15.494327,46.6192375],[15.4943466,46.6192285],[15.4944068,46.6192346],[15.4945948,46.6191487],[15.4946397,46.6191192],[15.49486,46.6190696],[15.4949457,46.6190289],[15.4950046,46.6190153],[15.495071,46.6190197],[15.4951041,46.6190111],[15.4952387,46.6189949],[15.4953023,46.6189817],[15.4953288,46.6189744],[15.4953612,46.6189339],[15.4953593,46.6188987],[15.4952984,46.6188433],[15.4953074,46.6188183],[15.49536,46.6188042],[15.4953977,46.6187944],[15.4954081,46.6187723],[15.4953997,46.6187617],[15.4953922,46.6187262],[15.4954151,46.6186968],[15.4955337,46.6186603],[15.4955902,46.6186573],[15.4957267,46.6186859],[15.4957404,46.6186936],[15.4957489,46.6187218],[15.4957576,46.6187297],[15.4958144,46.6187591],[15.4959067,46.6187854],[15.4959649,46.6188117],[15.4960126,46.6188236],[15.4960623,46.6188198],[15.4961246,46.6188013],[15.4961332,46.6187958],[15.4961453,46.618775],[15.4961612,46.6187697],[15.4962193,46.6187676],[15.4962442,46.6187936],[15.4963106,46.6188282],[15.4963664,46.6188415],[15.4964126,46.6188311],[15.4964602,46.6188284],[15.4965001,46.618841],[15.4965447,46.6188483],[15.496562,46.6188464],[15.4965758,46.6188347],[15.4965602,46.6187366],[15.4965556,46.6186973],[15.4965664,46.6186882],[15.4966003,46.6186807],[15.4966242,46.6186728],[15.4966897,46.6186403],[15.4967277,46.6186292],[15.4968264,46.6186248],[15.4969327,46.6186292],[15.4971273,46.6186333],[15.4972085,46.6186102],[15.497292,46.6186078],[15.4973899,46.6185947],[15.4974752,46.6185609],[15.4975429,46.6185544],[15.4976177,46.6185703],[15.4977002,46.6186099],[15.4977428,46.618626],[15.4977775,46.618624],[15.4978855,46.6186329],[15.4979792,46.6186471],[15.4980186,46.6186515],[15.4980819,46.6186598],[15.4981189,46.6186627],[15.4981996,46.6186545],[15.4982486,46.6186302],[15.4983182,46.6185983],[15.4984025,46.6185693],[15.4986223,46.618466],[15.498803,46.6183846],[15.498846,46.6183741],[15.4990133,46.6183529],[15.4990925,46.6183144],[15.4994144,46.6182186],[15.4995061,46.6181978],[15.4996007,46.6181801],[15.500011,46.6179708],[15.5000151,46.617968],[15.5003086,46.6178008],[15.5005476,46.6176609],[15.5005971,46.6176312],[15.5006091,46.617614],[15.5006331,46.6175723],[15.5006356,46.6175608],[15.5006102,46.6174835],[15.5005554,46.6173822],[15.5005007,46.6172861],[15.5003809,46.6170913],[15.5003291,46.6170271],[15.500328,46.6170253],[15.5002171,46.6169161],[15.5000583,46.6167731],[15.499962,46.6166676],[15.4999587,46.6166649],[15.4999269,46.6166016],[15.4999108,46.6165633],[15.4998963,46.6164956],[15.4999009,46.6164131],[15.4999271,46.6164076],[15.5001556,46.6163216],[15.5001865,46.6163028],[15.50013,46.6162687],[15.5001018,46.6162531],[15.5000683,46.6162428],[15.5000515,46.6162204],[15.5000475,46.6161937],[15.5000929,46.6161624],[15.5001534,46.6161117],[15.50021,46.616037],[15.5002627,46.615931],[15.5002705,46.6158319],[15.5002855,46.615758],[15.5003036,46.6157224],[15.5003103,46.615704],[15.5002924,46.6156739],[15.5002704,46.6156342],[15.5002597,46.6155677],[15.5002667,46.615502],[15.5002915,46.6154809],[15.5003061,46.6154473],[15.5003345,46.6153992],[15.5003476,46.615363],[15.5003672,46.6153223],[15.5003686,46.6152854],[15.5003544,46.615245],[15.5003425,46.6152246],[15.5003273,46.6152074],[15.5003124,46.6151836],[15.500304,46.6151595],[15.5003062,46.6151297],[15.5003248,46.6150421],[15.5003125,46.6150037],[15.5002936,46.6149823],[15.5002772,46.6149637],[15.5002839,46.614924],[15.5002961,46.6148987],[15.5003461,46.6148331],[15.5003531,46.6147102],[15.5005323,46.6146515],[15.5005819,46.6146494],[15.5008673,46.61457],[15.5009738,46.6145561],[15.5012343,46.6144605],[15.5012695,46.6144309],[15.5013329,46.6144086],[15.5014047,46.6143955],[15.5015183,46.6143524],[15.5015357,46.6143314],[15.5015611,46.6143034],[15.5016023,46.6142878],[15.5018052,46.614204],[15.501846,46.6141702],[15.5018858,46.6141639],[15.5019214,46.6141317],[15.5019648,46.6140956],[15.5020256,46.6140642],[15.5021125,46.6140421],[15.5022168,46.6139612],[15.5022692,46.6139078],[15.5023248,46.6139235],[15.5024659,46.6139954],[15.5028595,46.6140837],[15.503131,46.6141123],[15.5033971,46.6141752],[15.5037354,46.6142414],[15.5040284,46.614289],[15.5040446,46.6142905],[15.5040317,46.6143728],[15.5039556,46.6145226],[15.5037725,46.614776],[15.5036856,46.6149574],[15.50366,46.6150193],[15.5036383,46.6151092],[15.503632,46.6151827],[15.503645,46.6152375],[15.5037088,46.6153618],[15.5038128,46.6154607],[15.5040022,46.615575],[15.504087,46.6156338],[15.5042739,46.6157988],[15.50436,46.6159113],[15.5044136,46.6159744],[15.504534,46.6160086],[15.5046754,46.6160437],[15.5048896,46.6160733],[15.5050853,46.6160719],[15.5052025,46.6160654],[15.5053458,46.6160407],[15.5059244,46.6158684],[15.5063117,46.6157739],[15.5064678,46.6156886],[15.506543,46.6156688],[15.5066654,46.6156673],[15.5074588,46.6158104],[15.5075354,46.6158332],[15.5076387,46.6158839],[15.5079601,46.6160731],[15.5080485,46.6161104],[15.5081367,46.6161302],[15.508233,46.6161297],[15.5083249,46.61611],[15.5085202,46.6161144],[15.5088467,46.6162285],[15.5090438,46.6162147],[15.5096071,46.6161701],[15.5098562,46.6161675],[15.5099844,46.6161438],[15.5102355,46.6160454],[15.5102747,46.6160297],[15.5103239,46.615996],[15.5103827,46.6159286],[15.5104098,46.6158782],[15.5104486,46.6158758],[15.5106855,46.6162269],[15.5108999,46.6163248],[15.511019,46.6163523],[15.5111611,46.6163803],[15.511807,46.6166065],[15.5118903,46.6169253],[15.5118976,46.617087],[15.5118705,46.6171181],[15.5118717,46.6171474],[15.5118486,46.6171886],[15.5118511,46.6172529],[15.5118415,46.6173138],[15.5118263,46.6173333],[15.5117825,46.6173824],[15.5117245,46.617444],[15.5116878,46.6174558],[15.5116686,46.6174693],[15.5116608,46.6175018],[15.5116419,46.6175268],[15.5115315,46.6175595],[15.5114966,46.6175636],[15.5114561,46.6175779],[15.5114088,46.6176203],[15.5114065,46.6176477],[15.5113986,46.6176738],[15.5113485,46.6177105],[15.5112944,46.6177268],[15.5112865,46.6177606],[15.5112263,46.6178297],[15.5113342,46.618301],[15.5116162,46.6187376],[15.5116381,46.6187735],[15.5113503,46.6188425],[15.5114297,46.6191898],[15.5111031,46.6195091],[15.5108765,46.6196653],[15.5107046,46.6197854],[15.5105822,46.6198846],[15.5101122,46.6200951],[15.5107389,46.6206111],[15.5108604,46.6205504],[15.5109167,46.6205902],[15.5110264,46.6206624],[15.5113573,46.6211146],[15.511909,46.6215899],[15.5117749,46.6216958],[15.5117938,46.621811],[15.5120247,46.6218947],[15.512211,46.6219885],[15.5124165,46.6221627],[15.5124156,46.6221825],[15.5132864,46.6221308],[15.5135951,46.622216],[15.514113,46.6226565],[15.5143463,46.6227555],[15.5147819,46.6229321],[15.5152017,46.6231417],[15.5154612,46.6233815],[15.515552,46.6233554],[15.5157342,46.6232805],[15.5158158,46.6232282],[15.5158805,46.6231373],[15.515906,46.6230999],[15.5159683,46.6230567],[15.5160249,46.6230412],[15.516111,46.622958],[15.5161628,46.6228756],[15.5162209,46.6228171],[15.5163637,46.6227711],[15.5164129,46.6227248],[15.5165344,46.6226908],[15.5167741,46.6227253],[15.5169846,46.6227232],[15.5171935,46.6226308],[15.5172791,46.6225552],[15.5173125,46.6225411],[15.5174423,46.6224719],[15.5174752,46.6224316],[15.5175655,46.6223782],[15.5176924,46.6222798],[15.5177828,46.6221681],[15.5178788,46.6221023],[15.5178809,46.6219867],[15.517951,46.6219083],[15.5180523,46.6218271],[15.5181929,46.6217653],[15.5183821,46.6217405],[15.518439,46.621724],[15.5185356,46.621661],[15.5186698,46.6215611],[15.5187981,46.6213922],[15.5188301,46.6213502],[15.5189348,46.6213666],[15.5191844,46.6214076],[15.5193341,46.6214133],[15.5194681,46.62144],[15.5196623,46.6214811],[15.5199229,46.6214981],[15.5201295,46.6215512],[15.5201939,46.6215771],[15.52033,46.6216589],[15.52048,46.6217623],[15.5205809,46.6219206],[15.5205927,46.6219532],[15.520631,46.6219669],[15.5208428,46.6219604],[15.520977,46.6219672],[15.5210805,46.622023],[15.5211587,46.6220862],[15.521183,46.6221409],[15.5212642,46.6223058],[15.5215112,46.6224037],[15.5216684,46.6224345],[15.5219037,46.6225647],[15.5220547,46.6226093],[15.5223279,46.6227057],[15.5224421,46.6227592],[15.5226239,46.6228579],[15.5226643,46.6229035],[15.5227625,46.6230257],[15.5228694,46.6230693],[15.5229223,46.6231666],[15.5229009,46.6232356],[15.5230277,46.6234385],[15.5230743,46.6234703],[15.5231163,46.6235916],[15.523173,46.6236567],[15.5232508,46.6237612],[15.5232431,46.6238008],[15.5232844,46.6238445],[15.5233666,46.6240154],[15.5233542,46.6240846],[15.5233857,46.6241908],[15.5234221,46.6242685],[15.5234143,46.6243025],[15.5232749,46.6243503],[15.5232956,46.624418],[15.5234079,46.6244757],[15.5237694,46.6244289],[15.5238366,46.6244487],[15.5238092,46.6245843],[15.5239521,46.6247348],[15.5240794,46.6248694],[15.5242235,46.6249129],[15.5242333,46.6250289],[15.5243001,46.6251771],[15.5243637,46.6252847],[15.5244159,46.6255115],[15.5244633,46.6255942],[15.5246232,46.6257259],[15.5249595,46.6258623],[15.5251143,46.6260152],[15.5253061,46.6260991],[15.525365,46.6261474],[15.5254566,46.6263126],[15.5255281,46.626521],[15.5256391,46.6266397],[15.5258426,46.6267089],[15.5260733,46.6266628],[15.5262145,46.6266886],[15.5263728,46.6268087],[15.5265827,46.6269147],[15.5270269,46.62731],[15.5271155,46.6273713],[15.5273967,46.6274213],[15.5274702,46.627455],[15.5276173,46.6275164],[15.5277166,46.6275411],[15.5278017,46.627558],[15.5281387,46.6279361],[15.5283027,46.6280643],[15.5284592,46.6280891],[15.5286735,46.6279787],[15.5288456,46.6279875],[15.5289023,46.628014],[15.5290771,46.6281441],[15.5295499,46.6282996],[15.5295827,46.6283145],[15.5296248,46.6283704],[15.5297131,46.6285889],[15.5299026,46.6287259],[15.5299553,46.6287722],[15.5300119,46.6287988],[15.5301909,46.6288484],[15.5302129,46.6288559],[15.5302479,46.6289523],[15.5301023,46.6291873],[15.5300219,46.6296986],[15.5300494,46.6297863],[15.5301108,46.6298582],[15.5301408,46.6299637],[15.5301478,46.6299774],[15.5302701,46.630099],[15.5302893,46.6301174],[15.5304025,46.6301845],[15.5304329,46.6301906],[15.5307646,46.6302019],[15.5309733,46.6302978],[15.5310638,46.6303754],[15.531083,46.6304108],[15.5311843,46.6305316],[15.5312759,46.6305959],[15.531473,46.630777],[15.5315046,46.6308099],[15.5317026,46.6309199],[15.5318154,46.6309598],[15.5319052,46.6309881],[15.5319787,46.6310004],[15.5320776,46.6310407],[15.5321301,46.6310684],[15.5321529,46.6310846],[15.5322682,46.6311128],[15.5324225,46.6310807],[15.5325097,46.6310735],[15.5327883,46.6311075],[15.5330805,46.6311321],[15.5335306,46.6311874],[15.5336958,46.631253],[15.5338522,46.6313279],[15.5338731,46.6313475],[15.533972,46.6315325],[15.5339663,46.6316171],[15.5339293,46.6316877],[15.5338617,46.6319767],[15.5338788,46.6320569],[15.5339046,46.6321378],[15.5340135,46.632227],[15.5340442,46.6322595],[15.5340946,46.6322732],[15.5341268,46.6322655],[15.5342252,46.6322318],[15.5343981,46.6321269],[15.5345438,46.6321443],[15.5346611,46.63222],[15.5347481,46.6322617],[15.5348297,46.6323009],[15.534957,46.6323898],[15.5350933,46.6324124],[15.5352003,46.6324661],[15.5353197,46.6325817],[15.5353873,46.6326215],[15.5354969,46.6327559],[15.5355094,46.632835],[15.535596,46.6329038],[15.5356979,46.6329389],[15.5359523,46.6332559],[15.5360648,46.6333692],[15.5361294,46.6334125],[15.5362248,46.633449],[15.5362708,46.6334612],[15.536392,46.633435],[15.5366742,46.6334968],[15.5367673,46.6335233],[15.53695,46.6336053],[15.5370253,46.6336689],[15.5370175,46.6338082],[15.5371088,46.6339155],[15.5372793,46.6337717],[15.537365,46.6337416],[15.537543,46.6339213],[15.5377194,46.6340628],[15.5377687,46.6340883],[15.5378048,46.634081],[15.5379642,46.6339502],[15.538024,46.6339604],[15.5380687,46.6339769],[15.5382292,46.6340921],[15.5382957,46.6341329],[15.5385304,46.634155],[15.5387796,46.634284],[15.5388123,46.6342916],[15.5389708,46.6342049],[15.5391417,46.6341889],[15.5392839,46.6341735],[15.5394798,46.6341421],[15.5395987,46.6340481],[15.5397616,46.6339332],[15.5399527,46.63385],[15.540063,46.6338092],[15.5402209,46.6337867],[15.540407,46.6338242],[15.5405633,46.633859],[15.5406775,46.633838],[15.5407148,46.6336367],[15.5407826,46.6334487],[15.5408136,46.633388],[15.5410187,46.6333015],[15.5411522,46.6332441],[15.5412763,46.6330895],[15.5412467,46.6329954],[15.5411811,46.6328662],[15.5411415,46.632708],[15.5411735,46.6326427],[15.5416427,46.6325031],[15.5416682,46.6324508],[15.5416432,46.6323704],[15.541521,46.6322456],[15.5414851,46.6322347],[15.5414119,46.6321276],[15.5414473,46.6320579],[15.5417205,46.6318771],[15.5417467,46.6317539],[15.5418018,46.6315774],[15.5418303,46.6314659],[15.5418362,46.6313779],[15.5418104,46.6311883],[15.5419032,46.6311412],[15.5419485,46.6310807],[15.5419597,46.6310243],[15.5419478,46.6307565],[15.5421137,46.6305136],[15.5421587,46.6304556],[15.5421651,46.630351],[15.5421389,46.6302051],[15.5421554,46.6301045],[15.542347,46.6299819],[15.5424423,46.6299516],[15.5424804,46.6300146],[15.5427916,46.6305372],[15.5429046,46.6309262],[15.5431462,46.6312593],[15.5435306,46.6322172],[15.5448521,46.632991],[15.54558,46.6331549],[15.5456988,46.6335547],[15.5454545,46.633874],[15.545016,46.6342977],[15.5450469,46.6345024],[15.5449953,46.6347983],[15.5458449,46.635997],[15.546093,46.6364372],[15.5460541,46.636963],[15.5460528,46.6370244],[15.5463127,46.6370649],[15.5467083,46.6370732],[15.5469337,46.6371024],[15.5471205,46.6371489],[15.5474267,46.6373406],[15.547453,46.6373466],[15.5476812,46.6372747],[15.548195,46.63769],[15.5483715,46.6376417],[15.5492509,46.6386262],[15.5498331,46.638486],[15.5500195,46.6391223],[15.5502271,46.6393958],[15.5503003,46.6395108],[15.5503956,46.6397546],[15.5505584,46.639876],[15.5507825,46.6399099],[15.5510929,46.6402688],[15.5497266,46.6407675],[15.5491248,46.6410422],[15.5491375,46.6411478],[15.5489173,46.6413652],[15.5486641,46.6414389],[15.5482404,46.6414251],[15.5476517,46.6417118],[15.5470972,46.6418755],[15.5470013,46.6419912],[15.5472281,46.6420622],[15.5469714,46.6428083],[15.546539,46.6427256],[15.5456215,46.6424359],[15.5457184,46.6428953],[15.5453708,46.6428782],[15.5452446,46.6428915],[15.5448834,46.6433851],[15.5444236,46.6435611],[15.544383,46.6436801],[15.5443174,46.6438727],[15.5448514,46.6440765],[15.544738,46.6442147],[15.5445456,46.644407],[15.5444973,46.6445811],[15.5444668,46.6449796],[15.5447293,46.6455252],[15.5443865,46.6456981],[15.5444772,46.6458263],[15.5444407,46.6458546],[15.5440151,46.6459787],[15.5438654,46.6460858],[15.5447127,46.6463807],[15.5449851,46.6466078],[15.5454758,46.6467695],[15.5457574,46.6470869],[15.5459367,46.6471547],[15.5460887,46.6472999],[15.5463496,46.6477458],[15.5467977,46.6487429],[15.5483085,46.6483667],[15.5511982,46.6477696],[15.5513808,46.6476925],[15.5514617,46.6476952],[15.5515921,46.6478573],[15.5516502,46.6479513],[15.5517484,46.6481323],[15.5517754,46.6481839],[15.5518357,46.6483214],[15.5519293,46.6484682],[15.5520258,46.6485403],[15.5522108,46.6486305],[15.5523361,46.6487065],[15.5523803,46.6487974],[15.5523919,46.6488059],[15.5526735,46.6488038],[15.5526874,46.648824],[15.5526498,46.6489092],[15.5526971,46.6489724],[15.5527048,46.6489892],[15.5527484,46.6490103],[15.5527916,46.6490454],[15.5528128,46.6490615],[15.5528026,46.6490966],[15.5527379,46.6492018],[15.5527539,46.649239],[15.5528551,46.6492898],[15.5529354,46.6493636],[15.5529229,46.6494121],[15.5528016,46.649407],[15.5527966,46.6494572],[15.5528176,46.6495025],[15.5528288,46.6495178],[15.5529495,46.6495983],[15.5529988,46.6496216],[15.5529743,46.6496683],[15.5529577,46.6496753],[15.5529556,46.6497886],[15.5529348,46.6499143],[15.5529215,46.6499462],[15.5529174,46.6499975],[15.5529627,46.6500076],[15.553103,46.6500561],[15.5532019,46.6501586],[15.5531986,46.650263],[15.5531677,46.6503476],[15.5531509,46.6503721],[15.5530502,46.6505683],[15.5531771,46.6506895],[15.5532047,46.650804],[15.5532848,46.6509016],[15.5533505,46.6509722],[15.5534558,46.6511402],[15.5534905,46.6512626],[15.5535228,46.651377],[15.5535165,46.6514136],[15.5534902,46.6514375],[15.5534692,46.6514689],[15.5533749,46.6514834],[15.5532871,46.6514332],[15.5532249,46.6514183],[15.5530194,46.6514816],[15.5530012,46.6515],[15.5529977,46.6515181],[15.553083,46.6515801],[15.5530845,46.6517395],[15.5530513,46.6519536],[15.5531105,46.6520967],[15.5530808,46.6521044],[15.5529864,46.6521032],[15.552959,46.6520855],[15.5528306,46.6521067],[15.5528212,46.6521142],[15.5527912,46.6521872],[15.5528298,46.6522447],[15.5528785,46.652268],[15.5529795,46.6523795],[15.5530317,46.6525142],[15.5530055,46.6525708],[15.5529735,46.6527239],[15.5529882,46.6527382],[15.55297,46.6528471],[15.5529809,46.652877],[15.5530026,46.6530231],[15.5529341,46.653107],[15.5529054,46.6531443],[15.5529285,46.6531613],[15.5529051,46.6531941],[15.5527429,46.6532493],[15.5527275,46.6532622],[15.5527323,46.6533379],[15.5525554,46.6533822],[15.5525391,46.6533902],[15.5525078,46.6534252],[15.5525104,46.6534481],[15.5525786,46.6535224],[15.5525608,46.6535537],[15.5524201,46.6536181],[15.5523724,46.6536354],[15.552331,46.6536687],[15.5522427,46.653703],[15.5521445,46.6537784],[15.5520134,46.6538069],[15.5519637,46.6538664],[15.5518849,46.6539423],[15.5518705,46.6539587],[15.5518651,46.6539902],[15.5519212,46.6540607],[15.5518177,46.6540929],[15.5518303,46.6543545],[15.5518556,46.6543622],[15.5517981,46.6544654],[15.5516563,46.6544594],[15.5516001,46.6545143],[15.5515901,46.6545516],[15.5516659,46.654633],[15.5516648,46.6546536],[15.551691,46.6546579],[15.5517486,46.6546964],[15.5517372,46.6547724],[15.5516069,46.6549212],[15.5516903,46.6550648],[15.5516639,46.6551327],[15.5515462,46.6551832],[15.5513205,46.6551539],[15.5512689,46.6551563],[15.5512251,46.6551744],[15.551139,46.655264],[15.5510734,46.6553182],[15.5510629,46.6553737],[15.5509311,46.655535],[15.5507194,46.6556961],[15.5506462,46.6557025],[15.5505721,46.6556787],[15.5504618,46.6557068],[15.5504243,46.6557302],[15.5503692,46.6557858],[15.5503629,46.655815],[15.550379,46.6558717],[15.5505221,46.6559911],[15.5506021,46.6560054],[15.5506221,46.6560334],[15.5506137,46.6560806],[15.550431,46.6561537],[15.550421,46.6561701],[15.5504179,46.6561887],[15.5504528,46.6562401],[15.5504528,46.6562543],[15.5504746,46.6562822],[15.5505941,46.6563154],[15.5505782,46.6563794],[15.5505776,46.6563983],[15.5505683,46.6564222],[15.5505628,46.656442],[15.550492,46.6565],[15.5504915,46.6565363],[15.5503481,46.6567422],[15.5503476,46.6567799],[15.5503623,46.656798],[15.5503315,46.6568147],[15.5502877,46.6568132],[15.5501412,46.656812],[15.550135,46.6569799],[15.5500463,46.6571262],[15.549954,46.6572772],[15.5498359,46.6574629],[15.5497687,46.6575413],[15.5496366,46.6577537],[15.5495685,46.6578242],[15.5495387,46.6578607],[15.5494923,46.6579985],[15.5494191,46.6581181],[15.5493648,46.6581705],[15.5493216,46.6582769],[15.5492328,46.6583492],[15.5491457,46.6584148],[15.5490339,46.6585026],[15.5488763,46.6586141],[15.5487898,46.6586286],[15.5487023,46.6587128],[15.5486592,46.6587243],[15.5485563,46.6588124],[15.5485324,46.6588209],[15.5485025,46.6588541],[15.5485044,46.6589499],[15.5485989,46.6591217],[15.5486664,46.6591671],[15.548683,46.6592182],[15.5482829,46.6615943],[15.5481219,46.6621208],[15.5481024,46.6625281],[15.5481524,46.6628187],[15.5481139,46.6630883],[15.5481154,46.66344],[15.5479841,46.6637925],[15.5478844,46.6640941],[15.5479776,46.6648968],[15.5467864,46.6648901],[15.5465023,46.6647986],[15.5462854,46.6645992],[15.546028,46.66474],[15.5461313,46.6652925],[15.5458961,46.6660456],[15.5460055,46.6662518],[15.5464517,46.6667028],[15.5468237,46.6667857],[15.5468145,46.6668857],[15.5465223,46.6672405],[15.5458387,46.6677095],[15.5441976,46.6682796],[15.5439916,46.6685098],[15.5439979,46.668914],[15.5436841,46.6692925],[15.5446055,46.6696937],[15.5453962,46.6698834],[15.5462607,46.6701563],[15.5463351,46.67012],[15.546422,46.6700962],[15.546555,46.670069],[15.5466328,46.6700119],[15.5466697,46.6699215],[15.5467287,46.6698034],[15.5467902,46.6697131],[15.5467595,46.669612],[15.5468584,46.6695523],[15.5468678,46.6695005],[15.5469228,46.6694777],[15.546956,46.6694477],[15.5469808,46.6694224],[15.5470415,46.6693855],[15.547118,46.6693528],[15.547138,46.6693085],[15.5471818,46.6692779],[15.547199,46.669268],[15.5472617,46.6693987],[15.5473416,46.6694811],[15.5473452,46.66956],[15.547336,46.6696204],[15.5473115,46.669748],[15.5473195,46.6698728],[15.5474221,46.6700314],[15.5474783,46.6700867],[15.5474976,46.6701055],[15.5474906,46.6701532],[15.5475203,46.6701907],[15.5475425,46.6702651],[15.547577,46.6703919],[15.5476343,46.6704391],[15.5477315,46.6706072],[15.5477735,46.6706473],[15.5477874,46.6706959],[15.5478067,46.6707096],[15.5478383,46.67077],[15.547842,46.6707807],[15.5478895,46.6708398],[15.5479608,46.6708513],[15.5480429,46.670917],[15.5481431,46.6709719],[15.548296,46.6711368],[15.5483732,46.671173],[15.548399,46.6711875],[15.5484344,46.6712126],[15.5484599,46.671221],[15.5484631,46.6712489],[15.5485806,46.6713085],[15.5486405,46.6713747],[15.5486911,46.6714058],[15.5487643,46.6714177],[15.5487809,46.6714294],[15.5488703,46.6714929],[15.5489209,46.6715543],[15.5489605,46.6715902],[15.5489893,46.6716304],[15.5492478,46.6719919],[15.5498771,46.6722342],[15.5510226,46.6725931],[15.5509029,46.6721353],[15.5520855,46.6718404],[15.5523317,46.6715561],[15.5527226,46.6713127],[15.5530403,46.6711977],[15.5535867,46.6721929],[15.5530857,46.6723823],[15.5532321,46.6725534],[15.553796,46.6723414],[15.5542597,46.6722671],[15.5547518,46.6722216],[15.5547103,46.6721055],[15.5553125,46.671915],[15.5558087,46.6717627],[15.5567751,46.6713912],[15.5569634,46.6713005],[15.5570227,46.6712517],[15.5570797,46.6712197],[15.5571658,46.6711815],[15.5573358,46.6711369],[15.5579493,46.670985],[15.5583384,46.671021],[15.558655,46.6710203],[15.5591975,46.6711031],[15.5592021,46.6713056],[15.5592478,46.6714841],[15.5592987,46.6716764],[15.5593577,46.6720666],[15.5594291,46.6723427],[15.5598088,46.6728823],[15.5599022,46.6731157],[15.5599449,46.6735268],[15.5600537,46.6735768],[15.5603597,46.6736864],[15.5605319,46.6737549],[15.5606363,46.6738097],[15.5608754,46.673948],[15.5610021,46.674014],[15.5612762,46.6741598],[15.5613677,46.6741862],[15.5614533,46.6742109],[15.5615113,46.6742286],[15.561688,46.6742782],[15.5617854,46.6743746],[15.5618613,46.6744513],[15.5619413,46.6744928],[15.5619613,46.6745064],[15.5621472,46.6746551],[15.5622803,46.6746756],[15.562335,46.6746064],[15.5623966,46.6746331],[15.5623752,46.6746754],[15.5625147,46.6747177],[15.5624772,46.6748214],[15.5625198,46.6748765],[15.5626613,46.6750315],[15.562873,46.6751253],[15.5629419,46.6751585],[15.5630773,46.6752176],[15.5632106,46.6752723],[15.5633888,46.6753382],[15.5635648,46.6754033],[15.5637392,46.6754641],[15.5638556,46.6755053],[15.5640591,46.6755729],[15.5646245,46.675705],[15.5647754,46.6757637],[15.5648436,46.6758058],[15.5653508,46.6756613],[15.5656926,46.6756401],[15.5659949,46.6755759],[15.5665595,46.6755532],[15.5666694,46.6754863],[15.5667444,46.6754774],[15.5669436,46.6754205],[15.567002,46.6753504],[15.5672531,46.6753419],[15.5673129,46.6753287],[15.5673954,46.6753363],[15.5674875,46.6754539],[15.5675542,46.6757229],[15.567592,46.6759376],[15.5676356,46.6760483],[15.5676407,46.6761336],[15.5676424,46.6761709],[15.5676525,46.6762314],[15.5675193,46.6766493],[15.5675249,46.6767588],[15.5675589,46.6768601],[15.5676337,46.6769182],[15.5676373,46.6770863],[15.5676566,46.6770974],[15.5676631,46.6771703],[15.5676579,46.6772072],[15.5675756,46.6773603],[15.5675714,46.6774439],[15.5676097,46.6775389],[15.5675948,46.6775593],[15.5676207,46.6775979],[15.5677787,46.6776724],[15.5677824,46.677696],[15.5678268,46.6777302],[15.5678802,46.6777376],[15.5679548,46.6778315],[15.567996,46.6778513],[15.5680094,46.6778733],[15.5680439,46.6779097],[15.5680325,46.6779565],[15.5680748,46.6780067],[15.5681169,46.6781898],[15.5682184,46.678443],[15.5682194,46.6784517],[15.5682546,46.6787413],[15.5682014,46.6789481],[15.5682457,46.6793687],[15.5682547,46.6794184],[15.5683114,46.6798288],[15.5682487,46.6800149],[15.5681857,46.6801656],[15.5681128,46.680307],[15.5684138,46.6802608],[15.5687791,46.680217],[15.5690282,46.6802396],[15.5693672,46.6801489],[15.569548,46.6799304],[15.5696915,46.680181],[15.569983,46.6806538],[15.5700739,46.6807996],[15.5701309,46.6808784],[15.5701528,46.6809055],[15.5702457,46.6808583],[15.5702737,46.6808485],[15.5703264,46.6808348],[15.5704087,46.6808191],[15.5705008,46.6808014],[15.5707023,46.6807739],[15.57102,46.6807226],[15.571141,46.6806824],[15.5712623,46.680647],[15.5717043,46.6805666],[15.5718296,46.6805597],[15.5720654,46.6805415],[15.5721934,46.6805147],[15.5722662,46.6805065],[15.5724684,46.6804839],[15.5731512,46.6800923],[15.5732511,46.6800174],[15.5734832,46.6803118],[15.5739918,46.6806699],[15.5742639,46.680908],[15.5743504,46.6810494],[15.5743548,46.6810544],[15.5744407,46.681149],[15.5745154,46.6812491],[15.574654,46.681433],[15.5746953,46.6814813],[15.5747295,46.6814652],[15.5748831,46.6813808],[15.5750272,46.6812933],[15.5752221,46.6811904],[15.5754243,46.6810649],[15.5755548,46.6810088],[15.5757402,46.6807999],[15.5764069,46.6808573],[15.5767872,46.6808449],[15.5768716,46.6808424],[15.5770574,46.6808682],[15.5771381,46.6808738],[15.5772012,46.6809078],[15.5772304,46.6809147],[15.577276,46.6809415],[15.5773493,46.6809769],[15.5774918,46.6810152],[15.5775482,46.6810141],[15.5775611,46.6810048],[15.5775977,46.6810052],[15.5776406,46.6809843],[15.577665,46.6809784],[15.5777948,46.6809572],[15.5778416,46.6809574],[15.5778456,46.6809491],[15.5778864,46.6809383],[15.5779493,46.6809384],[15.5780355,46.6809371],[15.5780665,46.6809279],[15.5780725,46.6809272],[15.5780739,46.680944],[15.5780343,46.6810961],[15.5779434,46.6813338],[15.5778316,46.6817581],[15.5775681,46.6823374],[15.5773575,46.6828108],[15.5773523,46.6828911],[15.5774113,46.6830623],[15.5774162,46.6831007],[15.5775568,46.6831591],[15.5775909,46.6831706],[15.5776722,46.6831928],[15.5777892,46.6832053],[15.5779111,46.6832129],[15.578038,46.6832231],[15.5782472,46.6832628],[15.5784545,46.683294],[15.5787751,46.6833355],[15.5788398,46.6833439],[15.5790695,46.6833394],[15.5791042,46.6833413],[15.579237,46.6833244],[15.5792427,46.6833248],[15.5794868,46.68327],[15.5797123,46.6831946],[15.5805485,46.6829599],[15.5812318,46.682758],[15.5817956,46.6825931],[15.5818183,46.6825868],[15.5818045,46.6825179],[15.5817841,46.6824767],[15.5817121,46.6824145],[15.5816389,46.6823786],[15.581497,46.6823341],[15.581402,46.6823003],[15.5814127,46.6822874],[15.5816163,46.6822075],[15.5823243,46.6819528],[15.5829737,46.6824231],[15.583067,46.6824944],[15.5842685,46.6832124],[15.5847578,46.6833198],[15.5851974,46.6834096],[15.585622,46.6834822],[15.585636,46.6835437],[15.5856503,46.683604],[15.5856882,46.683764],[15.5856679,46.6839628],[15.5856369,46.6841014],[15.5863224,46.6842591],[15.5867735,46.684276],[15.5872878,46.6839873],[15.587418,46.6837891],[15.5875009,46.6836533],[15.5877928,46.6836068],[15.5880595,46.6836282],[15.5883537,46.6835931],[15.5885808,46.6835207],[15.5887028,46.6834391],[15.5890071,46.6832955],[15.589254,46.6832503],[15.5894849,46.683246],[15.5897372,46.683244],[15.5900268,46.6832862],[15.59039,46.6834731],[15.5905496,46.6837421],[15.5906521,46.6840158],[15.5907167,46.6842742],[15.5907001,46.6844731],[15.5905863,46.6849682],[15.5905812,46.6850194],[15.5905704,46.6851268],[15.590546,46.6852541],[15.590477,46.685534],[15.5904079,46.6857358],[15.5900265,46.6860101],[15.589919,46.6860873],[15.5900676,46.6860944],[15.5901278,46.6860945],[15.5902981,46.6860944],[15.5904402,46.6861003],[15.5904945,46.6861138],[15.5906152,46.6861602],[15.5907295,46.6862182],[15.5909196,46.6862795],[15.5909803,46.6863026],[15.5910322,46.6863269],[15.5910721,46.686351],[15.5911368,46.6864212],[15.5912413,46.6865284],[15.5913254,46.6866295],[15.5914773,46.6868227],[15.5915459,46.6869378],[15.5916435,46.687027],[15.591732,46.6870993],[15.5918143,46.6871786],[15.5918675,46.6872497],[15.5918636,46.6872894],[15.5919085,46.6874917],[15.5919518,46.6875763],[15.5920191,46.6876614],[15.5921442,46.6877597],[15.5922301,46.6878318],[15.5923852,46.687916],[15.592468,46.6879581],[15.5925429,46.6880366],[15.5927908,46.6882096],[15.5928949,46.6883059],[15.5931034,46.6885023],[15.5931524,46.688541],[15.5932395,46.6885855],[15.5934503,46.6886684],[15.5936181,46.6887333],[15.5939569,46.6889217],[15.5939992,46.6889644],[15.5940647,46.6890347],[15.5941217,46.6891063],[15.5941661,46.6891508],[15.5942368,46.6892411],[15.5943886,46.6893832],[15.5945798,46.6895603],[15.5947451,46.6898109],[15.5948425,46.6898928],[15.5949485,46.6899542],[15.5950377,46.6899871],[15.595118,46.6900134],[15.5955048,46.690104],[15.5958898,46.6901812],[15.5961319,46.6902171],[15.5965571,46.6903405],[15.5968057,46.6903696],[15.5968903,46.6903788],[15.5969791,46.6903881],[15.5972182,46.6903792],[15.5974459,46.6903629],[15.5975274,46.6903541],[15.597664,46.6903063],[15.5979022,46.6902671],[15.59815,46.6902106],[15.5982628,46.6901849],[15.5984044,46.6901576],[15.5984883,46.6901321],[15.5986521,46.6901432],[15.598992,46.6901544],[15.5992259,46.6901391],[15.5992871,46.6901323],[15.5993839,46.690132],[15.5996648,46.6901184],[15.5999034,46.6900863],[15.6000391,46.6900689],[15.6001804,46.6900464],[15.600267,46.6900211],[15.6004829,46.6899582],[15.6006333,46.6899049],[15.6008714,46.6898435],[15.6013137,46.6897175],[15.6016107,46.6896543],[15.6017361,46.6896466],[15.6018249,46.6896133],[15.6019527,46.6895724],[15.6021214,46.6894825],[15.6023713,46.6892846],[15.6026951,46.6890346],[15.602781,46.6889566],[15.6028802,46.6888244],[15.6029329,46.6887518],[15.6030031,46.6886548],[15.6030628,46.688583],[15.6031231,46.6885365],[15.6032709,46.688461],[15.6035233,46.6883716],[15.6036293,46.6883372],[15.6040121,46.6881616],[15.6043688,46.6881068],[15.604443,46.6880998],[15.604446,46.6880995],[15.6047225,46.6881124],[15.6048036,46.6881141],[15.604953,46.6881047],[15.6051265,46.6881015],[15.6053465,46.688132],[15.6055136,46.6881556],[15.605673,46.6881753],[15.6060502,46.6881197],[15.6061036,46.6881154],[15.6062139,46.68811],[15.6063557,46.688114],[15.6064766,46.6881564],[15.6066436,46.6881892],[15.6068345,46.6882073],[15.6070381,46.6881838],[15.6072539,46.6881272],[15.6074213,46.6880888],[15.6076221,46.6880236],[15.6078789,46.6879618],[15.6079495,46.6879128],[15.6080565,46.687886],[15.6081742,46.6878206],[15.6083159,46.6877561],[15.6084601,46.6876916],[15.6085462,46.6876732],[15.6085224,46.6876462],[15.6082808,46.687455],[15.6079507,46.6872276],[15.6075432,46.687035],[15.6068143,46.6865785],[15.6067083,46.6864994],[15.606669,46.6864688],[15.606551,46.6866209],[15.6063811,46.6868406],[15.6061842,46.6868841],[15.6060243,46.6869264],[15.6058246,46.6870139],[15.6055364,46.6870945],[15.6051811,46.6867461],[15.60504,46.6866436],[15.6051971,46.686497],[15.6053311,46.6863881],[15.605403,46.6862666],[15.6055032,46.6860892],[15.6055342,46.6859499],[15.6056065,46.6857731],[15.6056036,46.6855647],[15.6056037,46.6854461],[15.6055202,46.6853901],[15.6053718,46.6853261],[15.6049821,46.6851312],[15.6044576,46.6848381],[15.6042649,46.6847261],[15.6047177,46.6842293],[15.6047723,46.6841689],[15.6044699,46.6840427],[15.6040726,46.6838809],[15.6039588,46.6838605],[15.6039248,46.6838585],[15.6039807,46.6836029],[15.6040933,46.6832493],[15.6041153,46.6831853],[15.6042195,46.6831727],[15.6042819,46.683108],[15.6043806,46.6830475],[15.6044738,46.6829808],[15.6045417,46.6829947],[15.6045468,46.6829747],[15.6045975,46.6828227],[15.6046418,46.6826902],[15.6046753,46.6825984],[15.6046787,46.6825395],[15.6046665,46.6825215],[15.6044908,46.6825004],[15.6044602,46.6824514],[15.6044692,46.6823469],[15.6046259,46.6821666],[15.6046438,46.6820123],[15.6046275,46.6819343],[15.6046517,46.6818147],[15.6048524,46.6816046],[15.6049847,46.6814992],[15.605101,46.6814144],[15.6052405,46.6813308],[15.6052744,46.6812231],[15.6053498,46.6811474],[15.6053858,46.6811681],[15.6059411,46.6815225],[15.6063914,46.6816435],[15.606783,46.6818194],[15.6070035,46.6818926],[15.6072036,46.6820164],[15.6074883,46.6821753],[15.6076813,46.682272],[15.6080578,46.6824221],[15.6082385,46.6825177],[15.6085219,46.6826791],[15.6087154,46.6827989],[15.6089581,46.682888],[15.6095235,46.6830087],[15.6095711,46.6830193],[15.6096062,46.683005],[15.6098349,46.6829058],[15.6100102,46.6828071],[15.6101727,46.6825656],[15.6104134,46.6822242],[15.6105997,46.6820718],[15.6108219,46.6823522],[15.6109326,46.6825],[15.6114151,46.6820892],[15.6114618,46.6821506],[15.6119232,46.6827571],[15.6116424,46.6830516],[15.6125487,46.6832651],[15.6126111,46.6832798],[15.612844,46.6833394],[15.6129935,46.6833776],[15.6132071,46.6834248],[15.6132425,46.6832436],[15.6132504,46.6832032],[15.6132448,46.6831728],[15.6132172,46.6830235],[15.6132101,46.6829851],[15.6132158,46.6829486],[15.6132508,46.6827227],[15.6132571,46.6826819],[15.6132648,46.6826655],[15.6133241,46.6825397],[15.6133377,46.6825107],[15.6133928,46.6824541],[15.6134262,46.6824198],[15.6135886,46.6823033],[15.6136856,46.6822337],[15.6137081,46.6822176],[15.6137884,46.6822136],[15.6138673,46.6822097],[15.6143341,46.6821866],[15.6144559,46.6821806],[15.6145076,46.6821748],[15.614541,46.682171],[15.6146042,46.6821632],[15.6148247,46.6822107],[15.6151746,46.682409],[15.6151933,46.6824252],[15.6152018,46.6824326],[15.6152488,46.6824095],[15.6153957,46.682318],[15.6159398,46.6820343],[15.6160163,46.6820901],[15.6164723,46.6817275],[15.6168194,46.6814336],[15.6172191,46.6809616],[15.6177144,46.6808686],[15.6180493,46.6807799],[15.61895,46.6804026],[15.619597,46.6799964],[15.6198802,46.6798232],[15.6203544,46.6798956],[15.6207847,46.6799332],[15.6207902,46.6799394],[15.6208253,46.6799789],[15.6212081,46.6805419],[15.6215867,46.6805733],[15.6217397,46.6806916],[15.6217557,46.6807121],[15.6219514,46.6806368],[15.6219872,46.680623],[15.6221328,46.6805546],[15.6222105,46.6805001],[15.6223713,46.6803641],[15.6225992,46.6802032],[15.6227685,46.6800426],[15.6228173,46.6799213],[15.6228405,46.6797703],[15.6229173,46.6796553],[15.6229642,46.6795681],[15.6229953,46.6795692],[15.6232733,46.6795849],[15.6236504,46.6795986],[15.6244928,46.6796564],[15.62494,46.679682],[15.6257913,46.6798163],[15.6279411,46.6802628],[15.6291441,46.68021],[15.6295611,46.6800841],[15.6299763,46.6800447],[15.6299382,46.6802148],[15.6297937,46.6806075],[15.6297838,46.6806341],[15.6299118,46.6806524],[15.6301299,46.6806438],[15.6305814,46.680727],[15.6306719,46.6807601],[15.6307228,46.6807883],[15.6307819,46.6808239],[15.6308182,46.6808513],[15.6309091,46.6809592],[15.6309388,46.6809991],[15.6309722,46.6810271],[15.6310233,46.6810626],[15.6311642,46.6811138],[15.6314842,46.6812081],[15.6315773,46.6812316],[15.6317556,46.6812717],[15.6319408,46.6813171],[15.6320677,46.6813368],[15.6321904,46.6813596],[15.6326073,46.6814951],[15.632683,46.681499],[15.6328316,46.6814699],[15.6332959,46.6813329],[15.6333697,46.681301],[15.6335008,46.6812543],[15.6336064,46.6812219],[15.6337448,46.6811983],[15.6340415,46.6811852],[15.6340462,46.6812042],[15.6335921,46.6812721],[15.6333624,46.6814562],[15.6331732,46.6816372],[15.6331098,46.6817155],[15.6330804,46.6817861],[15.6330468,46.6819973],[15.6330175,46.6820994],[15.632951,46.6822425],[15.6327443,46.6824639],[15.6327059,46.6825388],[15.6327036,46.6825996],[15.6327263,46.6827089],[15.632826,46.6829905],[15.6328165,46.6830713],[15.6328911,46.6830842],[15.6328218,46.6832726],[15.6325536,46.6837615],[15.6323577,46.6840814],[15.6321208,46.6843295],[15.6321026,46.6843436],[15.6321343,46.6844335],[15.6321627,46.6845856],[15.6322216,46.6846934],[15.6323864,46.6848393],[15.6325613,46.6849678],[15.6327206,46.685122],[15.6329254,46.6852257],[15.6331714,46.6853375],[15.6332264,46.6854352],[15.6332423,46.6855395],[15.6333523,46.6855971],[15.6335129,46.6856599],[15.6337136,46.6857012],[15.6338195,46.6857199],[15.6339026,46.6857739],[15.6340198,46.6859474],[15.6340975,46.6860389],[15.6341365,46.6861164],[15.6341545,46.6862081],[15.6341027,46.6864575],[15.6340094,46.6866597],[15.6340015,46.6867222],[15.6340183,46.6868969],[15.634064,46.6872922],[15.6340971,46.6877333],[15.6341148,46.6878567],[15.6341426,46.68795],[15.6341398,46.6880256],[15.6341898,46.6881132],[15.6344088,46.6883529],[15.6345096,46.6884357],[15.6346707,46.688521],[15.6348418,46.6886184],[15.6350168,46.6886923],[15.6351811,46.6887986],[15.6352499,46.6889037],[15.6353677,46.689003],[15.635565,46.6890851],[15.635665,46.6891647],[15.6357144,46.6892347],[15.6357315,46.6892572],[15.6357835,46.6892981],[15.6359289,46.6893779],[15.6360602,46.6894671],[15.6361348,46.6895615],[15.6362077,46.6896908],[15.6363065,46.6898087],[15.6363693,46.6899056],[15.6366845,46.6902654],[15.6372854,46.6905089],[15.6378082,46.6908308],[15.6381497,46.6910596],[15.6384451,46.6912536],[15.6385416,46.691317],[15.6387016,46.6914185],[15.6390825,46.6915982],[15.6402198,46.6919785],[15.640227,46.6919802],[15.6403659,46.6920128],[15.6404274,46.692028],[15.6407505,46.6921629],[15.6411746,46.6923944],[15.6412257,46.6924225],[15.6412681,46.6923422],[15.6413204,46.6922599],[15.6413792,46.6921793],[15.641442,46.6921009],[15.6415156,46.6920262],[15.6415976,46.6919569],[15.6416852,46.6918903],[15.6417806,46.6918289],[15.6418812,46.6917719],[15.6419862,46.6917177],[15.6420903,46.6916647],[15.6421943,46.6916099],[15.6422951,46.691552],[15.6423954,46.691494],[15.6424907,46.691432],[15.6425763,46.6913642],[15.6426553,46.6912924],[15.6427241,46.6912157],[15.642787,46.6911377],[15.6428424,46.6910567],[15.6428947,46.6909753],[15.6429413,46.6908931],[15.6429773,46.690806],[15.6430018,46.690718],[15.6430152,46.6906298],[15.6430266,46.6905404],[15.6430398,46.6904515],[15.6430705,46.6903652],[15.6431235,46.6902849],[15.6432006,46.6902148],[15.6432649,46.6901682],[15.6436388,46.690303],[15.6437444,46.6903644],[15.6439659,46.6904942],[15.644098,46.6905603],[15.6442618,46.6906277],[15.644395,46.6906777],[15.6445144,46.6907143],[15.6445773,46.6907276],[15.6448134,46.6907872],[15.6449111,46.6908119],[15.6453414,46.6908671],[15.645615,46.6909115],[15.6467267,46.6910915],[15.6469574,46.6911088],[15.6470714,46.6911303],[15.6470885,46.6911606],[15.6471,46.6912265],[15.6470625,46.6913226],[15.6470386,46.6913938],[15.647038,46.6914848],[15.6470429,46.6915233],[15.647113,46.6916018],[15.6471794,46.6916429],[15.64723,46.691664],[15.6474934,46.691703],[15.647725,46.6917204],[15.6479975,46.6916922],[15.6481772,46.6916586],[15.6482859,46.6916179],[15.6484449,46.6915741],[15.648517,46.6915679],[15.6486025,46.6915686],[15.6486572,46.6915781],[15.6489365,46.6916306],[15.6490439,46.6916604],[15.6492135,46.6917221],[15.6493155,46.6917495],[15.6493555,46.691771],[15.6494328,46.6919023],[15.6498778,46.6916047],[15.6504485,46.6913354],[15.650865,46.6912516],[15.6511473,46.6912632],[15.6516213,46.6911597],[15.6520005,46.6912034],[15.6525429,46.6911768],[15.6526674,46.6911709],[15.6529981,46.69156],[15.6532387,46.6917171],[15.6536472,46.692098],[15.6539171,46.6926706],[15.6539482,46.6927342],[15.6539668,46.692776],[15.653982,46.6929186],[15.6540296,46.6931875],[15.6540381,46.6935622],[15.6540234,46.6936683],[15.6539986,46.6937461],[15.6539863,46.6938842],[15.6539989,46.6939639],[15.6540743,46.694176],[15.6540846,46.6942205],[15.6540976,46.6943399],[15.6541078,46.6944976],[15.6540824,46.6946609],[15.6541032,46.6947642],[15.6541312,46.6948623],[15.6541788,46.6949554],[15.6542361,46.6951238],[15.6542326,46.69577],[15.6542323,46.6958234],[15.6541992,46.6959692],[15.6541845,46.6961832],[15.6541891,46.6962537],[15.6542016,46.6963979],[15.6542844,46.6966988],[15.6543214,46.6968406],[15.654342,46.6969313],[15.6543444,46.6969854],[15.6543319,46.6971031],[15.6543142,46.6971794],[15.6542699,46.6972975],[15.6541169,46.6977305],[15.6541134,46.6978458],[15.6541009,46.6978893],[15.6540989,46.6979579],[15.6540516,46.6982652],[15.6540114,46.698521],[15.6540631,46.6989222],[15.654083,46.6994495],[15.6540219,46.6995838],[15.653968,46.6996549],[15.6538761,46.6997553],[15.6537768,46.6998456],[15.653747,46.6999096],[15.6537477,46.6999617],[15.6537229,46.7000497],[15.6536673,46.7001886],[15.6535931,46.7003221],[15.6535126,46.7004116],[15.6534234,46.7004754],[15.6532817,46.7005554],[15.6531063,46.7006541],[15.6529103,46.7007961],[15.6528541,46.7008299],[15.6525767,46.7009964],[15.6524456,46.701104],[15.6523186,46.7012064],[15.6522143,46.7012897],[15.6521433,46.7013249],[15.6520562,46.7013719],[15.6519809,46.7014195],[15.6519328,46.7014773],[15.6518831,46.7015449],[15.6518146,46.7016171],[15.6517773,46.7017125],[15.6517749,46.7017313],[15.6517379,46.701794],[15.6515653,46.7020587],[15.6513319,46.7023542],[15.6511326,46.7026119],[15.6509855,46.7028666],[15.6508895,46.7030591],[15.6508454,46.70312],[15.6508382,46.7031888],[15.6507473,46.703273],[15.6507412,46.703374],[15.6507494,46.7034037],[15.6507445,46.7034654],[15.6506998,46.7036045],[15.650643,46.7037159],[15.6506156,46.7037602],[15.6505541,46.7038225],[15.6505086,46.7038659],[15.6504217,46.7039502],[15.6503908,46.7039996],[15.6503255,46.7040754],[15.6502534,46.7042394],[15.6502018,46.7043138],[15.6501012,46.704409],[15.6500501,46.704488],[15.6500008,46.704571],[15.6499703,46.7046819],[15.6499322,46.70474],[15.6499227,46.7048082],[15.6498954,46.704887],[15.6498452,46.7049893],[15.6497904,46.7050521],[15.6499922,46.7057582],[15.6502242,46.7057779],[15.6507721,46.7058697],[15.6522673,46.7060333],[15.6539391,46.7062304],[15.6558784,46.7063932],[15.6568433,46.7064515],[15.6576383,46.7064886],[15.6582774,46.7064998],[15.6607379,46.7064941],[15.6616302,46.7064685],[15.6622324,46.7064697],[15.6641661,46.7063764],[15.6652306,46.7063932],[15.6662013,46.7064551],[15.6667626,46.7065087],[15.6680982,46.7066796],[15.6683331,46.7067096],[15.6701564,46.706922],[15.6707079,46.7069703],[15.6718032,46.7070248],[15.6726971,46.7070374],[15.6739184,46.7069984],[15.674849,46.7069155],[15.6763144,46.7067352],[15.6770688,46.7066251],[15.6782439,46.7063534],[15.6799888,46.7058606],[15.6818074,46.7052325],[15.6832155,46.7047127],[15.683841,46.7044641],[15.6855708,46.7037244],[15.6872611,46.7029338],[15.6878916,46.7026237],[15.6892038,46.7019063],[15.6907647,46.701081],[15.6925064,46.7001059],[15.6935208,46.6996089],[15.6941034,46.6993375],[15.6948278,46.6990801],[15.6957757,46.698825],[15.6969943,46.6985659],[15.6977883,46.6984302],[15.6984174,46.6983487],[15.6992451,46.6982704],[15.7000371,46.6982365],[15.7031973,46.6982752],[15.7033581,46.6982858],[15.7039393,46.6982771],[15.7045505,46.6982382],[15.7063028,46.6980824],[15.7080349,46.697875],[15.7089221,46.6977439],[15.7119129,46.6972546],[15.7127622,46.697151],[15.7137608,46.6971383],[15.7144288,46.6970922],[15.715019,46.6970226],[15.715665,46.6969193],[15.716604,46.6967391],[15.717356,46.6965612],[15.7197276,46.6960654],[15.7199462,46.6960263],[15.7208043,46.6958993],[15.7215553,46.6958318],[15.7230664,46.6958104],[15.7240882,46.6958901],[15.7249906,46.6960341],[15.7257035,46.6961746],[15.7280003,46.6969899],[15.7288039,46.6972493],[15.7292274,46.6973559],[15.7304687,46.6977188],[15.7329572,46.6984722],[15.7351054,46.6990669],[15.7369899,46.6995675],[15.7378638,46.6997489],[15.7383719,46.6998341],[15.7385501,46.6998532],[15.7393316,46.699937],[15.7402163,46.6999909],[15.7407932,46.6999941],[15.7420684,46.6999672],[15.7431776,46.6998909],[15.7436396,46.6998316],[15.7442546,46.6997321],[15.7452791,46.699507],[15.7462935,46.6992261],[15.7478157,46.6987548],[15.7488002,46.6985141],[15.7492951,46.6984158],[15.7498742,46.6983205],[15.7519335,46.6980236],[15.7524263,46.6979799],[15.7529206,46.697936],[15.753777,46.6979015],[15.7542773,46.6978931],[15.7550105,46.6979259],[15.7551868,46.6979338],[15.7556674,46.6979921],[15.7561603,46.6980726],[15.7567279,46.6981911],[15.7574947,46.6983956],[15.7585741,46.6987201],[15.7593785,46.6989375],[15.7600193,46.6990928],[15.7604732,46.6991867],[15.7610278,46.6992627],[15.7620166,46.6993585],[15.7625203,46.699376],[15.7630489,46.6993708],[15.7634199,46.6993466],[15.7641459,46.6992803],[15.7654593,46.6991041],[15.766425,46.6989933],[15.7667816,46.698981],[15.7679596,46.6989993],[15.7684547,46.6990134],[15.7689449,46.6990576],[15.7692453,46.6991107],[15.7699631,46.6992847],[15.7705338,46.6994654],[15.770704,46.6995344],[15.7710595,46.6996836],[15.7714077,46.6998525],[15.7715276,46.6999239],[15.771875,46.7001259],[15.7725467,46.7005492],[15.7733192,46.7011682],[15.7735076,46.7012636],[15.7741309,46.7015513],[15.7748515,46.7019084],[15.7753128,46.7021476],[15.7758367,46.7024213],[15.7769114,46.7031585],[15.777641,46.7035411],[15.7815413,46.7053426],[15.7841027,46.706442],[15.7848709,46.7067842],[15.7852946,46.7070128],[15.7853708,46.7070406],[15.786077,46.7073253],[15.7864246,46.7074677],[15.7870441,46.7077473],[15.787618,46.7080541],[15.7883594,46.7084994],[15.7892125,46.7090561],[15.7910987,46.7103857],[15.7925278,46.7112444],[15.7954071,46.7129081],[15.7960318,46.713235],[15.7970024,46.7137038],[15.7982241,46.7142402],[15.7993532,46.7146756],[15.8006981,46.7151325],[15.8029041,46.7158018],[15.8038437,46.7160496],[15.8082558,46.7171213],[15.8128096,46.7181761],[15.8139418,46.7184384],[15.8183066,46.719385],[15.8185766,46.7194436],[15.8216087,46.7200677],[15.8261617,46.7208906],[15.826396,46.7209329],[15.8294135,46.7214782],[15.8304571,46.72166],[15.8326377,46.7219752],[15.8348699,46.7221971],[15.836002,46.7222802],[15.8384001,46.7223741],[15.8390008,46.7223808],[15.8396929,46.7223886],[15.8422828,46.7223721],[15.8445994,46.7223401],[15.8505632,46.7223508],[15.8561369,46.7223272],[15.8576993,46.7222965],[15.8581496,46.7222804],[15.8588057,46.7222569],[15.8610928,46.7221472],[15.8622967,46.7220693],[15.8643419,46.7218821],[15.8655467,46.7217412],[15.8672644,46.7215146],[15.8696468,46.7211807],[15.8713011,46.7209075],[15.8737789,46.7204435],[15.874739,46.7202394],[15.8761007,46.7199499],[15.877147,46.719672],[15.8778177,46.7195213],[15.8791877,46.7191479],[15.8802894,46.7188256],[15.8823286,46.7181617],[15.8838991,46.7176108],[15.8850121,46.7171912],[15.8865219,46.7165608],[15.8896424,46.7151926],[15.8907869,46.7147098],[15.8918116,46.7143066],[15.8921341,46.7142005],[15.8928151,46.7139763],[15.8944374,46.7135845],[15.8954971,46.7133823],[15.896581,46.7132176],[15.901457,46.712553],[15.902678,46.7123644],[15.9041899,46.7120983],[15.9049866,46.7119392],[15.90656,46.7115756],[15.9075908,46.7113105],[15.9086784,46.7110068],[15.9098701,46.710647],[15.9116757,46.7100623],[15.9128768,46.7096234],[15.9139119,46.7092259],[15.9160371,46.708331],[15.9165529,46.7081034],[15.9173864,46.7077043],[15.9185125,46.7070964],[15.9199881,46.7062429],[15.9205472,46.7059126],[15.9211052,46.7055432],[15.9277977,46.7009725],[15.9367376,46.6946431],[15.9385319,46.6933887],[15.9400123,46.6923997],[15.9411554,46.6916754],[15.9415478,46.6914332],[15.9423886,46.6909708],[15.9430796,46.6906316],[15.9442885,46.6901048],[15.9452539,46.6897257],[15.9462688,46.6893543],[15.9469114,46.68912],[15.9470675,46.6890612],[15.9484109,46.6886452],[15.9489259,46.6885014],[15.9499582,46.6882398],[15.950563,46.6881078],[15.9511925,46.6879911],[15.9536992,46.6876132],[15.9550032,46.6874391],[15.9573669,46.6871978],[15.9582125,46.687128],[15.960084,46.687001],[15.9637847,46.686799],[15.9646196,46.6867401],[15.9655393,46.6866752],[15.9671753,46.6865051],[15.9676042,46.6864605],[15.9706533,46.6860898],[15.9765497,46.685434],[15.9796809,46.6850858],[15.9823509,46.6847794],[15.9830728,46.6846862],[15.9836317,46.6846141],[15.9846374,46.6844206],[15.9853343,46.6842624],[15.9862831,46.6840149],[15.9872522,46.6837266],[15.9892312,46.683274],[15.9897265,46.6831298],[15.9941715,46.6819816],[15.9952344,46.6816828],[15.9962006,46.6813915],[15.9967014,46.6812312],[15.9975222,46.6809323],[15.9983627,46.6805841],[15.9992695,46.6801272],[15.999957,46.6797441],[16.0008025,46.6791753],[16.0012412,46.6788535],[16.0017588,46.6784438],[16.002139,46.6780845],[16.0028809,46.677344],[16.003581,46.6765374],[16.0038003,46.6762433],[16.0038925,46.6760954],[16.0042218,46.6755737],[16.0047322,46.6746631],[16.0049569,46.6741298],[16.0051559,46.6735327],[16.0058812,46.671133],[16.0062687,46.6699298],[16.0065439,46.6692933],[16.0069146,46.6686301],[16.0072807,46.6680775],[16.0077016,46.6675421],[16.0081842,46.6669888],[16.0086377,46.6665225],[16.0092565,46.6659747],[16.0096572,46.6656656],[16.0104041,46.6651462],[16.0108055,46.6648918],[16.0119813,46.664242],[16.0128422,46.663861],[16.0133167,46.6636837],[16.013676,46.6635671],[16.0144151,46.6633224],[16.014964,46.6631711],[16.016153,46.6629362],[16.017181,46.662829],[16.0177745,46.6628013],[16.0189412,46.6627835],[16.0201966,46.6627102],[16.0214056,46.662545],[16.0220072,46.6624048],[16.0225,46.6622722],[16.0235081,46.6619243],[16.0240014,46.6617268],[16.0244644,46.6615112],[16.0249002,46.6612902],[16.025393,46.6609871],[16.0263488,46.6604165],[16.026916,46.6601125],[16.0274671,46.6598828],[16.0279288,46.6597],[16.0285909,46.6594457],[16.0294142,46.6591662],[16.0303885,46.6588266],[16.031823,46.6583688],[16.0334416,46.6578905],[16.0344104,46.6575924],[16.0366611,46.6568282],[16.0370967,46.6566513],[16.0375003,46.6564296],[16.0380813,46.6561372],[16.0382148,46.6564693],[16.0382439,46.6565511],[16.0387495,46.657733],[16.0390659,46.6585294],[16.0391764,46.6588103],[16.039227,46.6589367],[16.0392872,46.6590929],[16.0393611,46.659286],[16.0394924,46.6596171],[16.0397581,46.6603461],[16.0399372,46.660834],[16.0400187,46.661056],[16.0400778,46.6612088],[16.0401157,46.6613079],[16.0401265,46.6613346],[16.0401135,46.6614767],[16.0401099,46.661522],[16.0401122,46.6615788],[16.0401196,46.6617779],[16.04013,46.6620461],[16.0401388,46.6623376],[16.0401428,46.662492],[16.0401488,46.6626165],[16.0401501,46.6626857],[16.0401498,46.6627465],[16.0401477,46.6628066],[16.040142,46.6628762],[16.0401393,46.6629264],[16.040127,46.6630022],[16.0401149,46.6630594],[16.0400974,46.6631337],[16.0400685,46.6632479],[16.0400422,46.6633461],[16.0400143,46.6634464],[16.0399908,46.6635297],[16.039964,46.6636384],[16.039951,46.6637053],[16.0399412,46.6637666],[16.0399252,46.6638958],[16.0398808,46.6642782],[16.0398424,46.6646501],[16.0398068,46.6649765],[16.0398001,46.6650593],[16.0397933,46.6652293],[16.0397953,46.6653648],[16.0398022,46.6654991],[16.0398194,46.6656757],[16.0398275,46.6657315],[16.039845,46.6658181],[16.039866,46.665933],[16.0399015,46.666078],[16.0399377,46.6662052],[16.0399905,46.6663641],[16.0400626,46.6665605],[16.040185,46.6668872],[16.0403257,46.6672618],[16.0404145,46.6674972],[16.0405081,46.6677459],[16.0406248,46.668055],[16.0406645,46.6681585],[16.0406964,46.668248],[16.0407173,46.6683168],[16.0407339,46.6683874],[16.0407501,46.6684683],[16.0407638,46.6685491],[16.0407702,46.6686512],[16.040774,46.6687512],[16.0407749,46.6688091],[16.0407695,46.6688798],[16.0407538,46.6689869],[16.0407303,46.6691028],[16.0407024,46.6692093],[16.0406568,46.6693313],[16.040624,46.6694469],[16.0405527,46.6695461],[16.0404885,46.6696657],[16.0404116,46.6697801],[16.0403382,46.669888],[16.04026,46.670001],[16.0400987,46.6702239],[16.0400118,46.6703443],[16.0399001,46.6705011],[16.0396987,46.6707798],[16.039548,46.6709964],[16.0393877,46.6712197],[16.0392798,46.6713764],[16.0391899,46.6715351],[16.0391636,46.6715941],[16.0391374,46.6716654],[16.0390858,46.6718238],[16.0390595,46.671935],[16.0390452,46.6720161],[16.0390318,46.6721288],[16.0390286,46.6722723],[16.0390303,46.6723529],[16.0390433,46.6724659],[16.0390664,46.6726305],[16.0390992,46.6728614],[16.03911,46.6729622],[16.0391267,46.673084],[16.0391541,46.6732519],[16.0391905,46.6734195],[16.0392305,46.6735694],[16.0392792,46.6737486],[16.0393249,46.673922],[16.0393502,46.6740222],[16.0393729,46.6741423],[16.0394127,46.6743562],[16.0394381,46.6745149],[16.0394509,46.6746365],[16.0394819,46.6749539],[16.0394867,46.6750325],[16.0394906,46.6751323],[16.0395175,46.6752283],[16.0395132,46.6755219],[16.0394936,46.6756037],[16.0394879,46.6756754],[16.03949,46.6758707],[16.0395073,46.6760585],[16.0395299,46.6762469],[16.0395508,46.6763878],[16.0395768,46.6765395],[16.0396265,46.6767369],[16.0396852,46.6769322],[16.0397473,46.6770925],[16.0398039,46.6772194],[16.0398815,46.6773793],[16.0400036,46.6776205],[16.040095,46.6778067],[16.0402199,46.6780565],[16.0403038,46.678228],[16.0404037,46.67843],[16.0405496,46.6787286],[16.0406924,46.6790186],[16.0407608,46.6791762],[16.0408032,46.6792779],[16.040865,46.6794605],[16.0409185,46.6796338],[16.0409643,46.6797869],[16.0410158,46.6799638],[16.0410426,46.6800768],[16.041051,46.6801651],[16.0410458,46.6803672],[16.0410146,46.6805899],[16.0410106,46.6806703],[16.0410214,46.6807468],[16.0410428,46.6808276],[16.0410707,46.6809],[16.0411537,46.6810662],[16.0412321,46.6812242],[16.0412884,46.6813558],[16.041319,46.6814322],[16.0413551,46.6815086],[16.0413619,46.6815872],[16.0413714,46.6816552],[16.0413837,46.6818051],[16.041389,46.6820785],[16.0413985,46.6822499],[16.0414291,46.6824246],[16.0414757,46.6825993],[16.0415363,46.6827636],[16.0416077,46.6829349],[16.0416867,46.6831221],[16.0417749,46.6833481],[16.0418393,46.6835775],[16.0418706,46.6837218],[16.0419025,46.6838588],[16.0419398,46.6840108],[16.041987,46.6842016],[16.042052,46.68439],[16.0421805,46.684749],[16.0423085,46.6850976],[16.0424011,46.6853583],[16.0424488,46.6854913],[16.0424693,46.6855484],[16.0424978,46.6856597],[16.0425072,46.6857335],[16.0425088,46.6858122],[16.0425039,46.6858889],[16.0424831,46.6859984],[16.0424441,46.6861254],[16.0424002,46.686206],[16.0423451,46.6862999],[16.0422486,46.6864199],[16.0420697,46.6866016],[16.0419149,46.6867544],[16.0417452,46.686926],[16.0416434,46.6870408],[16.0415587,46.6871654],[16.0414904,46.6872842],[16.0414076,46.6874232],[16.0413412,46.6875213],[16.0412885,46.6875865],[16.0412173,46.6876594],[16.0411435,46.6877248],[16.041065,46.6877818],[16.0409466,46.6878569],[16.0407703,46.6879518],[16.0406705,46.6880042],[16.0405637,46.6880667],[16.0404712,46.6881408],[16.0403957,46.6882142],[16.040322,46.6883059],[16.0402452,46.688473],[16.0402113,46.6885495],[16.0401962,46.6886092],[16.0401838,46.6886773],[16.0401686,46.6889482],[16.0401538,46.6891503],[16.0401409,46.6892825],[16.0401265,46.6893634],[16.0401064,46.6894581],[16.0400691,46.6895732],[16.0399995,46.6897679],[16.0399296,46.6899665],[16.0398664,46.6901493],[16.0398195,46.6902789],[16.0397448,46.6904455],[16.0396817,46.6905793],[16.0396232,46.6906927],[16.0395983,46.6907414],[16.0395264,46.6908675],[16.0394517,46.6909888],[16.0392976,46.6912152],[16.0391427,46.6914685],[16.0389296,46.6917189],[16.038748,46.6919644],[16.0386411,46.6921131],[16.0384969,46.6923092],[16.0384333,46.6924018],[16.0383735,46.6924952],[16.0383186,46.6925929],[16.0382701,46.6926872],[16.0381789,46.6928851],[16.0380863,46.6930823],[16.037982,46.6933029],[16.0379366,46.6933877],[16.0379045,46.6934425],[16.0378598,46.6935075],[16.0377972,46.6935885],[16.0376985,46.6937008],[16.0375634,46.6938421],[16.0374159,46.6939934],[16.0373061,46.6941053],[16.0372395,46.694179],[16.0371591,46.6942755],[16.0370314,46.6944541],[16.0369507,46.694581],[16.0368462,46.6947459],[16.0367577,46.6948833],[16.0367263,46.6949289],[16.0366884,46.6949829],[16.0366441,46.6950398],[16.03661,46.6950818],[16.0365652,46.6951318],[16.0365169,46.6951825],[16.0364874,46.6952129],[16.0364325,46.6952634],[16.0363652,46.6953188],[16.0362805,46.6953873],[16.0361943,46.6954484],[16.0361205,46.6954949],[16.0359399,46.6956077],[16.0356654,46.6957779],[16.0354097,46.6959378],[16.0351507,46.6961002],[16.0349253,46.6962395],[16.0348518,46.6962899],[16.0348057,46.6963264],[16.0347458,46.6963785],[16.0346975,46.6964336],[16.034647,46.696507],[16.0346206,46.6965534],[16.034584,46.6966489],[16.0345676,46.6967071],[16.0345569,46.696783],[16.0345544,46.6968302],[16.0345559,46.6969529],[16.0345527,46.6970375],[16.034535,46.6971184],[16.0345036,46.6972019],[16.0344576,46.6972932],[16.0344164,46.6973502],[16.0343402,46.6974315],[16.0342707,46.6974911],[16.034156,46.6975705],[16.0338565,46.6977536],[16.0335654,46.6979296],[16.0332688,46.6981108],[16.0329792,46.6982868],[16.0328337,46.6983749],[16.0326441,46.6984813],[16.0324511,46.6985856],[16.0321411,46.6987431],[16.0318277,46.6989035],[16.0314314,46.6991053],[16.0311821,46.6992329],[16.0309664,46.6993515],[16.030868,46.6994069],[16.030769,46.6994649],[16.0305201,46.6996146],[16.0302305,46.6997937],[16.030104,46.6998708],[16.0298113,46.7000508],[16.0295257,46.7002257],[16.0292213,46.7004124],[16.02914,46.7004665],[16.0290747,46.7005144],[16.0290141,46.7005677],[16.0289459,46.7006426],[16.0288812,46.7007242],[16.028837,46.7007929],[16.0288009,46.7008595],[16.0287666,46.7009403],[16.0287471,46.7009893],[16.0287343,46.7010334],[16.0287214,46.7011018],[16.0287174,46.7011612],[16.0287285,46.7012537],[16.0287576,46.7013579],[16.0287866,46.7014431],[16.0288222,46.701529],[16.0288564,46.7015932],[16.0288967,46.7016535],[16.0289555,46.7017223],[16.0290515,46.7018276],[16.0291475,46.7019306],[16.0292664,46.7020592],[16.0294461,46.7022531],[16.0295524,46.7023701],[16.0296163,46.7024497],[16.0296683,46.7025296],[16.0297053,46.702605],[16.0297265,46.7026614],[16.0297377,46.7027208],[16.0297421,46.7027798],[16.0297395,46.7028483],[16.0297324,46.7029206],[16.0297232,46.7029766],[16.0296897,46.7031246],[16.029633,46.7033457],[16.0295636,46.7036124],[16.0294716,46.7039662],[16.029441,46.7040663],[16.0294011,46.7041538],[16.0293778,46.7041973],[16.0293514,46.7042373],[16.0293091,46.7042929],[16.0292697,46.7043363],[16.0292264,46.7043763],[16.0291969,46.7044011],[16.0291409,46.7044426],[16.0290695,46.704489],[16.0289744,46.7045433],[16.0288689,46.7045984],[16.0287687,46.7046445],[16.0286512,46.704689],[16.0285199,46.7047348],[16.0282509,46.7048207],[16.0280027,46.704898],[16.0278995,46.7049323],[16.0277971,46.7049661],[16.0277273,46.7049942],[16.0276584,46.705026],[16.0276048,46.7050548],[16.027533,46.7051079],[16.0274958,46.7051409],[16.0274474,46.7051932],[16.0274131,46.7052431],[16.0273775,46.7053032],[16.0273461,46.7053643],[16.0273195,46.7054261],[16.0272949,46.7055046],[16.0272837,46.7055739],[16.0272896,46.7056442],[16.0273055,46.7057177],[16.0273418,46.7058127],[16.0274555,46.7060526],[16.0275401,46.7062383],[16.0276094,46.7063822],[16.0276944,46.7065654],[16.0278328,46.706874],[16.0278991,46.7070186],[16.0279096,46.7070458],[16.0279362,46.7071592],[16.027948,46.7072242],[16.0279908,46.7074862],[16.0280328,46.7077487],[16.0280782,46.7080159],[16.0281207,46.7082756],[16.0281665,46.7085658],[16.0281888,46.7086859],[16.0282176,46.7087862],[16.0282597,46.70892],[16.0282937,46.709003],[16.0283703,46.7091868],[16.0283948,46.7092497],[16.0284192,46.7093123],[16.0285232,46.709573],[16.0286279,46.7098303],[16.0287222,46.7100649],[16.0288055,46.7102715],[16.0288467,46.7103537],[16.0288967,46.7104278],[16.0289251,46.7104633],[16.0289827,46.7105241],[16.0290624,46.7105864],[16.0291208,46.7106236],[16.0292899,46.7107241],[16.0294584,46.7108248],[16.0295604,46.7108866],[16.0296578,46.7109534],[16.0297346,46.7110259],[16.0297898,46.7110994],[16.0298334,46.7111732],[16.0298604,46.7112443],[16.0298736,46.711295],[16.0298805,46.7113674],[16.0298787,46.7113891],[16.0298742,46.711442],[16.0298605,46.7115009],[16.0298419,46.7115574],[16.0298175,46.7116107],[16.0297779,46.7116721],[16.0297344,46.711727],[16.0296884,46.7117747],[16.0296245,46.7118209],[16.0295433,46.7118683],[16.0294521,46.7119134],[16.0293988,46.7119364],[16.0292569,46.7119946],[16.0291139,46.7120491],[16.0288885,46.7121327],[16.028724,46.7121922],[16.0285732,46.7122399],[16.0284649,46.7122656],[16.0283975,46.7122726],[16.028326,46.7122753],[16.0282336,46.7122743],[16.0281405,46.7122676],[16.0280699,46.7122592],[16.0279908,46.7122426],[16.0279145,46.7122245],[16.0277698,46.7121824],[16.0274125,46.7120737],[16.0270545,46.7119646],[16.0265949,46.7118269],[16.0264919,46.7117958],[16.0262338,46.7117177],[16.0258714,46.7116099],[16.0255141,46.7115025],[16.0252751,46.7114306],[16.0250473,46.7113642],[16.0248191,46.7113035],[16.0246788,46.7112721],[16.0244223,46.7112173],[16.0242365,46.7111832],[16.024067,46.7111564],[16.0237802,46.7111123],[16.0235016,46.7110707],[16.0230663,46.7110041],[16.022681,46.7109455],[16.0223674,46.7108977],[16.022169,46.7108681],[16.0220645,46.7108536],[16.0219667,46.7108413],[16.0218662,46.7108327],[16.0217743,46.7108278],[16.0216712,46.7108307],[16.0215721,46.7108389],[16.021472,46.7108519],[16.0213852,46.7108696],[16.0213713,46.7108721],[16.0212908,46.7108916],[16.0212777,46.7108955],[16.0212076,46.7109178],[16.0211301,46.710947],[16.0210441,46.7109865],[16.0209636,46.7110293],[16.0209031,46.7110673],[16.0208334,46.7111185],[16.020781,46.7111628],[16.0207212,46.7112184],[16.0206377,46.7113028],[16.0205762,46.7113718],[16.0204992,46.7114688],[16.0203893,46.7116091],[16.0202799,46.7117516],[16.0201961,46.7118652],[16.0200949,46.7120049],[16.0199981,46.7121416],[16.0199233,46.7122582],[16.0198312,46.7124098],[16.0197365,46.7125645],[16.0196167,46.7127606],[16.0195495,46.7128663],[16.0194818,46.7129642],[16.0194208,46.7130451],[16.0193835,46.7130942],[16.0193071,46.7131904],[16.0192308,46.7132839],[16.019114,46.7134138],[16.0189477,46.7135932],[16.0187345,46.7138216],[16.018516,46.7140552],[16.0183711,46.7142103],[16.0181603,46.7144351],[16.01795,46.71466],[16.0177407,46.7148842],[16.0176263,46.7150062],[16.0174165,46.7152301],[16.0173169,46.7153376],[16.0171719,46.7154914],[16.0170302,46.7156424],[16.0169363,46.7157439],[16.016881,46.7158012],[16.0168051,46.7158772],[16.0167499,46.7159237],[16.0166276,46.7160118],[16.016496,46.7160912],[16.0164261,46.7161305],[16.0162946,46.7161916],[16.0161538,46.7162445],[16.01603,46.7162857],[16.015899,46.7163206],[16.0158369,46.7163351],[16.015696,46.7163623],[16.0155814,46.7163872],[16.0154897,46.7164089],[16.0153557,46.7164461],[16.0152218,46.7164877],[16.015115,46.7165264],[16.0150225,46.7165633],[16.0148944,46.7166331],[16.0147669,46.7167066],[16.0146846,46.7167521],[16.0145962,46.7167956],[16.0145042,46.716837],[16.0144034,46.716874],[16.014331,46.7168969],[16.0142521,46.7169188],[16.0141554,46.7169413],[16.0140731,46.7169564],[16.0139875,46.7169645],[16.0139171,46.716967],[16.0138253,46.7169578],[16.0136853,46.7169698],[16.0135144,46.7169943],[16.0133606,46.7170287],[16.0132179,46.7170766],[16.0130715,46.7171414],[16.0129415,46.7172208],[16.0127902,46.7173383],[16.0126686,46.7174139],[16.0125602,46.7174659],[16.012438,46.7175075],[16.0122375,46.7175494],[16.0120642,46.7175608],[16.0120062,46.7175568],[16.0118429,46.7175455],[16.0116827,46.7175096],[16.011565,46.7174687],[16.0114814,46.7174308],[16.0110136,46.7172156],[16.0103971,46.7169244],[16.0098196,46.7166533],[16.0093114,46.7164159],[16.0088538,46.7162042],[16.0087289,46.7161578],[16.008588,46.7161222],[16.0084381,46.7160982],[16.008281,46.7160872],[16.0081077,46.7160876],[16.0079639,46.716099],[16.0077833,46.7161191],[16.0071621,46.7161984],[16.0065823,46.716291],[16.006156,46.7163711],[16.0057647,46.7164529],[16.0052537,46.7165753],[16.0048116,46.7166966],[16.0043965,46.7168187],[16.0039924,46.7169508],[16.0036991,46.7170777],[16.0035908,46.7171618],[16.003504,46.7172488],[16.0034404,46.7173451],[16.0033977,46.7174479],[16.0033814,46.7175668],[16.0033913,46.7177036],[16.0034178,46.717911],[16.0034152,46.7180585],[16.0033564,46.7182322],[16.0032483,46.7183714],[16.0031126,46.718483],[16.0029483,46.7185649],[16.002735,46.7186313],[16.0025727,46.7186624],[16.0023267,46.7187093],[16.0022052,46.7187544],[16.0020983,46.7188092],[16.0019691,46.718902],[16.001879,46.7189885],[16.0018297,46.7190595],[16.0017933,46.7191296],[16.0017656,46.7191996],[16.0017468,46.719316],[16.0017628,46.719452],[16.0018058,46.719549],[16.0018703,46.719661],[16.0021358,46.7200784],[16.0023995,46.720491],[16.0027206,46.7209949],[16.0030723,46.721543],[16.0033465,46.7219739],[16.0035549,46.7223045],[16.0036167,46.7224033],[16.0036546,46.7224884],[16.0036917,46.7226134],[16.0037008,46.7227183],[16.0036875,46.722865],[16.0036371,46.7230057],[16.0035958,46.7230803],[16.0035058,46.7231986],[16.0033748,46.7233207],[16.0029929,46.723629],[16.0026193,46.7239302],[16.0022543,46.724214],[16.0020114,46.7243749],[16.0017688,46.7245082],[16.001471,46.7246458],[16.0009551,46.7248485],[16.0008635,46.7248901],[16.0008013,46.7249169],[16.0007596,46.7249393],[16.0005844,46.7250293],[16.0004853,46.7250867],[16.0003206,46.7251886],[16.0000534,46.7253792],[15.9999218,46.7254915],[15.9997425,46.7256621],[15.9996258,46.7257913],[15.9995358,46.7259069],[15.9994076,46.7260977],[15.9992988,46.7262917],[15.9991836,46.7265831],[15.9991163,46.7268269],[15.9991103,46.7268469],[15.9990851,46.726931],[15.99904,46.7270613],[15.9989994,46.7271635],[15.9989046,46.7273451],[15.9987991,46.7275153],[15.9987226,46.7276246],[15.9985713,46.727801],[15.9983551,46.7280156],[15.998125,46.7282026],[15.9980083,46.7282944],[15.997984,46.7283096],[15.9978553,46.7284124],[15.9976139,46.7286011],[15.9973518,46.7288107],[15.997135,46.7289929],[15.9967713,46.7293203],[15.9964098,46.7296515],[15.9962395,46.7298087],[15.9960948,46.7299313],[15.9959722,46.73001],[15.9958492,46.7300719],[15.9957578,46.7301095],[15.9956056,46.7301577],[15.9954149,46.7301958],[15.9952036,46.7302142],[15.9949374,46.7302162],[15.9947325,46.7302276],[15.9945458,46.7302589],[15.9943399,46.7303229],[15.994169,46.7303968],[15.9940117,46.7304923],[15.9938567,46.7306093],[15.9937228,46.730725],[15.993543,46.7308922],[15.9934369,46.7310092],[15.9932926,46.731196],[15.9932036,46.7313469],[15.9931374,46.731472],[15.9930626,46.7316537],[15.9930148,46.7317914],[15.9929661,46.7319132],[15.9928265,46.7322864],[15.9927797,46.7324647],[15.9927457,46.7326703],[15.9927303,46.7330247],[15.9926896,46.7333578],[15.9926728,46.7334244],[15.992633,46.7335824],[15.9926285,46.7336001],[15.9925913,46.7336819],[15.9924767,46.733934],[15.9923164,46.7341828],[15.9922587,46.734272],[15.9920662,46.7346016],[15.9919656,46.7348101],[15.9918974,46.7349987],[15.9918514,46.7351379],[15.9918077,46.735293],[15.9917643,46.7355264],[15.991741,46.7357108],[15.9917306,46.7358573],[15.9917337,46.7360829],[15.9917483,46.7362662],[15.9917686,46.7364174],[15.9917992,46.7366274],[15.9918038,46.7366592],[15.9918292,46.7368512],[15.9918374,46.7369823],[15.9918345,46.7371098],[15.9918054,46.7372376],[15.991774,46.7373225],[15.9917658,46.7373446],[15.9917033,46.7374853],[15.9916904,46.7375047],[15.9916242,46.7376002],[15.9915095,46.7377347],[15.9913664,46.7378627],[15.9913408,46.7378856],[15.9911767,46.7379979],[15.9909854,46.7380964],[15.9908216,46.738167],[15.990652,46.7382353],[15.9906017,46.7382449],[15.9905907,46.7382487],[15.9904084,46.738313],[15.9902735,46.7383722],[15.9901739,46.7384269],[15.9899862,46.7385532],[15.9898426,46.738687],[15.989687,46.7389047],[15.9896461,46.7389973],[15.9896049,46.739136],[15.9895858,46.7393262],[15.9895656,46.7394758],[15.9895236,46.7395832],[15.9894971,46.7396508],[15.9894434,46.7397323],[15.9894161,46.7397737],[15.9893141,46.7398764],[15.9892679,46.7399117],[15.9892113,46.739955],[15.9890863,46.740035],[15.988953,46.7401114],[15.9889209,46.7401284],[15.988777,46.7402048],[15.9886317,46.740284],[15.9885009,46.7403708],[15.9884281,46.7404283],[15.988358,46.7404963],[15.9882994,46.7405598],[15.9882872,46.7405731],[15.9882112,46.7406787],[15.9881498,46.7407932],[15.9881206,46.7408747],[15.9881003,46.7409414],[15.9880826,46.741028],[15.9880756,46.7411685],[15.9880876,46.7412855],[15.9880914,46.7413224],[15.9880925,46.7413315],[15.9880978,46.7413729],[15.9881077,46.7414515],[15.9881567,46.7417534],[15.9881668,46.7418078],[15.9881736,46.7418449],[15.9881939,46.7419546],[15.9882498,46.7421808],[15.9882569,46.7422069],[15.988328,46.7424668],[15.9884342,46.7427918],[15.988538,46.7430597],[15.9886691,46.7433802],[15.9887317,46.7435509],[15.988765,46.7436788],[15.9887849,46.7437986],[15.9887902,46.7439165],[15.988783,46.7440541],[15.9887627,46.744188],[15.9887282,46.7443229],[15.9886928,46.7444139],[15.9886458,46.7445187],[15.9886025,46.744602],[15.9885047,46.7447472],[15.9883845,46.7448954],[15.9883155,46.7449703],[15.9883065,46.7449805],[15.9882794,46.7450152],[15.9880936,46.7452222],[15.9879809,46.7453478],[15.9879744,46.7453552],[15.9878543,46.7454929],[15.987655,46.7457174],[15.9875909,46.7458024],[15.9875102,46.7459092],[15.9874391,46.7460068],[15.9873786,46.7460898],[15.9872583,46.7463065],[15.9872184,46.7463972],[15.9871511,46.7465499],[15.9870968,46.7467054],[15.987056,46.7468794],[15.9870353,46.7469941],[15.9870238,46.7470579],[15.9870119,46.7472002],[15.987013,46.7474698],[15.9870217,46.7475898],[15.9870443,46.7477279],[15.9870709,46.7478527],[15.9870949,46.7479839],[15.9871256,46.7481519],[15.9871307,46.7481979],[15.987135,46.7482366],[15.9871385,46.7482685],[15.9871448,46.7484118],[15.987144,46.7485561],[15.9871324,46.7486966],[15.9871143,46.74883],[15.987044,46.7491084],[15.9869465,46.7493775],[15.9868488,46.7496285],[15.986743,46.7498896],[15.98669,46.7500253],[15.9866642,46.7500889],[15.9866594,46.7501066],[15.9866391,46.7501499],[15.9865405,46.7503915],[15.9864974,46.7504658],[15.9864412,46.7505627],[15.9864339,46.7505752],[15.9864096,46.7506107],[15.9864029,46.7506189],[15.986374,46.75066],[15.9862914,46.7507616],[15.9862361,46.7508199],[15.9861779,46.7508811],[15.9860665,46.7509796],[15.9859341,46.7510835],[15.9857704,46.7511899],[15.9855913,46.7512875],[15.9854223,46.7513681],[15.9852416,46.7514589],[15.9850603,46.7515756],[15.9849886,46.7516399],[15.9849042,46.7517191],[15.9848409,46.7518259],[15.9847829,46.7519612],[15.9847513,46.7520879],[15.9847471,46.7522076],[15.9847669,46.7523185],[15.9848047,46.7524292],[15.9848691,46.7525382],[15.9849612,46.7526576],[15.9851038,46.7527808],[15.9852281,46.7528723],[15.9855533,46.7531155],[15.9860175,46.7534627],[15.9863997,46.7537491],[15.9866334,46.7539228],[15.9867287,46.7539936],[15.9867718,46.7540257],[15.9867903,46.7540391],[15.9869099,46.7541324],[15.9871494,46.7543175],[15.9873303,46.7544716],[15.9875104,46.754625],[15.9878499,46.7549433],[15.988162,46.7552609],[15.9884632,46.7555935],[15.9887484,46.7559485],[15.9890156,46.7563224],[15.9892527,46.7566867],[15.9894693,46.7570655],[15.9895811,46.7572937],[15.9896769,46.757507],[15.9897569,46.7577867],[15.9897716,46.7580529],[15.9897281,46.758313],[15.9896942,46.758399],[15.9896274,46.7585684],[15.9894022,46.7589787],[15.9891873,46.7593636],[15.9889907,46.7597213],[15.9889861,46.7597296],[15.9887329,46.7601883],[15.9885301,46.7605503],[15.9883373,46.7609024],[15.9882412,46.7611823],[15.9882111,46.7614248],[15.9882246,46.7616479],[15.988291,46.7619199],[15.9883014,46.7619412],[15.9883983,46.7621397],[15.9885578,46.7623577],[15.9886348,46.7624595],[15.9887559,46.7626197],[15.9888723,46.7627737],[15.9889815,46.762975],[15.989007,46.7630221],[15.989106,46.7632796],[15.9891612,46.7635083],[15.98919,46.7638116],[15.9891785,46.7641375],[15.9891636,46.7645297],[15.9891399,46.7649949],[15.9891154,46.7654786],[15.9890994,46.7658759],[15.9890978,46.7659081],[15.9890939,46.7659844],[15.9890848,46.7661628],[15.9890766,46.7664101],[15.9890639,46.7666613],[15.9890794,46.7668626],[15.9891155,46.7670692],[15.9891499,46.7672028],[15.9892227,46.7674003],[15.9892853,46.7675683],[15.9893279,46.7677531],[15.9893267,46.7677987],[15.9893239,46.7679067],[15.9892951,46.7680674],[15.9892504,46.7682067],[15.9891707,46.768365],[15.9890361,46.7685505],[15.9890077,46.768586],[15.9889722,46.7686303],[15.9889041,46.7687154],[15.9888204,46.768841],[15.9887637,46.7689775],[15.9887244,46.7691231],[15.9887117,46.7692537],[15.9887075,46.7692971],[15.9887199,46.7694449],[15.9887612,46.7696182],[15.9887721,46.7696431],[15.9888308,46.7697768],[15.9889483,46.7699502],[15.9891059,46.7701186],[15.9892804,46.7702757],[15.9894547,46.7704485],[15.9896047,46.7706212],[15.9897182,46.7707674],[15.9898212,46.7709104],[15.9899137,46.771072],[15.9900017,46.7712346],[15.9900901,46.771422],[15.9901604,46.7715864],[15.9902101,46.7717726],[15.9902495,46.7719574],[15.9902776,46.7721653],[15.99029,46.7723805],[15.9902838,46.772522],[15.9902634,46.7727428],[15.9902379,46.7729015],[15.9901958,46.7730657],[15.9901832,46.773109],[15.9901472,46.7732333],[15.9900664,46.7734345],[15.9899623,46.7736488],[15.9897783,46.773952],[15.9894795,46.7743254],[15.9892954,46.7745487],[15.9892785,46.7745692],[15.9891207,46.7747946],[15.9890801,46.7748526],[15.9890328,46.7749411],[15.988925,46.775143],[15.9888153,46.7754232],[15.9887398,46.7757127],[15.9887015,46.7760368],[15.9887044,46.7763675],[15.9887372,46.7766057],[15.988784,46.7767963],[15.98887,46.7770293],[15.9889712,46.7772706],[15.989075,46.777465],[15.9891731,46.7776232],[15.9892105,46.7776708],[15.9892864,46.7777676],[15.9895441,46.7780564],[15.9897989,46.7783074],[15.9898391,46.7783522],[15.9899273,46.7784505],[15.990011,46.7785912],[15.990041,46.7786806],[15.9900591,46.7787346],[15.990068,46.7788741],[15.9900524,46.7790377],[15.9900446,46.7790833],[15.990016,46.7792517],[15.9899684,46.7794159],[15.9899085,46.7795542],[15.9898238,46.7797035],[15.9897045,46.7798771],[15.9896186,46.7800146],[15.9895739,46.780134],[15.9895433,46.7802496],[15.9895354,46.7803676],[15.9895516,46.7805431],[15.9896029,46.780691],[15.9896793,46.7808416],[15.9897343,46.7809194],[15.9898537,46.7810882],[15.9898677,46.7811083],[15.9899153,46.7811765],[15.9901864,46.7815652],[15.9903945,46.7818601],[15.9905319,46.7820549],[15.9905919,46.7821439],[15.9906011,46.782157],[15.9906241,46.7821924],[15.9906294,46.7822003],[15.9907446,46.7823575],[15.990863,46.7825261],[15.9909359,46.78263],[15.9910664,46.7828159],[15.9912362,46.7830798],[15.9912761,46.7831478],[15.9913919,46.7833452],[15.9915553,46.7836338],[15.9916895,46.7839193],[15.9917548,46.7840717],[15.9918332,46.7842546],[15.9919838,46.7846761],[15.9921969,46.7852747],[15.9922601,46.7854502],[15.9923481,46.7856948],[15.992467,46.7860386],[15.9925253,46.786205],[15.9925545,46.7862881],[15.9925683,46.7863275],[15.9926057,46.7864343],[15.9926958,46.7866889],[15.9927475,46.7868351],[15.9927624,46.7868767],[15.992819,46.7870349],[15.992905,46.7872754],[15.992945,46.787388],[15.9930011,46.787546],[15.9930113,46.7875747],[15.993052,46.7876892],[15.9930986,46.7878279],[15.9931714,46.7880444],[15.99319,46.7880996],[15.993307,46.7885404],[15.9933591,46.788818],[15.9933989,46.7890299],[15.9934146,46.7891445],[15.9934297,46.789255],[15.9934366,46.7893051],[15.993465,46.7894982],[15.9934819,46.7896135],[15.9935187,46.7898688],[15.9935639,46.7901919],[15.9936025,46.7904588],[15.9936456,46.790756],[15.9936925,46.7910994],[15.9936962,46.7911251],[15.9937349,46.7913939],[15.9937754,46.7916854],[15.993822,46.7919857],[15.9938604,46.7922712],[15.9939052,46.7925746],[15.9939455,46.7928548],[15.9939909,46.7931855],[15.9940045,46.7932813],[15.9940212,46.7933989],[15.9940344,46.7934919],[15.994041,46.7936243],[15.9940448,46.7937006],[15.9940391,46.7938957],[15.9940205,46.7940799],[15.9940009,46.7941794],[15.993988,46.7942446],[15.9939488,46.7943931],[15.9939021,46.7945342],[15.993891,46.7945678],[15.9938307,46.7947228],[15.9937456,46.7948918],[15.9936611,46.7950371],[15.9935616,46.7951891],[15.9934905,46.7953056],[15.9934519,46.7953866],[15.9934108,46.7955022],[15.9933979,46.7956075],[15.9934175,46.7957562],[15.9934798,46.7959607],[15.9935028,46.796036],[15.9935309,46.7962029],[15.9935345,46.7963557],[15.9935101,46.7965223],[15.9934761,46.796653],[15.9934113,46.7968138],[15.9933212,46.7969641],[15.993174,46.7971595],[15.9929835,46.7974047],[15.992969,46.7974234],[15.9928438,46.7975847],[15.992729,46.7977611],[15.99269,46.7978361],[15.9926646,46.7978891],[15.9926156,46.7980171],[15.9925739,46.7981618],[15.9925599,46.7982909],[15.9925625,46.7984232],[15.9925661,46.7984945],[15.9925681,46.7985344],[15.9925921,46.7986879],[15.9926124,46.7987542],[15.992639,46.7988413],[15.992678,46.7989295],[15.9927157,46.7990148],[15.9928196,46.7992089],[15.9928833,46.7993947],[15.9929045,46.7995725],[15.9929102,46.7997687],[15.9929151,46.79995],[15.992917,46.8000187],[15.9929066,46.800239],[15.9928866,46.8004079],[15.9928722,46.8004791],[15.9928452,46.800612],[15.9928402,46.8006284],[15.992826,46.8006749],[15.9928039,46.8007472],[15.992768,46.8008647],[15.9926622,46.801147],[15.9926303,46.8012263],[15.9925667,46.8013842],[15.9924511,46.8016856],[15.9924131,46.8018145],[15.9923639,46.8019812],[15.9923524,46.8020399],[15.9923428,46.8020884],[15.9923379,46.8021134],[15.9923239,46.8022259],[15.9923173,46.8023658],[15.9923137,46.802441],[15.9923148,46.8025312],[15.9923173,46.8026064],[15.9923258,46.8028623],[15.9923564,46.8030901],[15.9924104,46.8033012],[15.9924831,46.8035091],[15.9925899,46.8036894],[15.9926736,46.8038519],[15.9927817,46.8039968],[15.9928784,46.8041304],[15.9929905,46.8042692],[15.9930262,46.8043184],[15.9930386,46.8043388],[15.9932897,46.8045976],[15.99364,46.804865],[15.9939945,46.8050545],[15.9942392,46.8051853],[15.9946691,46.8054151],[15.9946807,46.8054213],[15.994783,46.805476],[15.9951207,46.8057892],[15.9951951,46.805968],[15.9953713,46.8063897],[15.9953959,46.80645],[15.9954891,46.8066746],[15.995503,46.806708],[15.995529,46.80674],[15.995642,46.806879],[15.995905,46.807069],[15.9960233,46.8071253],[15.9961282,46.8071753],[15.9963573,46.8072845],[15.997043,46.807611],[15.9973627,46.8078214],[15.9975082,46.8079414],[15.997607,46.808058],[15.997745,46.8082157],[15.9977971,46.8082945],[15.9978893,46.8084339],[15.9979032,46.8084649],[15.9979451,46.8085588],[15.99798,46.808637],[15.9980047,46.8087434],[15.9980449,46.808917],[15.998117,46.809228],[15.998145,46.8096324],[15.998134,46.8098],[15.9981103,46.8101014],[15.998038,46.810372],[15.99791,46.810738],[15.9976301,46.8112366],[15.997515,46.811427],[15.997162,46.811785],[15.996781,46.812077],[15.996261,46.812665],[15.995388,46.813362],[15.995145,46.813753],[15.994579,46.814186],[15.994369,46.814519],[15.9941917,46.8146191],[15.993905,46.814781],[15.993673,46.815096],[15.993188,46.815377],[15.993031,46.81574],[15.9928849,46.8158349],[15.992471,46.816104],[15.9922146,46.8164029],[15.992043,46.816603],[15.9919017,46.8167004],[15.991742,46.8167922],[15.9920412,46.8170985],[15.9915938,46.8176322],[15.9913755,46.8178411],[15.99122,46.818067],[15.990833,46.818198],[15.990604,46.81851],[15.989943,46.818894],[15.9897134,46.8188956],[15.98957,46.819058],[15.989376,46.819093],[15.989224,46.819072],[15.988362,46.819242],[15.9879844,46.8196],[15.988144,46.819701],[15.988163,46.820044],[15.987772,46.820165],[15.987509,46.8203646],[15.987314,46.8209347],[15.987589,46.821253],[15.987303,46.821504],[15.987185,46.821785],[15.9872363,46.8221395],[15.987242,46.822179],[15.987427,46.822766],[15.9871572,46.8235158],[15.986918,46.824489],[15.987066,46.824865],[15.9867378,46.8250344],[15.986392,46.825846],[15.986525,46.825898],[15.98653,46.826122],[15.9863666,46.8263793],[15.986205,46.826636],[15.985802,46.826569],[15.985943,46.826872],[15.985765,46.826994],[15.985473,46.82706],[15.9854144,46.8271985],[15.985371,46.827301],[15.985573,46.8273466],[15.9859094,46.8274436],[15.9860833,46.8274282],[15.9862444,46.8275579],[15.9864623,46.8277663],[15.9866854,46.8279475],[15.9870968,46.8281951],[15.9871845,46.8282669],[15.9873778,46.8282639],[15.9874893,46.8283545],[15.9877202,46.8285],[15.9880469,46.8286343],[15.9881709,46.8286914],[15.9885023,46.8288307],[15.9891965,46.8291677],[15.9893902,46.8292865],[15.9895908,46.8294506],[15.9896244,46.8294781],[15.9896084,46.8295065],[15.9893871,46.8299],[15.9892635,46.8301198],[15.9890641,46.8304775],[15.9891038,46.8305128],[15.9893424,46.8306807],[15.9898331,46.8310161],[15.9900195,46.831175],[15.9900663,46.8312674],[15.9900973,46.8313069],[15.9902305,46.8314346],[15.9904871,46.8316176],[15.9905984,46.8317151],[15.9907026,46.831857],[15.9908597,46.8320038],[15.9909429,46.8321254],[15.990975,46.8321909],[15.991022,46.8323257],[15.9910724,46.8323953],[15.991076,46.8324224],[15.9910628,46.8324626],[15.991063,46.8324816],[15.9910651,46.8326572],[15.9910513,46.8327157],[15.991012,46.8328265],[15.9911604,46.83293],[15.9916269,46.833081],[15.9919253,46.833176],[15.9922222,46.8332248],[15.9924479,46.8332789],[15.9928824,46.8332935],[15.9931324,46.8333881],[15.993352,46.8335608],[15.9935638,46.8337916],[15.9938288,46.8340915],[15.994097,46.8343737],[15.9942147,46.8344869],[15.9942752,46.8345713],[15.994384,46.8347233],[15.9944479,46.8347513],[15.9945039,46.8347758],[15.9951143,46.834871],[15.9952428,46.834833],[15.995486,46.834892],[15.9961424,46.8353726],[15.9962508,46.8353987],[15.9967081,46.8353175],[15.9971758,46.8352073],[15.9974831,46.8354023],[15.9976423,46.8356235],[15.9979774,46.8358758],[15.9980703,46.8359241],[15.9981355,46.8359784],[15.99817,46.8359821],[15.9982074,46.8360224],[15.9982284,46.8360381],[15.9982373,46.8360827],[15.9982872,46.8361334],[15.9983631,46.8361447],[15.9984512,46.8361695],[15.9985703,46.8361627],[15.9986553,46.8361748],[15.9986876,46.8361988],[15.9989007,46.8362367],[15.9990654,46.8362204],[15.9992884,46.8363006],[15.9995754,46.8362941],[15.9996368,46.8363221],[15.999919,46.836319],[16.000017,46.836341],[16.0000952,46.8363721],[16.0002471,46.8363969],[16.0004026,46.8364849],[16.000751,46.836555],[16.0007294,46.8365994],[16.0005013,46.8367033],[16.0002949,46.8367711],[16.0002623,46.8369859],[16.000045,46.837302],[15.9999394,46.8373007],[15.999845,46.8373335],[15.9997778,46.8374989],[15.9997387,46.8375517],[15.9994281,46.8377504],[15.9996101,46.8378833],[15.9998529,46.8380608],[15.999871,46.838074],[16.0000802,46.8380562],[16.0002309,46.8380109],[16.00031,46.8380864],[16.000787,46.838257],[16.0008339,46.838263],[16.001619,46.838364],[16.0018137,46.8386299],[16.0018579,46.8388236],[16.002045,46.839161],[16.0020364,46.8392227],[16.0020065,46.8394383],[16.0020838,46.8395739],[16.0020124,46.839677],[16.0019359,46.8397662],[16.001826,46.8400612],[16.001848,46.840254],[16.0019531,46.8403497],[16.002389,46.8407466],[16.0025701,46.8409749],[16.0029247,46.841186],[16.0030191,46.8412422],[16.0030453,46.8412727],[16.003478,46.841775],[16.0037658,46.8422004],[16.0039182,46.8425211],[16.0040246,46.8430364],[16.0040496,46.8431577],[16.004231,46.843475],[16.004476,46.8437733],[16.0044932,46.8437942],[16.0052585,46.8444183],[16.0054346,46.844609],[16.0057176,46.8449155],[16.006067,46.84525],[16.0058873,46.8453253],[16.005693,46.8454068],[16.00537,46.845303],[16.0053305,46.8453529],[16.0052845,46.845411],[16.0052578,46.8455036],[16.005245,46.845548],[16.0050213,46.8456493],[16.0049866,46.8456559],[16.004479,46.845752],[16.0045077,46.845832],[16.0044846,46.8458795],[16.004049,46.8462864],[16.003836,46.846427],[16.0037122,46.8464673],[16.003321,46.846323],[16.003313,46.8464014],[16.0033509,46.8464706],[16.003507,46.8465946],[16.0034415,46.8466564],[16.0032117,46.8466805],[16.0031417,46.84677],[16.002768,46.8468289],[16.002672,46.846894],[16.002468,46.847221],[16.0022364,46.8472787],[16.001882,46.8475206],[16.0018728,46.8475269],[16.0017976,46.8476091],[16.001609,46.847707],[16.0014448,46.8479552],[16.0014174,46.8480552],[16.0012711,46.8481904],[16.001251,46.848209],[16.0012482,46.8482226],[16.0012006,46.8484518],[16.0011713,46.8485927],[16.0012121,46.8487723],[16.0012355,46.848875],[16.0011871,46.8489272],[16.0011657,46.8489502],[16.0011821,46.8490254],[16.0012404,46.8490598],[16.0012094,46.8490767],[16.001198,46.8491469],[16.0012418,46.8492903],[16.0012703,46.8492535],[16.0013756,46.8493191],[16.0014238,46.849311],[16.0014387,46.8493568],[16.0014853,46.8493589],[16.0014869,46.8494016],[16.0015229,46.8494384],[16.001505,46.8494938],[16.0016164,46.8494744],[16.0015756,46.8495249],[16.0016607,46.8495122],[16.0016152,46.8495563],[16.0017456,46.8496012],[16.0018437,46.8495662],[16.0018716,46.8496124],[16.0017673,46.849671],[16.0018064,46.8496947],[16.0018313,46.8497356],[16.002164,46.8499052],[16.0022257,46.8498649],[16.0023674,46.8500165],[16.00254,46.850139],[16.0026001,46.8503316],[16.0025575,46.8503828],[16.0026028,46.8504331],[16.002746,46.850522],[16.0027264,46.850624],[16.002647,46.850705],[16.0027621,46.8507268],[16.0027505,46.850752],[16.0028042,46.8507923],[16.0028989,46.8508194],[16.0028686,46.8509369],[16.0028908,46.8509994],[16.0028882,46.8510567],[16.0030125,46.8511364],[16.0030279,46.8511864],[16.0030835,46.8512273],[16.0031264,46.8513319],[16.0031536,46.851423],[16.0031641,46.8514799],[16.0031747,46.8515373],[16.0032391,46.8516602],[16.0034598,46.8518763],[16.0036763,46.8520091],[16.0039917,46.85231],[16.0040305,46.852391],[16.0042808,46.852493],[16.0043642,46.8524814],[16.0044523,46.8525975],[16.0045147,46.8526653],[16.0043769,46.8527026],[16.0044333,46.8528925],[16.004436,46.8533],[16.0046201,46.853588],[16.0046694,46.8538461],[16.0046645,46.853975],[16.0047519,46.8541236],[16.0047899,46.8541377],[16.0048475,46.8542113],[16.0050232,46.8542535],[16.0050524,46.8542781],[16.0050853,46.8543296],[16.0051686,46.8543762],[16.0052901,46.8544885],[16.0053865,46.8545024],[16.0053833,46.8545827],[16.0053392,46.8546657],[16.005313,46.85477],[16.0053521,46.8548966],[16.0054986,46.8549539],[16.005546,46.855085],[16.0058968,46.8550609],[16.006034,46.85512],[16.0060725,46.8551954],[16.0062011,46.8552867],[16.0061374,46.8553155],[16.006224,46.8553334],[16.0061688,46.8553569],[16.006234,46.8553984],[16.006364,46.855457],[16.0063936,46.8555858],[16.0064764,46.8556093],[16.0065009,46.8556013],[16.006518,46.8556578],[16.0065081,46.8558612],[16.0065777,46.8560078],[16.0066055,46.8561086],[16.0066722,46.8562159],[16.0069431,46.8564017],[16.0069201,46.8564178],[16.007002,46.85647],[16.0069836,46.8565085],[16.0071436,46.856573],[16.0071343,46.8565964],[16.0070488,46.8566014],[16.0071762,46.8566482],[16.0073388,46.8566561],[16.0074136,46.8566798],[16.0073047,46.8567187],[16.0072903,46.8567783],[16.0074328,46.8567974],[16.0073998,46.8568414],[16.0074336,46.8569024],[16.0075458,46.8569591],[16.0075863,46.8570329],[16.0076962,46.8570551],[16.0077355,46.8571556],[16.007826,46.857177],[16.0076958,46.8572818],[16.007698,46.857326],[16.0080965,46.8576108],[16.008299,46.857836],[16.008373,46.8579719],[16.008507,46.8585],[16.0085392,46.8586148],[16.008538,46.8588022],[16.0085664,46.8591293],[16.0085855,46.8592482],[16.0085746,46.8592752],[16.0086119,46.8593294],[16.0086716,46.8597857],[16.0086485,46.8598796],[16.0088035,46.8604945],[16.0089655,46.8607636],[16.0090624,46.8611122],[16.0091171,46.8617344],[16.0091021,46.8618378],[16.0091576,46.8619519],[16.0091998,46.8621727],[16.0091951,46.8623199],[16.0092697,46.8626978],[16.0093357,46.8633431],[16.0093166,46.8634689],[16.0093507,46.8638353],[16.009484,46.8643989],[16.0095481,46.8646239],[16.009548,46.864722],[16.009561,46.8650255],[16.0094907,46.8655174],[16.0094312,46.8659557],[16.0094186,46.8661258],[16.0095022,46.866461],[16.0095712,46.8666719],[16.0095814,46.8670286],[16.009611,46.867343],[16.0095551,46.8678292],[16.0096388,46.8680583],[16.0096041,46.8680967],[16.0094807,46.8682335],[16.0094347,46.8682952],[16.009464,46.8683507],[16.0094411,46.8685131],[16.0093162,46.8686933],[16.0092418,46.8687671],[16.009017,46.869109],[16.008873,46.869624],[16.0088822,46.8697273],[16.009119,46.869838],[16.0086327,46.8705826],[16.008452,46.870817],[16.0084232,46.8713595],[16.0084586,46.8715423],[16.00855,46.872015],[16.008845,46.872768],[16.0088496,46.8728904],[16.008888,46.873904],[16.0090217,46.8741848],[16.009147,46.8743621],[16.0093255,46.8746149],[16.0094403,46.8748112],[16.009742,46.875327],[16.0097852,46.8756086],[16.0096243,46.8767748],[16.0096194,46.8768105],[16.0095868,46.8770468],[16.0095849,46.8770607],[16.00961,46.877215],[16.0096552,46.8772834],[16.01024,46.878121],[16.0104042,46.8784422],[16.0104799,46.8785903],[16.0106671,46.8790534],[16.0107286,46.8793755],[16.01105,46.879934],[16.0113429,46.8803359],[16.011596,46.8805666],[16.0116456,46.8806459],[16.0118831,46.8810259],[16.0119227,46.8810892],[16.0120914,46.8813179],[16.0121195,46.8813559],[16.012465,46.8817933],[16.012575,46.882026],[16.0125596,46.8824381],[16.0125543,46.8825816],[16.0126069,46.8829945],[16.012795,46.883484],[16.0129864,46.8837019],[16.013812,46.884538],[16.0138717,46.8845655],[16.0142844,46.8845581],[16.0144756,46.8845183],[16.01588,46.884456],[16.0162982,46.8845027],[16.016993,46.884673],[16.0178283,46.8849381],[16.0183419,46.8851072],[16.0184602,46.8851545],[16.0188151,46.8853346],[16.019549,46.885599],[16.0197756,46.8857194],[16.0201466,46.8860292],[16.0203107,46.8863265],[16.020594,46.886513],[16.0210677,46.886561],[16.022051,46.886768],[16.0226523,46.8871766],[16.023385,46.8878409],[16.0234304,46.887953],[16.0234202,46.8880223],[16.0235382,46.8882506],[16.0237629,46.88857],[16.023933,46.888732],[16.024232,46.8888922],[16.0245728,46.8890285],[16.0250295,46.8893416],[16.0253401,46.8895095],[16.0259072,46.8899267],[16.02684,46.890479],[16.0273695,46.8906931],[16.0278198,46.8908948],[16.028372,46.891309],[16.0291094,46.8916448],[16.0298358,46.8918928],[16.029966,46.891939],[16.0302267,46.8920914],[16.0309169,46.8925924],[16.031204,46.892746],[16.0314345,46.8928289],[16.0316232,46.8928668],[16.032182,46.892987],[16.0326398,46.8929804],[16.0333974,46.8928533],[16.0334178,46.892894],[16.034335,46.89281],[16.035389,46.892864],[16.0355614,46.8928756],[16.0355671,46.8927769],[16.035689,46.89283],[16.0357562,46.8929105],[16.035858,46.893091],[16.0361414,46.8940394],[16.0362823,46.8943113],[16.0363651,46.8945814],[16.0363536,46.8947517],[16.0362283,46.8956598],[16.0363011,46.8962102],[16.0362789,46.8969488],[16.0362671,46.8970425],[16.0362521,46.8971614],[16.0362333,46.8973115],[16.0362256,46.8973724],[16.0361959,46.8977366],[16.036142,46.897855],[16.0362065,46.8979801],[16.0362795,46.8981219],[16.0368101,46.8988212],[16.036802,46.898939],[16.0366734,46.8994146],[16.0366678,46.8995721],[16.0367372,46.9002056],[16.036634,46.900802],[16.0363515,46.901656],[16.0361654,46.9019091],[16.036147,46.9019992],[16.0361883,46.9020107],[16.0361687,46.9022154],[16.036515,46.903002],[16.0371763,46.9035294],[16.03727,46.903642],[16.0376284,46.9040598],[16.037728,46.9043594],[16.0378946,46.904588],[16.0380364,46.9046648],[16.0382807,46.9047576],[16.0383347,46.9047766],[16.0387092,46.9049083],[16.0388495,46.9049576],[16.0392084,46.9050318],[16.039819,46.905266],[16.0406735,46.9057818],[16.0406546,46.9058124],[16.0407943,46.9058397],[16.0410683,46.9059424],[16.041692,46.906016],[16.0418498,46.9060888],[16.04251,46.9062921],[16.0430453,46.9063752],[16.0430954,46.906383],[16.0434975,46.9065986],[16.0435374,46.90662],[16.044573,46.907328],[16.0449404,46.9077254],[16.045092,46.9078275],[16.0451881,46.9078922],[16.0455388,46.9082013],[16.045572,46.9082643],[16.0458121,46.9087197],[16.0458206,46.9087468],[16.0460953,46.9096212],[16.046237,46.909805],[16.047084,46.910304],[16.0471255,46.9103116],[16.0474064,46.9103629],[16.047619,46.91034],[16.0478979,46.910245],[16.048217,46.91007],[16.048382,46.9099562],[16.0485919,46.9098115],[16.0486542,46.9097685],[16.0488147,46.9096341],[16.0491186,46.9092331],[16.0494116,46.9089869],[16.049624,46.908885],[16.0499042,46.9087973],[16.0500972,46.9087623],[16.0501809,46.9087518],[16.0504928,46.9087127],[16.050869,46.9086656],[16.051083,46.9086523],[16.051397,46.908685],[16.0515472,46.9087261],[16.0516396,46.9087718],[16.0527565,46.9095219],[16.0530948,46.9096908],[16.0536483,46.9101427],[16.0539897,46.9103405],[16.0540474,46.9103739],[16.054708,46.910667],[16.0551564,46.9106943],[16.056033,46.910718],[16.0560512,46.9107213],[16.0565087,46.9108033],[16.0566934,46.9108463],[16.0575172,46.9110445],[16.058268,46.9112954],[16.0584836,46.9113408],[16.058706,46.9113773],[16.058787,46.911396],[16.0589477,46.9115235],[16.0590353,46.9115752],[16.0595038,46.9118521],[16.0596165,46.9119187],[16.0600652,46.9121726],[16.0610018,46.9128359],[16.0610232,46.9128555],[16.0612007,46.9130179],[16.061533,46.913322],[16.0615876,46.9134148],[16.0617621,46.9137112],[16.061849,46.9137255],[16.061899,46.913725],[16.0618638,46.9139248],[16.0618632,46.913941],[16.061873,46.914238],[16.0621788,46.9149611],[16.0622703,46.9152828],[16.062273,46.915505],[16.0622661,46.9156681],[16.062075,46.9162234],[16.0620508,46.9163092],[16.0618442,46.9167329],[16.0617563,46.9173544],[16.0615254,46.9178571],[16.0614651,46.9180798],[16.0614288,46.9184287],[16.0613198,46.9189476],[16.061355,46.91969],[16.0617026,46.9204954],[16.0618878,46.9207594],[16.0619909,46.9210043],[16.0620289,46.9216313],[16.0620878,46.9218628],[16.0621546,46.9219565],[16.0621781,46.9221451],[16.0622234,46.922212],[16.062245,46.9223354],[16.062309,46.9225257],[16.0623347,46.9226419],[16.0623716,46.9227044],[16.0624109,46.922883],[16.0624681,46.9229626],[16.0625122,46.9230329],[16.0625167,46.9232636],[16.0625745,46.9234116],[16.0627139,46.9234702],[16.062787,46.9235465],[16.0628205,46.9237875],[16.0630501,46.9242141],[16.0630357,46.9242424],[16.0629964,46.9243198],[16.0629915,46.9246421],[16.0629782,46.9246977],[16.062977,46.924761],[16.062931,46.924806],[16.063017,46.9248964],[16.063047,46.9250087],[16.0631715,46.9250402],[16.0631752,46.9251342],[16.0631953,46.9251917],[16.063207,46.9252543],[16.0632391,46.9253053],[16.0633104,46.9253285],[16.0633084,46.9254153],[16.0634078,46.9255351],[16.0635699,46.9255946],[16.0635775,46.9256626],[16.0635314,46.9257078],[16.0635305,46.925759],[16.0635409,46.9257795],[16.0637713,46.9258406],[16.0637642,46.9258902],[16.0637906,46.9258917],[16.0638216,46.9259276],[16.0638959,46.9259275],[16.063904,46.9259829],[16.0639845,46.9260642],[16.0641658,46.9261551],[16.0642126,46.9262231],[16.0642878,46.9261957],[16.0644007,46.9262903],[16.0643451,46.9263388],[16.064457,46.926433],[16.0645245,46.9264069],[16.0646825,46.9265143],[16.064598,46.9265762],[16.0646739,46.9266853],[16.0648151,46.9267175],[16.0647707,46.9267539],[16.0648964,46.92691],[16.064963,46.9269492],[16.0649433,46.9270034],[16.065016,46.927128],[16.0651422,46.927182],[16.065124,46.9272219],[16.0652336,46.9273173],[16.0653305,46.9273047],[16.0652818,46.9273521],[16.0653132,46.9273748],[16.0653414,46.9273696],[16.0654356,46.9273963],[16.0654399,46.9274389],[16.0653569,46.9274661],[16.065358,46.9275062],[16.0654733,46.9275002],[16.0655749,46.9275118],[16.0655891,46.9275348],[16.0655475,46.9275583],[16.0655472,46.9276078],[16.0655246,46.9276282],[16.0654959,46.92765],[16.0655628,46.9277513],[16.0656537,46.9278628],[16.0657484,46.9278846],[16.0658205,46.9279463],[16.0657621,46.9279709],[16.0658054,46.9280487],[16.0657654,46.9281132],[16.0658099,46.9281308],[16.0659368,46.9280864],[16.066022,46.9281504],[16.0660296,46.9282755],[16.0660864,46.9283272],[16.0661534,46.9284308],[16.0661554,46.9285166],[16.0663248,46.9287078],[16.0664552,46.9288044],[16.066409,46.9289417],[16.0664541,46.9289949],[16.066867,46.9297692],[16.0670848,46.9301448],[16.0671662,46.9302333],[16.0673418,46.9302467],[16.0676876,46.9304862],[16.067897,46.930581],[16.067941,46.9306377],[16.0679443,46.9307669],[16.0679469,46.9308689],[16.067999,46.9310751],[16.0685292,46.9313545],[16.068521,46.9315254],[16.0684407,46.9316275],[16.0684023,46.9317638],[16.0684774,46.9324442],[16.0683379,46.9327849],[16.0683372,46.9327913],[16.0683208,46.9329532],[16.068254,46.933609],[16.068776,46.9341221],[16.0688368,46.9345213],[16.0692864,46.93446],[16.069751,46.934567],[16.0698469,46.9346977],[16.070171,46.935139],[16.070221,46.935523],[16.070875,46.93551],[16.0712082,46.935408],[16.071373,46.935264],[16.0727761,46.9355588],[16.073049,46.935724],[16.075762,46.934425],[16.0761677,46.9342728],[16.0765116,46.9341582],[16.0770628,46.9340354],[16.077381,46.934015],[16.0776457,46.9340151],[16.078295,46.934051],[16.0791198,46.9342013],[16.0806108,46.9345579],[16.0812646,46.9347035],[16.0821257,46.9348474],[16.082324,46.934865],[16.0826157,46.9348544],[16.0829982,46.9348303],[16.0841681,46.93466],[16.0845296,46.9346138],[16.085127,46.934609],[16.0884686,46.9348872],[16.091438,46.935116],[16.0920355,46.9351252],[16.0928988,46.9350839],[16.093141,46.935047],[16.0934925,46.9349892],[16.0937597,46.9349147],[16.094093,46.934795],[16.0944177,46.934632],[16.0946221,46.9344997],[16.0948827,46.9342961],[16.0950545,46.9344194],[16.095176,46.93447],[16.0951375,46.9347121],[16.0950722,46.9347145],[16.0951118,46.9348661],[16.0951375,46.9350002],[16.0952193,46.9352411],[16.0952491,46.9361288],[16.0952546,46.9362929],[16.0951065,46.9365803],[16.0950376,46.9367296],[16.0950184,46.9368808],[16.0948544,46.9372535],[16.0947372,46.9375199],[16.094529,46.938205],[16.0943575,46.9385319],[16.0942551,46.9388238],[16.0941439,46.9390286],[16.0940529,46.9391626],[16.093938,46.9392464],[16.0938826,46.9392922],[16.0938789,46.9393344],[16.0938196,46.9395008],[16.0938146,46.9396197],[16.0937975,46.939727],[16.0937967,46.9397318],[16.0938067,46.939794],[16.093779,46.939898],[16.0938033,46.9399453],[16.0938498,46.9400359],[16.0938805,46.9401328],[16.0938822,46.940138],[16.0939108,46.9401946],[16.0940765,46.9403075],[16.094217,46.940469],[16.0946059,46.9405925],[16.0946962,46.9405682],[16.0948224,46.9405664],[16.0949115,46.9405412],[16.0949725,46.9405775],[16.0950666,46.9405637],[16.0951762,46.9405955],[16.0952522,46.9406424],[16.0953716,46.9406674],[16.0954724,46.9407602],[16.0956764,46.9407795],[16.0957771,46.9407807],[16.0957675,46.9408825],[16.0957822,46.940987],[16.0958188,46.9411073],[16.0958818,46.9411593],[16.0959275,46.941244],[16.0960128,46.9412532],[16.0960278,46.9412714],[16.0959821,46.9413333],[16.096013,46.941384],[16.0960712,46.9414187],[16.0961034,46.9415132],[16.0961126,46.9415523],[16.0960859,46.9415881],[16.0960181,46.9416166],[16.0960009,46.9416543],[16.0959257,46.9416793],[16.0960386,46.9417543],[16.0960544,46.9418521],[16.0960454,46.9418847],[16.0960001,46.9419108],[16.0959379,46.9419083],[16.095965,46.9419581],[16.0959341,46.9419996],[16.09608,46.9421178],[16.0961414,46.9420352],[16.0961948,46.9420419],[16.0962902,46.9420903],[16.0963404,46.9421357],[16.096292,46.9421945],[16.0963265,46.9422772],[16.0962904,46.9423162],[16.0962216,46.9423191],[16.0961919,46.9422991],[16.0961063,46.9423404],[16.0960128,46.9423479],[16.095967,46.9423735],[16.0959589,46.9424118],[16.0958834,46.9424514],[16.0959216,46.9424584],[16.0960018,46.9424975],[16.0961402,46.9425196],[16.096132,46.94257],[16.0960836,46.9425703],[16.0961066,46.9425944],[16.0960827,46.9426236],[16.096041,46.942644],[16.0960163,46.9427091],[16.0959711,46.9426978],[16.0959458,46.9427408],[16.0958967,46.9427509],[16.0958844,46.9427785],[16.0958815,46.9428244],[16.0957992,46.9428369],[16.0958227,46.9428842],[16.0957326,46.9429399],[16.09568,46.943018],[16.0957772,46.9430783],[16.095786,46.9431558],[16.0957666,46.9432094],[16.0958245,46.943259],[16.0958456,46.9433127],[16.0959521,46.943347],[16.09607,46.94343],[16.0960693,46.9434516],[16.0960165,46.9434602],[16.0960624,46.9435101],[16.0960609,46.9435266],[16.0960138,46.9435282],[16.0960564,46.9435743],[16.0960519,46.9436222],[16.0959574,46.943641],[16.0959135,46.9436646],[16.0958999,46.9436866],[16.0959456,46.9436718],[16.095981,46.9436841],[16.09592,46.943767],[16.0958461,46.9437332],[16.0957934,46.9436859],[16.0957665,46.9436976],[16.0957661,46.9437247],[16.0957317,46.9437433],[16.0957985,46.9437978],[16.0957732,46.9438165],[16.0958003,46.9438376],[16.0957525,46.9438707],[16.0957604,46.9439208],[16.0957104,46.9439192],[16.0956957,46.943941],[16.0957481,46.943991],[16.0957815,46.943985],[16.0957997,46.9439996],[16.0957054,46.9440678],[16.0956991,46.9441234],[16.0956314,46.9441444],[16.0956758,46.9442156],[16.0956742,46.9442398],[16.0956961,46.9442645],[16.0956195,46.9443007],[16.0956307,46.9443274],[16.0956033,46.9443595],[16.0955629,46.9443513],[16.0955457,46.9443622],[16.0955476,46.9444085],[16.0956165,46.9444176],[16.0956538,46.9444782],[16.0956299,46.9444974],[16.0956427,46.9445336],[16.0955649,46.9445493],[16.0955496,46.9445935],[16.0954887,46.9446215],[16.0954914,46.9446988],[16.095426,46.944739],[16.0954914,46.9448772],[16.0954619,46.9448975],[16.0955011,46.9449458],[16.0954614,46.944991],[16.0954921,46.9449946],[16.0955071,46.9450381],[16.095542,46.945064],[16.0954777,46.9451036],[16.0954466,46.9450721],[16.0953651,46.9451227],[16.0953808,46.9451518],[16.0953754,46.9451668],[16.095402,46.9452275],[16.0953659,46.9452314],[16.0953328,46.9452175],[16.0952851,46.9452916],[16.0952295,46.9452954],[16.0952045,46.9453224],[16.0951977,46.9453544],[16.0951418,46.9453674],[16.0951286,46.9453964],[16.0951092,46.945409],[16.0950908,46.9453873],[16.0950598,46.9453908],[16.095069,46.9454325],[16.0950254,46.9454836],[16.0949692,46.9455021],[16.094965,46.9455301],[16.0949299,46.9455347],[16.0949163,46.9455801],[16.0949758,46.9456032],[16.0949634,46.945644],[16.0949595,46.9457112],[16.0949831,46.9457406],[16.094932,46.9457819],[16.0949312,46.945837],[16.0948887,46.9458351],[16.0948949,46.9458752],[16.0949275,46.9458771],[16.0949528,46.9459198],[16.095005,46.9459509],[16.0949461,46.9459819],[16.0949475,46.9460002],[16.0949741,46.9460196],[16.094959,46.9460408],[16.0949154,46.9460514],[16.0949252,46.9460804],[16.095015,46.9460627],[16.0950631,46.9460977],[16.0950448,46.9461114],[16.0950113,46.946108],[16.0949737,46.9461183],[16.0949582,46.9461445],[16.0950089,46.9461743],[16.0949761,46.9462029],[16.0949737,46.9462321],[16.0950573,46.9463207],[16.0950319,46.9463491],[16.0950501,46.946376],[16.0949953,46.9464079],[16.0949807,46.9464546],[16.0949324,46.9464676],[16.0949504,46.9464922],[16.0949924,46.9465157],[16.0949748,46.9465405],[16.0950008,46.9465682],[16.0950632,46.9465899],[16.0950122,46.9466049],[16.0950168,46.9466242],[16.0950387,46.9466385],[16.095048,46.9466446],[16.095082,46.94666],[16.0950712,46.9466907],[16.0951118,46.9467139],[16.0950943,46.946751],[16.095158,46.9467872],[16.0952084,46.9468137],[16.0952294,46.9468415],[16.0952247,46.9468702],[16.0952091,46.9469375],[16.0952538,46.9469483],[16.0952573,46.9469869],[16.095315,46.947036],[16.0951638,46.9471106],[16.0952681,46.9471436],[16.0951828,46.947245],[16.0951328,46.9472306],[16.0950841,46.9472499],[16.0952516,46.9473288],[16.0952043,46.9473569],[16.095329,46.947518],[16.0952515,46.9475886],[16.0952542,46.9476677],[16.0953055,46.9477286],[16.0952792,46.9477179],[16.0952607,46.9477367],[16.0953635,46.947776],[16.0954253,46.9477656],[16.0954583,46.9477742],[16.0953962,46.9478212],[16.0954071,46.9478782],[16.0953192,46.947899],[16.0953417,46.9478501],[16.095299,46.947816],[16.0952448,46.9478256],[16.0952232,46.9478881],[16.0952429,46.9479309],[16.0952249,46.9479665],[16.0952213,46.9480188],[16.095221,46.9480232],[16.095197,46.94811],[16.0952919,46.9480778],[16.0953259,46.948051],[16.0953712,46.9480655],[16.0953676,46.9481042],[16.095459,46.9481188],[16.0954407,46.9481513],[16.095384,46.9481687],[16.0953588,46.9482069],[16.0954425,46.9482297],[16.0954549,46.9482512],[16.0954072,46.9482753],[16.0954615,46.9484755],[16.0954026,46.948501],[16.0954462,46.9485622],[16.0954886,46.9485634],[16.0954202,46.9486441],[16.0954748,46.9486488],[16.0955009,46.9486563],[16.0955102,46.9486925],[16.0955357,46.9486959],[16.0955636,46.9486565],[16.0956214,46.9486599],[16.0956428,46.9487029],[16.0956187,46.9487377],[16.0955633,46.9487309],[16.0955547,46.9487532],[16.0956084,46.9487837],[16.0955881,46.9488219],[16.0956636,46.9488137],[16.0956843,46.9488629],[16.0957471,46.9488196],[16.0957793,46.9488465],[16.0956943,46.9489305],[16.0957256,46.9490141],[16.0957045,46.9490494],[16.0956607,46.9490675],[16.095614,46.9490756],[16.0956342,46.9491024],[16.0956957,46.9491233],[16.0956865,46.949156],[16.09576,46.9491332],[16.0958197,46.9491632],[16.0958146,46.9492304],[16.0957785,46.949266],[16.0957638,46.949237],[16.0957339,46.9492998],[16.0956848,46.9493434],[16.095705,46.9493722],[16.0957643,46.9493932],[16.0958028,46.9494293],[16.0957701,46.9494566],[16.0957311,46.9494996],[16.0957305,46.9495415],[16.0957454,46.9495667],[16.0957093,46.9495794],[16.0957624,46.9496074],[16.0957983,46.9496064],[16.0957793,46.9496579],[16.0957014,46.9496684],[16.0956537,46.9497037],[16.0956187,46.9496715],[16.0955738,46.9496841],[16.095515,46.9496601],[16.0955251,46.9497308],[16.0956,46.9497632],[16.0957368,46.9498412],[16.0957136,46.9498671],[16.0957054,46.9499095],[16.0957258,46.9499398],[16.0957549,46.9500686],[16.095797,46.9501393],[16.0958009,46.9502134],[16.0958414,46.9502619],[16.0957713,46.9502755],[16.0956924,46.9503181],[16.0957175,46.9503445],[16.0956815,46.9503839],[16.0955247,46.9504448],[16.09542,46.9504353],[16.095397,46.9504983],[16.0953019,46.9505416],[16.0952843,46.9505794],[16.0953199,46.9506031],[16.0952573,46.9506373],[16.0952682,46.9506964],[16.0952048,46.9507499],[16.0952455,46.9507762],[16.0952661,46.950811],[16.0953212,46.9508251],[16.0952815,46.9508611],[16.0952896,46.9509231],[16.095321,46.9509523],[16.0952921,46.9509881],[16.0952897,46.9510461],[16.095231,46.9510644],[16.0952678,46.9511161],[16.0952316,46.951151],[16.0952725,46.9512063],[16.095162,46.9513264],[16.095125,46.9513292],[16.0951096,46.9513849],[16.0950541,46.951416],[16.0949975,46.9514133],[16.0949626,46.9514619],[16.0947915,46.9515996],[16.0947603,46.9516583],[16.0947254,46.9517576],[16.0948334,46.9519514],[16.0949592,46.9521102],[16.0949042,46.952396],[16.0949075,46.9525949],[16.0950157,46.9529627],[16.0950394,46.9531082],[16.0950439,46.9533492],[16.0951772,46.9536391],[16.0954024,46.9540361],[16.0955161,46.9542876],[16.0958774,46.9546703],[16.0960285,46.9549396],[16.0960774,46.9550518],[16.096096,46.9551098],[16.0961503,46.9553446],[16.09636,46.955997],[16.0968089,46.9560901],[16.0970737,46.9561695],[16.097306,46.95632],[16.0980122,46.9564081],[16.098221,46.956416],[16.0987291,46.9566323],[16.0992229,46.956789],[16.0993581,46.9568703],[16.099477,46.957022],[16.0994702,46.957309],[16.0996019,46.957518],[16.099838,46.9577991],[16.0999434,46.9580788],[16.1000115,46.9583523],[16.10021,46.958861],[16.1002716,46.9590981],[16.1003505,46.9594018],[16.1004264,46.9600425],[16.100646,46.960977],[16.1008894,46.9610439],[16.1010699,46.9611698],[16.10122,46.961203],[16.101728,46.96101],[16.1018815,46.9610188],[16.1022372,46.9610633],[16.10244,46.9611495],[16.1027661,46.9612401],[16.1029396,46.9612298],[16.103107,46.9612198],[16.1032735,46.9612442],[16.1034016,46.961233],[16.1035685,46.9612707],[16.103681,46.961329],[16.1038463,46.9613365],[16.103993,46.9612433],[16.104047,46.96123],[16.1038014,46.9625236],[16.103816,46.962615],[16.1039726,46.9628583],[16.1042806,46.9632486],[16.104735,46.963866],[16.1048773,46.9639796],[16.1050609,46.9640754],[16.10517,46.9641335],[16.1051962,46.9641474],[16.1055865,46.964268],[16.10685,46.965007],[16.107732,46.965324],[16.1080182,46.9653919],[16.1088169,46.9658407],[16.1093054,46.966052],[16.1092638,46.9663348],[16.1093048,46.9665936],[16.109581,46.967096],[16.1096159,46.9673766],[16.1095458,46.9676261],[16.1095406,46.967824],[16.1095813,46.9682469],[16.1096551,46.968562],[16.1096459,46.9688982],[16.1096085,46.9691068],[16.1095136,46.9691105],[16.1094792,46.9693163],[16.1094278,46.9694034],[16.109287,46.969551],[16.109027,46.9695663],[16.108804,46.969626],[16.1084484,46.9698845],[16.1083494,46.9699567],[16.1082692,46.9700811],[16.108144,46.97019],[16.1080479,46.9703207],[16.1077925,46.9713846],[16.1073771,46.9718148],[16.1069464,46.9719983],[16.1073008,46.9721799],[16.1077353,46.9725441],[16.1081028,46.9727376],[16.1084127,46.9728131],[16.108966,46.972708],[16.109887,46.972985],[16.109669,46.973631],[16.1095937,46.9747178],[16.110205,46.974767],[16.1102476,46.9750024],[16.11071,46.976085],[16.1112296,46.9762483],[16.111585,46.976259],[16.1116949,46.9765142],[16.1116998,46.9767188],[16.1116732,46.9769024],[16.111687,46.977185],[16.112063,46.977634],[16.1121665,46.9778607],[16.1122882,46.9782569],[16.1122649,46.978381],[16.1123387,46.9785254],[16.1126865,46.9789756],[16.1126924,46.9791751],[16.112752,46.979402],[16.1128587,46.979479],[16.1131715,46.9797046],[16.1132394,46.9798073],[16.113369,46.979915],[16.1134976,46.979929],[16.1136696,46.9798305],[16.1139367,46.9795517],[16.1142691,46.9794595],[16.1143916,46.9791976],[16.11473,46.978987],[16.115778,46.979247],[16.1162767,46.9793707],[16.1170993,46.9796045],[16.117831,46.979712],[16.1181247,46.979877],[16.118616,46.980087],[16.1184656,46.9803052],[16.118374,46.980541],[16.1184155,46.9809459],[16.118532,46.981339],[16.118769,46.9817399],[16.118785,46.9817701],[16.1190782,46.9822631],[16.1193591,46.9828048],[16.1194374,46.9829117],[16.1196007,46.9832728],[16.119683,46.983769],[16.120625,46.984859],[16.1207286,46.9850726],[16.1208042,46.9853902],[16.1211242,46.9859066],[16.121305,46.9863446],[16.121532,46.986668],[16.121538,46.98684],[16.1212455,46.987129],[16.120952,46.9872792],[16.1209663,46.9884429],[16.1210285,46.9889526],[16.120971,46.989085],[16.1210014,46.9892516],[16.1212811,46.9898832],[16.1214051,46.9902335],[16.12171,46.990667],[16.1218717,46.9906984],[16.1223026,46.9907203],[16.1225797,46.9907699],[16.1227631,46.9907617],[16.123071,46.9908916],[16.1231635,46.9908688],[16.1232897,46.9909033],[16.1234121,46.9908881],[16.1234603,46.9909258],[16.1237217,46.9909309],[16.1239017,46.9909215],[16.1241825,46.9910105],[16.1242499,46.9909864],[16.1243544,46.9910753],[16.1247885,46.9911072],[16.1248302,46.9911421],[16.1249947,46.991234],[16.1252476,46.991307],[16.1253947,46.991298],[16.125586,46.991355],[16.1257551,46.9915347],[16.1260832,46.991668],[16.126204,46.991752],[16.1263667,46.9917525],[16.1264446,46.9917658],[16.1267842,46.9917047],[16.127176,46.991734],[16.127966,46.991893],[16.1281517,46.9920318],[16.128523,46.992172],[16.1286143,46.992316],[16.1286686,46.9924998],[16.128735,46.992597],[16.1287947,46.9927003],[16.1287765,46.9927577],[16.1288766,46.9930714],[16.129032,46.993204],[16.129463,46.993386],[16.1303661,46.9934462],[16.13057,46.993366],[16.130715,46.993442],[16.1306493,46.9937675],[16.1311514,46.9938591],[16.1316363,46.993996],[16.1323115,46.9942221],[16.1326743,46.9943326],[16.133911,46.994709],[16.1343907,46.9947735],[16.1346176,46.9947953],[16.1348403,46.9948315],[16.134923,46.994845],[16.1354389,46.994753],[16.1357731,46.9947629],[16.136396,46.994648],[16.1368644,46.9945075],[16.1369072,46.9944947],[16.1373481,46.9943278],[16.1380479,46.9940629],[16.1381073,46.9940471],[16.138548,46.99393],[16.1390728,46.993625],[16.1391534,46.9935525],[16.139679,46.9930792],[16.139759,46.992929],[16.1407792,46.9935816],[16.1408199,46.9936157],[16.1408576,46.9936473],[16.140917,46.993697],[16.1414862,46.9935055],[16.142296,46.993336],[16.142649,46.993193],[16.142787,46.993072],[16.1429341,46.992903],[16.1431591,46.9924539],[16.143434,46.992083],[16.1436218,46.9919435],[16.143888,46.991866],[16.1440873,46.9918621],[16.144239,46.991877],[16.144629,46.991994],[16.1453211,46.9923615],[16.1455422,46.992449],[16.1458408,46.9925057],[16.147058,46.99253],[16.1477157,46.9924585],[16.14848,46.992193],[16.1495398,46.9915574],[16.1498408,46.9914206],[16.150133,46.991331],[16.1505977,46.9912744],[16.151287,46.9913135],[16.15165,46.99129],[16.1529,46.99096],[16.1537927,46.9908354],[16.1545216,46.9908126],[16.1545057,46.9909326],[16.154313,46.991086],[16.1545713,46.9915154],[16.1545433,46.991611],[16.15472,46.991977],[16.1548888,46.9921155],[16.1549651,46.992178],[16.1551923,46.9921818],[16.1553356,46.9922041],[16.155534,46.992324],[16.155607,46.992796],[16.155464,46.993027],[16.1546758,46.9933506],[16.1542905,46.9935264],[16.1541717,46.9935255],[16.1539834,46.9934053],[16.153864,46.993305],[16.1537173,46.9929506],[16.153625,46.992128],[16.153108,46.992056],[16.152579,46.991597],[16.1519084,46.9916116],[16.151796,46.99167],[16.15185,46.9917487],[16.1523424,46.9918729],[16.152838,46.9921562],[16.152885,46.992183],[16.152717,46.992472],[16.1528032,46.9926322],[16.1532369,46.9929487],[16.153278,46.99308],[16.1531898,46.9933459],[16.152825,46.993633],[16.1522074,46.9938154],[16.152028,46.993795],[16.1514216,46.9935709],[16.151199,46.9935016],[16.1510517,46.9934557],[16.150889,46.993405],[16.1507608,46.993206],[16.1507705,46.9929194],[16.150629,46.992732],[16.149917,46.992566],[16.1496211,46.9925642],[16.149363,46.992648],[16.1492939,46.9927838],[16.149358,46.992966],[16.1498014,46.993041],[16.150026,46.99321],[16.1499414,46.993597],[16.149981,46.993883],[16.14967,46.994121],[16.1493255,46.9940452],[16.148924,46.993769],[16.148585,46.99382],[16.1483396,46.9941949],[16.1478576,46.9945102],[16.14783,46.994632],[16.1482859,46.9949495],[16.148621,46.99511],[16.1491928,46.9950269],[16.1500609,46.994859],[16.150374,46.994853],[16.150723,46.995052],[16.150658,46.995373],[16.1500393,46.9958183],[16.1499861,46.9959683],[16.1497251,46.99619],[16.149524,46.996439],[16.1493521,46.996482],[16.148908,46.996331],[16.1487676,46.9959721],[16.148487,46.995748],[16.1483274,46.9957074],[16.148106,46.995703],[16.147885,46.996387],[16.1490123,46.996769],[16.149381,46.996954],[16.1496111,46.9972546],[16.149879,46.99754],[16.149854,46.997829],[16.149509,46.998075],[16.148403,46.997969],[16.1476913,46.9980702],[16.1472084,46.998276],[16.1470685,46.9982912],[16.146578,46.998389],[16.1465621,46.9985416],[16.1465498,46.9986607],[16.1465342,46.9988105],[16.146598,46.9988405],[16.1466367,46.998842],[16.1470361,46.9988573],[16.147414,46.99905],[16.147701,46.998918],[16.14814,46.9989101],[16.14856,46.998998],[16.148889,46.999285],[16.1488983,46.9996233],[16.1491507,47.0001066],[16.149121,47.000393],[16.148746,47.000624],[16.1483699,47.0006329],[16.1477094,47.0005291],[16.147553,47.000533],[16.1470788,47.0007427],[16.146748,47.000732],[16.146615,47.000116],[16.1463966,46.99997],[16.1460211,46.9999316],[16.1458967,46.9998935],[16.1455999,46.9998106],[16.145477,46.999756],[16.1451979,46.9996072],[16.1450501,46.99938],[16.145133,46.998976],[16.1450598,46.9988548],[16.1448428,46.9986472],[16.1448221,46.9986096],[16.1446985,46.9983852],[16.144637,46.998225],[16.1447028,46.9980688],[16.1448444,46.9979486],[16.1449012,46.9977984],[16.144801,46.997655],[16.1447499,46.9976221],[16.1446674,46.9975688],[16.144544,46.997574],[16.1443321,46.9976789],[16.14415,46.997741],[16.1436091,46.9977577],[16.1433378,46.9977331],[16.143178,46.997771],[16.1433684,46.9979336],[16.1438673,46.9981099],[16.144026,46.9981513],[16.144074,46.998236],[16.1440739,46.9983655],[16.1441042,46.9985721],[16.1440737,46.9986677],[16.1441079,46.9987136],[16.1440924,46.9987924],[16.1440629,46.9988457],[16.143933,46.999069],[16.1436958,46.9993368],[16.143608,46.99946],[16.143211,46.999597],[16.1431175,46.9995176],[16.1427246,46.9993326],[16.1426342,46.9992373],[16.142362,46.999136],[16.142135,46.999084],[16.141869,46.9990747],[16.141734,46.999105],[16.1416005,46.9991622],[16.141492,46.999323],[16.141523,46.9994237],[16.1418371,46.9995737],[16.1422665,46.9996506],[16.1429017,46.9999127],[16.142934,47.000045],[16.1429301,47.0001721],[16.142742,47.000507],[16.142689,47.0005884],[16.1425557,47.0006252],[16.1424535,47.0006534],[16.142359,47.0007114],[16.142307,47.000803],[16.1424041,47.0009342],[16.142675,47.0010854],[16.142786,47.00124],[16.142782,47.0013646],[16.142697,47.001667],[16.1426353,47.0017258],[16.142329,47.0017899],[16.1420755,47.001804],[16.1419455,47.0018529],[16.1418861,47.0019404],[16.1418693,47.0020211],[16.1419476,47.0021773],[16.1421034,47.0023556],[16.1421638,47.0024581],[16.1422142,47.002619],[16.142146,47.002764],[16.1419925,47.0029215],[16.141913,47.00295],[16.1417381,47.0029708],[16.141195,47.002936],[16.1407473,47.0031382],[16.140329,47.003139],[16.1401338,47.0030964],[16.140028,47.0030416],[16.1399214,47.002956],[16.1395749,47.0027665],[16.1393579,47.002514],[16.1392001,47.0023824],[16.139111,47.002353],[16.1390371,47.0023613],[16.1387013,47.0023408],[16.1385663,47.0023894],[16.1384195,47.0024043],[16.1382408,47.0024445],[16.138133,47.002513],[16.138078,47.002685],[16.1383326,47.0028003],[16.1388252,47.0028857],[16.139029,47.002958],[16.1394159,47.0031639],[16.139488,47.00326],[16.1395274,47.0034098],[16.1394838,47.0035044],[16.1392868,47.0036495],[16.139237,47.003708],[16.1392401,47.0037791],[16.1392842,47.0039596],[16.1392735,47.0040483],[16.1392839,47.0042086],[16.1393335,47.0043207],[16.1393059,47.0044908],[16.139256,47.00456],[16.1391406,47.004723],[16.1389164,47.0049894],[16.1386111,47.0051968],[16.1384463,47.0053476],[16.1383928,47.0054357],[16.138305,47.005487],[16.1380801,47.0054619],[16.1379755,47.0054984],[16.137706,47.005545],[16.1375811,47.0055932],[16.1371639,47.0057768],[16.1370923,47.0058311],[16.136834,47.005932],[16.1365819,47.0059762],[16.136441,47.006033],[16.1363834,47.0060768],[16.1362657,47.0061494],[16.1361489,47.0062785],[16.1358692,47.0064773],[16.1357471,47.0065412],[16.1354741,47.0066553],[16.1352641,47.0068262],[16.135177,47.006967],[16.135198,47.0070232],[16.1352702,47.0070685],[16.135351,47.007088],[16.1354675,47.0070741],[16.1357892,47.0069745],[16.13633,47.006902],[16.1367363,47.0068689],[16.13711,47.006966],[16.1373288,47.0070789],[16.1374842,47.0072556],[16.1376083,47.0073311],[16.1377293,47.0075605],[16.1378237,47.0076814],[16.1379033,47.0076978],[16.138206,47.0076406],[16.138354,47.007637],[16.1387756,47.0076909],[16.13913,47.00785],[16.1393534,47.008007],[16.1395313,47.0081695],[16.1396858,47.0082895],[16.1399169,47.0085218],[16.140118,47.008649],[16.1402125,47.0088082],[16.140205,47.0089536],[16.140103,47.009081],[16.1398442,47.0092702],[16.1396206,47.0093354],[16.1395221,47.0093817],[16.1393347,47.0095839],[16.1391937,47.0096408],[16.1390551,47.0097362],[16.1389454,47.0099168],[16.138812,47.009981],[16.1383499,47.0100519],[16.1382011,47.0100459],[16.138051,47.010017],[16.1379023,47.0099107],[16.137651,47.0095914],[16.137522,47.009576],[16.137413,47.0097865],[16.137157,47.010021],[16.1371467,47.0101026],[16.137191,47.0103604],[16.1371891,47.0104804],[16.137117,47.010612],[16.1367801,47.0108738],[16.1365234,47.0109565],[16.1358955,47.0108985],[16.1349825,47.0110042],[16.1348595,47.0110384],[16.1347646,47.0109898],[16.13418,47.011097],[16.1339981,47.0109347],[16.133847,47.010918],[16.1336322,47.0110666],[16.133153,47.011121],[16.13258,47.011],[16.1320717,47.0111827],[16.131616,47.011421],[16.1312872,47.0116652],[16.130851,47.011869],[16.1307288,47.0121051],[16.130718,47.012126],[16.130438,47.0124735],[16.130184,47.012904],[16.1306429,47.0130328],[16.130888,47.013148],[16.1306936,47.0132524],[16.1305941,47.0133444],[16.130662,47.013477],[16.1309162,47.013554],[16.1313636,47.0136456],[16.131605,47.013714],[16.1317037,47.0138117],[16.1314545,47.0140891],[16.1314239,47.0142191],[16.131455,47.014386],[16.1315699,47.0145395],[16.1320079,47.01477],[16.1322517,47.0149456],[16.1323511,47.0150159],[16.132623,47.015213],[16.1326562,47.0153753],[16.132574,47.015506],[16.1324486,47.0155936],[16.132244,47.015624],[16.1319894,47.0155431],[16.131512,47.01524],[16.131322,47.015224],[16.131243,47.015259],[16.1309154,47.0156048],[16.130247,47.016129],[16.1301976,47.0162858],[16.1302725,47.0165109],[16.130203,47.016691],[16.12997,47.01682],[16.1297414,47.0168128],[16.1289534,47.0167181],[16.128316,47.016676],[16.128065,47.016769],[16.1279111,47.0169651],[16.1277989,47.0172592],[16.1276305,47.0174371],[16.127451,47.017566],[16.1267768,47.0177793],[16.1254091,47.0185349],[16.124978,47.018711],[16.124752,47.018896],[16.1247562,47.0190472],[16.124847,47.019177],[16.125944,47.019613],[16.126105,47.019876],[16.1260802,47.0199403],[16.125929,47.020007],[16.1257484,47.0199727],[16.1253096,47.0197937],[16.125129,47.019762],[16.1249982,47.0198173],[16.124848,47.019929],[16.1248818,47.0201744],[16.1248649,47.0204015],[16.1247243,47.0206624],[16.1246691,47.0208303],[16.124642,47.0209936],[16.124574,47.021104],[16.125408,47.021451],[16.1254424,47.0219289],[16.1254171,47.02209],[16.125368,47.022192],[16.1252262,47.0221913],[16.12518,47.02226],[16.1242123,47.0217729],[16.123985,47.021726],[16.1238824,47.0218791],[16.1236767,47.0219748],[16.123397,47.022158],[16.1233105,47.0223121],[16.1233695,47.0224736],[16.1235069,47.0226339],[16.123509,47.022753],[16.123346,47.022856],[16.1228535,47.0229815],[16.122562,47.023024],[16.1223828,47.0229885],[16.1221365,47.0227365],[16.121927,47.022609],[16.1217186,47.0225961],[16.121466,47.02266],[16.1212978,47.0227713],[16.1209572,47.0231143],[16.1203853,47.0240625],[16.1200763,47.0242499],[16.12002,47.024353],[16.1201458,47.0244523],[16.120408,47.0247647],[16.1204867,47.0248385],[16.120996,47.024971],[16.1212589,47.0247692],[16.121415,47.024556],[16.122536,47.024185],[16.123084,47.023846],[16.1232751,47.0237888],[16.1235509,47.0237626],[16.1237952,47.0238001],[16.123962,47.023857],[16.1240363,47.0239406],[16.1240007,47.0240691],[16.123869,47.024206],[16.1234964,47.0243684],[16.123107,47.0244521],[16.1229766,47.0246961],[16.1228867,47.0247568],[16.1227411,47.0247657],[16.1225697,47.024774],[16.1224552,47.0247729],[16.122373,47.024871],[16.1224112,47.0249475],[16.122733,47.025177],[16.1229927,47.0252356],[16.1237783,47.0253587],[16.1239744,47.0254289],[16.124114,47.025543],[16.124207,47.025981],[16.1244628,47.0262134],[16.124553,47.026346],[16.1245631,47.0264409],[16.1245237,47.0267417],[16.12439,47.026955],[16.1242292,47.0271055],[16.124011,47.027109],[16.123533,47.02696],[16.1232676,47.0266758],[16.122997,47.026502],[16.1225177,47.0263553],[16.1222073,47.026308],[16.121786,47.026299],[16.121297,47.026518],[16.121318,47.02675],[16.1211374,47.0269216],[16.1209987,47.0269517],[16.12083,47.027163],[16.1209851,47.0279359],[16.120919,47.028205],[16.1207525,47.0286111],[16.120405,47.028834],[16.120315,47.0288645],[16.11998,47.0287853],[16.1196595,47.02884],[16.119404,47.028822],[16.1189997,47.0286171],[16.118625,47.0283489],[16.118337,47.028204],[16.1177857,47.0283275],[16.1175457,47.0285462],[16.117111,47.028662],[16.1162845,47.0285939],[16.116176,47.028556],[16.1156743,47.0287076],[16.1152073,47.028896],[16.114299,47.02961],[16.1145553,47.0296505],[16.11483,47.029659],[16.115178,47.029971],[16.1152038,47.0301678],[16.1151733,47.0302971],[16.1150349,47.0304631],[16.115058,47.030644],[16.1151372,47.0307804],[16.115209,47.030849],[16.115462,47.030844],[16.1156099,47.0307196],[16.1156021,47.0305291],[16.115657,47.030287],[16.1157825,47.0301664],[16.11593,47.030101],[16.1162109,47.0301486],[16.1162668,47.0302158],[16.1164441,47.0301428],[16.1165914,47.0301089],[16.116925,47.030074],[16.1176523,47.0302512],[16.1179457,47.0303051],[16.118286,47.030289],[16.1183409,47.0302312],[16.1184498,47.0299697],[16.118845,47.029587],[16.1189846,47.0295417],[16.119294,47.0294412],[16.1194323,47.0293963],[16.119814,47.02924],[16.1199342,47.0292716],[16.1200854,47.0295238],[16.120227,47.02976],[16.1202344,47.029854],[16.1200757,47.030204],[16.120095,47.030287],[16.1202185,47.0303454],[16.1205543,47.0303928],[16.120909,47.03048],[16.121087,47.030569],[16.121353,47.030844],[16.1213936,47.0309487],[16.1213906,47.0310855],[16.121306,47.031255],[16.1211342,47.0313736],[16.120725,47.0314291],[16.120484,47.031493],[16.1201485,47.0317445],[16.119992,47.0319658],[16.119538,47.032402],[16.1192951,47.032532],[16.1191385,47.0325709],[16.1189954,47.0326065],[16.118957,47.032616],[16.1187712,47.032618],[16.1186489,47.0325845],[16.1185704,47.0325276],[16.1182283,47.0322798],[16.118213,47.0322787],[16.1180604,47.0322681],[16.118059,47.032268],[16.1174787,47.032508],[16.117272,47.032513],[16.1170178,47.0324477],[16.1167332,47.0322184],[16.116397,47.032014],[16.1162363,47.032126],[16.116005,47.032197],[16.1158582,47.0321868],[16.115454,47.031935],[16.115124,47.0319384],[16.114863,47.032041],[16.1147979,47.0321619],[16.114776,47.0322743],[16.1146434,47.0324485],[16.1145896,47.0327392],[16.114645,47.032845],[16.1148738,47.0328358],[16.1151035,47.0327224],[16.115368,47.0326683],[16.115621,47.032714],[16.1157376,47.0327607],[16.1157912,47.032843],[16.115773,47.033051],[16.1154061,47.0335801],[16.1152099,47.0337653],[16.114811,47.034278],[16.11437,47.035281],[16.1145515,47.0353322],[16.1147409,47.0354203],[16.115689,47.035811],[16.1159162,47.0358591],[16.116193,47.0358737],[16.116514,47.035948],[16.1166998,47.0360491],[16.1168064,47.0361631],[16.116931,47.03622],[16.1172634,47.0361557],[16.117644,47.036221],[16.1180779,47.0364523],[16.1181881,47.036481],[16.11856,47.036578],[16.11862,47.036794],[16.118551,47.0369994],[16.118312,47.037233],[16.1180197,47.0373265],[16.1175973,47.0374333],[16.117342,47.037541],[16.1172388,47.0376729],[16.1172183,47.0376991],[16.1172089,47.0377167],[16.117058,47.038001],[16.1165852,47.0382814],[16.116286,47.038407],[16.116713,47.038848],[16.1168195,47.0388889],[16.116947,47.038896],[16.1174223,47.0387393],[16.117715,47.038606],[16.117796,47.038952],[16.1179733,47.0390195],[16.118315,47.039025],[16.1185727,47.0393707],[16.1187068,47.0395009],[16.1187392,47.0396434],[16.118896,47.039731],[16.1194345,47.0397888],[16.1196075,47.0398232],[16.119884,47.039859],[16.120473,47.0397571],[16.120702,47.039684],[16.120858,47.039514],[16.1213262,47.0396327],[16.121451,47.039625],[16.1214679,47.039678],[16.1216438,47.039788],[16.121697,47.03988],[16.1216665,47.0400179],[16.1213701,47.0403127],[16.121276,47.040346],[16.1210634,47.0403813],[16.1209116,47.0403832],[16.1207129,47.0403474],[16.12043,47.040323],[16.1202418,47.0403654],[16.1199936,47.0404993],[16.1198577,47.0404833],[16.119461,47.040225],[16.1187536,47.0402721],[16.118176,47.040434],[16.1181785,47.0405457],[16.1183311,47.0406656],[16.1183991,47.0408281],[16.1183297,47.0409502],[16.118115,47.04109],[16.118022,47.041201],[16.1180471,47.0412598],[16.118117,47.041304],[16.1181993,47.0412602],[16.1184349,47.0410649],[16.1185523,47.041036],[16.1185808,47.0410532],[16.11865,47.041095],[16.1186745,47.0411823],[16.1186106,47.0413562],[16.1186211,47.0415175],[16.118709,47.0416],[16.1188397,47.0415932],[16.119185,47.041448],[16.1197912,47.041416],[16.119957,47.041462],[16.1200875,47.0415781],[16.120072,47.041714],[16.11981,47.042077],[16.1196834,47.0421425],[16.119286,47.0420983],[16.119075,47.042223],[16.1191141,47.042361],[16.119334,47.04253],[16.120486,47.041862],[16.120523,47.0419853],[16.120611,47.04206],[16.1209438,47.0419332],[16.1209874,47.0419231],[16.121077,47.041856],[16.1210748,47.0419303],[16.1210579,47.0420469],[16.120956,47.0421916],[16.1206974,47.0424141],[16.1206808,47.0424836],[16.1207433,47.0426994],[16.1208145,47.0427716],[16.1209042,47.0428419],[16.12096,47.0429249],[16.12101,47.043153],[16.1209243,47.0435327],[16.1209251,47.0437008],[16.1210498,47.0444221],[16.1210882,47.0445994],[16.121068,47.044726],[16.1210329,47.0447887],[16.1208268,47.0449694],[16.120622,47.045048],[16.1203484,47.0451221],[16.1199609,47.0451806],[16.1197783,47.0452192],[16.1196584,47.0452194],[16.1192,47.045239],[16.119011,47.045411],[16.1191469,47.0456518],[16.1190582,47.0457012],[16.1189706,47.0457869],[16.1187021,47.0463808],[16.1186633,47.0465007],[16.118648,47.0466331],[16.1186574,47.0467639],[16.118686,47.046878],[16.1186594,47.0469485],[16.118552,47.047034],[16.1184174,47.0470972],[16.1181325,47.0471108],[16.1180537,47.047105],[16.1178658,47.0470592],[16.1177491,47.0470453],[16.117532,47.047042],[16.1173945,47.04707],[16.1172455,47.0471341],[16.1171157,47.0472141],[16.116967,47.047333],[16.1168967,47.0474331],[16.1168744,47.047539],[16.116893,47.047626],[16.117028,47.0478123],[16.1172454,47.0480313],[16.1173606,47.0483027],[16.11737,47.048437],[16.1173512,47.0485254],[16.1172796,47.0486569],[16.117114,47.048823],[16.1169951,47.0488384],[16.1168939,47.0487858],[16.116775,47.048718],[16.1167431,47.0485071],[16.1166979,47.0483524],[16.116607,47.048188],[16.1163652,47.048006],[16.115974,47.047737],[16.1157989,47.04772],[16.1156283,47.0477419],[16.115469,47.0478],[16.1153398,47.0478711],[16.1149691,47.0482581],[16.1148239,47.0483466],[16.114559,47.048406],[16.1144558,47.0484072],[16.114347,47.048372],[16.1142106,47.0480764],[16.114114,47.0479745],[16.113924,47.047859],[16.1137513,47.0478024],[16.1135469,47.0477681],[16.113376,47.0477685],[16.113213,47.047773],[16.1130323,47.0478803],[16.1129492,47.0479699],[16.112771,47.048224],[16.1127483,47.0483334],[16.112726,47.04886],[16.1128584,47.0488969],[16.113135,47.048943],[16.1135964,47.0486967],[16.114139,47.04856],[16.1145294,47.0485918],[16.114782,47.048687],[16.114883,47.048887],[16.1148649,47.0491952],[16.114568,47.049756],[16.114237,47.049972],[16.1141364,47.0499709],[16.1140369,47.0499699],[16.113895,47.0499334],[16.113878,47.049929],[16.113706,47.049758],[16.1136547,47.0496202],[16.1135195,47.0494714],[16.113324,47.049378],[16.112577,47.04909],[16.1125358,47.0491856],[16.1125639,47.0493059],[16.112489,47.049392],[16.112257,47.049373],[16.1118288,47.0490839],[16.1117434,47.0489978],[16.111525,47.048809],[16.1114038,47.0487616],[16.111234,47.048803],[16.1111658,47.0489109],[16.1112331,47.0491136],[16.1111849,47.0495733],[16.1111481,47.0498565],[16.1110499,47.050167],[16.1109067,47.0503289],[16.1108485,47.0505111],[16.1107675,47.0505851],[16.1106422,47.050614],[16.1107255,47.0507595],[16.109961,47.051272],[16.109719,47.051229],[16.1096926,47.0513626],[16.1093048,47.0520072],[16.109069,47.052342],[16.1089704,47.052775],[16.1088449,47.0530979],[16.1085738,47.0538114],[16.1084812,47.0542791],[16.1084682,47.0543447],[16.1082566,47.0545951],[16.1080272,47.0550595],[16.1075729,47.0560756],[16.1070644,47.0570473],[16.10684,47.05771],[16.1063995,47.0582293],[16.1057901,47.0590628],[16.1055267,47.0594271],[16.1051919,47.0600088],[16.1050604,47.0602168],[16.1047451,47.0605994],[16.1047395,47.0606821],[16.1046429,47.0607464],[16.098215,47.05823],[16.098116,47.0583687],[16.0979317,47.058459],[16.097242,47.058645],[16.0970638,47.0588416],[16.0969578,47.0588937],[16.09685,47.058988],[16.0970887,47.0590949],[16.097237,47.0592293],[16.097359,47.059423],[16.0972716,47.0598318],[16.0972285,47.0598537],[16.0971668,47.0601062],[16.097229,47.060215],[16.0973156,47.060235],[16.0976152,47.0601894],[16.0978529,47.0600823],[16.098257,47.060027],[16.0986862,47.0601879],[16.098842,47.060265],[16.0989832,47.0604108],[16.098987,47.060531],[16.0986508,47.0607364],[16.0983916,47.0610818],[16.0980927,47.0611995],[16.0974999,47.0613678],[16.0974264,47.0613966],[16.097186,47.0614361],[16.0971564,47.0614199],[16.096889,47.0614307],[16.0967268,47.0614712],[16.0965708,47.0614287],[16.0967537,47.0621491],[16.0967246,47.0622333],[16.0965795,47.0623377],[16.0964675,47.0624318],[16.0962972,47.0624606],[16.0961119,47.06249],[16.0956665,47.062522],[16.0953734,47.0624329],[16.0952006,47.0623434],[16.0950096,47.0623774],[16.0949751,47.0624898],[16.0950397,47.0626836],[16.0951075,47.0627239],[16.09508,47.0629593],[16.0950969,47.0630645],[16.0951038,47.0631873],[16.0950352,47.0633069],[16.0949894,47.0632945],[16.0946375,47.0635352],[16.094647,47.0635749],[16.0947382,47.063743],[16.0948885,47.0638182],[16.0949676,47.0638364],[16.0950878,47.0639274],[16.0952022,47.0640786],[16.0951937,47.0645731],[16.0951125,47.0646403],[16.0949263,47.0647133],[16.0945868,47.0648687],[16.0943859,47.0650409],[16.0941429,47.0652651],[16.0938314,47.065622],[16.0934537,47.0659992],[16.0934435,47.0660807],[16.0934274,47.0661579],[16.0933533,47.0663749],[16.0931051,47.066645],[16.093006,47.0667882],[16.0928777,47.0670361],[16.0928598,47.067241],[16.0927777,47.0674092],[16.0928349,47.0675078],[16.0929593,47.0675952],[16.0930315,47.0676089],[16.093355,47.0676228],[16.0935432,47.0677025],[16.0935597,47.0678131],[16.0935194,47.0680344],[16.0934347,47.0681649],[16.0933397,47.0683281],[16.093216,47.0684438],[16.0930528,47.0685259],[16.0928133,47.0685703],[16.0926119,47.0685309],[16.0923972,47.0685305],[16.0923421,47.0685588],[16.0923368,47.0685772],[16.0922792,47.0686032],[16.0922451,47.0686667],[16.092343,47.0687957],[16.0924629,47.0688626],[16.0925562,47.0688862],[16.0926065,47.0688678],[16.0929291,47.0689889],[16.0929129,47.0691126],[16.0928816,47.0691914],[16.0927342,47.0693814],[16.0926313,47.0694482],[16.0925033,47.0694907],[16.0922383,47.0695613],[16.0919668,47.0695995],[16.0917065,47.0696219],[16.0916386,47.0695919],[16.0914939,47.0695317],[16.0913703,47.0695148],[16.0912817,47.0695339],[16.0911924,47.0696074],[16.0910566,47.0695858],[16.0907744,47.0695946],[16.0903751,47.069627],[16.090299,47.0695836],[16.0899363,47.0697566],[16.0898,47.0699527],[16.0899659,47.070151],[16.0901988,47.0701851],[16.0906453,47.0698504],[16.0910461,47.0697102],[16.0911531,47.0696886],[16.0912182,47.0698508],[16.0912131,47.0699095],[16.0912734,47.0700189],[16.0913336,47.0700553],[16.0914446,47.0702145],[16.091468,47.0703303],[16.0914817,47.0704491],[16.0914635,47.0705648],[16.091242,47.0709147],[16.0911946,47.0710407],[16.0911157,47.0713931],[16.0908625,47.0717408],[16.0907672,47.0717863],[16.0906249,47.0717847],[16.0905168,47.0717645],[16.0904362,47.0716853],[16.0904024,47.0716143],[16.0903915,47.0715488],[16.0903575,47.0714966],[16.0902422,47.0714257],[16.0901659,47.0714408],[16.09003,47.0715072],[16.0898238,47.0716718],[16.0897417,47.0716877],[16.0896652,47.0716718],[16.0895189,47.0716718],[16.0894327,47.0717161],[16.0893683,47.0717729],[16.0893465,47.0718616],[16.0893716,47.0719185],[16.0893872,47.0720385],[16.0894074,47.0720912],[16.0893422,47.0721462],[16.0892591,47.0721277],[16.0890995,47.072054],[16.08886,47.0719552],[16.0887192,47.0719861],[16.0886815,47.0720337],[16.0886238,47.0720809],[16.08863,47.0721581],[16.0886514,47.0722629],[16.0886407,47.0723912],[16.0885333,47.0725552],[16.0884752,47.0726254],[16.0883454,47.0727223],[16.0880548,47.0727873],[16.0879527,47.0727737],[16.0878187,47.0727739],[16.087668,47.0727977],[16.0875843,47.0728404],[16.0875275,47.0728617],[16.0873911,47.0729402],[16.0873869,47.072972],[16.087309,47.0730716],[16.0872675,47.073119],[16.0872802,47.0731543],[16.0872785,47.0731828],[16.0872913,47.0732159],[16.0872802,47.0732418],[16.0873047,47.0732723],[16.0874069,47.0733161],[16.0874961,47.0733842],[16.0875138,47.0735041],[16.0873931,47.0736914],[16.0873024,47.0737528],[16.0871977,47.0738178],[16.087111,47.0738624],[16.0869615,47.073918],[16.0869061,47.0739618],[16.0868326,47.0739658],[16.0865973,47.0741379],[16.086502,47.0741989],[16.0865087,47.0742281],[16.0865513,47.0743345],[16.0866008,47.074425],[16.0867743,47.074538],[16.0869615,47.0746105],[16.0870009,47.0746455],[16.087302,47.0748594],[16.0873925,47.0749538],[16.0874769,47.0751851],[16.0875799,47.075258],[16.0878272,47.075332],[16.0880105,47.0753402],[16.0880862,47.0753214],[16.0883434,47.0753104],[16.088559,47.0753752],[16.0887004,47.0754077],[16.0891309,47.0754114],[16.0891868,47.0754159],[16.0892993,47.075414],[16.0893704,47.0754244],[16.0893908,47.075441],[16.0894262,47.0754577],[16.0894609,47.0754913],[16.0895185,47.0758384],[16.0896343,47.0761339],[16.0896552,47.0761479],[16.08965,47.0761818],[16.0896381,47.0762523],[16.0896646,47.0762743],[16.0896192,47.0763979],[16.0895117,47.0764851],[16.0893861,47.0765205],[16.0892834,47.0765193],[16.089223,47.0764971],[16.0891346,47.0762876],[16.0890543,47.0761753],[16.0889512,47.0760802],[16.0889034,47.0760575],[16.0888966,47.0760299],[16.0887673,47.0759376],[16.0886192,47.075918],[16.0885411,47.075881],[16.0884281,47.0757799],[16.0881635,47.075751],[16.0879964,47.0757801],[16.0879549,47.0757956],[16.0878115,47.0758297],[16.0876882,47.0758927],[16.0876232,47.0759453],[16.0875026,47.0761199],[16.0874045,47.0764318],[16.0873688,47.0764401],[16.0872485,47.076731],[16.0872891,47.0768881],[16.0873539,47.0769595],[16.0875024,47.0770618],[16.0876867,47.0772139],[16.0877794,47.0772235],[16.0878481,47.0772769],[16.0879498,47.077309],[16.0880355,47.0773839],[16.0880701,47.0774742],[16.0882238,47.0775976],[16.0882361,47.0776518],[16.0881936,47.0777061],[16.0881477,47.0777457],[16.0880526,47.0777945],[16.0878162,47.0778334],[16.0876677,47.0779272],[16.0876488,47.0779731],[16.0876587,47.0779912],[16.0875885,47.0781119],[16.0876126,47.0782334],[16.0876453,47.078262],[16.0876935,47.0782736],[16.0878733,47.0782611],[16.0879204,47.0782784],[16.0880015,47.0782936],[16.088139,47.0783457],[16.0882585,47.0784323],[16.0882911,47.0784641],[16.0883188,47.0784805],[16.0883768,47.0787618],[16.0884131,47.0788265],[16.0886199,47.0790524],[16.0888038,47.0791853],[16.0888281,47.0792269],[16.0888652,47.0793432],[16.0889007,47.0794371],[16.0888396,47.0794517],[16.0887964,47.0794953],[16.0886773,47.0795104],[16.0883494,47.0794314],[16.08832,47.0793994],[16.0881627,47.0793453],[16.0880402,47.0793587],[16.0878865,47.0794579],[16.0878368,47.07963],[16.0878682,47.0798169],[16.0878851,47.079855],[16.0879578,47.0798671],[16.087972,47.0799124],[16.0879461,47.0799643],[16.0879229,47.0800232],[16.0878287,47.0800599],[16.0876805,47.0801273],[16.0876241,47.0801461],[16.0875615,47.0802723],[16.0876571,47.0803326],[16.0882942,47.0804168],[16.0886603,47.0803996],[16.0891132,47.0804481],[16.0891697,47.0804841],[16.0892526,47.0805796],[16.0892708,47.0808072],[16.0893579,47.0809086],[16.0898763,47.08118],[16.0901087,47.0813801],[16.0902586,47.0816364],[16.0903297,47.0819286],[16.0903137,47.0821778],[16.0902887,47.0823421],[16.090196,47.0828106],[16.0900367,47.0831241],[16.0899007,47.0833756],[16.0896684,47.083656],[16.0894987,47.0838541],[16.0891341,47.0841562],[16.0873236,47.0853408],[16.0869965,47.0856536],[16.0867297,47.0859821],[16.0865682,47.0862816],[16.0864455,47.0866037],[16.0863777,47.0869621],[16.0863855,47.0873536],[16.0864793,47.0876555],[16.0865817,47.0878591],[16.0868516,47.0881773],[16.0872471,47.0884664],[16.0876771,47.088667],[16.0882026,47.0888333],[16.089511,47.089209],[16.0898375,47.0893935],[16.0902878,47.0897847],[16.0903249,47.0898438],[16.090626,47.090088],[16.0908009,47.0901542],[16.0913397,47.0902663],[16.0917139,47.0904144],[16.091888,47.090538],[16.0921014,47.0907578],[16.092187,47.09099],[16.0922209,47.0912312],[16.0922023,47.0916161],[16.0922023,47.091757],[16.0922341,47.0918799],[16.0923456,47.0920263],[16.0923203,47.0920811],[16.0923371,47.0921754],[16.0923217,47.0922738],[16.0924133,47.0923932],[16.0925096,47.0924424],[16.0926041,47.0925156],[16.0926438,47.0925716],[16.0927543,47.0926442],[16.092871,47.0927157],[16.0929456,47.0927465],[16.092996,47.0927923],[16.0930306,47.092803],[16.0931074,47.0929492],[16.093374,47.093157],[16.0935745,47.0931809],[16.0939062,47.0931357],[16.0940071,47.0931412],[16.094064,47.093269],[16.0940942,47.0933927],[16.0941182,47.0935167],[16.0941822,47.0936254],[16.0941776,47.0936807],[16.0942043,47.0937937],[16.094182,47.093811],[16.0940761,47.0939163],[16.094031,47.0939525],[16.093935,47.094],[16.0932294,47.0940573],[16.093112,47.094087],[16.0930277,47.0941855],[16.0930066,47.094426],[16.092955,47.094528],[16.0929667,47.0947493],[16.0929932,47.0948433],[16.0930804,47.0949559],[16.093301,47.095171],[16.0935081,47.0952805],[16.0936488,47.0953401],[16.0939248,47.0953817],[16.094023,47.0954323],[16.094076,47.095519],[16.0939991,47.0956274],[16.0937337,47.0956852],[16.0934471,47.09579],[16.093033,47.0960557],[16.092801,47.096149],[16.0923589,47.096193],[16.0921324,47.096294],[16.0921359,47.0963989],[16.092169,47.096722],[16.0916874,47.0971903],[16.0914644,47.0973078],[16.0912654,47.0974668],[16.090927,47.097822],[16.0907425,47.0981786],[16.09072,47.098298],[16.0907823,47.0983683],[16.0909236,47.0983795],[16.0913052,47.098493],[16.091443,47.098499],[16.0915228,47.0983846],[16.091759,47.098217],[16.092148,47.098166],[16.0923562,47.0982907],[16.0924916,47.0984641],[16.092634,47.098842],[16.0926322,47.0989917],[16.0926057,47.0991326],[16.092611,47.0995048],[16.0926906,47.0997469],[16.092649,47.099845],[16.0926163,47.0999059],[16.0924226,47.0999637],[16.0921678,47.0999583],[16.091852,47.100056],[16.0916563,47.1002655],[16.091568,47.1003088],[16.0913769,47.1006032],[16.091351,47.100799],[16.0914671,47.1008941],[16.0917192,47.1011525],[16.091739,47.10132],[16.0914883,47.1015825],[16.09143,47.101677],[16.0917936,47.1018661],[16.091865,47.102023],[16.0920775,47.1020594],[16.0924093,47.1019962],[16.092493,47.102008],[16.092751,47.10222],[16.0927331,47.1024099],[16.092664,47.102496],[16.0924942,47.102605],[16.0923164,47.1027459],[16.092122,47.102915],[16.0920218,47.1033602],[16.092025,47.103564],[16.0920802,47.1036077],[16.0923376,47.1036185],[16.092675,47.103658],[16.0929269,47.1037847],[16.0929519,47.1038656],[16.0932294,47.1040178],[16.093312,47.104177],[16.0932241,47.1043357],[16.0930755,47.1044098],[16.092893,47.104412],[16.0926694,47.1042978],[16.0924062,47.1042251],[16.0923304,47.1042357],[16.092189,47.104314],[16.0920958,47.1044337],[16.091995,47.104491],[16.091826,47.104709],[16.0919395,47.1051125],[16.0919395,47.1054305],[16.0919156,47.1056527],[16.091984,47.105861],[16.0921678,47.1060862],[16.092358,47.106234],[16.092616,47.106273],[16.092757,47.1062452],[16.09315,47.105929],[16.09351,47.105924],[16.0937284,47.1059833],[16.0937958,47.1060458],[16.093796,47.106095],[16.0937682,47.1062109],[16.093601,47.1063753],[16.093529,47.106537],[16.0935934,47.1068257],[16.0935803,47.1069142],[16.0936381,47.1070978],[16.0936094,47.1072877],[16.093605,47.107461],[16.0933197,47.1078493],[16.0931233,47.1080209],[16.0928525,47.1081456],[16.0926084,47.1082919],[16.092526,47.108394],[16.0925579,47.1087038],[16.092654,47.108999],[16.092765,47.1091319],[16.0928977,47.1092186],[16.0933197,47.1094335],[16.093385,47.109447],[16.0934789,47.1094335],[16.093532,47.1093468],[16.0935559,47.1092023],[16.0935373,47.1090542],[16.0935559,47.1089494],[16.0935776,47.108916],[16.0938239,47.1088555],[16.0941104,47.1088204],[16.0944446,47.1088408],[16.09482,47.108793],[16.0949772,47.1088223],[16.095144,47.108874],[16.0953928,47.1090368],[16.095879,47.109475],[16.0959064,47.1096525],[16.0958873,47.1098781],[16.095801,47.109951],[16.0956863,47.1099854],[16.0955287,47.1099909],[16.095307,47.109903],[16.0951782,47.1097709],[16.0950967,47.1095823],[16.094987,47.109592],[16.0948576,47.1096599],[16.0945289,47.1098634],[16.0943455,47.1100972],[16.0943382,47.1101492],[16.094294,47.110185],[16.0943468,47.1102757],[16.0944528,47.1103312],[16.0948006,47.1104162],[16.0948863,47.1104524],[16.095133,47.1104754],[16.0954363,47.1105475],[16.0954883,47.1105924],[16.095563,47.110704],[16.0955368,47.1108027],[16.0952298,47.1110745],[16.0949772,47.1113389],[16.094754,47.111632],[16.0946484,47.1118474],[16.094784,47.1122],[16.0948528,47.112352],[16.0948555,47.1125243],[16.0947499,47.1126019],[16.094692,47.112719],[16.0949835,47.1130107],[16.0950753,47.1130562],[16.095311,47.113101],[16.0956482,47.1130618],[16.096274,47.1130353],[16.0964048,47.1130618],[16.0966996,47.1130032],[16.0972567,47.1129645],[16.0973971,47.112969],[16.097737,47.1129312],[16.0978677,47.1129577],[16.0982321,47.1129464],[16.0984407,47.1129028],[16.098602,47.112832],[16.0987689,47.1128404],[16.099044,47.112899],[16.0991944,47.112865],[16.099512,47.112526],[16.0996339,47.1125394],[16.0997062,47.1126246],[16.0998008,47.1126965],[16.09995,47.11273],[16.1003876,47.1126113],[16.10077,47.112614],[16.1008911,47.1125356],[16.1009161,47.1124277],[16.1009912,47.1123331],[16.101092,47.112295],[16.1011978,47.1122804],[16.1012817,47.1123011],[16.1013861,47.1122863],[16.1015399,47.1123146],[16.1016538,47.1122681],[16.1021649,47.1122281],[16.1022615,47.1122804],[16.102317,47.1123616],[16.1022506,47.1124771],[16.1020477,47.112499],[16.1019295,47.1124159],[16.1018365,47.1122965],[16.1016974,47.1122914],[16.1016367,47.1123553],[16.1017563,47.1125317],[16.1021093,47.1128921],[16.1022232,47.1129599],[16.1024624,47.1129754],[16.1025279,47.1130045],[16.102816,47.113436],[16.1029857,47.1135609],[16.1029917,47.1135971],[16.1028772,47.1136398],[16.1026999,47.1138476],[16.1025831,47.1139076],[16.1024607,47.1140026],[16.1024265,47.1140704],[16.102465,47.114127],[16.1025661,47.1141498],[16.1026714,47.1141033],[16.1027113,47.1140665],[16.102873,47.114068],[16.1031839,47.1142118],[16.1034158,47.1143887],[16.1036309,47.1145099],[16.1037863,47.1145232],[16.1038554,47.1145873],[16.103858,47.114702],[16.10434,47.114602],[16.1043057,47.1144308],[16.1042003,47.1142525],[16.1041149,47.1142138],[16.103947,47.114058],[16.1039982,47.113989],[16.1041373,47.1139266],[16.104317,47.113746],[16.104707,47.11375],[16.1047356,47.1138631],[16.10471,47.1139541],[16.10471,47.114051],[16.1047897,47.1141285],[16.1049862,47.1141595],[16.1051883,47.1141673],[16.105231,47.114239],[16.1052396,47.1143184],[16.1051798,47.1144269],[16.1050972,47.1145199],[16.1046587,47.1147079],[16.1038473,47.1147776],[16.1037989,47.1148609],[16.1038017,47.1150315],[16.103861,47.115183],[16.104232,47.115297],[16.10433,47.1152711],[16.1045164,47.1151225],[16.104617,47.115112],[16.1047214,47.1151903],[16.10482,47.115348],[16.10488,47.115547],[16.1047897,47.1156554],[16.1045613,47.1156943],[16.1044613,47.1157242],[16.1044936,47.1157813],[16.1045298,47.1158832],[16.104418,47.11601],[16.1044424,47.1160991],[16.1046274,47.1163122],[16.1047698,47.1163316],[16.104848,47.116412],[16.104841,47.1164749],[16.1047555,47.1165563],[16.1046986,47.1166648],[16.104719,47.116722],[16.104878,47.1167927],[16.1051495,47.1168215],[16.1052652,47.1168508],[16.105457,47.116847],[16.1055357,47.1167772],[16.1055499,47.1166513],[16.1056211,47.1165679],[16.105698,47.1165098],[16.1058289,47.1164866],[16.1060769,47.1166237],[16.106216,47.11669],[16.1062848,47.116768],[16.1062912,47.1168814],[16.1064069,47.1169884],[16.1063927,47.1171027],[16.1060339,47.117186],[16.1058716,47.1172635],[16.105801,47.117335],[16.1058517,47.1174437],[16.1060282,47.11756],[16.1061461,47.1175582],[16.1062924,47.1175947],[16.106437,47.117703],[16.1067201,47.1176413],[16.1067628,47.1175483],[16.1067628,47.1174786],[16.10655,47.117263],[16.106835,47.116922],[16.1069621,47.1168547],[16.1071899,47.1168392],[16.107422,47.116928],[16.1074547,47.1169884],[16.107412,47.117093],[16.1073579,47.1171395],[16.1072383,47.1172015],[16.10717,47.117288],[16.1071956,47.117372],[16.1073095,47.1174708],[16.107412,47.1175231],[16.107451,47.117623],[16.1065,47.117781],[16.106585,47.1178399],[16.1067216,47.1179858],[16.106819,47.11807],[16.1071443,47.118056],[16.1072696,47.1180017],[16.1075572,47.1179726],[16.107578,47.118035],[16.1075116,47.1181354],[16.1074034,47.1182071],[16.107275,47.118257],[16.10715,47.1182575],[16.107047,47.118229],[16.1069536,47.118304],[16.1068084,47.1184551],[16.106809,47.118547],[16.1068637,47.1186042],[16.107103,47.1187715],[16.1071529,47.1189007],[16.1072756,47.1189379],[16.1073362,47.1189244],[16.1073986,47.1188597],[16.1074708,47.1187724],[16.1077081,47.1186701],[16.1077394,47.1186081],[16.1077252,47.1184822],[16.1078028,47.1184276],[16.1078515,47.11841],[16.10806,47.118444],[16.1081496,47.1185028],[16.108477,47.118453],[16.1085708,47.1184977],[16.10861,47.11861],[16.1086021,47.1186721],[16.1085224,47.1187283],[16.1083686,47.118736],[16.108212,47.1187651],[16.1080953,47.118829],[16.108027,47.118891],[16.10808,47.119007],[16.10799,47.1190344],[16.1076967,47.1190596],[16.107503,47.119042],[16.107426,47.119161],[16.1075088,47.1192417],[16.107865,47.119326],[16.1078214,47.1194487],[16.1074803,47.1194412],[16.107367,47.119502],[16.1074091,47.119821],[16.1074632,47.120005],[16.1076853,47.1200108],[16.1077508,47.1201871],[16.107681,47.120258],[16.1075145,47.1203208],[16.107124,47.120301],[16.1070105,47.120098],[16.106834,47.119897],[16.106654,47.119912],[16.1067486,47.1200457],[16.106871,47.1201639],[16.106908,47.120281],[16.1065863,47.1204274],[16.106554,47.120564],[16.106672,47.120946],[16.107004,47.120945],[16.1071045,47.1207606],[16.107099,47.120685],[16.1074377,47.12066],[16.1075315,47.1207112],[16.107592,47.120728],[16.1075401,47.1209001],[16.1075658,47.1209496],[16.107548,47.121033],[16.1076398,47.1211578],[16.1078134,47.1213457],[16.1077622,47.1214813],[16.1077566,47.1215449],[16.1077081,47.1216247],[16.107698,47.121724],[16.1080754,47.1221962],[16.108123,47.122316],[16.1081095,47.1224306],[16.108045,47.122672],[16.1081665,47.1228568],[16.1083145,47.1228917],[16.108351,47.122949],[16.108232,47.1231455],[16.1081295,47.1231804],[16.108045,47.123272],[16.1080839,47.123345],[16.1081352,47.123409],[16.1082775,47.1234787],[16.1083686,47.1235581],[16.108378,47.123621],[16.1083402,47.1237267],[16.1083402,47.1238216],[16.1084032,47.1239657],[16.1084245,47.1240939],[16.1085224,47.1244105],[16.1085622,47.1244648],[16.1085993,47.1246159],[16.1085395,47.1246721],[16.1085024,47.1247476],[16.1086363,47.1250556],[16.1087326,47.1252323],[16.1087113,47.1253504],[16.1087502,47.1255031],[16.1088498,47.1256659],[16.1088712,47.1257743],[16.1088723,47.1258824],[16.1089352,47.1261405],[16.108907,47.126307],[16.1089295,47.1263768],[16.109144,47.126515],[16.1091602,47.1266306],[16.1091374,47.1267875],[16.109087,47.126885],[16.1093993,47.1270141],[16.109561,47.127216],[16.1095673,47.1273493],[16.1094705,47.1275759],[16.109484,47.127636],[16.1095502,47.1276592],[16.1096869,47.1276728],[16.1099204,47.1277503],[16.110005,47.127811],[16.1100371,47.1278897],[16.1100542,47.1280428],[16.1101567,47.1283992],[16.1102819,47.1285387],[16.1105069,47.1286704],[16.1106151,47.1289474],[16.1105951,47.1291508],[16.110646,47.129246],[16.1109311,47.1293232],[16.111379,47.129594],[16.1114835,47.1297629],[16.1118223,47.1300283],[16.1120016,47.1300689],[16.1121639,47.1301387],[16.112451,47.130491],[16.1129982,47.1307217],[16.1131121,47.1308438],[16.1131662,47.1309832],[16.1133768,47.1311091],[16.1134923,47.1311345],[16.1136977,47.1312473],[16.1138295,47.1313145],[16.1141171,47.1314772],[16.114208,47.131557],[16.1142908,47.1316883],[16.1143677,47.132006],[16.1143961,47.1321861],[16.1145271,47.1324224],[16.1146353,47.1325386],[16.1147699,47.1330102],[16.1150258,47.1331928],[16.1150803,47.1333429],[16.1150232,47.1334612],[16.1150309,47.1335277],[16.1149043,47.1336737],[16.1148504,47.1337184],[16.1148263,47.1337819],[16.1148686,47.1339062],[16.1149192,47.1339579],[16.1149669,47.1340979],[16.1149222,47.1342624],[16.1148625,47.1343882],[16.1147282,47.1345465],[16.1144418,47.1347941],[16.1141733,47.13492],[16.1139614,47.1350093],[16.1136839,47.1349667],[16.1135348,47.1349687],[16.1134721,47.1350154],[16.1134661,47.1351209],[16.1135049,47.1352549],[16.1137138,47.135738],[16.11386,47.135868],[16.1139082,47.1358795],[16.1140121,47.1359551],[16.1141345,47.1361175],[16.1141554,47.1362027],[16.1140987,47.1364686],[16.1139346,47.1367081],[16.1137973,47.1367792],[16.1137048,47.1367913],[16.1135228,47.1367893],[16.1134452,47.1368299],[16.1134363,47.1368908],[16.1136243,47.1370166],[16.1138009,47.1371402],[16.1138212,47.1372277],[16.1137018,47.1373414],[16.1136511,47.1374997],[16.1136541,47.1375687],[16.1137555,47.1376438],[16.1139346,47.1376722],[16.114412,47.1375869],[16.1145432,47.1376113],[16.1146387,47.1377371],[16.1147461,47.1379401],[16.1150773,47.1380598],[16.1151101,47.1382121],[16.114946,47.1382932],[16.1147521,47.1383338],[16.1146268,47.1384313],[16.1145402,47.138549],[16.1146059,47.1386017],[16.1147551,47.1386038],[16.115128,47.138691],[16.1151967,47.1387479],[16.1152504,47.1388798],[16.1152325,47.1391051],[16.115125,47.1393791],[16.1149759,47.1395759],[16.1148147,47.1396449],[16.1144746,47.1395617],[16.1141673,47.1395962],[16.1136153,47.1398824],[16.1135944,47.1399595],[16.113681,47.1400346],[16.1138421,47.1400021],[16.1140002,47.139925],[16.1140808,47.1399209],[16.1145104,47.1401929],[16.1146894,47.140404],[16.1147939,47.1405704],[16.1146894,47.1407267],[16.1141703,47.140753],[16.1140479,47.1407835],[16.1139853,47.1408687],[16.1137347,47.1409357],[16.1136541,47.1406292],[16.1135288,47.1405765],[16.1129589,47.1405846],[16.1128724,47.1406272],[16.1124636,47.1410453],[16.1124845,47.1411265],[16.1127023,47.1413923],[16.112765,47.1414329],[16.1129887,47.1414288],[16.1131707,47.141303],[16.1133059,47.1413149],[16.1133029,47.1413938],[16.1132265,47.1415143],[16.1130066,47.1416764],[16.1129149,47.1418384],[16.1129088,47.1419776],[16.1130249,47.1421584],[16.1131226,47.1422124],[16.1133914,47.1421002],[16.1137504,47.1420842],[16.1139565,47.1420358],[16.1144605,47.1420067],[16.1145827,47.1422997],[16.1147293,47.1424804],[16.1147293,47.1425344],[16.1145705,47.1426736],[16.1142895,47.1426757],[16.1139957,47.1425271],[16.1138937,47.1425281],[16.1137305,47.1426342],[16.1137244,47.142925],[16.1139107,47.1430331],[16.114207,47.1430393],[16.1145216,47.1429624],[16.1146896,47.1429998],[16.1149019,47.1431412],[16.1150321,47.143178],[16.1154441,47.1433904],[16.1153646,47.1436563],[16.1153524,47.1437706],[16.1154318,47.1437955],[16.1156273,47.1437747],[16.1161405,47.1435358],[16.1163207,47.1435691],[16.116452,47.1436958],[16.1168308,47.1438703],[16.1168766,47.1439306],[16.1165773,47.1441653],[16.1165681,47.1443024],[16.1162993,47.144531],[16.1160488,47.1444354],[16.1155418,47.1444977],[16.1153751,47.1443763],[16.1152924,47.1442626],[16.1152156,47.1442584],[16.1150311,47.1443153],[16.1147476,47.1443585],[16.1146804,47.1444271],[16.1147201,47.144533],[16.1148637,47.1446203],[16.1150073,47.1448758],[16.1151661,47.1452311],[16.115215,47.1455199],[16.1152822,47.1456528],[16.1154257,47.1457338],[16.1155021,47.1458772],[16.1154715,47.1459998],[16.1152944,47.146168],[16.11505,47.1462054],[16.1148881,47.1462802],[16.1146132,47.1465648],[16.1141367,47.1467206],[16.1140573,47.1467871],[16.1142131,47.1470593],[16.114378,47.1471403],[16.1144636,47.1472109],[16.1144697,47.1473542],[16.1144422,47.147402],[16.1144483,47.1474436],[16.1146132,47.1474664],[16.1148912,47.1473854],[16.1150012,47.1473875],[16.11505,47.1474373],[16.1150561,47.1476492],[16.114995,47.1477323],[16.1146926,47.1477219],[16.1145582,47.1478362],[16.1144147,47.1479151],[16.1142406,47.1478487],[16.1140817,47.1478487],[16.1140115,47.1478736],[16.1138863,47.1479795],[16.1138379,47.1481289],[16.1136816,47.1483161],[16.1136144,47.1485093],[16.1133884,47.148771],[16.1129974,47.1488687],[16.1128997,47.1489559],[16.1128874,47.1492301],[16.1129516,47.149307],[16.1131104,47.1493402],[16.1143108,47.1492343],[16.1144849,47.1493111],[16.1145399,47.1494503],[16.11443,47.1497848],[16.1145521,47.1499904],[16.1146285,47.1502542],[16.1146468,47.1505035],[16.1145155,47.1506905],[16.1145002,47.1511205],[16.1144483,47.1513614],[16.1143536,47.1515276],[16.114207,47.1517042],[16.1140207,47.1518288],[16.1138558,47.1518929],[16.11348,47.1520843],[16.1129149,47.1523377],[16.1127072,47.1525122],[16.1122949,47.1526805],[16.1120719,47.1527469],[16.1118397,47.152911],[16.1118031,47.1529817],[16.1118367,47.1532081],[16.1118611,47.1532642],[16.1119619,47.1532683],[16.1122796,47.1531748],[16.1124751,47.1532371],[16.1124995,47.1536817],[16.112585,47.1538104],[16.11275,47.1539351],[16.1128661,47.1539621],[16.1131318,47.1539081],[16.1133517,47.1539745],[16.1134647,47.154257],[16.1134372,47.1544897],[16.1131013,47.1546538],[16.1130642,47.154829],[16.1129485,47.1549466],[16.1129513,47.1551536],[16.1129098,47.155184],[16.1128508,47.1552104],[16.1127225,47.1551938],[16.1122796,47.154982],[16.112066,47.1549373],[16.1119589,47.1548885],[16.1118459,47.1548906],[16.1117206,47.1549529],[16.1117145,47.1550131],[16.1119344,47.1550796],[16.1119619,47.1552063],[16.1118506,47.1553577],[16.1117695,47.1554036],[16.1117267,47.1555324],[16.1117787,47.1557193],[16.1121055,47.1558398],[16.1125117,47.1558356],[16.1125728,47.155792],[16.1126708,47.1555188],[16.1127277,47.1555036],[16.1128172,47.1555365],[16.1130768,47.155711],[16.1131685,47.1558834],[16.1131807,47.1560039],[16.1131165,47.1561763],[16.1128055,47.1563193],[16.1126889,47.1564172],[16.1125087,47.1564567],[16.1123865,47.1564463],[16.1121299,47.1562594],[16.1119772,47.1562469],[16.111556,47.156366],[16.1113908,47.1564496],[16.1111708,47.1564878],[16.1110811,47.1565458],[16.1110511,47.1565961],[16.111296,47.1568285],[16.1115038,47.1568846],[16.1117725,47.1568762],[16.1119344,47.1569136],[16.1119222,47.1570029],[16.1115496,47.1573747],[16.1113571,47.157462],[16.1112472,47.1575284],[16.1112227,47.1576136],[16.1113632,47.157705],[16.1114488,47.1577299],[16.1116534,47.1577112],[16.1118153,47.1576614],[16.1118947,47.1576738],[16.1119925,47.1578421],[16.11202,47.1579438],[16.1122979,47.1581515],[16.1124476,47.1584901],[16.1123682,47.1585649],[16.1121727,47.1586002],[16.1121208,47.1586355],[16.112078,47.1587227],[16.1123896,47.1590218],[16.1124537,47.1592939],[16.1127744,47.1595493],[16.1132876,47.1598712],[16.1132796,47.1599938],[16.1133731,47.1601724],[16.1133242,47.1603448],[16.1129546,47.1604777],[16.1128691,47.1605566],[16.1128172,47.1606314],[16.1128477,47.1608391],[16.1130279,47.160945],[16.1132234,47.1610011],[16.1136114,47.1611922],[16.1136847,47.1612939],[16.1136877,47.1614123],[16.113573,47.1614724],[16.1134189,47.1615411],[16.113367,47.1615785],[16.1133609,47.1616491],[16.1134922,47.161782],[16.1134372,47.1618505],[16.1132204,47.1618837],[16.1130096,47.1618796],[16.1129089,47.161734],[16.1127561,47.1615909],[16.1125698,47.1615037],[16.1123254,47.1615058],[16.1121788,47.1616221],[16.1121421,47.1616844],[16.1120785,47.1618521],[16.1120999,47.161977],[16.1119894,47.1621745],[16.1119253,47.1622929],[16.1119467,47.1624216],[16.1120475,47.1625193],[16.1123651,47.1625795],[16.1125362,47.1627622],[16.112582,47.1628578],[16.1125148,47.1629948],[16.1124293,47.1630738],[16.1123376,47.1630904],[16.1120719,47.1630904],[16.1118773,47.1631028],[16.1116901,47.1631111],[16.1115435,47.1631319],[16.1112747,47.1632108],[16.1111628,47.1632035],[16.1111189,47.1631859],[16.1109478,47.1631402],[16.1107615,47.1631818],[16.1107035,47.1632835],[16.1106821,47.1634019],[16.1107554,47.163541],[16.1108867,47.1636407],[16.1113464,47.1638339],[16.1115343,47.1639564],[16.111632,47.1640582],[16.1116748,47.1641911],[16.1115947,47.1643059],[16.1115577,47.1644307],[16.1116137,47.1645462],[16.1115526,47.1646085],[16.1114671,47.1646189],[16.1113327,47.1646064],[16.1110425,47.164542],[16.1108898,47.1646023],[16.1106676,47.1647678],[16.1104409,47.1648605],[16.110343,47.1649345],[16.1102148,47.1650425],[16.1101628,47.1651277],[16.1101995,47.1652294],[16.1107462,47.1656115],[16.1109723,47.1656863],[16.1112136,47.1656655],[16.1114763,47.1657258],[16.1116137,47.1658151],[16.1116473,47.1659272],[16.1115557,47.1660539],[16.1114763,47.166085],[16.1113266,47.1660539],[16.1112533,47.1660186],[16.1111555,47.1660477],[16.1109998,47.1662179],[16.1109295,47.166274],[16.1108043,47.1662657],[16.1105538,47.1661473],[16.1104591,47.1661494],[16.1103583,47.1661806],[16.1102881,47.1662927],[16.1102244,47.1663869],[16.1101553,47.1664055],[16.1099826,47.1663342],[16.1096711,47.1660913],[16.1094786,47.1660393],[16.1093381,47.1660809],[16.1091548,47.1663778],[16.109278,47.166787],[16.1093046,47.1668723],[16.1092804,47.1670093],[16.1093776,47.1670342],[16.1096588,47.1670211],[16.1098275,47.167054],[16.1098776,47.1670895],[16.1098326,47.1671641],[16.1097875,47.1672006],[16.1096738,47.1672371],[16.109527,47.167253],[16.1093432,47.1671787],[16.109172,47.167182],[16.1091007,47.167291],[16.108959,47.1677186],[16.108929,47.1678397],[16.108955,47.168],[16.1090191,47.1680338],[16.1091758,47.1680819],[16.1093279,47.1680617],[16.1094956,47.1679331],[16.1095939,47.1678985],[16.1097625,47.1678783],[16.1098509,47.1679062],[16.110101,47.1680045],[16.110443,47.168118],[16.1104894,47.1681812],[16.1104744,47.1683096],[16.1104057,47.1683796],[16.1102705,47.1684642],[16.11,47.1685941],[16.1098344,47.1686981],[16.1096439,47.1687365],[16.1095933,47.168757],[16.10956,47.168864],[16.1094978,47.1689662],[16.109399,47.169021],[16.1092601,47.1690472],[16.1091582,47.1690913],[16.1090939,47.169063],[16.1086419,47.1693101],[16.1086607,47.1693329],[16.1090235,47.1693022],[16.1089468,47.1693518],[16.1088281,47.1693937],[16.1087119,47.1694663],[16.1086933,47.169559],[16.1081949,47.1696162],[16.108116,47.1696035],[16.1079177,47.1699245],[16.1078882,47.1700832],[16.1084247,47.1700869],[16.1083952,47.1702801],[16.108135,47.1703458],[16.1079982,47.1703677],[16.1079043,47.1704114],[16.1077461,47.1705628],[16.1077246,47.1706029],[16.1074296,47.1709311],[16.1067992,47.1714234],[16.10681,47.1714508],[16.1069736,47.1714252],[16.1072016,47.1713322],[16.1075503,47.1712411],[16.1076334,47.1712502],[16.1076924,47.171283],[16.1077058,47.1713177],[16.107451,47.1714709],[16.1074001,47.1714854],[16.1072981,47.1715419],[16.107215,47.171655],[16.1071158,47.1717644],[16.1070139,47.1719941],[16.10681,47.1720962],[16.106768,47.172176],[16.1068213,47.1722973],[16.1071089,47.1728153],[16.1073085,47.173029],[16.1074024,47.1732114],[16.1073526,47.1733672],[16.1072699,47.1735098],[16.107055,47.173719],[16.1068122,47.1737782],[16.1063383,47.1743802],[16.1067926,47.1746392],[16.1066732,47.1748731],[16.1063201,47.1749867],[16.1062118,47.1750591],[16.1060791,47.1751882],[16.1060123,47.1752227],[16.1059061,47.1756371],[16.1058981,47.1759415],[16.1059865,47.1762187],[16.1060911,47.1761585],[16.1062226,47.176102],[16.1063996,47.1759871],[16.1064103,47.1760346],[16.1067,47.1766217],[16.106523,47.1766891],[16.1063808,47.1767128],[16.1063084,47.1767511],[16.1062145,47.1768167],[16.1062172,47.1769115],[16.1062762,47.1769443],[16.1065096,47.1768933],[16.1066115,47.1769516],[16.1065713,47.1770501],[16.1063862,47.177103],[16.1062896,47.1772178],[16.1062896,47.1773181],[16.1063755,47.1773728],[16.1065176,47.1774384],[16.1067295,47.1776299],[16.1066651,47.1778504],[16.1064506,47.1782206],[16.1062065,47.1785487],[16.1057318,47.1789827],[16.1055708,47.179309],[16.1054689,47.17969],[16.1051658,47.1798504],[16.1049485,47.1798924],[16.1050103,47.1800984],[16.1053964,47.1803554],[16.1054715,47.1806453],[16.1055413,47.1807766],[16.1056432,47.181194],[16.1056513,47.1813818],[16.1055735,47.1814912],[16.1055681,47.1815659],[16.1055171,47.1816644],[16.1054447,47.1817592],[16.1052034,47.1819542],[16.1049887,47.1820764],[16.1048359,47.1821366],[16.1046883,47.1821274],[16.1043509,47.1820503],[16.104061,47.182066],[16.1037977,47.1821231],[16.1036904,47.1821789],[16.10334,47.1822224],[16.1030652,47.1822604],[16.1026767,47.18245],[16.1026124,47.1825186],[16.1025458,47.1826294],[16.1024278,47.1829402],[16.1023355,47.1830218],[16.1022088,47.1831021],[16.1021771,47.1831884],[16.1022517,47.1832581],[16.1023263,47.1833046],[16.1024599,47.1833658],[16.1025469,47.183501],[16.1025762,47.1836495],[16.1026656,47.183903],[16.1026501,47.1842218],[16.102535,47.184465],[16.1021902,47.1845851],[16.1021001,47.1846632],[16.102062,47.184759],[16.1021467,47.1848828],[16.1024295,47.1850138],[16.102615,47.185151],[16.1027837,47.1853833],[16.1028522,47.1855084],[16.1029705,47.1856467],[16.103043,47.1856861],[16.1031069,47.1857487],[16.1033772,47.1860105],[16.1034673,47.1861478],[16.103469,47.186218],[16.1032032,47.1864814],[16.103085,47.186538],[16.1028769,47.1865321],[16.1026812,47.1865701],[16.1026159,47.1866124],[16.1025382,47.1867032],[16.1025538,47.1868109],[16.1027153,47.1869735],[16.1027244,47.187074],[16.102714,47.187104],[16.1026159,47.1871846],[16.1024885,47.1872205],[16.1022743,47.187197],[16.1021281,47.1871931],[16.10196,47.187229],[16.1019044,47.1873451],[16.1018764,47.1875457],[16.1017303,47.1877421],[16.101657,47.187796],[16.1015936,47.1878308],[16.1014507,47.187816],[16.1013078,47.1877823],[16.1010312,47.1876513],[16.1008479,47.1876239],[16.100731,47.187667],[16.1007081,47.1879237],[16.100475,47.188137],[16.1004843,47.1883271],[16.100414,47.188382],[16.1003228,47.1884158],[16.1001767,47.1884305],[16.10002,47.188406],[16.099931,47.188215],[16.099569,47.188113],[16.0995053,47.1880212],[16.0995926,47.1879322],[16.0995708,47.1878329],[16.099461,47.187742],[16.0992912,47.1876915],[16.0991513,47.1876893],[16.098972,47.187718],[16.0988903,47.1877759],[16.098788,47.187871],[16.0987225,47.1880631],[16.0986324,47.1884474],[16.0986635,47.1886417],[16.0987492,47.1887471],[16.0988485,47.1888303],[16.0988749,47.1888809],[16.098822,47.188988],[16.098766,47.1890492],[16.0987567,47.1891295],[16.098877,47.189234],[16.0989742,47.189252],[16.0990395,47.189214],[16.0990398,47.1890411],[16.0991041,47.1889396],[16.099132,47.188715],[16.0992104,47.1886311],[16.0993284,47.188572],[16.099438,47.188554],[16.0995397,47.1885699],[16.099605,47.1886037],[16.0995926,47.1886713],[16.099393,47.188838],[16.0994558,47.188931],[16.0995677,47.1889838],[16.099665,47.189004],[16.0997945,47.1890091],[16.099902,47.188935],[16.0998784,47.1887663],[16.09994,47.18871],[16.1005092,47.1885952],[16.100662,47.188588],[16.1007733,47.1886311],[16.1010405,47.1889901],[16.101015,47.189133],[16.1009411,47.1892541],[16.1008292,47.1893026],[16.1004315,47.1894462],[16.09997,47.189564],[16.0997075,47.189594],[16.0995211,47.1895645],[16.0994154,47.1895666],[16.0992974,47.1896785],[16.0993502,47.1897799],[16.099546,47.1898242],[16.0996236,47.189877],[16.099628,47.189953],[16.0995491,47.1900649],[16.099244,47.19027],[16.0992537,47.1903824],[16.0993032,47.1904231],[16.099459,47.1904598],[16.0995118,47.1905168],[16.0994279,47.1907047],[16.0991356,47.1909006],[16.099084,47.190953],[16.0989804,47.1910109],[16.0988468,47.1910553],[16.0985676,47.1910777],[16.0982471,47.1911524],[16.0981446,47.1911524],[16.0979737,47.1911144],[16.0977344,47.1909201],[16.097588,47.190899],[16.0974703,47.1909412],[16.0973056,47.1910721],[16.0972248,47.1913403],[16.0971782,47.1914121],[16.097019,47.19149],[16.0970104,47.191562],[16.0970912,47.191676],[16.097166,47.191856],[16.0971689,47.1919294],[16.0971107,47.1919912],[16.0970384,47.192035],[16.097018,47.19212],[16.097057,47.1921976],[16.097211,47.192246],[16.097402,47.1922124],[16.0975449,47.1921427],[16.0978183,47.191921],[16.0979706,47.1918302],[16.098098,47.1917816],[16.0982347,47.1919231],[16.0982192,47.1920287],[16.098098,47.1921089],[16.0979644,47.1922229],[16.0978554,47.1924063],[16.0977469,47.19247],[16.097708,47.192551],[16.0977624,47.1927191],[16.0978401,47.1928437],[16.0980203,47.1930358],[16.098079,47.193165],[16.0980576,47.193228],[16.097875,47.193283],[16.0977873,47.1932766],[16.0976719,47.1932308],[16.0975853,47.1932153],[16.0974179,47.1932316],[16.097296,47.193232],[16.0971969,47.1932787],[16.097113,47.1933483],[16.0971006,47.1934412],[16.097008,47.193495],[16.0967525,47.1934898],[16.0964138,47.193494],[16.096215,47.1935173],[16.096097,47.193578],[16.0959043,47.1937094],[16.0957489,47.1939353],[16.0957197,47.1940456],[16.0955252,47.1944104],[16.0955159,47.1945582],[16.095539,47.1946507],[16.0955322,47.1947696],[16.0955562,47.1950818],[16.0955998,47.1952444],[16.0956712,47.1953521],[16.095771,47.195414],[16.0959027,47.195417],[16.095947,47.195401],[16.0959806,47.1952927],[16.095926,47.1951979],[16.09592,47.195068],[16.0960472,47.1949024],[16.096147,47.194861],[16.0962833,47.1948496],[16.0969545,47.1949784],[16.0971223,47.1950607],[16.097246,47.195147],[16.0973305,47.1953141],[16.097315,47.1954429],[16.097262,47.195556],[16.0971927,47.195655],[16.0970429,47.1957974],[16.0968333,47.1960446],[16.096701,47.196157],[16.0965412,47.1962283],[16.096389,47.1962473],[16.096192,47.19623],[16.0959509,47.1960932],[16.095531,47.195819],[16.095258,47.1957659],[16.094781,47.195745],[16.094708,47.195787],[16.0946551,47.1958588],[16.0946177,47.1959807],[16.0945868,47.1959897],[16.0944594,47.1961122],[16.094311,47.196152],[16.0941581,47.1961498],[16.0939933,47.196165],[16.0938504,47.1961586],[16.093667,47.1961164],[16.0935769,47.1960742],[16.093343,47.196056],[16.0931978,47.1960932],[16.093048,47.196191],[16.0929668,47.1963778],[16.092881,47.196492],[16.0929524,47.1968258],[16.0930207,47.1968786],[16.093138,47.196907],[16.0932087,47.1968952],[16.0932414,47.1968427],[16.0931637,47.1965957],[16.0931767,47.1964827],[16.0932197,47.1964426],[16.0935179,47.1964859],[16.0937634,47.1965598],[16.0937913,47.1966252],[16.0938348,47.1966611],[16.093984,47.1966843],[16.094419,47.1965007],[16.0946885,47.1964467],[16.0948225,47.1964491],[16.0949945,47.1964442],[16.0952,47.19635],[16.0954972,47.1963824],[16.0956552,47.1964811],[16.0959602,47.1965936],[16.09624,47.196774],[16.0962647,47.1968596],[16.0961901,47.1969694],[16.0959105,47.1971805],[16.09581,47.197223],[16.0956975,47.1971988],[16.095666,47.1971025],[16.095693,47.1970003],[16.0957409,47.1969683],[16.0956795,47.1969435],[16.095535,47.196904],[16.095083,47.196926],[16.094627,47.197176],[16.0944874,47.1974051],[16.0944514,47.1975808],[16.0944901,47.1977925],[16.0944708,47.1979408],[16.0945032,47.1980408],[16.0944627,47.1984031],[16.0943705,47.1985268],[16.094399,47.198846],[16.0942782,47.1989578],[16.094185,47.198977],[16.0940668,47.1989395],[16.0940308,47.1988707],[16.0940286,47.1987973],[16.093866,47.198742],[16.0935605,47.198792],[16.0933828,47.1988112],[16.0932945,47.1987927],[16.0931041,47.1988096],[16.0929377,47.19886],[16.0927532,47.1988692],[16.09262,47.198865],[16.0925216,47.1988371],[16.0924653,47.1987882],[16.0924541,47.1987118],[16.0925148,47.1985284],[16.0925148,47.1984856],[16.0924451,47.1984244],[16.092343,47.198385],[16.0919795,47.1984413],[16.0919073,47.1984333],[16.0917326,47.1984497],[16.0916848,47.1984642],[16.0915106,47.1984647],[16.0914313,47.1984839],[16.0913883,47.1985493],[16.091395,47.1986],[16.091726,47.1987357],[16.0917895,47.1987857],[16.091781,47.198839],[16.0915459,47.1990458],[16.0913473,47.1991195],[16.0911365,47.1991752],[16.090966,47.19934],[16.0908131,47.1996995],[16.0907435,47.1998872],[16.090777,47.199971],[16.0908909,47.2000277],[16.090998,47.200013],[16.0911304,47.199954],[16.0912491,47.199833],[16.0913269,47.1997301],[16.0914497,47.1996564],[16.091584,47.199613],[16.0917342,47.199648],[16.0918304,47.1996981],[16.0919246,47.1997871],[16.0920023,47.1998678],[16.0921599,47.1999554],[16.0922582,47.199954],[16.092698,47.199711],[16.0927621,47.1997365],[16.0928146,47.1998079],[16.0928008,47.1999093],[16.0927601,47.2000085],[16.0926662,47.2001559],[16.0927341,47.2002753],[16.0928207,47.2003389],[16.092838,47.200397],[16.0927715,47.2004487],[16.0925233,47.2004598],[16.0922774,47.200498],[16.0921039,47.2005855],[16.0920082,47.2005823],[16.0917032,47.2007171],[16.0916378,47.2007603],[16.091389,47.200829],[16.0914134,47.2009149],[16.0916803,47.2010262],[16.0918021,47.2010962],[16.0921159,47.2013603],[16.092153,47.201408],[16.0921018,47.201494],[16.0920222,47.2015894],[16.0917248,47.2017183],[16.091544,47.201848],[16.0914836,47.2019776],[16.0914836,47.202046],[16.0915272,47.2021182],[16.0915375,47.2021765],[16.0915542,47.2022005],[16.091574,47.2023816],[16.091611,47.202445],[16.09144,47.202621],[16.09113,47.202727],[16.0908209,47.2027492],[16.0905985,47.202719],[16.0904896,47.2027244],[16.090458,47.2027429],[16.0903667,47.2028336],[16.090362,47.2029576],[16.090382,47.203035],[16.0906035,47.203239],[16.0907366,47.2034222],[16.090839,47.203489],[16.0909989,47.2035336],[16.091198,47.203548],[16.0916533,47.2033665],[16.0919356,47.203287],[16.0921674,47.2031263],[16.0923336,47.2030929],[16.092449,47.203115],[16.0926849,47.2032106],[16.0928465,47.2033649],[16.0930736,47.2035272],[16.0934202,47.2036179],[16.0934928,47.2036608],[16.093518,47.203733],[16.093388,47.203852],[16.0932352,47.2038502],[16.0930104,47.2037531],[16.0928675,47.2037356],[16.0927739,47.2037595],[16.0926826,47.2038183],[16.0926287,47.2039472],[16.0926381,47.2041031],[16.0925702,47.2043004],[16.092439,47.2044467],[16.0921908,47.2046663],[16.0921978,47.2048763],[16.092093,47.205018],[16.0920058,47.2050163],[16.091853,47.204939],[16.0918302,47.204889],[16.0918817,47.2048206],[16.0919121,47.2046886],[16.091849,47.204613],[16.0916569,47.2045422],[16.091518,47.204522],[16.0914321,47.2045358],[16.0912521,47.2047967],[16.0910762,47.2049208],[16.0909989,47.2050417],[16.0910059,47.2051213],[16.0909357,47.2052358],[16.090855,47.205269],[16.090746,47.2052645],[16.0906336,47.2052008],[16.0905189,47.2050163],[16.090439,47.204963],[16.0903011,47.2049399],[16.0902491,47.2049287],[16.0901957,47.2049399],[16.0901301,47.2049988],[16.0901372,47.205091],[16.0902332,47.2052167],[16.090189,47.205348],[16.0899288,47.2055317],[16.0897555,47.2057115],[16.0897021,47.2058538],[16.0895606,47.2061231],[16.089417,47.206313],[16.0894159,47.2064369],[16.089491,47.206681],[16.0896665,47.2068664],[16.0898093,47.2069396],[16.089976,47.20699],[16.0900974,47.2070096],[16.0903034,47.2070001],[16.090429,47.206964],[16.0905118,47.2069157],[16.0908678,47.206596],[16.090955,47.206549],[16.0911324,47.2065149],[16.0912588,47.2065292],[16.091357,47.206594],[16.0913829,47.2066914],[16.0913806,47.2067869],[16.0913291,47.2068617],[16.0911862,47.206973],[16.0910972,47.2070987],[16.091029,47.207219],[16.0910645,47.2074423],[16.0911277,47.2076523],[16.09108,47.207771],[16.0910293,47.20784],[16.0909357,47.207883],[16.0907905,47.2079291],[16.0905915,47.2080134],[16.0904556,47.2081263],[16.090351,47.208253],[16.0903948,47.2083777],[16.0908233,47.2088136],[16.0909286,47.2088804],[16.0910223,47.2089869],[16.09098,47.209184],[16.0909216,47.2092446],[16.0908186,47.2092828],[16.090476,47.209322],[16.090287,47.2092796],[16.0902332,47.2092335],[16.0900177,47.2091285],[16.089835,47.209073],[16.0896969,47.2090649],[16.089529,47.209101],[16.0893902,47.209251],[16.0893574,47.2094419],[16.0893597,47.2096137],[16.0893527,47.2097839],[16.089318,47.209864],[16.08906,47.2103534],[16.0889546,47.2104695],[16.0887977,47.2105475],[16.088676,47.2105315],[16.0886151,47.2105045],[16.088546,47.210436],[16.0885261,47.210355],[16.0885355,47.2102325],[16.0885167,47.2101068],[16.0884324,47.2099334],[16.0883317,47.2097616],[16.0881936,47.2095485],[16.0881631,47.2094721],[16.0882287,47.2093576],[16.0882638,47.2092653],[16.088262,47.209211],[16.0881842,47.2091747],[16.088072,47.209178],[16.0879102,47.2092987],[16.0878221,47.2095113],[16.0877248,47.2096374],[16.0876082,47.2097123],[16.0875538,47.209794],[16.0874466,47.2100718],[16.0873753,47.2101107],[16.0873201,47.2100941],[16.0870391,47.2099923],[16.086702,47.209954],[16.0864889,47.2099796],[16.086281,47.210101],[16.0860499,47.2103728],[16.0859643,47.2104488],[16.0858262,47.2106604],[16.0856248,47.2110772],[16.085577,47.211222],[16.0856786,47.211486],[16.085841,47.211631],[16.0860135,47.2116816],[16.0862079,47.211688],[16.086355,47.211716],[16.0865521,47.2118502],[16.086632,47.211968],[16.0867113,47.2121652],[16.08673,47.2123195],[16.0867183,47.2124944],[16.0866724,47.2126419],[16.086634,47.2127028],[16.0866153,47.2127935],[16.086596,47.213079],[16.0866411,47.2131259],[16.0868167,47.2132118],[16.086997,47.2133057],[16.087136,47.213435],[16.0872288,47.2135602],[16.0872803,47.2136826],[16.08729,47.213766],[16.0872288,47.2138719],[16.0870415,47.2139674],[16.0869197,47.2140373],[16.0868307,47.2141121],[16.086752,47.214227],[16.0867137,47.2145257],[16.0867066,47.2146656],[16.0867394,47.2147992],[16.0867207,47.214909],[16.086674,47.215005],[16.0866083,47.2150951],[16.0864795,47.215173],[16.086339,47.2152351],[16.086179,47.215338],[16.0860603,47.2155325],[16.0860299,47.2156486],[16.0860322,47.2157218],[16.0859667,47.2158824],[16.0858753,47.2159778],[16.0858074,47.2159985],[16.0856974,47.2160144],[16.0855826,47.2160892],[16.085532,47.216226],[16.0856833,47.2163214],[16.0858988,47.2164121],[16.0859606,47.2164895],[16.086041,47.2164767],[16.0861517,47.2164677],[16.086531,47.216463],[16.0866715,47.2164852],[16.086779,47.216526],[16.0870462,47.2167],[16.0878213,47.2172678],[16.0879945,47.2174411],[16.0881491,47.2175477],[16.08845,47.217706],[16.0885565,47.2178181],[16.08854,47.218008],[16.0884746,47.2181028],[16.0883154,47.2181982],[16.0880976,47.2183016],[16.0879407,47.2182968],[16.0877861,47.2182014],[16.0875005,47.2179008],[16.08718,47.217783],[16.086605,47.217964],[16.0857629,47.2177672],[16.0855897,47.2176908],[16.085469,47.217635],[16.0854023,47.2176654],[16.0852782,47.2177338],[16.085177,47.217814],[16.0849996,47.2181282],[16.0849996,47.2182062],[16.085034,47.218278],[16.0851377,47.2183334],[16.085222,47.2183541],[16.0855709,47.2183223],[16.085737,47.218354],[16.0858262,47.2184161],[16.0858683,47.2184638],[16.0859362,47.2185895],[16.0859386,47.2187485],[16.085905,47.218881],[16.0858379,47.2190555],[16.085726,47.219149],[16.085606,47.2192018],[16.0851986,47.219224],[16.084858,47.219324],[16.0844664,47.2196463],[16.084063,47.219924],[16.0840582,47.2201083],[16.0841378,47.2202387],[16.0841964,47.2203867],[16.0841472,47.2204805],[16.084079,47.220528],[16.084275,47.220613],[16.0843837,47.2205496],[16.0844471,47.220569],[16.084694,47.220468],[16.0847724,47.220269],[16.0848333,47.2201799],[16.0849235,47.2201731],[16.084977,47.220139],[16.0852969,47.2202085],[16.085795,47.220581],[16.0859593,47.2209015],[16.0858332,47.2209799],[16.085692,47.220968],[16.0856201,47.2208065],[16.0854749,47.2207254],[16.085289,47.220704],[16.0850394,47.2207636],[16.084763,47.220956],[16.0846296,47.2210053],[16.084328,47.221079],[16.0839786,47.2211039],[16.0837959,47.2211007],[16.083695,47.221075],[16.083679,47.221209],[16.0837444,47.2213488],[16.0838568,47.2214474],[16.083968,47.221524],[16.0841753,47.2215349],[16.0843603,47.2214395],[16.0844376,47.2213186],[16.084515,47.221252],[16.0846343,47.2212486],[16.084819,47.221271],[16.085037,47.2214379],[16.0852642,47.2217162],[16.0854281,47.2217544],[16.085597,47.221843],[16.0856716,47.2219595],[16.085557,47.222273],[16.0854843,47.2223492],[16.08537,47.222351],[16.0851682,47.2222251],[16.085038,47.222177],[16.0847548,47.2222643],[16.0846967,47.2222698],[16.0844399,47.2221265],[16.084234,47.222102],[16.0840863,47.2222983],[16.0839614,47.2223984],[16.0839072,47.2224175],[16.0837859,47.222377],[16.0835103,47.2223206],[16.083386,47.222366],[16.0831824,47.2225368],[16.0831707,47.222645],[16.0832012,47.2227547],[16.0833729,47.2228641],[16.0833467,47.2229151],[16.083427,47.223164],[16.0832644,47.2233431],[16.0830911,47.223464],[16.083007,47.223558],[16.0830724,47.2236644],[16.083161,47.223704],[16.083623,47.223651],[16.0836953,47.2236183],[16.0837421,47.2235467],[16.0837538,47.2232414],[16.083805,47.223194],[16.0839038,47.2232773],[16.0842502,47.223569],[16.0843231,47.2236785],[16.0846397,47.2239231],[16.0848443,47.2242045],[16.0850313,47.2243202],[16.0850271,47.2243535],[16.084995,47.2243995],[16.085035,47.224466],[16.08466,47.2247474],[16.084388,47.224828],[16.0844147,47.224725],[16.0846842,47.2245386],[16.0846602,47.2244946],[16.0844531,47.2245634],[16.0843556,47.2245677],[16.0837866,47.2244818],[16.083428,47.224533],[16.0833393,47.2246472],[16.0833417,47.2247124],[16.0834306,47.2247903],[16.0835805,47.2249191],[16.0836592,47.2250479],[16.0837702,47.2251529],[16.083802,47.225231],[16.0837959,47.2252897],[16.08365,47.225336],[16.0833555,47.22532],[16.0831333,47.225339],[16.082763,47.225317],[16.0825783,47.225358],[16.0824752,47.2254376],[16.082321,47.225453],[16.0821498,47.2253803],[16.0820514,47.2252499],[16.081943,47.225204],[16.0818243,47.2252531],[16.0817236,47.2253485],[16.0815222,47.2257588],[16.0814871,47.2258669],[16.08147,47.226009],[16.0815831,47.2260816],[16.0817751,47.2261086],[16.0819226,47.2260737],[16.0821357,47.2260037],[16.082302,47.226077],[16.0824237,47.2261723],[16.0824659,47.2262883],[16.0824752,47.2264092],[16.0824212,47.2265842],[16.0824422,47.2266378],[16.0824261,47.2267495],[16.0823465,47.2267861],[16.08222,47.2267797],[16.0821146,47.2267447],[16.0820444,47.22667],[16.0819507,47.2266318],[16.081821,47.226634],[16.0817025,47.2267018],[16.0816065,47.2269578],[16.081526,47.227007],[16.0813981,47.2270628],[16.081303,47.227036],[16.081185,47.2269769],[16.0811662,47.2268745],[16.081051,47.226835],[16.0809532,47.2268767],[16.080852,47.226994],[16.080559,47.226845],[16.0804846,47.2266301],[16.080421,47.226519],[16.0804122,47.2263726],[16.0804825,47.2261882],[16.0804529,47.22597],[16.0804778,47.225859],[16.0803935,47.2258001],[16.0800563,47.2257206],[16.079923,47.225719],[16.0797659,47.2258192],[16.0795763,47.2258478],[16.0793468,47.2258542],[16.079287,47.225923],[16.0793165,47.2259898],[16.0793221,47.2262325],[16.0792835,47.2262907],[16.0792705,47.2263638],[16.0793006,47.2264012],[16.0794194,47.2264362],[16.079506,47.2264235],[16.0796652,47.2262279],[16.0798034,47.226177],[16.079895,47.22619],[16.0799743,47.2262804],[16.079948,47.226401],[16.0798409,47.2264919],[16.0797753,47.2265619],[16.0797706,47.2266414],[16.0798338,47.2267654],[16.0799299,47.2268417],[16.0801476,47.226872],[16.0803912,47.2269451],[16.0805,47.226997],[16.0805059,47.2270548],[16.0802671,47.2271089],[16.080157,47.227235],[16.0801476,47.2273347],[16.080315,47.227475],[16.0805317,47.2275494],[16.0808595,47.2275335],[16.081116,47.227573],[16.081295,47.2276384],[16.0813185,47.2277593],[16.081506,47.227888],[16.0817353,47.2278865],[16.0820069,47.2279199],[16.0821544,47.227993],[16.08222,47.2281171],[16.082188,47.228199],[16.081831,47.228429],[16.0817602,47.2284467],[16.0815175,47.2284685],[16.0814402,47.2285719],[16.0815245,47.2286466],[16.0816955,47.2286514],[16.0817891,47.2286943],[16.081836,47.228797],[16.0817774,47.2289567],[16.0814285,47.2290982],[16.080966,47.229434],[16.080918,47.2295498],[16.0809532,47.2296277],[16.081114,47.229753],[16.0812755,47.2298204],[16.0813231,47.2298774],[16.0814262,47.2299092],[16.081534,47.229917],[16.0817165,47.2298758],[16.0819367,47.2298583],[16.0821217,47.2298837],[16.0823839,47.2298885],[16.0825057,47.2298774],[16.082606,47.229839],[16.0827399,47.2295927],[16.0827118,47.2294894],[16.0827188,47.2293876],[16.082788,47.229224],[16.0829412,47.2290775],[16.083135,47.229059],[16.0832714,47.2291109],[16.0835184,47.2292909],[16.0836976,47.2294083],[16.083762,47.229524],[16.0833862,47.2297359],[16.083319,47.229814],[16.0834494,47.229968],[16.083611,47.230001],[16.0837842,47.2299919],[16.083884,47.229952],[16.0839547,47.2298722],[16.084105,47.2295975],[16.0841308,47.2294751],[16.0841478,47.2294503],[16.0842502,47.2294274],[16.0845598,47.2294816],[16.0846908,47.2294717],[16.0848651,47.229448],[16.0849872,47.2294851],[16.0852173,47.2294735],[16.08533,47.229547],[16.0853548,47.2296677],[16.0853854,47.2297714],[16.0854234,47.2300269],[16.0854679,47.2301064],[16.0855733,47.2302034],[16.0856178,47.2303544],[16.0855662,47.2304737],[16.0855592,47.2306359],[16.085634,47.230876],[16.085599,47.2310572],[16.0855358,47.2312099],[16.0854005,47.2313391],[16.0854076,47.231396],[16.0854275,47.2314208],[16.0854241,47.2314599],[16.0853976,47.2314723],[16.0852618,47.2315088],[16.0851283,47.2314834],[16.0849434,47.231477],[16.08474,47.231506],[16.0846015,47.2315454],[16.0843509,47.2316488],[16.084272,47.23173],[16.0843767,47.2318586],[16.0846366,47.2319445],[16.0847687,47.2319562],[16.0849656,47.2319822],[16.0851047,47.2320249],[16.0854491,47.2321981],[16.0854756,47.2322745],[16.0853895,47.2323622],[16.0852239,47.2324477],[16.0848856,47.2326832],[16.0847498,47.2328698],[16.0847961,47.2332723],[16.0849399,47.2333706],[16.085206,47.2333433],[16.085472,47.2332871],[16.0856956,47.2333934],[16.0859259,47.2334055],[16.0860354,47.2333934],[16.0862003,47.2333128],[16.0864337,47.2333956],[16.0865104,47.233501],[16.086514,47.2335391],[16.0862836,47.2337137],[16.0862076,47.2338093],[16.0862232,47.2339566],[16.0861285,47.234017],[16.0860801,47.2340097],[16.085984,47.2339854],[16.085823,47.2339687],[16.0855749,47.2339778],[16.085437,47.2339962],[16.0853222,47.233987],[16.085281,47.233982],[16.0852328,47.2340097],[16.0851322,47.2340826],[16.0851116,47.2341721],[16.0852529,47.234283],[16.085286,47.2343192],[16.0853401,47.2344788],[16.08532,47.2345471],[16.0852516,47.23458],[16.0850813,47.2346065],[16.0850467,47.2346292],[16.0850507,47.2346766],[16.0850667,47.2347132],[16.0851232,47.2347627],[16.0850651,47.2347885],[16.0848594,47.2347004],[16.0847655,47.2345805],[16.0848997,47.2344454],[16.0849958,47.2342739],[16.0849421,47.2340887],[16.0847812,47.2340735],[16.084542,47.2343634],[16.0841977,47.2344682],[16.0840568,47.2344879],[16.0838668,47.2344408],[16.0835404,47.234289],[16.0833168,47.2343528],[16.0832564,47.2344742],[16.0836544,47.23462],[16.083755,47.2348553],[16.0839741,47.2349752],[16.0842737,47.2352484],[16.0843631,47.2352439],[16.0845218,47.234998],[16.0846985,47.2349585],[16.0849506,47.2349723],[16.0853155,47.2349327],[16.0854214,47.2349105],[16.0854273,47.2349388],[16.0854564,47.2350587],[16.0854153,47.2351656],[16.0853395,47.2352379],[16.0853096,47.2352838],[16.0853191,47.2353528],[16.0852775,47.2354655],[16.0851881,47.2355581],[16.0850897,47.2355733],[16.0847856,47.2355445],[16.0847141,47.2354944],[16.0845999,47.2354297],[16.0845263,47.2354154],[16.0844621,47.2354177],[16.08441,47.2354519],[16.0843418,47.2355034],[16.0842749,47.2356261],[16.0842324,47.2356603],[16.0841692,47.2356778],[16.0841173,47.2356833],[16.0840936,47.235663],[16.0840485,47.2356677],[16.0839629,47.2357008],[16.0837617,47.2358344],[16.0837505,47.235889],[16.0838153,47.2359467],[16.0839081,47.2359724],[16.0839465,47.2359944],[16.083952,47.2360159],[16.0840792,47.2360591],[16.0841342,47.2360625],[16.0841774,47.2360541],[16.0842111,47.2360378],[16.0844318,47.2359713],[16.0844687,47.2359963],[16.0845397,47.2361699],[16.0845636,47.2361868],[16.0847387,47.2363111],[16.0850808,47.2364629],[16.0851925,47.2364887],[16.085197,47.2365888],[16.0851344,47.2366192],[16.085007,47.2366298],[16.0848907,47.2366222],[16.0847633,47.2366374],[16.0846023,47.2366966],[16.0844726,47.2367664],[16.084381,47.236859],[16.0842804,47.2369714],[16.0842692,47.23707],[16.0842781,47.2371672],[16.0843117,47.2372689],[16.0842983,47.2375072],[16.0842379,47.2376044],[16.0841708,47.2376787],[16.0840613,47.2377531],[16.0840233,47.2378275],[16.0841283,47.2378958],[16.0842267,47.2378958],[16.0842557,47.2378524],[16.0842278,47.2378262],[16.0842535,47.2377865],[16.0843989,47.237744],[16.0845911,47.2377364],[16.0846402,47.2377372],[16.0847074,47.2377729],[16.0848058,47.2378958],[16.0847856,47.2379869],[16.0846783,47.2380704],[16.0846224,47.238119],[16.0845443,47.2382448],[16.0845258,47.2383037],[16.0844302,47.2383527],[16.0844011,47.2384165],[16.0843944,47.2384666],[16.0844861,47.2384848],[16.0846426,47.2384438],[16.0848617,47.2384104],[16.0850539,47.2383998],[16.0852306,47.2384286],[16.0853379,47.2384241],[16.085434,47.2383831],[16.0854921,47.2382905],[16.0856084,47.2381766],[16.0857815,47.2381608],[16.08587,47.2382495],[16.0859035,47.2383573],[16.0858811,47.2385197],[16.085823,47.2386001],[16.0856635,47.2386843],[16.0856173,47.2387717],[16.0854184,47.2389265],[16.0853468,47.2389569],[16.0852529,47.2389811],[16.0851791,47.2390297],[16.0851814,47.2391117],[16.0852417,47.2391618],[16.0854099,47.2391812],[16.0855719,47.2392173],[16.0857134,47.2393019],[16.085747,47.2393667],[16.0857381,47.2394684],[16.0856956,47.2395139],[16.0856218,47.2395321],[16.0854698,47.2394562],[16.0852462,47.2394122],[16.0851501,47.239438],[16.0850182,47.2395762],[16.0850003,47.2396384],[16.0850271,47.2397188],[16.0851255,47.2397871],[16.0852663,47.2398038],[16.0853736,47.2398054],[16.0855391,47.2397629],[16.0857058,47.2397611],[16.0857719,47.2397788],[16.0858629,47.2397786],[16.085872,47.2397592],[16.0860123,47.2397702],[16.08601,47.2398131],[16.0859925,47.2398678],[16.0859884,47.2399506],[16.0860175,47.2399966],[16.0860063,47.2400543],[16.0859393,47.2400695],[16.0858141,47.2400406],[16.0856956,47.2400604],[16.0856666,47.2401603],[16.0855934,47.2401964],[16.0855129,47.2402096],[16.0853712,47.2402805],[16.0853495,47.2403888],[16.0854135,47.240448],[16.0854759,47.2404907],[16.0855959,47.2405133],[16.0853555,47.2407161],[16.0855522,47.2407677],[16.0857579,47.2405673],[16.0859423,47.2405772],[16.0860396,47.240537],[16.0862319,47.2405734],[16.0863862,47.2406493],[16.0865516,47.2406478],[16.086811,47.2406053],[16.0868713,47.2406493],[16.0868288,47.2407298],[16.0865419,47.2408651],[16.0865389,47.2409915],[16.0855534,47.241096],[16.0855596,47.2411652],[16.0855701,47.2412331],[16.0855702,47.2412331],[16.0865173,47.2411301],[16.0866173,47.2411192],[16.0866299,47.2411178],[16.0866936,47.2411109],[16.0866955,47.2411107],[16.0867178,47.2411578],[16.0867259,47.2411749],[16.0867298,47.2411868],[16.0867384,47.2412127],[16.0867422,47.241224],[16.0867407,47.2412253],[16.0867402,47.2412258],[16.0867188,47.2412453],[16.0865761,47.2412717],[16.0865649,47.2412738],[16.0865485,47.2412833],[16.0865416,47.2413008],[16.0864577,47.2413868],[16.0864589,47.2414334],[16.0864613,47.2414354],[16.0865263,47.2414902],[16.0865702,47.2415561],[16.0865784,47.2415915],[16.0866341,47.2416569],[16.0866345,47.2416577],[16.0866531,47.2416906],[16.0866549,47.2416908],[16.0866902,47.2416933],[16.0867517,47.2417046],[16.0867976,47.2416801],[16.0868161,47.2416877],[16.0868408,47.241698],[16.0868975,47.2417468],[16.0868838,47.2418364],[16.0868824,47.2418452],[16.0868341,47.2419429],[16.086784,47.24202],[16.0867585,47.2420659],[16.086759,47.2420668],[16.0868097,47.2421676],[16.0868208,47.2422042],[16.0868271,47.2422133],[16.0868423,47.242235],[16.0868493,47.2422381],[16.086903,47.2422622],[16.0869392,47.2422881],[16.0869516,47.242297],[16.0869535,47.2422969],[16.0869924,47.242295],[16.0870153,47.2422663],[16.0870266,47.2422425],[16.0870249,47.2422387],[16.087004,47.2421922],[16.0869912,47.242174],[16.0869927,47.2421001],[16.0869864,47.2420548],[16.0869859,47.2420511],[16.086987,47.2420496],[16.0870255,47.2419968],[16.087038,47.241973],[16.0870399,47.2419693],[16.0870602,47.2419535],[16.087079,47.2419413],[16.0870872,47.241936],[16.0871091,47.24187],[16.0871122,47.2418442],[16.0871121,47.2418429],[16.0871051,47.2417615],[16.0871567,47.2417107],[16.0872026,47.2416936],[16.087238,47.2416923],[16.0872508,47.2416987],[16.0872678,47.2417073],[16.0872795,47.2417117],[16.0872872,47.2417146],[16.0873266,47.2417544],[16.0873498,47.2417778],[16.0873984,47.2418631],[16.0874284,47.2418884],[16.0874294,47.2418892],[16.0874916,47.2419254],[16.0875586,47.2419596],[16.0876612,47.2420087],[16.0876644,47.2420097],[16.0877484,47.2420364],[16.0877776,47.2420286],[16.0877782,47.2420284],[16.0878337,47.242008],[16.0879172,47.2419749],[16.0880111,47.2419473],[16.0880125,47.2419479],[16.0881061,47.2419829],[16.0881429,47.2419793],[16.0881638,47.2419772],[16.0881928,47.2420028],[16.0882726,47.2420914],[16.0882904,47.2420925],[16.0883111,47.2421339],[16.088299,47.2421998],[16.0882746,47.2422261],[16.088263,47.2422333],[16.0882615,47.2422343],[16.088261,47.2422353],[16.0882606,47.2422359],[16.0882297,47.2422981],[16.0882366,47.2423136],[16.0882487,47.2423407],[16.0882511,47.2423946],[16.0882513,47.2424007],[16.0882414,47.2424111],[16.0882158,47.2424379],[16.0881912,47.2424557],[16.0881885,47.2424577],[16.0881399,47.242465],[16.088072,47.242475],[16.0880666,47.2424836],[16.0880615,47.2424916],[16.0880186,47.2424935],[16.0880139,47.2424937],[16.0880067,47.2424924],[16.087973,47.2424866],[16.0879481,47.2424747],[16.0879207,47.2424616],[16.0878535,47.2424489],[16.0878215,47.2424462],[16.0878208,47.2424465],[16.0878031,47.2424564],[16.0877731,47.2424688],[16.087765,47.2424693],[16.0877457,47.2424704],[16.0877328,47.2424999],[16.0877329,47.2425002],[16.0877338,47.2425066],[16.0877372,47.2425296],[16.0877473,47.2425488],[16.0877498,47.2425535],[16.0877573,47.2425738],[16.0877567,47.2425999],[16.0877571,47.2426011],[16.0877743,47.2426492],[16.0878001,47.24266],[16.0878012,47.2426605],[16.0877923,47.242685],[16.0877878,47.2427239],[16.0877758,47.2427698],[16.0877523,47.242829],[16.08775,47.2428345],[16.0877343,47.2428445],[16.0877292,47.2428617],[16.0877407,47.2428814],[16.0877744,47.2428879],[16.0878069,47.2429129],[16.0878155,47.2429402],[16.0878157,47.2429408],[16.0878101,47.2429981],[16.0878092,47.2430074],[16.087809,47.2430077],[16.0878004,47.2430198],[16.0877958,47.2430263],[16.0877809,47.2430472],[16.0877394,47.2430809],[16.0877132,47.2430927],[16.0876971,47.243099],[16.0876901,47.2431017],[16.0876703,47.2431084],[16.0876645,47.2431103],[16.0876485,47.2431132],[16.0876242,47.2431176],[16.0875803,47.2431197],[16.0875407,47.2431238],[16.0875391,47.2431248],[16.0875214,47.2431362],[16.0874982,47.2431403],[16.0874706,47.2431415],[16.0874556,47.2431311],[16.0874554,47.243131],[16.0874392,47.2431292],[16.0873686,47.2431213],[16.0873605,47.2431177],[16.0873249,47.243102],[16.087315,47.2431039],[16.0873011,47.2431066],[16.0872806,47.2431034],[16.0872325,47.243096],[16.0871967,47.2430893],[16.0871779,47.2430812],[16.0871666,47.2430763],[16.0871411,47.2430637],[16.0871028,47.2430448],[16.0870883,47.2430304],[16.0870565,47.2430055],[16.0870347,47.2430021],[16.0870181,47.2429994],[16.0869663,47.2429911],[16.0869473,47.242988],[16.0869489,47.2429791],[16.0869535,47.2429521],[16.0869538,47.2429502],[16.0869553,47.2429487],[16.0869739,47.2429299],[16.0869883,47.2428812],[16.0869885,47.2428806],[16.0870214,47.2428613],[16.0870416,47.2428495],[16.0870534,47.2428381],[16.0870875,47.242805],[16.087089,47.2428048],[16.0871166,47.242801],[16.0871108,47.2427768],[16.0871108,47.2427764],[16.0871147,47.2427216],[16.0870833,47.2426967],[16.0870563,47.2426783],[16.0870481,47.2426728],[16.0870463,47.2426721],[16.0870248,47.2426631],[16.0869815,47.2426564],[16.0869752,47.2426542],[16.0869431,47.2426434],[16.0869097,47.2426262],[16.0869017,47.2426112],[16.0869034,47.2425852],[16.0869037,47.242581],[16.0868551,47.2425535],[16.0867814,47.2425453],[16.08674,47.24255],[16.0867,47.2425516],[16.0866793,47.2425693],[16.0866787,47.2425698],[16.0866276,47.2426113],[16.08661,47.2426284],[16.0865792,47.2426583],[16.086578,47.2426735],[16.0865752,47.2427092],[16.0865744,47.242719],[16.0865749,47.2427254],[16.0865768,47.2427527],[16.0865795,47.2427896],[16.0865548,47.2428401],[16.0865314,47.2428567],[16.0864904,47.2428697],[16.0864216,47.2428827],[16.0863987,47.2428834],[16.0863561,47.2428846],[16.0863263,47.2428819],[16.0863134,47.2428808],[16.0862749,47.2428806],[16.0862299,47.2428921],[16.0862044,47.2428948],[16.0861898,47.2429126],[16.0861898,47.2429141],[16.0861913,47.2429685],[16.0862421,47.243005],[16.0862423,47.2430054],[16.0862504,47.2430178],[16.0862724,47.2430514],[16.0862981,47.2430921],[16.0862966,47.2431037],[16.0862927,47.2431361],[16.0862929,47.2431364],[16.086321,47.2431827],[16.0863255,47.24319],[16.0863468,47.2432245],[16.0863858,47.2432473],[16.0864095,47.2432536],[16.0864109,47.243254],[16.0864117,47.2432542],[16.086449,47.2432563],[16.0864831,47.2432494],[16.086487,47.2432486],[16.0865316,47.2432749],[16.0865731,47.2433248],[16.0866334,47.2433838],[16.0866346,47.2433854],[16.0866672,47.2434264],[16.0866679,47.2434274],[16.0866328,47.2434991],[16.086613,47.243525],[16.0866053,47.243535],[16.0865778,47.2435769],[16.0865778,47.2435885],[16.0865778,47.2435893],[16.0865773,47.2435917],[16.0865704,47.24362],[16.0865846,47.2436518],[16.0866011,47.2436692],[16.0866149,47.2436836],[16.0866422,47.2436964],[16.0866452,47.2436977],[16.0866633,47.2437052],[16.0866946,47.2437041],[16.0867099,47.2437048],[16.0867563,47.2437068],[16.0867956,47.2437098],[16.0868506,47.243725],[16.086916,47.2437348],[16.0869364,47.2437491],[16.0869888,47.2437719],[16.0870136,47.2438133],[16.0870218,47.2438332],[16.0870321,47.2438583],[16.0870329,47.2438591],[16.0870378,47.2438642],[16.087054,47.243881],[16.0870673,47.2438862],[16.0870844,47.2438928],[16.0871115,47.2438912],[16.0871304,47.2438902],[16.0871496,47.2438885],[16.0871994,47.2438843],[16.0872228,47.2438924],[16.0872854,47.2439311],[16.0872872,47.2439326],[16.087313,47.2439547],[16.0873154,47.2439568],[16.0873292,47.2440041],[16.0873288,47.2440051],[16.087321,47.2440249],[16.0872854,47.2440992],[16.0872833,47.2441037],[16.0872847,47.2441333],[16.0873338,47.2441611],[16.0873345,47.2441615],[16.0873963,47.2442187],[16.0874076,47.2442559],[16.0874074,47.2442561],[16.0873757,47.2442754],[16.0872997,47.2442901],[16.0871882,47.2443169],[16.0871676,47.2443291],[16.0871042,47.2443583],[16.0871009,47.2443624],[16.0870334,47.2444479],[16.087032,47.2444497],[16.0869872,47.2444907],[16.0869148,47.2445512],[16.0868791,47.244576],[16.0867906,47.244615],[16.0867798,47.2446188],[16.0867042,47.2446455],[16.0866962,47.2446483],[16.0866425,47.2446668],[16.0865729,47.2446763],[16.0865076,47.2446883],[16.0864708,47.2446928],[16.0863786,47.244693],[16.08631,47.2446984],[16.0863098,47.2446984],[16.0862725,47.2446866],[16.0862574,47.2446819],[16.0862571,47.2446818],[16.0861503,47.2446733],[16.0861219,47.2446537],[16.0861193,47.2446519],[16.0860638,47.2446462],[16.0860397,47.2446412],[16.0860322,47.2446396],[16.0860142,47.2446198],[16.0860123,47.2446177],[16.0859614,47.2445715],[16.0859529,47.2445682],[16.0859184,47.2445551],[16.0858543,47.2445346],[16.0857876,47.2445382],[16.0857695,47.2445392],[16.0857552,47.2445517],[16.0857551,47.2445518],[16.0857545,47.244552],[16.0857053,47.244567],[16.0856632,47.2445879],[16.0856416,47.2446135],[16.0856422,47.2446153],[16.0856552,47.2446555],[16.0856584,47.2446752],[16.0856586,47.2446761],[16.0856587,47.2446762],[16.0857073,47.244699],[16.0857444,47.2447142],[16.0857878,47.2447307],[16.0858367,47.2447493],[16.0858596,47.2447719],[16.0858631,47.2447754],[16.085864,47.2447762],[16.0858909,47.2447993],[16.0858946,47.24482],[16.0858589,47.2448776],[16.0858547,47.2448844],[16.0858544,47.2448851],[16.0858381,47.2449212],[16.0858192,47.2449802],[16.0857935,47.245033],[16.0857936,47.2450334],[16.0858027,47.2450616],[16.0858465,47.2451121],[16.0858686,47.2451514],[16.0858813,47.2451741],[16.0858816,47.2451745],[16.0859254,47.2452304],[16.0859327,47.2452893],[16.0859621,47.2453298],[16.0859672,47.2453368],[16.0859877,47.2453526],[16.086032,47.2453736],[16.0860814,47.2453868],[16.0860844,47.2453877],[16.0860964,47.2453894],[16.0861126,47.2453919],[16.0861804,47.2453906],[16.0861805,47.2453906],[16.0861817,47.2453902],[16.0862199,47.245379],[16.0862266,47.245379],[16.0862489,47.2453787],[16.0862889,47.245372],[16.0863219,47.2453743],[16.0863406,47.2453603],[16.0863447,47.2453572],[16.0863868,47.2453249],[16.08644,47.2453279],[16.0864587,47.2453371],[16.0864731,47.2453542],[16.0864958,47.2453958],[16.0864957,47.2453962],[16.0864952,47.2453988],[16.0864881,47.2454381],[16.0864793,47.2454549],[16.0864766,47.24546],[16.086444,47.245492],[16.0864389,47.245497],[16.0864112,47.2455411],[16.0864102,47.245542],[16.0863644,47.2455831],[16.0863639,47.245587],[16.0863574,47.2456323],[16.0863443,47.2456757],[16.0863415,47.2456816],[16.0863355,47.2456942],[16.0863322,47.2457013],[16.0863272,47.2457118],[16.0863197,47.2457158],[16.0862823,47.245736],[16.0862745,47.2457402],[16.0862575,47.2457441],[16.0862436,47.2457472],[16.0861883,47.2458068],[16.0861517,47.2458389],[16.0861437,47.2458604],[16.0861526,47.2458873],[16.0861593,47.2459077],[16.0861733,47.2459444],[16.0861729,47.2459448],[16.0861527,47.2459622],[16.0861389,47.2459748],[16.0861205,47.2459915],[16.0861016,47.2459992],[16.0860927,47.2460029],[16.0860766,47.2460095],[16.0860301,47.2460171],[16.0860193,47.2460188],[16.0859626,47.2460131],[16.0859461,47.2459973],[16.0859326,47.2459844],[16.0859302,47.2459756],[16.0859297,47.2459738],[16.0859098,47.2459219],[16.0859009,47.2458839],[16.0858854,47.2458699],[16.0858674,47.2458552],[16.0858299,47.2458471],[16.0858014,47.2458386],[16.0857373,47.2458303],[16.0857293,47.2458334],[16.0856981,47.2458453],[16.0856711,47.2458454],[16.0856691,47.2458454],[16.0856159,47.2458222],[16.0855958,47.2458072],[16.085574,47.245788],[16.0855733,47.2457873],[16.0855608,47.2457736],[16.0855656,47.2457407],[16.0855656,47.2457404],[16.0855657,47.2457397],[16.0856251,47.2456903],[16.0856454,47.2456508],[16.0856544,47.2456268],[16.0856546,47.2456262],[16.0856479,47.2456085],[16.0856478,47.2456084],[16.0856468,47.2455752],[16.0856468,47.2455747],[16.0856231,47.2455584],[16.085584,47.2455419],[16.0855519,47.2455337],[16.0854616,47.245543],[16.0853981,47.2455427],[16.0853457,47.2455562],[16.0853036,47.2455847],[16.0852779,47.2456232],[16.0852581,47.2456566],[16.0852351,47.2456951],[16.0852217,47.2457032],[16.0851856,47.2457251],[16.085153,47.2457396],[16.0851117,47.2457535],[16.0851055,47.2457556],[16.0850348,47.2457505],[16.084997,47.2457322],[16.084963,47.2457121],[16.0849563,47.2457125],[16.0849409,47.2457134],[16.0849283,47.2457194],[16.0849225,47.2457221],[16.0849075,47.2457375],[16.0849001,47.2457581],[16.0848668,47.2457993],[16.0848669,47.2457999],[16.0848724,47.2458479],[16.0848811,47.245887],[16.0849121,47.2459277],[16.0849292,47.2459373],[16.0849584,47.2459548],[16.0850088,47.2459754],[16.0850469,47.2459924],[16.0851148,47.2459911],[16.0851452,47.2459927],[16.0852285,47.2459849],[16.0852504,47.2459764],[16.0852728,47.2459778],[16.0853376,47.2459737],[16.085416,47.245972],[16.085417,47.2459732],[16.0854233,47.245981],[16.0854807,47.2460007],[16.0854988,47.2460068],[16.0855518,47.2460336],[16.0855544,47.246035],[16.0855897,47.2460544],[16.0855937,47.2460566],[16.0856466,47.2460953],[16.0856493,47.2461079],[16.0856531,47.2461258],[16.0856538,47.2461292],[16.0856442,47.246157],[16.0856407,47.2461669],[16.0856481,47.2461996],[16.0856475,47.2462013],[16.0856386,47.2462262],[16.0855984,47.246257],[16.0855959,47.2462589],[16.0855366,47.2462892],[16.0855333,47.2462912],[16.0854955,47.2463151],[16.0854493,47.2463253],[16.0854457,47.2463261],[16.0853877,47.2463495],[16.0853836,47.2463511],[16.0853078,47.2463824],[16.0852524,47.2464044],[16.0852502,47.2464053],[16.0852205,47.2464104],[16.0851994,47.246414],[16.0851596,47.2464007],[16.0851056,47.2463973],[16.0850575,47.2463722],[16.0850339,47.2463458],[16.0850176,47.2463277],[16.0850173,47.2463274],[16.0849851,47.2462945],[16.0849536,47.2462773],[16.0849512,47.246276],[16.0849019,47.2462651],[16.0848576,47.2462638],[16.0848342,47.24627],[16.0848324,47.2462722],[16.0848245,47.2462816],[16.0847965,47.2463043],[16.0847894,47.2463101],[16.084758,47.2463287],[16.0847581,47.2463292],[16.0847642,47.2463573],[16.0847616,47.2463785],[16.0847616,47.2463789],[16.0847616,47.2463799],[16.0847613,47.2464196],[16.0847864,47.246468],[16.0847951,47.2464808],[16.0848191,47.2465161],[16.0848437,47.2465464],[16.0848501,47.2465543],[16.0848936,47.2465968],[16.0849664,47.2466412],[16.0850128,47.2466658],[16.0850466,47.2466756],[16.0850984,47.2466941],[16.085145,47.2467005],[16.0851835,47.2466852],[16.0852454,47.2466683],[16.0852632,47.2466542],[16.0853051,47.2466398],[16.085306,47.2466395],[16.0853511,47.246624],[16.0853755,47.2466208],[16.0854106,47.2466163],[16.0854636,47.2465928],[16.0854669,47.2465913],[16.0854941,47.2465974],[16.0855946,47.2466129],[16.0856233,47.2466217],[16.0856598,47.2466408],[16.0857032,47.2466728],[16.085761,47.2467065],[16.0857695,47.2467384],[16.0857734,47.2467532],[16.0857738,47.246754],[16.08579,47.2467848],[16.0857899,47.2467851],[16.0857851,47.2468207],[16.0857668,47.2468718],[16.0857757,47.2469038],[16.0858001,47.2469353],[16.0858387,47.2469554],[16.0859039,47.2469632],[16.0859205,47.2469765],[16.0859351,47.247022],[16.0859351,47.2470227],[16.0859364,47.2470594],[16.0859001,47.2470929],[16.0858667,47.2471313],[16.0858499,47.2471689],[16.0857831,47.2472163],[16.0857372,47.247227],[16.0857071,47.2472239],[16.0856696,47.2472101],[16.0856424,47.2471941],[16.0856297,47.2471834],[16.0855624,47.2471371],[16.0854884,47.247069],[16.0854423,47.2470433],[16.0853947,47.2470226],[16.0853387,47.2470151],[16.0853073,47.2470111],[16.0852818,47.2470172],[16.0852141,47.2470395],[16.085161,47.2470543],[16.0851104,47.2470683],[16.0851046,47.2470701],[16.0850543,47.2470865],[16.0850083,47.2470894],[16.0850029,47.2470898],[16.0849749,47.2471017],[16.0848701,47.2471247],[16.084858,47.2471379],[16.084828,47.2471467],[16.0848104,47.2471756],[16.0848212,47.2472019],[16.0848507,47.2472417],[16.0848508,47.2472417],[16.0848743,47.247255],[16.0849504,47.2472867],[16.0850377,47.2473282],[16.0850753,47.2473651],[16.0851083,47.2473957],[16.0851377,47.2474317],[16.0851677,47.2474654],[16.0852281,47.2475119],[16.0852302,47.247513],[16.0852915,47.2475442],[16.0853036,47.2475503],[16.0854199,47.2476198],[16.0854503,47.2476448],[16.0855137,47.2476766],[16.0855463,47.2476982],[16.0855923,47.2477187],[16.085702,47.2477213],[16.0857265,47.247726],[16.0858141,47.247693],[16.0858612,47.2476519],[16.0859207,47.247627],[16.0859938,47.2476022],[16.0860198,47.2476079],[16.0860405,47.247619],[16.0861071,47.2476518],[16.0861521,47.2476922],[16.0861591,47.2476953],[16.0862182,47.2477222],[16.0862459,47.2477551],[16.0862481,47.2477578],[16.0862488,47.2477896],[16.0862532,47.2478393],[16.0862554,47.2478638],[16.0862555,47.2478993],[16.0862555,47.2479069],[16.0862554,47.2479072],[16.0862533,47.2479225],[16.086248,47.2479601],[16.0862463,47.2479664],[16.0862325,47.2480181],[16.0862031,47.2480817],[16.0861815,47.2481825],[16.08617,47.248236],[16.0861738,47.2483057],[16.0861749,47.2483077],[16.0861831,47.2483228],[16.0862165,47.248345],[16.0862183,47.2483462],[16.0862183,47.2483466],[16.0862194,47.24837],[16.0862204,47.2483905],[16.0862091,47.2484356],[16.0862051,47.2484517],[16.0861962,47.2484908],[16.0861664,47.24853],[16.0861542,47.2485342],[16.0861303,47.2485425],[16.0861214,47.2485456],[16.0860798,47.2485442],[16.0860554,47.2485344],[16.0860271,47.2485025],[16.0860129,47.2484829],[16.085951,47.2484301],[16.0859242,47.2484148],[16.0859061,47.2484086],[16.0858666,47.2484044],[16.0858365,47.2484127],[16.0858151,47.2484322],[16.0858136,47.2484378],[16.0858103,47.2484504],[16.0858088,47.248456],[16.0858148,47.2485028],[16.085815,47.2485042],[16.0858175,47.2485196],[16.0858133,47.2485255],[16.085795,47.2485518],[16.0857942,47.2485529],[16.0857658,47.2485781],[16.0857531,47.2485825],[16.0857398,47.2485871],[16.0857206,47.2485937],[16.0856429,47.2486036],[16.0856271,47.2486056],[16.0856065,47.2486171],[16.0854958,47.248617],[16.085475,47.2486175],[16.0854426,47.2486183],[16.0854139,47.2486171],[16.0853946,47.2486163],[16.0853555,47.248592],[16.0853221,47.2485784],[16.0852591,47.2485405],[16.0852024,47.2485196],[16.085173,47.2485139],[16.0851431,47.2485168],[16.0850846,47.2485271],[16.0850711,47.2485262],[16.085057,47.2485253],[16.0850116,47.2485251],[16.085009,47.2485251],[16.0849856,47.2485108],[16.0849367,47.2484933],[16.0848961,47.2484945],[16.084874,47.2484807],[16.0848349,47.2484461],[16.084833,47.2484265],[16.0848329,47.2484263],[16.0848329,47.2484258],[16.0848332,47.2483767],[16.0848336,47.2483278],[16.0848339,47.2482916],[16.084834,47.2482815],[16.0847852,47.2482354],[16.0847849,47.248235],[16.084773,47.2482186],[16.0847698,47.2482142],[16.0847382,47.2482031],[16.0847198,47.2481992],[16.0847009,47.248201],[16.0846832,47.2482057],[16.0846788,47.248208],[16.0846286,47.2482343],[16.0846272,47.2482351],[16.0846131,47.248243],[16.0845738,47.2482651],[16.0845685,47.2482681],[16.0845551,47.2482816],[16.0845224,47.2483215],[16.0845214,47.2483223],[16.0844836,47.2483538],[16.0844555,47.2484025],[16.084423,47.2484231],[16.084416,47.2484258],[16.0843793,47.2484394],[16.0843614,47.2484413],[16.0843328,47.2484442],[16.0842344,47.248471],[16.084197,47.2484846],[16.084186,47.2484886],[16.084171,47.248494],[16.0841487,47.2485006],[16.084139,47.2485062],[16.0841233,47.2485152],[16.0841205,47.2485168],[16.0841162,47.2485559],[16.0840832,47.2485751],[16.0840751,47.2485798],[16.084043,47.2485802],[16.084036,47.2485802],[16.083998,47.2485757],[16.0839624,47.248564],[16.0839589,47.2485589],[16.0839442,47.2485376],[16.0839442,47.248533],[16.0839446,47.2485103],[16.0839447,47.2485059],[16.0839544,47.248467],[16.0839545,47.2484663],[16.083973,47.2484307],[16.0839769,47.2484231],[16.0839968,47.2483772],[16.0840004,47.2483651],[16.084012,47.2483259],[16.0840251,47.24832],[16.0840338,47.2483161],[16.0840335,47.2483051],[16.0840329,47.248282],[16.0840332,47.2482762],[16.0840343,47.248257],[16.0840224,47.2482423],[16.0839984,47.2481903],[16.0839666,47.2481548],[16.0839535,47.2481419],[16.0839214,47.2481134],[16.0839134,47.2481063],[16.0839051,47.24809],[16.083904,47.2480879],[16.0838794,47.2480492],[16.0838631,47.2480076],[16.0838624,47.248006],[16.0838512,47.2479796],[16.0838475,47.247971],[16.0838363,47.2479444],[16.0838245,47.2479185],[16.0838157,47.2479115],[16.0838138,47.24791],[16.0838012,47.2479],[16.0837842,47.2478966],[16.0837751,47.2478948],[16.0837389,47.2478838],[16.0837261,47.2478799],[16.0836627,47.2478709],[16.0835895,47.2478659],[16.0835878,47.2478657],[16.0835111,47.2478584],[16.083487,47.2478561],[16.0833971,47.2478624],[16.0833596,47.2478593],[16.0832784,47.2478392],[16.0831931,47.2478282],[16.0831366,47.2478178],[16.0831256,47.2478143],[16.0830818,47.2478007],[16.0830761,47.2477989],[16.0830529,47.2477955],[16.0830125,47.2477909],[16.0830085,47.2477916],[16.0829622,47.247801],[16.0829606,47.2478013],[16.0829317,47.2478225],[16.082931,47.2478236],[16.0829237,47.2478349],[16.0829109,47.2478545],[16.0828798,47.2479191],[16.0828804,47.2479358],[16.0828701,47.2479844],[16.082876,47.2480106],[16.0828815,47.2480352],[16.0828666,47.2480727],[16.0828675,47.2480787],[16.0828726,47.2481132],[16.0828676,47.2481473],[16.0828499,47.2481756],[16.0828461,47.248186],[16.0828396,47.2482042],[16.0828258,47.2482192],[16.0828193,47.2482496],[16.0828189,47.2482518],[16.0828108,47.2483046],[16.0828127,47.2483457],[16.0828192,47.2483831],[16.0828199,47.2483873],[16.082818,47.2483922],[16.0828062,47.2484221],[16.0827971,47.2484713],[16.0827917,47.248491],[16.0827832,47.2485223],[16.0827711,47.2485397],[16.0827731,47.2485949],[16.0827794,47.2486084],[16.082779,47.2486095],[16.0827726,47.2486245],[16.0827612,47.2486516],[16.0827635,47.2486674],[16.0827639,47.2486702],[16.0827908,47.2486821],[16.0828153,47.2487019],[16.0828389,47.2487155],[16.0828628,47.2487232],[16.0828857,47.2487306],[16.0829443,47.2487282],[16.0829927,47.2487264],[16.0830167,47.2487237],[16.0830596,47.2487189],[16.0830808,47.2487176],[16.0830878,47.2487164],[16.0831307,47.2487085],[16.0831522,47.2487118],[16.08318,47.248716],[16.0831978,47.2487188],[16.0831992,47.248719],[16.0832073,47.2487181],[16.0832263,47.2487161],[16.0832745,47.2487128],[16.0832754,47.2487125],[16.0832922,47.2487084],[16.0833108,47.2486872],[16.0833243,47.2486641],[16.0833247,47.2486633],[16.0833325,47.2486609],[16.0833449,47.2486571],[16.0833724,47.2486618],[16.0834272,47.2486514],[16.0834331,47.2486503],[16.0834738,47.2486506],[16.0835018,47.2486508],[16.0835329,47.2486545],[16.0836107,47.2486635],[16.0836682,47.2486826],[16.0837195,47.2486936],[16.0837421,47.248695],[16.0837691,47.2486888],[16.0837873,47.2486812],[16.0838077,47.248683],[16.0838264,47.248688],[16.0838499,47.2486976],[16.0838533,47.2486997],[16.0838873,47.2487212],[16.0838931,47.2487248],[16.0838984,47.2487483],[16.0838834,47.2487829],[16.0838604,47.2488184],[16.0838549,47.2488269],[16.0838377,47.2488695],[16.0838149,47.2488754],[16.0838008,47.2488846],[16.0837959,47.2489079],[16.0837881,47.2489454],[16.0837914,47.248951],[16.083796,47.2489588],[16.0838123,47.2489794],[16.0838171,47.2489853],[16.0838169,47.2489856],[16.0838097,47.2489969],[16.0837971,47.2490169],[16.0837934,47.2490202],[16.0837561,47.2490536],[16.0837522,47.2490549],[16.0837197,47.2490657],[16.0836732,47.2490682],[16.0836352,47.2490645],[16.0835896,47.24906],[16.0835754,47.2490573],[16.083512,47.2490454],[16.083495,47.2490403],[16.0834543,47.2490282],[16.0833859,47.249033],[16.0833785,47.249032],[16.0833265,47.2490251],[16.0833177,47.2490239],[16.0833127,47.249026],[16.0832796,47.2490398],[16.0832651,47.2490458],[16.0832492,47.2490606],[16.0832229,47.2490737],[16.0831979,47.2491037],[16.083198,47.2491039],[16.0832034,47.2491153],[16.0831841,47.249177],[16.0831838,47.2491779],[16.0831731,47.24924],[16.0831826,47.2492634],[16.0831852,47.24927],[16.0831855,47.2492738],[16.0831869,47.2492972],[16.0831994,47.2493121],[16.0831999,47.2493128],[16.0832023,47.249325],[16.0832286,47.2493427],[16.0832626,47.2493508],[16.083265,47.2493573],[16.0832934,47.2493682],[16.0833078,47.2493738],[16.0833176,47.2493743],[16.0833237,47.2493746],[16.0833435,47.24938],[16.0833661,47.249378],[16.0834374,47.2493857],[16.0834415,47.2493848],[16.0834618,47.2493804],[16.0834946,47.2493696],[16.0835241,47.249359],[16.0835368,47.249348],[16.083561,47.2493269],[16.0835871,47.2493161],[16.0837088,47.2493294],[16.0837495,47.2493409],[16.0837873,47.2493768],[16.0837878,47.2493787],[16.0838026,47.2494401],[16.0838113,47.2494494],[16.0838368,47.249477],[16.083838,47.2494924],[16.0838643,47.2495111],[16.0838823,47.249524],[16.083894,47.2495324],[16.0839344,47.2495692],[16.083996,47.2496028],[16.0840077,47.2496153],[16.0840686,47.2496207],[16.0841183,47.2496357],[16.0841353,47.2496408],[16.0841854,47.2496551],[16.0842192,47.2496648],[16.0842313,47.2496761],[16.0842346,47.2496792],[16.084301,47.2497079],[16.0843331,47.2497218],[16.0843503,47.249723],[16.0844101,47.2497461],[16.0845146,47.2497545],[16.0845351,47.2497561],[16.0845844,47.2497725],[16.0846213,47.2497883],[16.0846326,47.2497938],[16.0846436,47.2497991],[16.084651,47.2498012],[16.0847044,47.2498165],[16.0847525,47.2498389],[16.084793,47.2498466],[16.0848697,47.2498478],[16.084902,47.2498413],[16.0849159,47.2498476],[16.0849159,47.2498482],[16.0849161,47.2498603],[16.0849198,47.2498669],[16.0849251,47.2498761],[16.0849426,47.2498955],[16.0849423,47.2498961],[16.0849292,47.2499212],[16.0849293,47.2499215],[16.0849304,47.2499366],[16.0849069,47.2499527],[16.0848761,47.2499702],[16.0848477,47.2499864],[16.0848373,47.2500024],[16.0847925,47.2500359],[16.0847814,47.2500564],[16.0847635,47.2501014],[16.0847654,47.2501339],[16.0847663,47.2501498],[16.0848013,47.2502079],[16.0848252,47.2502249],[16.084872,47.2502355],[16.0849453,47.2502445],[16.0850174,47.2502531],[16.0850641,47.2502554],[16.0850781,47.2502663],[16.0851048,47.2502789],[16.0851153,47.2502838],[16.085163,47.2503062],[16.0851874,47.2503269],[16.0852005,47.2503379],[16.0852599,47.2503676],[16.085274,47.2503746],[16.0853274,47.250396],[16.0853772,47.2504018],[16.0854324,47.2504191],[16.0854778,47.2504336],[16.0855463,47.2504432],[16.0855746,47.2504436],[16.0856291,47.2504295],[16.0856556,47.2504433],[16.0856747,47.2504528],[16.0856783,47.2504558],[16.0857046,47.2504773],[16.0857135,47.2504846],[16.085718,47.2505046],[16.0857179,47.2505049],[16.0857036,47.2505441],[16.0857034,47.2505463],[16.0856999,47.2505856],[16.0856875,47.2505946],[16.0856868,47.2505951],[16.0856833,47.2506051],[16.0856778,47.2506209],[16.0856885,47.2506309],[16.0856781,47.2506479],[16.0856497,47.2506657],[16.0856304,47.2506777],[16.0856234,47.2506815],[16.0855725,47.250709],[16.0855494,47.2507131],[16.0855474,47.2507134],[16.0855015,47.2507355],[16.0854262,47.2507541],[16.0853691,47.250762],[16.0853645,47.2507627],[16.085349,47.2507632],[16.0853196,47.2507642],[16.0852464,47.250772],[16.0851807,47.2507695],[16.0851158,47.2507773],[16.0850419,47.250765],[16.0849486,47.250751],[16.0848878,47.2507507],[16.0848188,47.2507518],[16.0847625,47.2507408],[16.0847366,47.2507442],[16.0846665,47.2507527],[16.0846057,47.2507458],[16.0846006,47.2507469],[16.0845819,47.2507508],[16.0845715,47.2507492],[16.0845316,47.250743],[16.0845099,47.2507401],[16.0844631,47.2507338],[16.0844517,47.2507244],[16.0843966,47.2507032],[16.084316,47.2506746],[16.0842956,47.2506493],[16.0842571,47.2506317],[16.0841914,47.2506088],[16.0841415,47.2505931],[16.0840837,47.2505672],[16.0840284,47.2505508],[16.0838777,47.2505453],[16.0838499,47.2505471],[16.0838036,47.250534],[16.0837323,47.2505115],[16.0836594,47.2504834],[16.0836273,47.2504798],[16.0835286,47.2504781],[16.083496,47.2505091],[16.0834227,47.2505223],[16.0833939,47.2505346],[16.0833552,47.250533],[16.0833027,47.2505089],[16.083273,47.2505085],[16.0832502,47.2505124],[16.0832285,47.2505242],[16.0831563,47.2505626],[16.0831374,47.2505798],[16.0830931,47.2506175],[16.0830539,47.2506521],[16.0830376,47.2506635],[16.0830376,47.2506642],[16.0830359,47.250678],[16.0830338,47.2506964],[16.0830162,47.2507582],[16.082995,47.250842],[16.082983,47.2508977],[16.0829102,47.2509062],[16.0828906,47.2509202],[16.082865,47.2509272],[16.0828624,47.250929],[16.0828234,47.2509554],[16.0828224,47.2509561],[16.0828224,47.2509566],[16.0828238,47.2509695],[16.0828384,47.2510006],[16.0828576,47.2510434],[16.082881,47.2510737],[16.0829442,47.251086],[16.0829821,47.2510981],[16.0830716,47.2511041],[16.0830927,47.2511043],[16.0831943,47.2510858],[16.083264,47.2510797],[16.0833009,47.2510733],[16.0833067,47.2510723],[16.0833812,47.2510593],[16.0834033,47.2510515],[16.0834538,47.2510473],[16.0835861,47.2510509],[16.0836607,47.2510382],[16.08374,47.2509921],[16.0837625,47.2509923],[16.0838214,47.2509728],[16.0838485,47.2509707],[16.0838519,47.2509722],[16.0838743,47.2509821],[16.0839566,47.2509951],[16.0839664,47.2509966],[16.0840155,47.2510328],[16.0840238,47.2510493],[16.0840391,47.2510798],[16.0840463,47.2510941],[16.0840449,47.2511014],[16.084043,47.2511118],[16.084045,47.2511231],[16.0840492,47.2511465],[16.0840459,47.2511715],[16.0840429,47.2511945],[16.0840421,47.251208],[16.0840405,47.2512357],[16.0840397,47.251249],[16.0840359,47.2512605],[16.0840216,47.2513035],[16.0840224,47.2513087],[16.0840293,47.2513538],[16.0840352,47.2513914],[16.0840329,47.2514325],[16.0840676,47.2514743],[16.0840948,47.2515223],[16.0840948,47.2515226],[16.0840937,47.2515281],[16.0840795,47.2516012],[16.0840623,47.2516403],[16.0840623,47.2516404],[16.0840539,47.2516597],[16.0840136,47.2517129],[16.0839669,47.251757],[16.083951,47.2517947],[16.0839335,47.2518124],[16.0839134,47.2518249],[16.0839102,47.2518269],[16.0838856,47.2518272],[16.0838584,47.2518204],[16.0838435,47.2518092],[16.0838297,47.2517904],[16.0838279,47.251788],[16.0838158,47.2517418],[16.0838131,47.2517318],[16.0838467,47.2517],[16.0838557,47.2516765],[16.0838558,47.2516763],[16.0838556,47.2516629],[16.0838549,47.2516229],[16.0838465,47.2516015],[16.0837872,47.2515508],[16.0837323,47.2515041],[16.0836918,47.2514599],[16.0836608,47.2514038],[16.0836605,47.2514033],[16.0836888,47.25137],[16.0836907,47.2513401],[16.0836638,47.2513257],[16.083604,47.2512995],[16.0835499,47.251282],[16.0834948,47.2512886],[16.0834428,47.2513023],[16.0834201,47.2513168],[16.0833774,47.2513597],[16.0833714,47.2513982],[16.0833726,47.2514217],[16.0833756,47.2514805],[16.0833753,47.2514812],[16.0833209,47.2516062],[16.0832731,47.2516723],[16.0832626,47.251692],[16.0832603,47.2517069],[16.0832513,47.2517647],[16.0832499,47.2517675],[16.0832255,47.2518172],[16.0832108,47.2518842],[16.0831961,47.2519481],[16.0831424,47.2520153],[16.0831401,47.25202],[16.0831077,47.252085],[16.0831074,47.2520852],[16.0830433,47.2521113],[16.0830118,47.2521129],[16.0829556,47.2520949],[16.0829297,47.2520755],[16.0829073,47.2520586],[16.0828534,47.2519921],[16.0828532,47.2519918],[16.0828071,47.2518798],[16.0828012,47.2518743],[16.0827858,47.2518598],[16.0827446,47.2518082],[16.0827442,47.2518077],[16.0827473,47.2517327],[16.0827497,47.2516772],[16.0827497,47.2516766],[16.0827639,47.2516671],[16.0827761,47.2516223],[16.0827834,47.2515931],[16.0827914,47.2515606],[16.0827915,47.2515602],[16.0828211,47.2515035],[16.0828558,47.2514681],[16.082856,47.2514679],[16.0828505,47.2514541],[16.0828504,47.2514537],[16.0828633,47.2514342],[16.0828635,47.2514339],[16.0828535,47.2514181],[16.0828496,47.2514159],[16.0828267,47.2514028],[16.0828221,47.2514002],[16.0827891,47.2513879],[16.0827042,47.2513792],[16.0826708,47.2513986],[16.0826263,47.2514308],[16.0826066,47.2514782],[16.0826045,47.2514831],[16.0826044,47.2514833],[16.0825831,47.251513],[16.0825818,47.2515154],[16.0825735,47.2515308],[16.0825165,47.2515866],[16.0825122,47.2515908],[16.0823792,47.2516592],[16.0822841,47.251698],[16.0822834,47.2516996],[16.0822711,47.2517275],[16.0822382,47.2517365],[16.0822375,47.2517367],[16.082152,47.251741],[16.0821162,47.251754],[16.0820811,47.2517472],[16.0819989,47.2516974],[16.0819288,47.2516741],[16.0818949,47.2516663],[16.081854,47.251657],[16.0818411,47.2516682],[16.081773,47.2516611],[16.0817538,47.2516544],[16.081733,47.2516573],[16.0816859,47.2516659],[16.0815562,47.2516187],[16.0815458,47.2516088],[16.0814986,47.25159],[16.0814206,47.2516202],[16.0813657,47.2516234],[16.0813321,47.2516316],[16.0813087,47.2516374],[16.0812533,47.2516144],[16.0812497,47.2516129],[16.0812224,47.25161],[16.0812122,47.2516089],[16.0812007,47.2516077],[16.0811974,47.2516081],[16.081141,47.251615],[16.081077,47.2516298],[16.0810431,47.2516705],[16.0810404,47.2516742],[16.0810172,47.2517056],[16.0810132,47.2517346],[16.0810141,47.2517456],[16.0810176,47.2517884],[16.0810155,47.2518166],[16.0810142,47.2518342],[16.0810141,47.2518533],[16.0810141,47.251876],[16.0810109,47.2519167],[16.0810496,47.2519607],[16.0810502,47.2519613],[16.08115,47.2519915],[16.0812394,47.2520045],[16.081257,47.2520179],[16.0812747,47.2520198],[16.0812898,47.2520245],[16.0813062,47.2520402],[16.0813167,47.2520501],[16.081322,47.2520464],[16.0813805,47.2520048],[16.0813898,47.2519984],[16.0815004,47.2520735],[16.0816992,47.2522085],[16.0817124,47.2522174],[16.0817246,47.2522185],[16.0817637,47.252222],[16.0818269,47.2522854],[16.0818385,47.252297],[16.0820133,47.2523231],[16.0820555,47.2523361],[16.0820813,47.252333],[16.0822046,47.2523309],[16.0822047,47.2523307],[16.08222,47.2523085],[16.0822271,47.2522718],[16.0822289,47.2522625],[16.0822215,47.2522169],[16.0822198,47.2522069],[16.0822398,47.2521934],[16.0822497,47.2521868],[16.0822689,47.2521739],[16.082295,47.252169],[16.0825058,47.2521568],[16.0825378,47.2521694],[16.0825413,47.2521707],[16.0825815,47.2521864],[16.0826422,47.2522134],[16.0826711,47.2522262],[16.0826802,47.2522294],[16.082762,47.2522585],[16.082822,47.2523067],[16.0828353,47.2523174],[16.0828532,47.2523304],[16.0828781,47.2523485],[16.0829069,47.2523908],[16.0829068,47.2523914],[16.0829051,47.2523983],[16.0828365,47.2526824],[16.0826363,47.2527815],[16.0823954,47.252671],[16.0822018,47.2525823],[16.0821915,47.2525843],[16.0821105,47.2526002],[16.0820857,47.2526088],[16.0820254,47.2526294],[16.0820137,47.2526334],[16.0820282,47.252668],[16.0820268,47.2527386],[16.0819756,47.2527737],[16.0819474,47.2527851],[16.0819144,47.2527836],[16.0818597,47.2527921],[16.0818459,47.2527943],[16.0818157,47.2527823],[16.0817599,47.2527652],[16.0817597,47.2527651],[16.0817592,47.252765],[16.081687,47.252755],[16.0816588,47.2527511],[16.0815643,47.2527421],[16.0815392,47.2527426],[16.0814955,47.2527518],[16.0813672,47.252786],[16.0813182,47.2528091],[16.0812831,47.2528558],[16.0812821,47.2528947],[16.0812962,47.2529079],[16.0813418,47.2529634],[16.0813972,47.2530145],[16.0814288,47.2530815],[16.0814631,47.2531425],[16.0814661,47.2531634],[16.0814747,47.2531781],[16.081557,47.2532064],[16.0816085,47.2532156],[16.0816449,47.2532049],[16.0817085,47.2531888],[16.0817332,47.2531826],[16.0817863,47.2531376],[16.0818339,47.2531095],[16.0818344,47.2531092],[16.0818777,47.2530778],[16.0818829,47.2530707],[16.0819175,47.2530573],[16.0819188,47.2530551],[16.0819284,47.2530389],[16.0819614,47.2530351],[16.0819622,47.2530352],[16.0820164,47.2530404],[16.0820486,47.2530477],[16.0820609,47.2530631],[16.0820681,47.2530861],[16.0820685,47.2531072],[16.0820328,47.253164],[16.0820116,47.253174],[16.0820135,47.2531901],[16.0819865,47.2532428],[16.0819874,47.2532592],[16.0820057,47.2532862],[16.0820471,47.2533202],[16.0820901,47.2533429],[16.0821056,47.2533422],[16.0821222,47.2533413],[16.0821467,47.2533414],[16.0821958,47.2533417],[16.0823323,47.2533761],[16.0823851,47.2533857],[16.0824205,47.2533921],[16.0824923,47.2534141],[16.0825045,47.2534179],[16.0825598,47.2534285],[16.0826327,47.2534426],[16.0826557,47.2534458],[16.0826582,47.2534476],[16.082682,47.2534644],[16.082762,47.2534561],[16.0828186,47.2534395],[16.0828371,47.2534319],[16.0828632,47.2534163],[16.082878,47.2533952],[16.0829635,47.2533288],[16.0830049,47.2533179],[16.0830304,47.2533107],[16.0831046,47.2533094],[16.0831492,47.253303],[16.0832369,47.2532921],[16.0832658,47.2532972],[16.0833015,47.2533145],[16.0833758,47.2533565],[16.0833943,47.2533762],[16.083448,47.2533931],[16.0835045,47.2534284],[16.0835517,47.2534789],[16.0835622,47.2535204],[16.0835842,47.25354],[16.0835788,47.2535661],[16.083564,47.2535869],[16.0835226,47.2535991],[16.0835221,47.2535991],[16.0834919,47.2535953],[16.0834698,47.2535871],[16.0834078,47.2535691],[16.0833836,47.2535601],[16.083382,47.2535592],[16.0833662,47.2535499],[16.0832885,47.253518],[16.0832535,47.2535178],[16.0832158,47.2535224],[16.0831696,47.2535413],[16.0831416,47.2535567],[16.0831012,47.2535935],[16.0830975,47.2536275],[16.0830858,47.253673],[16.083086,47.2537002],[16.0831109,47.2537248],[16.0831469,47.2537411],[16.0831686,47.2537457],[16.0831981,47.253752],[16.0832085,47.2537608],[16.0832335,47.2537821],[16.0832383,47.2537935],[16.0832505,47.2538222],[16.0832535,47.2538293],[16.0832491,47.2538389],[16.0832305,47.2538802],[16.0831878,47.2539071],[16.0831712,47.2539238],[16.0831345,47.2539274],[16.0831451,47.2539746],[16.0831522,47.2540139],[16.0831679,47.2540775],[16.0831874,47.2541568],[16.0831858,47.254159],[16.083095,47.2542801],[16.0830462,47.2542856],[16.0830412,47.2542862],[16.0829675,47.2540463],[16.0829595,47.2540229],[16.0829434,47.2539752],[16.0829421,47.2539712],[16.0828854,47.2539924],[16.0828633,47.2540088],[16.0828013,47.254049],[16.0827944,47.2540535],[16.0827814,47.2540634],[16.0827343,47.2540995],[16.0827036,47.2541233],[16.0826644,47.2541554],[16.0826443,47.2541738],[16.082629,47.2541878],[16.0826092,47.254203],[16.0825867,47.2542022],[16.0825723,47.2542017],[16.0825462,47.2542083],[16.0825274,47.2542006],[16.0824831,47.2541818],[16.0824811,47.254181],[16.0824807,47.2541786],[16.082479,47.2541673],[16.0824787,47.2541666],[16.0824666,47.2541422],[16.0824724,47.2541226],[16.0825014,47.2540932],[16.0825503,47.2540326],[16.0825737,47.2539985],[16.0825799,47.2539895],[16.082584,47.2539786],[16.0825848,47.2539637],[16.0825862,47.2539379],[16.0825773,47.2538886],[16.0825785,47.2538631],[16.0825795,47.2538405],[16.0825509,47.2537887],[16.0825339,47.2537593],[16.0825296,47.2537518],[16.0825243,47.2537485],[16.0824573,47.253706],[16.0824432,47.253697],[16.0823551,47.2536717],[16.0822521,47.2536923],[16.0822119,47.2537078],[16.0822031,47.2537223],[16.0821521,47.2537585],[16.0821184,47.2537824],[16.0821127,47.2537941],[16.0821121,47.2537954],[16.0821091,47.2537968],[16.0820822,47.2538092],[16.0820047,47.2538471],[16.0819948,47.253852],[16.0819819,47.253854],[16.0819699,47.2538557],[16.0819125,47.2538737],[16.0818128,47.2538945],[16.081754,47.2539192],[16.0816842,47.2539567],[16.0816227,47.2539806],[16.0815267,47.2540267],[16.0814596,47.2540733],[16.0814348,47.2541055],[16.0814184,47.254127],[16.0813577,47.2541701],[16.0813266,47.2541806],[16.0812935,47.2541918],[16.0812698,47.2542041],[16.0812481,47.2542148],[16.0812338,47.2542492],[16.081243,47.2542747],[16.0812483,47.2542861],[16.0812646,47.2543012],[16.0812915,47.2543084],[16.0813317,47.2543034],[16.0813438,47.2543021],[16.081437,47.2542918],[16.0814576,47.254292],[16.0815331,47.254293],[16.0815883,47.2542923],[16.0815938,47.2542913],[16.0816244,47.2542857],[16.0816614,47.2543012],[16.0816966,47.2543172],[16.0817289,47.2543319],[16.0817767,47.2543352],[16.081796,47.2543366],[16.0818188,47.254343],[16.0818399,47.254349],[16.0819748,47.2543608],[16.0820453,47.2543588],[16.0820989,47.2543472],[16.0821589,47.2543343],[16.082237,47.2543278],[16.0823092,47.2543193],[16.0823539,47.2543177],[16.0824067,47.2543166],[16.082421,47.2543212],[16.0824332,47.254328],[16.082439,47.2543312],[16.082477,47.2543431],[16.0824965,47.254358],[16.0825192,47.2543929],[16.0825218,47.2543968],[16.0825225,47.2544004],[16.0825258,47.2544176],[16.0825262,47.2544196],[16.0825197,47.2544677],[16.0824782,47.2545028],[16.082438,47.2545367],[16.0823601,47.2546207],[16.0823073,47.2546717],[16.0822642,47.2547416],[16.0822689,47.254746],[16.0822802,47.2547566],[16.0822502,47.2547792],[16.0822497,47.2547797],[16.0822047,47.2548404],[16.0821959,47.2548531],[16.0821402,47.2548875],[16.0820513,47.2549239],[16.0820332,47.2549363],[16.0819629,47.2550009],[16.0819448,47.2550568],[16.0819339,47.2550845],[16.0819417,47.2551327],[16.0819446,47.2551503],[16.0819479,47.2551711],[16.0819629,47.2551777],[16.0819867,47.2551882],[16.0819987,47.2552055],[16.0820428,47.2552749],[16.0820489,47.2553211],[16.0820557,47.255344],[16.0820425,47.2553552],[16.0820283,47.2553673],[16.0820214,47.255387],[16.0820224,47.2553932],[16.0820237,47.2554016],[16.0820065,47.2554161],[16.0820033,47.2554187],[16.0819919,47.2554284],[16.0819711,47.2554309],[16.0819636,47.2554347],[16.0819426,47.2554269],[16.0819193,47.2554154],[16.0819052,47.2554027],[16.081897,47.2553953],[16.0818743,47.2553889],[16.0818295,47.2553641],[16.0817642,47.2553182],[16.0817233,47.2552889],[16.0817039,47.2552706],[16.0816779,47.2552441],[16.0816489,47.2552374],[16.081596,47.255237],[16.0815057,47.2552384],[16.0814718,47.2552485],[16.0814469,47.2552666],[16.0814453,47.2552908],[16.0814453,47.2553301],[16.081452,47.2553451],[16.0814812,47.2553814],[16.0814975,47.2554042],[16.0815428,47.2554129],[16.0815515,47.2554146],[16.0816002,47.2554409],[16.0816231,47.2554452],[16.0816419,47.2554508],[16.0816582,47.2554783],[16.0816535,47.2555149],[16.0816379,47.2555259],[16.0816257,47.255557],[16.0816102,47.255573],[16.0815639,47.2555971],[16.0815358,47.2556041],[16.0815167,47.2556089],[16.0815094,47.2556125],[16.0814927,47.2556208],[16.0814614,47.2556276],[16.0813548,47.2556243],[16.0813291,47.2556159],[16.0813071,47.255597],[16.0813068,47.2555966],[16.0812731,47.2555509],[16.0812303,47.2555298],[16.0811861,47.2555189],[16.0811408,47.2555197],[16.0810761,47.2555333],[16.081034,47.2555543],[16.0810289,47.2555568],[16.0810079,47.2555671],[16.0809601,47.255511],[16.0809494,47.2554985],[16.0809459,47.2554944],[16.0809158,47.2554974],[16.0804014,47.2555493],[16.0804187,47.2556092],[16.0804195,47.2556121],[16.0804478,47.2557104],[16.0804565,47.2557395],[16.0808154,47.2557771],[16.0808343,47.2557792],[16.0809039,47.2557865],[16.0809032,47.2557881],[16.0808871,47.2558268],[16.0808647,47.2558458],[16.0808324,47.2559053],[16.0807434,47.2560012],[16.0807373,47.2560271],[16.0807334,47.2560321],[16.0807185,47.2560513],[16.0806782,47.2560587],[16.080627,47.256068],[16.0805935,47.2560811],[16.0805615,47.256077],[16.0805438,47.2560691],[16.0805255,47.256061],[16.0804813,47.2560266],[16.0804595,47.2559791],[16.080459,47.2559779],[16.0804076,47.2559495],[16.0803654,47.2559266],[16.0802605,47.2559261],[16.0802239,47.2559314],[16.0802088,47.2559385],[16.0801653,47.255965],[16.0801029,47.2560277],[16.0800365,47.2561021],[16.0800136,47.2561263],[16.0799733,47.2561832],[16.0799665,47.256193],[16.0799604,47.2561989],[16.0799464,47.2562129],[16.0799308,47.2562414],[16.0799067,47.2562851],[16.0798936,47.2563102],[16.0798921,47.2563559],[16.0798919,47.2563618],[16.0798869,47.2563707],[16.0798848,47.2564346],[16.0798977,47.2564715],[16.0799189,47.256502],[16.0799429,47.2565137],[16.0799567,47.2565207],[16.0799778,47.2565245],[16.0800151,47.2565203],[16.0800442,47.2565086],[16.0800728,47.2565001],[16.0801072,47.2564856],[16.0801559,47.2564291],[16.0801915,47.2563878],[16.0802156,47.2563598],[16.0802389,47.2563452],[16.0802731,47.2563225],[16.0802753,47.2563211],[16.080282,47.2563166],[16.0803562,47.2562968],[16.0803947,47.2562945],[16.0804405,47.2562974],[16.0804616,47.2563033],[16.0805293,47.2563224],[16.080566,47.2563304],[16.0805887,47.2563358],[16.0806644,47.2563538],[16.0807047,47.2563678],[16.0807102,47.2563808],[16.0807194,47.2564021],[16.0807562,47.2564212],[16.0807723,47.2564296],[16.080788,47.2564492],[16.0807926,47.2565107],[16.0807902,47.2565275],[16.0807862,47.2565557],[16.0807911,47.2566156],[16.0807841,47.2566692],[16.0807825,47.2566941],[16.0808044,47.2567203],[16.0808295,47.2567505],[16.0808367,47.2567729],[16.0808305,47.2567858],[16.080811,47.2568563],[16.0807988,47.2568786],[16.0808043,47.2568933],[16.0807856,47.2569659],[16.0807735,47.256973],[16.0807708,47.2569746],[16.0807724,47.2569777],[16.0807821,47.2569966],[16.080776,47.2570088],[16.0807444,47.257063],[16.0807439,47.2570639],[16.080744,47.257064],[16.0807489,47.2570691],[16.0807335,47.2570925],[16.0806929,47.25712],[16.0806868,47.2571221],[16.0806834,47.2571232],[16.0806767,47.2571256],[16.0806677,47.2571275],[16.0805967,47.2571425],[16.0806019,47.2571453],[16.0806712,47.2571822],[16.0806878,47.2571912],[16.0805549,47.2573053],[16.080473,47.2573757],[16.0803479,47.2574137],[16.0802985,47.2574288],[16.0802704,47.2574373],[16.0801976,47.2574595],[16.0801906,47.2574962],[16.0801845,47.2575586],[16.080193,47.2575744],[16.0801977,47.2575832],[16.080189,47.2576048],[16.0801608,47.2576751],[16.0801608,47.2576878],[16.0801608,47.2577095],[16.0801337,47.2577335],[16.0800972,47.2577658],[16.0800515,47.2577973],[16.0800514,47.2577973],[16.0800458,47.2578012],[16.0800243,47.2578079],[16.0799839,47.2578167],[16.0799816,47.2578168],[16.0799466,47.2578185],[16.0798235,47.2578041],[16.0797948,47.2578085],[16.0797248,47.2578191],[16.07966,47.2578488],[16.0796098,47.2578882],[16.0795622,47.2579239],[16.0795467,47.2579566],[16.0795373,47.2580129],[16.0795426,47.2580718],[16.0795245,47.2580822],[16.0795356,47.2581385],[16.0795677,47.2581522],[16.0795968,47.2581612],[16.0797404,47.2581373],[16.0798634,47.2581629],[16.0798611,47.2582463],[16.0797695,47.2583313],[16.0794709,47.2585516],[16.0794296,47.2585999],[16.0793,47.258612],[16.0791614,47.2585847],[16.0790429,47.2585862],[16.0789646,47.2586393],[16.0789065,47.2586894],[16.078902,47.2587865],[16.0789042,47.25887],[16.0789624,47.2589489],[16.0790764,47.2589807],[16.0792955,47.2589397],[16.079566,47.258964],[16.0797225,47.259002],[16.0798611,47.2590308],[16.0799819,47.2590718],[16.0800758,47.2591628],[16.0800802,47.25931],[16.0800489,47.2594996],[16.0800154,47.2595224],[16.0799126,47.2595345],[16.0797829,47.2594678],[16.0797337,47.2594162],[16.0796841,47.2593921],[16.0796157,47.2593589],[16.0795194,47.2593396],[16.0794028,47.2593919],[16.0793134,47.2594617],[16.0792195,47.2595194],[16.079063,47.2595907],[16.0788707,47.2596134],[16.0786357,47.2595522],[16.078572,47.2595314],[16.0784392,47.2595467],[16.0782425,47.2595937],[16.0781039,47.259665],[16.0780629,47.2597475],[16.0780266,47.2598206],[16.0779608,47.2599108],[16.0779792,47.2599633],[16.0779568,47.2599856],[16.0779949,47.2600385],[16.0780301,47.2600474],[16.0781083,47.2600307],[16.0781396,47.2599913],[16.0782559,47.2599306],[16.0784526,47.2598881],[16.0785667,47.2598835],[16.0786531,47.2598702],[16.078703,47.2599002],[16.0787388,47.2599791],[16.0787366,47.2601688],[16.0787187,47.2602295],[16.0787254,47.2602856],[16.0787723,47.2603296],[16.0788528,47.2603524],[16.079054,47.2603448],[16.079273,47.2603956],[16.0793456,47.2604012],[16.0794788,47.2604434],[16.0796063,47.2604085],[16.0796596,47.2603557],[16.0796577,47.2603236],[16.0796443,47.2602431],[16.0796878,47.2601544],[16.0797605,47.2600595],[16.0801249,47.2597212],[16.0802188,47.2596696],[16.080353,47.2596574],[16.0804707,47.2596853],[16.0805831,47.2596745],[16.0806638,47.2596969],[16.0809745,47.2597318],[16.081169,47.2597804],[16.0812674,47.2598471],[16.0813032,47.2599321],[16.0812898,47.2600049],[16.0811534,47.2601733],[16.0810684,47.2602386],[16.0810036,47.2602704],[16.0809142,47.2602871],[16.0808046,47.2602659],[16.080657,47.2602219],[16.0806459,47.2601263],[16.0805944,47.2600823],[16.0804916,47.2600777],[16.0803776,47.2601172],[16.0802949,47.2601703],[16.0801965,47.2602462],[16.0801652,47.2603402],[16.0802412,47.2604707],[16.0803664,47.2605542],[16.0804115,47.2605661],[16.0804589,47.2605411],[16.0805609,47.2605329],[16.0806436,47.2605527],[16.0807487,47.2605967],[16.0807599,47.2606634],[16.0807241,47.2606998],[16.0805654,47.260718],[16.0805328,47.2607351],[16.0805207,47.2608061],[16.0805475,47.2608546],[16.0808426,47.2609684],[16.0809723,47.2609639],[16.0810111,47.2609585],[16.0811381,47.2609681],[16.0811992,47.2609696],[16.0813322,47.2609775],[16.0814082,47.2610033],[16.0814239,47.2610488],[16.0813493,47.2611384],[16.0813113,47.2611569],[16.0812093,47.2612688],[16.0811752,47.2612896],[16.081169,47.2613341],[16.0812517,47.2614312],[16.0813255,47.2614555],[16.0808493,47.2617058],[16.0807353,47.2618697],[16.080742,47.2619653],[16.0808672,47.262035],[16.0809589,47.2619941],[16.081453,47.261501],[16.0820409,47.2615495],[16.0822153,47.2615859],[16.0824724,47.261677],[16.0824568,47.2617695],[16.0822399,47.2617741],[16.0820566,47.2617604],[16.082079,47.2619061],[16.0821393,47.2619804],[16.0822936,47.2620988],[16.0823763,47.2621974],[16.0823696,47.2622717],[16.082345,47.2623203],[16.0820573,47.2624126],[16.0819419,47.2624896],[16.081916,47.2625343],[16.0817838,47.2625509],[16.0809119,47.2626996],[16.0806593,47.2629924],[16.0804044,47.2631366],[16.0801026,47.2632716],[16.0797046,47.2634961],[16.0795191,47.2637875],[16.0794475,47.263927],[16.0794699,47.2641167],[16.0795556,47.2641491],[16.0795347,47.2642851],[16.0796063,47.2643761],[16.0798142,47.2644065],[16.0800892,47.2644292],[16.0802121,47.2643974],[16.0803105,47.2643306],[16.0803843,47.2642062],[16.0804134,47.2637708],[16.0804827,47.263481],[16.0806816,47.2634688],[16.0808068,47.2635356],[16.0808851,47.2636494],[16.0808829,47.2637632],[16.0816005,47.2639149],[16.0817034,47.2639559],[16.0816609,47.2640514],[16.0815081,47.2643475],[16.0814161,47.2644148],[16.0814261,47.2644307],[16.0814147,47.2644749],[16.0813721,47.2645262],[16.0813713,47.26456],[16.0813336,47.2645944],[16.0813241,47.2646739],[16.0812806,47.2646881],[16.0812674,47.2647114],[16.0812585,47.2648085],[16.0812786,47.2648662],[16.0812629,47.2649208],[16.0812438,47.2649347],[16.0811937,47.2649538],[16.081139,47.2650106],[16.0811131,47.2650634],[16.0807957,47.2651332],[16.0807398,47.2651605],[16.0806235,47.2653274],[16.0804804,47.2654306],[16.0803932,47.2654609],[16.0802166,47.2653957],[16.0801384,47.2653289],[16.0800221,47.2652955],[16.0797002,47.2652531],[16.0796018,47.2652652],[16.0795258,47.2653168],[16.0795012,47.2654609],[16.0795906,47.2656566],[16.0794459,47.2661046],[16.0793916,47.2663363],[16.0791412,47.2663454],[16.078077,47.2665457],[16.0773929,47.2666534],[16.0769189,47.266843],[16.0769659,47.2671009],[16.0770732,47.2673148],[16.0774799,47.2675282],[16.0776344,47.2676532],[16.0778848,47.2676896],[16.0782402,47.2674878],[16.0782022,47.2677351],[16.0782067,47.2678246],[16.0782559,47.2679247],[16.078314,47.2679778],[16.0783543,47.2680886],[16.078323,47.2682327],[16.0782335,47.2683237],[16.0780346,47.2683434],[16.0779324,47.2683538],[16.0777573,47.2681492],[16.0773638,47.2680294],[16.0770911,47.2678959],[16.0767736,47.2678276],[16.0766976,47.2678913],[16.0766931,47.2680855],[16.0767557,47.2681993],[16.0769145,47.2683055],[16.0770575,47.2683343],[16.0772811,47.2684329],[16.0772006,47.2686059],[16.0771693,47.2687955],[16.077223,47.2690276],[16.0776545,47.2689973],[16.0783095,47.2687728],[16.0784683,47.2689032],[16.0782106,47.2692089],[16.0775718,47.2693766],[16.0777573,47.2695829],[16.0782894,47.2696769],[16.0782067,47.2697406],[16.0780816,47.2697845],[16.0780643,47.2698082],[16.078031,47.269817],[16.0780033,47.2698438],[16.0777998,47.2698484],[16.0775114,47.2698999],[16.07746,47.2699439],[16.0775069,47.2700122],[16.0776847,47.2700785],[16.0777506,47.270085],[16.0778177,47.270129],[16.0778803,47.2702549],[16.0778407,47.2703368],[16.0776861,47.2704459],[16.077633,47.2704974],[16.0776206,47.2705637],[16.0776475,47.2706346],[16.0776008,47.270707],[16.0775312,47.2707515],[16.0774242,47.2707828],[16.0772096,47.2709133],[16.0772118,47.2710165],[16.0772275,47.271068],[16.0774018,47.2711515],[16.0774935,47.2712379],[16.0775557,47.2712941],[16.0775475,47.2713459],[16.077556,47.2714051],[16.0775906,47.2714264],[16.0776124,47.2714752],[16.0776783,47.2715163],[16.0777327,47.271643],[16.0777466,47.271711],[16.0776222,47.2717749],[16.0775845,47.2718425],[16.0775851,47.2718732],[16.0776142,47.2718909],[16.0776536,47.2719835],[16.0775829,47.2721208],[16.0774935,47.2721876],[16.0773016,47.2721906],[16.0770464,47.2722088],[16.0769368,47.2722922],[16.0768465,47.2723233],[16.0768161,47.2723165],[16.0767065,47.2723089],[16.0766059,47.2722847],[16.0765299,47.2722452],[16.0768541,47.2717992],[16.0766685,47.27169],[16.0766283,47.2717552],[16.0763667,47.272051],[16.0762661,47.272139],[16.0761879,47.2721148],[16.0761655,47.2720632],[16.0761426,47.2719433],[16.0761501,47.2719196],[16.0760861,47.2717905],[16.0761454,47.2717385],[16.076259,47.271626],[16.075924,47.271453],[16.075801,47.271625],[16.075665,47.2715935],[16.0755902,47.2716311],[16.0754976,47.2716037],[16.075231,47.271602],[16.0751295,47.2717053],[16.075144,47.2718006],[16.075156,47.27183],[16.075758,47.271903],[16.0757953,47.2719636],[16.075757,47.27201],[16.0756839,47.272057],[16.0755601,47.2720753],[16.0755166,47.2720955],[16.0754612,47.2720949],[16.0754087,47.2720703],[16.075199,47.2719473],[16.0750679,47.2719458],[16.0749224,47.2720791],[16.0748431,47.2721296],[16.0747373,47.2721605],[16.074673,47.272223],[16.0747002,47.2722894],[16.0747553,47.2723205],[16.0748195,47.272325],[16.074943,47.272342],[16.074905,47.2725093],[16.0748562,47.2725043],[16.0744793,47.272432],[16.074242,47.272445],[16.0744623,47.2725462],[16.0749011,47.272527],[16.0751334,47.2726269],[16.0754485,47.2726059],[16.0757296,47.2726311],[16.0761402,47.2726802],[16.0762771,47.2727],[16.076375,47.272802],[16.0762455,47.2728847],[16.0755875,47.2730315],[16.0753033,47.2730608],[16.075039,47.273076],[16.0748677,47.2731614],[16.074843,47.2732641],[16.074875,47.273361],[16.0744568,47.2734276],[16.074164,47.273529],[16.074086,47.273757],[16.0750129,47.2737798],[16.075044,47.273851],[16.075019,47.2739202],[16.0749109,47.274002],[16.0746051,47.2740795],[16.0745272,47.2741118],[16.0744802,47.2742369],[16.0744877,47.2743464],[16.0745449,47.2744622],[16.074492,47.2744681],[16.0744799,47.2744966],[16.0744308,47.2745461],[16.0744475,47.2745847],[16.0745191,47.2746462],[16.0747222,47.2746833],[16.0746607,47.2749252],[16.0747103,47.2749584],[16.0745787,47.2750571],[16.074418,47.2753159],[16.0744353,47.2753969],[16.0746549,47.2755158],[16.074824,47.2756049],[16.0748968,47.2755995],[16.0749123,47.2756491],[16.0750055,47.2757721],[16.075096,47.275789],[16.074998,47.276005],[16.0749323,47.275981],[16.0747782,47.275964],[16.074592,47.276047],[16.074444,47.276432],[16.0743352,47.276394],[16.074054,47.2763548],[16.073767,47.2763822],[16.073703,47.27642],[16.07369,47.2764998],[16.0737879,47.2766044],[16.0738417,47.2766106],[16.073898,47.2767076],[16.0739037,47.2768056],[16.073865,47.276849],[16.0737959,47.2768827],[16.0736399,47.2769101],[16.0734723,47.2769036],[16.0733221,47.2769088],[16.0730544,47.2769624],[16.072908,47.2770147],[16.072725,47.277125],[16.0724938,47.2773918],[16.0724808,47.2774409],[16.0725655,47.2775994],[16.072453,47.277728],[16.072047,47.2777892],[16.071994,47.277847],[16.0720111,47.277885],[16.0721266,47.2779599],[16.0722986,47.2780313],[16.0724089,47.2781026],[16.0724654,47.278181],[16.072422,47.278293],[16.0722934,47.2784126],[16.0722036,47.2784405],[16.0720624,47.2784561],[16.071893,47.2784091],[16.071581,47.278492],[16.0714991,47.2785789],[16.0713139,47.2786827],[16.071139,47.278816],[16.0710845,47.2789071],[16.0710558,47.2789439],[16.071078,47.2789693],[16.0710731,47.2790158],[16.0711058,47.2791556],[16.0710871,47.279224],[16.071141,47.2793842],[16.071123,47.2797308],[16.0710547,47.2800388],[16.0710692,47.2801369],[16.071048,47.280415],[16.0709382,47.2804586],[16.0708535,47.2804603],[16.0704737,47.280382],[16.0699167,47.2801574],[16.069706,47.280147],[16.0695728,47.2801608],[16.069432,47.2803374],[16.0692828,47.2803454],[16.069175,47.2803489],[16.0690595,47.280476],[16.0688169,47.2808709],[16.0687421,47.2809237],[16.0685955,47.2810716],[16.068649,47.2811706],[16.0685303,47.2812003],[16.0683233,47.2811672],[16.068107,47.281207],[16.0679224,47.2812944],[16.067808,47.28139],[16.0676324,47.2816896],[16.0674768,47.2820329],[16.067301,47.282324],[16.0676273,47.2825707],[16.067634,47.282658],[16.067285,47.282652],[16.0672987,47.2828702],[16.0672371,47.2830512],[16.067101,47.283341],[16.066854,47.283543],[16.066564,47.283493],[16.066619,47.283125],[16.0664081,47.2830965],[16.065674,47.2830495],[16.065592,47.283104],[16.0655406,47.2832114],[16.065566,47.28327],[16.0658434,47.2834935],[16.0660026,47.2835945],[16.066191,47.283695],[16.0666635,47.2837744],[16.0669359,47.2838001],[16.066996,47.283809],[16.0668937,47.2838693],[16.0666981,47.2839375],[16.066381,47.2839516],[16.0663191,47.2839705],[16.066216,47.284],[16.0660821,47.2840768],[16.0655457,47.2844389],[16.0654839,47.2845208],[16.0655287,47.2845711],[16.0655715,47.2846096],[16.065501,47.2847245],[16.0655226,47.2849839],[16.0655461,47.28504],[16.0658973,47.2851249],[16.0660231,47.2851214],[16.0661309,47.2850831],[16.066485,47.285121],[16.0667675,47.2855811],[16.066803,47.28567],[16.0667777,47.2858771],[16.066733,47.285973],[16.0665943,47.2860949],[16.0665074,47.286138],[16.0664005,47.2861573],[16.065867,47.286358],[16.0657048,47.2863785],[16.0654867,47.2863506],[16.0653198,47.2863054],[16.0652095,47.2863262],[16.0651402,47.2863767],[16.065017,47.2864063],[16.064893,47.286391],[16.0647655,47.2863036],[16.064696,47.28618],[16.0648194,47.2861121],[16.06509,47.286074],[16.0651505,47.2860198],[16.065122,47.285907],[16.0650606,47.2857935],[16.0649939,47.2857186],[16.064866,47.285644],[16.064768,47.2856229],[16.0646268,47.28562],[16.0645898,47.2856047],[16.0645482,47.2856209],[16.0644542,47.2857007],[16.0641495,47.2860198],[16.063966,47.286162],[16.0637822,47.2862489],[16.0636336,47.286328],[16.0633666,47.2864342],[16.06331,47.286486],[16.0633384,47.286617],[16.063453,47.286663],[16.0636669,47.286671],[16.0639185,47.2867128],[16.0641828,47.2868103],[16.0647501,47.2868172],[16.0648784,47.2867876],[16.065007,47.286837],[16.0651299,47.2869687],[16.0651967,47.2872977],[16.065151,47.287426],[16.0651659,47.2875273],[16.0652409,47.2875788],[16.0652645,47.2876494],[16.0652059,47.28766],[16.065171,47.28774],[16.065046,47.288184],[16.0650466,47.2883105],[16.065171,47.2883406],[16.0651428,47.288459],[16.065108,47.288501],[16.0647064,47.2887532],[16.0645653,47.2888281],[16.0644007,47.2890242],[16.0642573,47.2891084],[16.0642369,47.2892104],[16.0641392,47.2892772],[16.064134,47.289335],[16.0641957,47.2893695],[16.0643163,47.2893887],[16.0645781,47.2892825],[16.0646474,47.2892059],[16.0648014,47.2891641],[16.064933,47.289181],[16.0651813,47.2892442],[16.0652916,47.2892964],[16.065351,47.289374],[16.0653737,47.289474],[16.0653404,47.2895924],[16.065365,47.289658],[16.065416,47.289671],[16.0657562,47.2896219],[16.0658691,47.2896463],[16.066022,47.289706],[16.0662336,47.289843],[16.066256,47.289984],[16.0661668,47.2900119],[16.065898,47.2900316],[16.065833,47.290049],[16.0657405,47.2901718],[16.0656611,47.2902435],[16.0656428,47.2902776],[16.0656991,47.2903121],[16.0656231,47.2903513],[16.0656157,47.2903465],[16.0653013,47.2905384],[16.065281,47.290697],[16.066573,47.290867],[16.0665672,47.2909746],[16.0664235,47.291093],[16.0662464,47.2911244],[16.0661309,47.2911714],[16.066068,47.291233],[16.0660231,47.2914238],[16.0660334,47.2914986],[16.0660231,47.2916066],[16.0659274,47.291695],[16.0657793,47.2917296],[16.065592,47.291799],[16.0655149,47.2919565],[16.0655233,47.2921032],[16.0655551,47.292157],[16.0655765,47.2922873],[16.065556,47.2924718],[16.065447,47.292558],[16.0652763,47.2925904],[16.0651864,47.2926337],[16.065035,47.2925919],[16.0649374,47.2925815],[16.0647193,47.2925936],[16.064421,47.292646],[16.0642675,47.2926215],[16.064179,47.292465],[16.0637106,47.2923882],[16.063627,47.292429],[16.0636592,47.2926267],[16.0637234,47.2929349],[16.063978,47.293175],[16.064291,47.29323],[16.0644087,47.2931629],[16.0645396,47.2931055],[16.064702,47.293089],[16.0648407,47.2931265],[16.0649559,47.2932001],[16.0650942,47.2931981],[16.065122,47.293234],[16.0651197,47.2933909],[16.0650632,47.2934658],[16.0649554,47.2935389],[16.0647937,47.2935598],[16.0646808,47.2935302],[16.064562,47.293555],[16.0645184,47.2936035],[16.064555,47.293706],[16.0644504,47.2937117],[16.064252,47.29385],[16.064419,47.2939689],[16.0647167,47.2940455],[16.0648142,47.2940559],[16.0647896,47.2942909],[16.0647478,47.2943261],[16.064749,47.2943785],[16.064786,47.2945138],[16.0647398,47.2946426],[16.064592,47.294819],[16.0644523,47.294902],[16.064337,47.2949211],[16.0643009,47.2949141],[16.064038,47.29489],[16.0639903,47.2948219],[16.0634539,47.2945521],[16.06338,47.294488],[16.0634604,47.2943662],[16.063418,47.294324],[16.0634847,47.2941813],[16.0636798,47.294035],[16.063739,47.293931],[16.06369,47.2937583],[16.0636053,47.293659],[16.063457,47.293625],[16.0633718,47.2936486],[16.063264,47.293713],[16.0630361,47.2939164],[16.0630152,47.2939481],[16.062777,47.294038],[16.0626711,47.2940472],[16.0625286,47.2940241],[16.0624704,47.2940321],[16.0623477,47.2940229],[16.062219,47.294038],[16.0619935,47.2941952],[16.061955,47.2942509],[16.0617887,47.2943115],[16.0617481,47.2943452],[16.0615854,47.2944041],[16.061494,47.294419],[16.0613364,47.2943936],[16.0612312,47.2943588],[16.0611639,47.2943702],[16.0611387,47.2943921],[16.0611593,47.2944441],[16.0612389,47.294519],[16.0615263,47.2946214],[16.0615315,47.2946374],[16.0616521,47.2946478],[16.0619781,47.2947958],[16.0620056,47.2948217],[16.0621475,47.2948901],[16.062155,47.29491],[16.062322,47.2949507],[16.0626429,47.2948896],[16.0626991,47.2948912],[16.0627558,47.2949228],[16.0627968,47.2950047],[16.062586,47.295099],[16.0624999,47.2951069],[16.0624724,47.2951326],[16.0623544,47.2951932],[16.0623182,47.295196],[16.062143,47.295358],[16.0620551,47.2953511],[16.061955,47.295295],[16.0615109,47.2956191],[16.061456,47.295704],[16.061339,47.2957306],[16.0611336,47.2957445],[16.061038,47.29574],[16.0608091,47.2956632],[16.060492,47.2955913],[16.0603928,47.2955329],[16.0602559,47.2954956],[16.0602584,47.2954311],[16.0601564,47.2954273],[16.0601458,47.2954],[16.0600426,47.2953559],[16.059943,47.295305],[16.0597964,47.2953302],[16.0595449,47.2954068],[16.0594122,47.295447],[16.0593575,47.2954888],[16.0594092,47.2955756],[16.0593002,47.2955453],[16.0593196,47.2955694],[16.0591033,47.2956097],[16.0589828,47.2956],[16.058891,47.295731],[16.0589082,47.2957819],[16.0589787,47.2958187],[16.0589368,47.295866],[16.0589351,47.2960419],[16.058987,47.2965071],[16.059121,47.2964657],[16.0591649,47.2964522],[16.059417,47.296359],[16.0594397,47.2958106],[16.05951,47.295771],[16.0596459,47.2959532],[16.0597806,47.2960648],[16.059926,47.296209],[16.0600274,47.2963833],[16.060028,47.29657],[16.0599836,47.2966343],[16.0598529,47.2968011],[16.0598247,47.2969073],[16.0598302,47.2970359],[16.0598657,47.2970413],[16.0600403,47.297097],[16.0603714,47.2970726],[16.06051,47.2970152],[16.0606229,47.2970135],[16.0607435,47.29703],[16.0608128,47.2970692],[16.060841,47.2971649],[16.0609072,47.297211],[16.061016,47.2972391],[16.0609745,47.2972937],[16.061448,47.29763],[16.062361,47.297716],[16.062322,47.2978455],[16.0622424,47.2979656],[16.0621372,47.298077],[16.0619597,47.2981752],[16.0618112,47.2982807],[16.0615212,47.2984304],[16.0614699,47.2984704],[16.0614539,47.2985732],[16.061422,47.298605],[16.0615161,47.2987506],[16.0617552,47.2988189],[16.061739,47.298865],[16.0626142,47.2990587],[16.062714,47.299064],[16.062755,47.2991011],[16.0627601,47.2991798],[16.062802,47.2992137],[16.062753,47.29925],[16.0626585,47.2992815],[16.062405,47.299306],[16.0623584,47.2993285],[16.0622529,47.2993779],[16.0622038,47.299419],[16.0621522,47.2993665],[16.0620576,47.2993755],[16.061112,47.29937],[16.0609078,47.2991945],[16.060166,47.298964],[16.0602174,47.2991684],[16.0605818,47.2996923],[16.0607561,47.2998387],[16.0608214,47.2998675],[16.0606923,47.2999878],[16.0605151,47.3000091],[16.060395,47.300073],[16.060397,47.3001344],[16.0604946,47.3001779],[16.0606673,47.3001857],[16.0606216,47.3002446],[16.0605573,47.3004427],[16.0610129,47.3006485],[16.0611281,47.3006678],[16.0611198,47.3007248],[16.0610991,47.3007396],[16.0610481,47.3008323],[16.0609821,47.3009009],[16.0609617,47.3010012],[16.0609848,47.3010952],[16.0610428,47.3011537],[16.061078,47.301213],[16.0610053,47.3012588],[16.0605125,47.3011266],[16.060316,47.301126],[16.0601763,47.3011979],[16.0600916,47.3013354],[16.0600377,47.3015373],[16.060033,47.301632],[16.0601558,47.3017375],[16.060247,47.301728],[16.0605279,47.3015791],[16.0611413,47.3014277],[16.0613637,47.3013684],[16.061429,47.301384],[16.0613826,47.3014869],[16.0611773,47.3017462],[16.0610873,47.3017764],[16.0610224,47.3018158],[16.060934,47.301895],[16.0607358,47.3019359],[16.0605382,47.3019081],[16.060311,47.301949],[16.0602687,47.3020142],[16.060243,47.3020786],[16.0602995,47.3022074],[16.060416,47.302308],[16.0606126,47.3023693],[16.0608898,47.302432],[16.0612389,47.3024859],[16.061519,47.302495],[16.0616521,47.3024894],[16.0617599,47.3023989],[16.0619036,47.3023554],[16.062109,47.302343],[16.062278,47.3024303],[16.0624458,47.302484],[16.0626821,47.3025868],[16.0627429,47.3025979],[16.062846,47.302668],[16.0628122,47.3027592],[16.062446,47.302892],[16.0622732,47.3029193],[16.0621885,47.3029089],[16.06206,47.3028408],[16.0620056,47.3028317],[16.061801,47.302831],[16.0617364,47.3028719],[16.0617226,47.3029011],[16.0617132,47.3029413],[16.0616432,47.3029308],[16.0613467,47.303069],[16.061167,47.3034014],[16.061072,47.3033823],[16.060954,47.3034084],[16.060909,47.3034421],[16.0609097,47.3034727],[16.0608282,47.3034658],[16.0606537,47.3036503],[16.060628,47.3037217],[16.061011,47.303871],[16.0609694,47.3039932],[16.060901,47.304123],[16.0609514,47.3042107],[16.061053,47.304295],[16.0611388,47.3043256],[16.0612417,47.3043202],[16.0612935,47.3042763],[16.0613723,47.3043134],[16.062597,47.304508],[16.0625492,47.3046119],[16.0625479,47.3046894],[16.062486,47.304738],[16.061198,47.304474],[16.0613518,47.3046702],[16.0617881,47.3048791],[16.0619353,47.3049496],[16.06138,47.3050514],[16.0613624,47.3051094],[16.0612161,47.3051294],[16.060961,47.305241],[16.060703,47.305158],[16.060474,47.3052724],[16.06045,47.305383],[16.0604869,47.3055457],[16.0606614,47.3056083],[16.0607396,47.3056386],[16.0607384,47.3057423],[16.060678,47.30581],[16.0605356,47.3058433],[16.0604843,47.3058415],[16.0603868,47.3058363],[16.0603072,47.3056936],[16.0602251,47.3056362],[16.0601121,47.3055979],[16.059866,47.305616],[16.0596732,47.3057162],[16.0595706,47.3057945],[16.059458,47.305901],[16.0593396,47.3059425],[16.0592697,47.3059586],[16.0591958,47.3059564],[16.058995,47.305967],[16.0588622,47.3060626],[16.0588314,47.3061217],[16.0586354,47.306223],[16.0583103,47.3063758],[16.0582025,47.306482],[16.058059,47.306657],[16.0580126,47.3067813],[16.0580639,47.3068492],[16.0584258,47.307072],[16.0585157,47.3072112],[16.0585659,47.3075289],[16.058577,47.307577],[16.0587082,47.3076828],[16.0588391,47.307742],[16.0590008,47.3077281],[16.0591477,47.3077617],[16.0591972,47.3077961],[16.059213,47.307859],[16.0591753,47.3079422],[16.059124,47.3080135],[16.0589366,47.3081179],[16.058816,47.308245],[16.0586209,47.3085983],[16.0585802,47.3087257],[16.0584468,47.3088852],[16.058393,47.308901],[16.0583784,47.3090121],[16.0584139,47.3091107],[16.0583551,47.3091444],[16.0583411,47.309277],[16.058368,47.309364],[16.0584566,47.3094319],[16.0586183,47.3094997],[16.0587844,47.3095427],[16.0590085,47.3096477],[16.059163,47.309748],[16.0594525,47.3098112],[16.0596091,47.3097956],[16.0597656,47.3097155],[16.059851,47.309741],[16.059812,47.309942],[16.058443,47.310122],[16.0583609,47.3115271],[16.058261,47.312876],[16.0585016,47.3128707],[16.0589379,47.312727],[16.0589974,47.3126879],[16.0592557,47.3128141],[16.0593132,47.3128278],[16.0593982,47.3128264],[16.0594841,47.3127272],[16.0594766,47.3126831],[16.059554,47.312634],[16.059916,47.3126403],[16.0599436,47.3126562],[16.0601561,47.3127785],[16.0602324,47.3128686],[16.06026,47.313041],[16.0602925,47.3134052],[16.060151,47.313703],[16.0600798,47.3137796],[16.0599145,47.3138712],[16.0597625,47.3139226],[16.0596094,47.3139283],[16.0594975,47.313965],[16.059363,47.3141711],[16.0593377,47.3143176],[16.0593676,47.314468],[16.0595145,47.3146978],[16.0595801,47.3148024],[16.059626,47.315009],[16.0596224,47.3150679],[16.0595942,47.3151332],[16.0595838,47.3152157],[16.0595563,47.3152713],[16.059533,47.315316],[16.0594033,47.3154764],[16.0593452,47.3155179],[16.059236,47.315552],[16.0591332,47.3155823],[16.0590415,47.3155747],[16.0589925,47.3155608],[16.0587501,47.3155563],[16.0586036,47.3155359],[16.058504,47.315579],[16.0583838,47.3156657],[16.0582872,47.3157669],[16.0582717,47.3158252],[16.0581458,47.3159486],[16.057893,47.316107],[16.0576125,47.3161266],[16.0571849,47.3162216],[16.057115,47.316209],[16.0571045,47.3162484],[16.0571128,47.3162772],[16.0570853,47.3163208],[16.0569329,47.3166258],[16.0568313,47.3169963],[16.056893,47.317044],[16.056159,47.317437],[16.0560341,47.3174336],[16.0557626,47.317191],[16.0556321,47.3171233],[16.055117,47.3170259],[16.055048,47.316996],[16.055061,47.3168795],[16.0550941,47.3168288],[16.0550639,47.3167756],[16.0550426,47.3167301],[16.055146,47.316627],[16.0552939,47.3165768],[16.0553993,47.3165447],[16.0554676,47.3164659],[16.0555239,47.31643],[16.0555719,47.3163866],[16.0556788,47.316305],[16.0559181,47.316221],[16.055943,47.316189],[16.0559466,47.3161206],[16.0558958,47.3160609],[16.0558452,47.3160124],[16.05581,47.315927],[16.0556724,47.3158472],[16.0555387,47.315779],[16.0554851,47.315775],[16.0554547,47.3157542],[16.0554484,47.3157037],[16.0553591,47.3156329],[16.0552827,47.3156108],[16.0552425,47.3155868],[16.055181,47.315571],[16.0550902,47.3155784],[16.0548698,47.3156282],[16.054777,47.3156685],[16.0546653,47.3156799],[16.0544198,47.315721],[16.0543148,47.3157711],[16.054167,47.3157833],[16.05407,47.315797],[16.0539295,47.3159279],[16.0539237,47.3160052],[16.0538706,47.3162129],[16.05383,47.316237],[16.0537566,47.3162826],[16.0536866,47.3162849],[16.0536008,47.3163149],[16.0534684,47.3163453],[16.053358,47.316406],[16.0532839,47.316486],[16.0532561,47.3165442],[16.0532717,47.3165762],[16.0532537,47.3166352],[16.0531966,47.3166734],[16.0531471,47.3167555],[16.0531083,47.3168209],[16.053079,47.316799],[16.0532723,47.3171718],[16.053492,47.31741],[16.0534795,47.3174505],[16.0533966,47.3175207],[16.0533851,47.3175737],[16.0533088,47.317646],[16.053306,47.3177356],[16.0532581,47.3177532],[16.0532531,47.3179031],[16.0532658,47.3179527],[16.0532204,47.3179845],[16.053162,47.318007],[16.0530721,47.3180002],[16.0530026,47.3179751],[16.0529478,47.3179549],[16.052775,47.317831],[16.0527229,47.3177219],[16.052728,47.3175842],[16.0527206,47.3175574],[16.0527336,47.3174321],[16.052692,47.317387],[16.0526413,47.3173707],[16.0524906,47.3174158],[16.0523485,47.3174136],[16.0522281,47.3174229],[16.0521182,47.3174067],[16.052032,47.317379],[16.0519484,47.3173389],[16.0518817,47.3173069],[16.0518418,47.317227],[16.0517565,47.3171449],[16.051738,47.3171031],[16.0517479,47.3170287],[16.0516571,47.3169963],[16.0516179,47.3169837],[16.051556,47.316959],[16.0513287,47.3169453],[16.0512607,47.3169278],[16.0511274,47.3169144],[16.0509983,47.3168877],[16.0508731,47.3168955],[16.050744,47.3168706],[16.050665,47.316862],[16.0505606,47.3169135],[16.050483,47.316971],[16.0504936,47.3170282],[16.0505323,47.3170696],[16.0505459,47.3171199],[16.050629,47.317193],[16.0507537,47.3172122],[16.0508621,47.3172054],[16.0509359,47.317181],[16.051007,47.317209],[16.0510333,47.3172691],[16.0511522,47.317335],[16.0512925,47.3173733],[16.0513175,47.3174078],[16.0514312,47.3174637],[16.0514752,47.3174608],[16.051525,47.31752],[16.0514854,47.3175929],[16.0513954,47.3176752],[16.0513289,47.3177737],[16.0513148,47.3178218],[16.051233,47.317906],[16.0512923,47.3179344],[16.0513332,47.3179424],[16.0513873,47.3179354],[16.051439,47.317963],[16.0514624,47.3180211],[16.0514393,47.3180645],[16.0514298,47.3181156],[16.0514431,47.3181357],[16.0514516,47.3182389],[16.051461,47.318304],[16.0514425,47.3183428],[16.0513406,47.3183463],[16.0512481,47.3183609],[16.051199,47.3183901],[16.0511618,47.3184357],[16.0510887,47.3184806],[16.0510284,47.3184792],[16.0509873,47.3184944],[16.0509568,47.3185427],[16.050927,47.318566],[16.0508021,47.3185712],[16.0507646,47.3185486],[16.0507552,47.3185295],[16.0506983,47.3184887],[16.0506065,47.3184951],[16.0505272,47.3184759],[16.0504466,47.3185073],[16.0504285,47.3185394],[16.0503117,47.3185703],[16.0502731,47.3186067],[16.0502433,47.3186349],[16.0501823,47.3186284],[16.0501022,47.3186682],[16.0500558,47.3186825],[16.0499206,47.3187221],[16.0498514,47.3187392],[16.049742,47.318757],[16.0496906,47.3187922],[16.0496786,47.3188408],[16.0496909,47.3188853],[16.0496896,47.3189335],[16.0496998,47.3190049],[16.0497521,47.3190447],[16.049785,47.319078],[16.04985,47.3190992],[16.0499338,47.3191074],[16.0499943,47.3191467],[16.0500323,47.3191599],[16.0500555,47.3191714],[16.0500971,47.3191782],[16.0502687,47.3191358],[16.0503513,47.3191375],[16.0503846,47.3191274],[16.0504262,47.3191448],[16.0504796,47.3191548],[16.0505211,47.319153],[16.0505842,47.3191553],[16.0506854,47.3191531],[16.0507361,47.3191555],[16.0508464,47.3191099],[16.0508578,47.3189919],[16.0509263,47.3188276],[16.0510997,47.3186955],[16.051193,47.318696],[16.0513344,47.3187231],[16.0514341,47.3187893],[16.0515804,47.3189187],[16.0516653,47.3189859],[16.0518127,47.3190283],[16.051938,47.319042],[16.0520578,47.3190218],[16.052451,47.3187785],[16.052558,47.318732],[16.0528245,47.3187776],[16.053106,47.31891],[16.0531857,47.3189675],[16.0533852,47.3190148],[16.0536798,47.3191155],[16.053807,47.3192209],[16.0538175,47.3192739],[16.0538188,47.3193084],[16.0537452,47.3193444],[16.0536081,47.3193192],[16.0533638,47.3192317],[16.0532247,47.3192153],[16.0530414,47.3192218],[16.0529381,47.3192084],[16.052698,47.319233],[16.0526028,47.319275],[16.0524584,47.3194207],[16.0523909,47.3194491],[16.052301,47.3194757],[16.052155,47.31951],[16.0521357,47.3195914],[16.0521348,47.3196369],[16.0522139,47.3197239],[16.0522689,47.3198536],[16.0522596,47.3199583],[16.0522952,47.3201108],[16.052278,47.32019],[16.0522134,47.3203059],[16.05206,47.320343],[16.051932,47.3203269],[16.051841,47.320225],[16.0518084,47.3200111],[16.0518989,47.3199404],[16.0519194,47.3198978],[16.0519031,47.3197778],[16.051792,47.319671],[16.0517046,47.3196469],[16.0515571,47.3196472],[16.0512481,47.3196722],[16.0510085,47.3197142],[16.0508754,47.3197569],[16.0507405,47.3197626],[16.0506683,47.3197833],[16.050631,47.319822],[16.0506279,47.3199179],[16.050762,47.3200797],[16.0507881,47.3201936],[16.050792,47.320318],[16.0506688,47.3203699],[16.0505803,47.3203948],[16.0505111,47.3204295],[16.0504594,47.3204912],[16.050452,47.320576],[16.0506171,47.3206957],[16.0507225,47.3207243],[16.0509908,47.3207574],[16.0510796,47.3207945],[16.051085,47.32084],[16.0510645,47.3208684],[16.0509109,47.3208964],[16.0508161,47.320942],[16.050735,47.320993],[16.0507093,47.3210848],[16.0507193,47.3211433],[16.0506923,47.3212196],[16.0507073,47.3212766],[16.050563,47.321401],[16.0505127,47.321478],[16.050542,47.321523],[16.0505915,47.3215356],[16.0508369,47.3215048],[16.050933,47.321527],[16.0510478,47.3215772],[16.051183,47.3216696],[16.0513853,47.3218791],[16.051783,47.322018],[16.051852,47.3219764],[16.0518868,47.3218317],[16.0518552,47.3216761],[16.0518752,47.3216047],[16.051929,47.321596],[16.0520597,47.3216685],[16.0521449,47.3217241],[16.0522472,47.3217686],[16.052453,47.3218006],[16.052703,47.321862],[16.0529967,47.3220991],[16.053083,47.322137],[16.0530948,47.3223139],[16.053052,47.322441],[16.0529938,47.322591],[16.0528492,47.3226595],[16.0527741,47.3227018],[16.052674,47.322839],[16.0527079,47.3229971],[16.0527594,47.3231493],[16.05269,47.323294],[16.0526366,47.3232966],[16.0525625,47.3232809],[16.0524831,47.3232908],[16.0523609,47.3233247],[16.0519806,47.3233977],[16.0518644,47.3233963],[16.0511574,47.3234941],[16.051059,47.32353],[16.0507759,47.3239529],[16.051175,47.3241108],[16.051369,47.324371],[16.0513276,47.3244136],[16.050638,47.324728],[16.0505806,47.324828],[16.0505524,47.3249144],[16.0505219,47.3249859],[16.0503891,47.3251227],[16.0503293,47.3251465],[16.050071,47.325348],[16.049544,47.3252],[16.0493995,47.3248865],[16.049138,47.324433],[16.0490745,47.3244122],[16.048685,47.324532],[16.048868,47.32539],[16.049703,47.325506],[16.049653,47.325729],[16.049308,47.325826],[16.0490334,47.3257723],[16.048801,47.325632],[16.048633,47.325734],[16.0487929,47.3259501],[16.048794,47.326179],[16.048501,47.326498],[16.049161,47.326836],[16.048925,47.327031],[16.0480648,47.3270361],[16.047784,47.327014],[16.047381,47.32735],[16.047811,47.32749],[16.0478328,47.3276216],[16.047944,47.3277994],[16.0480603,47.3279235],[16.04823,47.328057],[16.0483666,47.3283831],[16.0484571,47.3284723],[16.0484675,47.3285823],[16.0486874,47.3288933],[16.0488345,47.3290259],[16.04899,47.329258],[16.048912,47.3292995],[16.048908,47.32969],[16.0491219,47.329943],[16.0494547,47.3301531],[16.0497028,47.3305984],[16.0497416,47.3307766],[16.049682,47.331088],[16.0489954,47.3309802],[16.047961,47.330839],[16.0475544,47.3310369],[16.0474821,47.331088],[16.047453,47.331131],[16.0475088,47.331252],[16.04805,47.331477],[16.0482249,47.3313326],[16.048473,47.331311],[16.048511,47.331153],[16.049135,47.331278],[16.049011,47.331644],[16.049534,47.331889],[16.049137,47.332056],[16.0490362,47.332543],[16.0489698,47.33271],[16.048974,47.332837],[16.049063,47.3329555],[16.0492463,47.3330904],[16.0494354,47.3331808],[16.049826,47.333325],[16.0499118,47.3332667],[16.0497691,47.333021],[16.0496783,47.3329247],[16.0496579,47.3328453],[16.0496453,47.3327583],[16.049687,47.332658],[16.0501057,47.3324744],[16.0500973,47.3323137],[16.050305,47.332221],[16.0506928,47.3320589],[16.0509108,47.3319955],[16.051039,47.332026],[16.0509557,47.3322589],[16.050946,47.3325068],[16.051026,47.333464],[16.0509908,47.3335061],[16.0507227,47.3338263],[16.0504404,47.3340816],[16.0504151,47.3341653],[16.0503274,47.3343185],[16.050264,47.3343643],[16.0501596,47.3343777],[16.0501612,47.3346343],[16.049879,47.334772],[16.04901,47.334446],[16.048419,47.334726],[16.0483735,47.3349729],[16.048361,47.335513],[16.048009,47.335883],[16.0471997,47.3357549],[16.046065,47.335489],[16.0457859,47.3357343],[16.045116,47.336174],[16.0452427,47.3370835],[16.045209,47.337215],[16.0449206,47.3374955],[16.0444876,47.3376493],[16.043812,47.338],[16.0434986,47.3386166],[16.0433637,47.3388085],[16.0431379,47.3389277],[16.043047,47.339108],[16.0429363,47.3391401],[16.0427978,47.3392583],[16.0425153,47.3392805],[16.0422632,47.3392766],[16.042141,47.339364],[16.0421154,47.339519],[16.0422804,47.3396857],[16.0423801,47.3398438],[16.042539,47.340016],[16.0428031,47.3401566],[16.0430095,47.3402927],[16.0432,47.340368],[16.0433559,47.3403367],[16.0434566,47.3403361],[16.043637,47.340313],[16.0437646,47.3410136],[16.043872,47.3413688],[16.043978,47.341388],[16.0434454,47.3422169],[16.043339,47.34217],[16.0433455,47.3423435],[16.0433781,47.342547],[16.0434718,47.3428608],[16.0433683,47.3428987],[16.0434593,47.3430349],[16.043511,47.343212],[16.0433182,47.3433964],[16.043141,47.343356],[16.043044,47.3433937],[16.0429791,47.3434683],[16.042426,47.34385],[16.042086,47.343747],[16.0421008,47.343163],[16.04196,47.343009],[16.041476,47.342903],[16.0414376,47.3431101],[16.04087,47.343584],[16.0402772,47.3433101],[16.039655,47.342993],[16.039148,47.343499],[16.0389968,47.3434757],[16.0387456,47.3434104],[16.0380075,47.3431527],[16.037509,47.3429687],[16.037303,47.3429219],[16.037007,47.342926],[16.036819,47.342943],[16.0365211,47.3433443],[16.036101,47.343718],[16.0353211,47.3440402],[16.035166,47.344199],[16.0351834,47.3442739],[16.035299,47.3444357],[16.035569,47.344534],[16.036591,47.344165],[16.0369143,47.344579],[16.037119,47.344922],[16.0370085,47.3451386],[16.036909,47.345395],[16.0365317,47.3455691],[16.0363555,47.345716],[16.036107,47.345888],[16.0359026,47.3459939],[16.0352376,47.346132],[16.0350069,47.3461724],[16.0347061,47.3462948],[16.034609,47.346348],[16.034221,47.346791],[16.0342123,47.3468857],[16.034287,47.34709],[16.034606,47.347207],[16.0348561,47.3471722],[16.035092,47.347104],[16.0355909,47.3472883],[16.035865,47.347458],[16.03728,47.347781],[16.03763,47.347968],[16.0376367,47.3483794],[16.037659,47.348391],[16.0374242,47.3484372],[16.0365369,47.3483921],[16.035868,47.348416],[16.0357138,47.3487489],[16.035225,47.349151],[16.0348663,47.348826],[16.0346536,47.3486835],[16.034255,47.348486],[16.0340328,47.3484875],[16.033457,47.348592],[16.033269,47.348799],[16.0332149,47.348976],[16.0332541,47.3491455],[16.0333237,47.3492447],[16.0333697,47.3494939],[16.0333465,47.3496633],[16.0333596,47.3499342],[16.0333909,47.3500063],[16.03347,47.350098],[16.0337558,47.350265],[16.033889,47.350325],[16.0344789,47.3503364],[16.034784,47.350308],[16.035044,47.349801],[16.035619,47.349818],[16.036247,47.350442],[16.0364044,47.3507798],[16.036496,47.351036],[16.0362235,47.3513679],[16.035677,47.351876],[16.035308,47.351797],[16.0354061,47.3515032],[16.0354905,47.3513182],[16.035434,47.351173],[16.0347155,47.3509325],[16.0342889,47.3508228],[16.033924,47.350693],[16.0333662,47.3515868],[16.0331586,47.3518024],[16.032923,47.352144],[16.032748,47.35266],[16.033009,47.3527171],[16.03357,47.353053],[16.033743,47.3532662],[16.033877,47.353472],[16.0339479,47.3542144],[16.0339513,47.3545274],[16.033917,47.354871],[16.033551,47.355175],[16.0344974,47.3556131],[16.0343827,47.3559434],[16.034175,47.356425],[16.033784,47.356549],[16.0324421,47.3561422],[16.0320716,47.3556719],[16.0314048,47.3548957],[16.031421,47.354825],[16.0311517,47.3546081],[16.030866,47.354558],[16.030686,47.354788],[16.0307399,47.354886],[16.0308177,47.3551694],[16.0308661,47.3554079],[16.030977,47.355572],[16.030608,47.355932],[16.0302508,47.3561033],[16.0299324,47.3561808],[16.029713,47.35632],[16.0295516,47.3565271],[16.029064,47.357326],[16.0286,47.357165],[16.0285526,47.3570639],[16.0285471,47.3568758],[16.028588,47.3566583],[16.028468,47.356434],[16.028155,47.356416],[16.0278667,47.3565458],[16.027651,47.356736],[16.0277606,47.3570639],[16.027693,47.357179],[16.0275184,47.3572814],[16.027218,47.357386],[16.0270584,47.3575469],[16.026832,47.357949],[16.0271537,47.3582881],[16.027221,47.358449],[16.0271346,47.358701],[16.027228,47.358882],[16.027565,47.358949],[16.0277443,47.3588356],[16.028134,47.358514],[16.0283022,47.3584485],[16.028571,47.358461],[16.0287104,47.3588633],[16.028805,47.359317],[16.028721,47.359938],[16.0276409,47.3595638],[16.0272843,47.3594127],[16.027006,47.359314],[16.026383,47.35974],[16.026206,47.35997],[16.027244,47.360744],[16.0269931,47.3609188],[16.026138,47.361302],[16.02596,47.361268],[16.0258718,47.3614074],[16.025673,47.362193],[16.0247859,47.3628305],[16.0246743,47.3629891],[16.024338,47.363281],[16.023316,47.362995],[16.0230496,47.3626444],[16.022771,47.362014],[16.022304,47.361656],[16.0214738,47.3617337],[16.020846,47.361854],[16.0207234,47.3621653],[16.0206997,47.3621909],[16.0207623,47.3622375],[16.020794,47.362383],[16.0212914,47.3626886],[16.021498,47.362931],[16.0213867,47.3632564],[16.02108,47.363945],[16.0207743,47.3639919],[16.019998,47.364078],[16.0196422,47.3642021],[16.019302,47.364376],[16.0189944,47.3645763],[16.018559,47.3649505],[16.0183886,47.3650781],[16.0181802,47.3651978],[16.0179984,47.3653413],[16.017115,47.3660077],[16.0166608,47.3661745],[16.0163826,47.3662914],[16.0161564,47.3664003],[16.0157849,47.3665171],[16.0153811,47.3667901],[16.0151588,47.367127],[16.0153911,47.3674058],[16.0159256,47.3680663],[16.0160022,47.3682019],[16.0166722,47.3683179],[16.0167804,47.3683368],[16.0171955,47.3684159],[16.0186651,47.3687551],[16.020855,47.369281],[16.0213622,47.3693505],[16.0218058,47.3693855],[16.0219991,47.3693892],[16.0224859,47.3694346],[16.022791,47.3694979],[16.0230479,47.3695457],[16.0233842,47.369635],[16.0241867,47.3698199],[16.0243919,47.3698868],[16.0249768,47.3699954],[16.025483,47.370111],[16.026041,47.3703124],[16.0263968,47.3704092],[16.0265942,47.3705534],[16.027434,47.37079],[16.0276538,47.3708119],[16.0280719,47.370826],[16.0292614,47.3710089],[16.029612,47.3710283],[16.030073,47.371119],[16.030208,47.371406],[16.0307962,47.3715137],[16.0311416,47.3715172],[16.0316014,47.3715871],[16.0318927,47.3716177],[16.0321727,47.3716456],[16.0327353,47.371845],[16.0334722,47.3720731],[16.0340437,47.3722007],[16.0339792,47.3726339],[16.0339763,47.3728534],[16.0339408,47.3733295],[16.033896,47.3734635],[16.0338333,47.373589],[16.0336165,47.3738652],[16.0334825,47.3741163],[16.0334254,47.3744814],[16.0334483,47.3746958],[16.0333199,47.374943],[16.0325812,47.3757716],[16.0318995,47.3763839],[16.0313604,47.377002],[16.0311152,47.3773496],[16.0309255,47.3777337],[16.0307498,47.3780996],[16.0306608,47.3781875],[16.0304491,47.3787894],[16.0301161,47.3792886],[16.0309123,47.3794563],[16.0314355,47.3796181],[16.0326575,47.3800881],[16.0330524,47.3802282],[16.0332534,47.3802685],[16.0339411,47.3805156],[16.0343602,47.3805982],[16.034599,47.3806679],[16.0348527,47.3807118],[16.0350628,47.3807587],[16.0352636,47.3808135],[16.0357221,47.3809082],[16.0359126,47.3809284],[16.0364596,47.3809561],[16.0372979,47.381074],[16.0380409,47.381168],[16.038343,47.381192],[16.0387403,47.3812602],[16.0393228,47.3813928],[16.0403733,47.3817282],[16.0405938,47.3818904],[16.0410347,47.3821263],[16.0413994,47.382235],[16.0423329,47.382399],[16.0433862,47.3825465],[16.0445347,47.3824175],[16.0452695,47.3825741],[16.0457866,47.3826773],[16.046233,47.3827455],[16.0475339,47.3828413],[16.0485083,47.3828302],[16.0494309,47.3827197],[16.0501521,47.3826497],[16.0504216,47.3826497],[16.0511972,47.3827197],[16.0517307,47.3828376],[16.0521308,47.3829482],[16.0526071,47.3831177],[16.052726,47.3831967],[16.0533691,47.3836687],[16.0537855,47.3838917],[16.0540359,47.3839709],[16.0541665,47.3839728],[16.054651,47.3838788],[16.0549177,47.383853],[16.05513,47.3838825],[16.0555165,47.3839912],[16.0558188,47.3840958],[16.0561887,47.3841423],[16.0565492,47.3842471],[16.0567385,47.3842215],[16.0572638,47.3842105],[16.058023,47.3844261],[16.0580585,47.3843653],[16.0585258,47.3840011],[16.0587688,47.3838125],[16.060411,47.384238],[16.0608019,47.3843337],[16.06159,47.384494],[16.0624198,47.3845855],[16.062971,47.384529],[16.0632642,47.3846155],[16.063524,47.3848874],[16.06389,47.384956],[16.0639875,47.3851313],[16.0640237,47.3852736],[16.064103,47.385436],[16.0644894,47.3858189],[16.0647846,47.3861567],[16.0651802,47.3864485],[16.0653249,47.3866784],[16.0656384,47.3870196],[16.0656263,47.3870885],[16.0656734,47.387161],[16.0658088,47.3872314],[16.065888,47.387345],[16.065612,47.387617],[16.0656414,47.3877489],[16.0655906,47.3879457],[16.065769,47.388275],[16.0656611,47.3885387],[16.0654639,47.3887323],[16.065422,47.38893],[16.0654232,47.3892218],[16.0654451,47.3895332],[16.0655245,47.3897495],[16.0654985,47.3898921],[16.065392,47.390113],[16.0651265,47.3901107],[16.0648785,47.39006],[16.0643666,47.3900043],[16.0642699,47.3901864],[16.0640594,47.3904114],[16.0638489,47.3907394],[16.0637393,47.3910635],[16.063718,47.391236],[16.0640998,47.3918698],[16.064227,47.392024],[16.0643017,47.3925395],[16.0645353,47.3929592],[16.0646795,47.3932208],[16.0646766,47.3933555],[16.0646506,47.3934785],[16.0646391,47.3936445],[16.0646622,47.3937636],[16.064903,47.394357],[16.0651647,47.3945556],[16.065214,47.3945743],[16.0652894,47.3946261],[16.065334,47.394684],[16.0654408,47.3947221],[16.0655706,47.394728],[16.0657263,47.3947495],[16.0658476,47.3948316],[16.06613,47.394947],[16.0661556,47.3949897],[16.0661763,47.3950497],[16.066224,47.395144],[16.0662079,47.3953488],[16.0662426,47.3955245],[16.066385,47.395756],[16.0663909,47.3958854],[16.0663214,47.3962633],[16.0662697,47.3968119],[16.066279,47.396982],[16.066246,47.397072],[16.0664214,47.3973654],[16.0665108,47.3976368],[16.066495,47.39769],[16.0666985,47.3977398],[16.0667711,47.3976997],[16.0668914,47.3977871],[16.0671394,47.3978281],[16.0672923,47.3980038],[16.06747,47.3980152],[16.0676873,47.3981687],[16.0678533,47.3981876],[16.0680738,47.3983044],[16.068417,47.3983961],[16.0684846,47.3984315],[16.068667,47.398434],[16.0687747,47.3985497],[16.0690241,47.3986755],[16.0691524,47.3987553],[16.0692874,47.3989599],[16.06944,47.39908],[16.0695289,47.3993351],[16.0695735,47.3994073],[16.069646,47.39983],[16.069925,47.399961],[16.0701087,47.3998686],[16.0701712,47.3998653],[16.0701733,47.3999871],[16.0703822,47.4001649],[16.0703755,47.400191],[16.070505,47.400229],[16.0704363,47.4003342],[16.0704675,47.4003814],[16.070352,47.400584],[16.0704877,47.4007054],[16.0704407,47.4008417],[16.0705371,47.4008458],[16.070603,47.400958],[16.0705194,47.4010353],[16.0704618,47.4011823],[16.0705477,47.4013123],[16.070439,47.4013455],[16.070416,47.40146],[16.0706607,47.4015526],[16.0709549,47.4014862],[16.071062,47.40153],[16.0710356,47.401619],[16.070897,47.401782],[16.0709635,47.4018591],[16.07112,47.401882],[16.0710748,47.4020545],[16.0710053,47.4020875],[16.071035,47.402206],[16.070844,47.402257],[16.071003,47.402621],[16.07114,47.4027623],[16.071256,47.402943],[16.0714331,47.4030237],[16.0715115,47.4030083],[16.0716874,47.4031395],[16.071797,47.4031552],[16.071912,47.403188],[16.0718691,47.4032723],[16.0716816,47.4033679],[16.071615,47.403527],[16.072008,47.403649],[16.0719758,47.4039398],[16.0717191,47.4040901],[16.0717276,47.4041284],[16.0718518,47.4041253],[16.0720636,47.4041062],[16.0725093,47.4041194],[16.07301,47.404042],[16.0732822,47.404299],[16.073506,47.404371],[16.074081,47.4044473],[16.074952,47.4045098],[16.0754451,47.4045176],[16.075667,47.4045191],[16.076401,47.404562],[16.076864,47.404742],[16.077424,47.405013],[16.078445,47.40523],[16.0793989,47.4056926],[16.080189,47.406148],[16.0808322,47.4066178],[16.0813283,47.4070237],[16.0823636,47.4076795],[16.0832057,47.408388],[16.0834624,47.4087237],[16.0839296,47.4090165],[16.084103,47.409154],[16.0841815,47.4091961],[16.0842438,47.4089958],[16.084564,47.4088869],[16.0848997,47.408818],[16.0851794,47.4087925],[16.0851336,47.4086783],[16.0849575,47.4086318],[16.0849391,47.4084033],[16.0851529,47.4084381],[16.0853197,47.4082186],[16.0852395,47.4082154],[16.0851557,47.4081706],[16.0852359,47.4081461],[16.0854501,47.4081029],[16.0855133,47.4079762],[16.0856,47.4077701],[16.0862351,47.4076365],[16.0860665,47.4075367],[16.0862041,47.4074846],[16.086493,47.407438],[16.0866221,47.4074848],[16.0867902,47.4074604],[16.0871106,47.4075552],[16.0874286,47.4072983],[16.088029,47.4070382],[16.0883752,47.4071251],[16.0887671,47.4071254],[16.0891403,47.4073598],[16.0893164,47.4074641],[16.0896686,47.4077267],[16.0903263,47.4077863],[16.0908013,47.4078979],[16.0910115,47.4080847],[16.0912619,47.408209],[16.0911379,47.4084287],[16.0915784,47.4083878],[16.0918828,47.4082639],[16.0923544,47.4083524],[16.092957,47.4084344],[16.0932542,47.4085107],[16.0933703,47.4085484],[16.0936982,47.4085256],[16.0940578,47.4085592],[16.0945063,47.408669],[16.0949555,47.4086066],[16.0953071,47.4087361],[16.0953814,47.4085871],[16.0954799,47.4085239],[16.0957474,47.4083897],[16.0958492,47.408291],[16.0959318,47.4081438],[16.0959731,47.4077527],[16.0959813,47.4076727],[16.0961877,47.407276],[16.0966979,47.4065096],[16.0964404,47.4063992],[16.0961272,47.4064975],[16.0959373,47.4065571],[16.0957749,47.4066335],[16.0956181,47.4067489],[16.0954612,47.4067769],[16.0953044,47.4067191],[16.0952634,47.4066477],[16.0947072,47.406071],[16.0946646,47.4061383],[16.0945885,47.4061697],[16.0945377,47.4061236],[16.094322,47.4061138],[16.094022,47.4061548],[16.0937679,47.4062264],[16.093678,47.4062962],[16.0933175,47.4063466],[16.0929818,47.4064807],[16.0926186,47.4064565],[16.0922718,47.4063969],[16.0920104,47.4062107],[16.0915288,47.4060878],[16.090951,47.4059779],[16.0903731,47.4060021],[16.0897787,47.4059015],[16.089077,47.4056817],[16.0886532,47.4055383],[16.0880946,47.4053391],[16.0878744,47.4052031],[16.0875772,47.4048511],[16.087657,47.4045512],[16.0876268,47.4042868],[16.0875497,47.4039347],[16.0876295,47.4036125],[16.0875424,47.4034967],[16.087635,47.4033425],[16.0881083,47.4024838],[16.0884495,47.4021076],[16.0885844,47.4020368],[16.0889394,47.401547],[16.0892366,47.4010198],[16.0893659,47.4006864],[16.0890935,47.4003418],[16.0886724,47.3999023],[16.0884853,47.3996843],[16.0883395,47.3994478],[16.0878992,47.3989765],[16.0876075,47.3990138],[16.0873928,47.3990324],[16.0870874,47.3990417],[16.0866128,47.3989807],[16.0861132,47.3988349],[16.0856427,47.3986617],[16.0852877,47.3984885],[16.0848254,47.3983283],[16.0842867,47.398144],[16.0840576,47.3980768],[16.0837109,47.3980433],[16.0832128,47.3979669],[16.0826903,47.3978477],[16.0821726,47.3973522],[16.0823322,47.3971678],[16.08251,47.3967555],[16.0833587,47.3961079],[16.0835915,47.3959595],[16.0840108,47.3957447],[16.0843108,47.395754],[16.0844744,47.3956476],[16.0846674,47.3955635],[16.0854858,47.3951262],[16.0859206,47.3949101],[16.0875497,47.3942525],[16.0881799,47.3940811],[16.0884798,47.3938855],[16.0888959,47.393525],[16.0890477,47.3932449],[16.0893765,47.3926709],[16.0902135,47.3923449],[16.0913225,47.3918941],[16.0915309,47.3917644],[16.091782,47.3915141],[16.0922443,47.3909831],[16.0927121,47.3902752],[16.0929653,47.3901411],[16.0932163,47.3902095],[16.0945834,47.3905453],[16.0952246,47.3910372],[16.0954802,47.391195],[16.0961437,47.3916631],[16.0964833,47.3918632],[16.0966528,47.3919146],[16.0967347,47.3919409],[16.0968289,47.3919183],[16.097127,47.3920085],[16.0974343,47.3922127],[16.0979596,47.3924617],[16.098081,47.3924791],[16.0984574,47.3924036],[16.098732,47.392543],[16.0989946,47.3927026],[16.0990771,47.3928423],[16.0993414,47.3931531],[16.1000623,47.3934403],[16.1001998,47.3935657],[16.1003787,47.3938613],[16.1007577,47.3943268],[16.1010887,47.394396],[16.1016074,47.3944779],[16.1017877,47.3948431],[16.1024564,47.3951448],[16.1027448,47.3954421],[16.102993,47.3952771],[16.103736,47.3953843],[16.1038873,47.3952547],[16.1039919,47.3951914],[16.104251,47.3951809],[16.1046629,47.3946057],[16.1051264,47.3943152],[16.1053706,47.394355],[16.1066914,47.3948281],[16.1068259,47.3949311],[16.106833,47.3950662],[16.106763,47.3953255],[16.1067658,47.3954754],[16.1068758,47.3956483],[16.1068394,47.3957368],[16.1067795,47.3958378],[16.1066968,47.3961274],[16.1069027,47.3964774],[16.1073429,47.3967032],[16.1070464,47.3970672],[16.1068841,47.3971939],[16.1066612,47.397477],[16.1065507,47.3977131],[16.1064329,47.3979062],[16.1061218,47.3982445],[16.1058188,47.3986376],[16.1057004,47.3987311],[16.1056567,47.3987586],[16.1052612,47.3989961],[16.1051365,47.3990722],[16.1051895,47.3991004],[16.1052508,47.3990853],[16.1054535,47.3990834],[16.1058281,47.3991532],[16.1057234,47.3994739],[16.1056859,47.3996602],[16.1056691,47.3997518],[16.1055446,47.4000046],[16.105706,47.4002523],[16.1058441,47.4004048],[16.1060948,47.400771],[16.106268,47.4011825],[16.106954,47.4016443],[16.1075898,47.4018622],[16.1072894,47.4022399],[16.1067486,47.4021934],[16.1061314,47.4019493],[16.1054694,47.4017816],[16.1049951,47.401427],[16.1048356,47.4015311],[16.1046147,47.4019259],[16.1044271,47.4027082],[16.1042266,47.4029848],[16.1040467,47.4031563],[16.1035536,47.4033175],[16.1034901,47.4033542],[16.1032681,47.4035339],[16.1031892,47.4035735],[16.1030761,47.4036905],[16.1026551,47.404144],[16.1022425,47.4043254],[16.1008324,47.4060564],[16.1007761,47.4063233],[16.1003448,47.4067701],[16.1001704,47.4069811],[16.1001056,47.4071088],[16.1001056,47.4072861],[16.1002662,47.4074177],[16.1001084,47.4077723],[16.1000014,47.4081193],[16.0998943,47.408533],[16.0999732,47.4087427],[16.099659,47.4095592],[16.0997366,47.4098065],[16.0996762,47.411569],[16.0997704,47.4119532],[16.0999337,47.4123996],[16.1002549,47.4128797],[16.1007405,47.4135322],[16.100593,47.4136232],[16.1004143,47.4136832],[16.100731,47.4141131],[16.100993,47.4143819],[16.1012353,47.4147727],[16.101748,47.4146983],[16.1028128,47.4144562],[16.10412,47.4142179],[16.1049462,47.4140956],[16.1062851,47.4141072],[16.1078307,47.4143952],[16.1081166,47.414436],[16.1087316,47.4145554],[16.1093183,47.4146211],[16.1092021,47.4144067],[16.1090832,47.414235],[16.109727,47.4141072],[16.109881,47.414197],[16.1102782,47.4142243],[16.1104838,47.4142809],[16.1107829,47.4142687],[16.1110557,47.4143057],[16.1112895,47.4140292],[16.1113577,47.4138632],[16.111744,47.4136774],[16.1120473,47.413606],[16.1129456,47.4135844],[16.1132474,47.4136441],[16.1137066,47.41377],[16.1140528,47.4138284],[16.1141743,47.4139911],[16.1145095,47.4140502],[16.1146328,47.4142411],[16.1147659,47.4142484],[16.1150363,47.4145058],[16.1151602,47.4146983],[16.1154604,47.4147461],[16.1155941,47.4146678],[16.1159969,47.4141874],[16.116014,47.4141335],[16.116079,47.4139989],[16.1161461,47.4138752],[16.116503,47.413939],[16.1167908,47.4139445],[16.116894,47.4138784],[16.117119,47.4137789],[16.1173745,47.4135612],[16.118044,47.4133753],[16.118532,47.4133838],[16.1192971,47.4132766],[16.1211683,47.4128761],[16.1217089,47.4128119],[16.1218718,47.4128366],[16.1221959,47.4128385],[16.1227126,47.4128089],[16.1234454,47.412724],[16.1239476,47.4126884],[16.1248589,47.4126842],[16.1252642,47.4127299],[16.1259123,47.4127575],[16.1264378,47.4128129],[16.1269312,47.412886],[16.1274939,47.4133289],[16.1277487,47.4132653],[16.1281399,47.413291],[16.1284123,47.4132476],[16.1289194,47.4132969],[16.1292697,47.4133838],[16.1295109,47.4133812],[16.129804,47.4132712],[16.1298244,47.4132139],[16.1299143,47.4132243],[16.1300083,47.4135893],[16.1303778,47.4136019],[16.131252,47.4141326],[16.1320602,47.414684],[16.1325314,47.4152167],[16.1326284,47.4152886],[16.1333482,47.4154898],[16.1334591,47.4156231],[16.1337948,47.4156182],[16.1345042,47.4155688],[16.1351202,47.4155352],[16.1355552,47.4155925],[16.1356749,47.4155312],[16.1360691,47.4155629],[16.1363406,47.4156004],[16.1365758,47.415634],[16.1368486,47.4155925],[16.1370208,47.4155767],[16.1372719,47.4155727],[16.1375148,47.4156278],[16.1377039,47.4157209],[16.1382674,47.4159026],[16.1386849,47.4159955],[16.1390896,47.4161284],[16.1392921,47.41628],[16.1396491,47.4165027],[16.1398661,47.4166202],[16.1399665,47.4167007],[16.1402585,47.4167798],[16.1405977,47.4169696],[16.1409299,47.4171847],[16.141151,47.4172861],[16.1416869,47.4175196],[16.14188,47.417595],[16.142483,47.417359],[16.1427759,47.4171255],[16.142959,47.416926],[16.1430718,47.4166138],[16.1431465,47.4165208],[16.1435559,47.41663],[16.1437472,47.4167433],[16.144034,47.4168578],[16.1442941,47.4169859],[16.1446199,47.4170608],[16.1448007,47.4171802],[16.1449714,47.4172129],[16.1450891,47.4172549],[16.1452983,47.4173479],[16.1455912,47.4175441],[16.1462905,47.4178434],[16.1470018,47.4182923],[16.147214,47.4185613],[16.148008,47.418973],[16.1481764,47.4190486],[16.1483766,47.4190891],[16.1486605,47.419172],[16.1495571,47.4194733],[16.1497454,47.4195643],[16.149901,47.419593],[16.150383,47.419542],[16.1511142,47.4197483],[16.1515864,47.419811],[16.1521273,47.419902],[16.1523724,47.419995],[16.1525099,47.4200334],[16.1529014,47.4200638],[16.153229,47.420138],[16.1536486,47.4201426],[16.1541775,47.4200577],[16.1543127,47.420053],[16.1544603,47.4200276],[16.1548052,47.419991],[16.1551728,47.4199708],[16.1553006,47.419965],[16.1557406,47.4199],[16.156356,47.419809],[16.1565205,47.4198312],[16.1565493,47.4198938],[16.1566282,47.4199728],[16.1566551,47.420086],[16.1567388,47.4201972],[16.15697,47.420233],[16.1572827,47.4202195],[16.1573246,47.4201629],[16.1574352,47.4201467],[16.1576659,47.4201591],[16.157862,47.42014],[16.1580281,47.4201786],[16.1582265,47.4201977],[16.1588757,47.4203792],[16.159134,47.4203712],[16.1593056,47.4204285],[16.1597573,47.4204803],[16.1600562,47.4204662],[16.160475,47.420528],[16.1613831,47.4205289],[16.1616999,47.4204965],[16.16259,47.420469],[16.163006,47.4205107],[16.1632899,47.4205976],[16.1639414,47.4206664],[16.1642283,47.4207311],[16.164497,47.420749],[16.165053,47.4207485],[16.1658802,47.4205189],[16.166402,47.420506],[16.1670598,47.4208963],[16.168399,47.421438],[16.1692498,47.4216272],[16.1696504,47.421632],[16.1703651,47.421906],[16.1707527,47.422075],[16.1710068,47.4221162],[16.1713997,47.4222665],[16.1717682,47.422401],[16.171383,47.4226459],[16.171165,47.4227322],[16.1704445,47.4231891],[16.1704365,47.4233294],[16.170023,47.423572],[16.1696629,47.4236011],[16.1694529,47.4237461],[16.169194,47.423799],[16.168904,47.424317],[16.168997,47.424578],[16.168504,47.424862],[16.1683495,47.425193],[16.1680836,47.4253782],[16.167865,47.42567],[16.1676316,47.4258567],[16.1673524,47.426015],[16.167022,47.426161],[16.1665123,47.4262524],[16.1661162,47.4262075],[16.165845,47.4262218],[16.1654568,47.4263082],[16.164424,47.426384],[16.1642232,47.4263873],[16.1640876,47.4263244],[16.1633469,47.4263662],[16.1624684,47.4263567],[16.162176,47.426319],[16.1619872,47.4262848],[16.16153,47.426286],[16.1612768,47.4263571],[16.161201,47.4263892],[16.1608759,47.4264395],[16.1607546,47.4264892],[16.16045,47.426501],[16.1601181,47.426882],[16.159682,47.427655],[16.1596927,47.4281518],[16.159597,47.4284378],[16.1596582,47.4287418],[16.1596271,47.4289254],[16.1595921,47.4289992],[16.1595481,47.4292756],[16.1595173,47.4292904],[16.1591238,47.4294217],[16.1589536,47.4295943],[16.158701,47.4296501],[16.1584747,47.4298063],[16.158269,47.429817],[16.1578503,47.4301159],[16.1573637,47.4303857],[16.157034,47.4306393],[16.1565369,47.4308443],[16.1556462,47.4310602],[16.1544764,47.4314828],[16.154235,47.431611],[16.1534767,47.4326572],[16.1531869,47.432954],[16.1530168,47.4333119],[16.152691,47.433711],[16.1524425,47.4338514],[16.1517831,47.4340223],[16.1513772,47.4341262],[16.1511876,47.4342183],[16.1509297,47.4342777],[16.1505096,47.4342813],[16.1504272,47.434301],[16.149958,47.434498],[16.1491483,47.4352956],[16.148472,47.435881],[16.1472793,47.4365149],[16.1468087,47.4367918],[16.146182,47.437147],[16.1451576,47.4374104],[16.144883,47.437505],[16.1445769,47.4376705],[16.1443734,47.4378206],[16.1441843,47.4378829],[16.144039,47.437972],[16.1437166,47.4383222],[16.1433816,47.4386171],[16.1431929,47.4388743],[16.1430892,47.4391188],[16.1429403,47.4392861],[16.1426585,47.4395738],[16.1418981,47.4403848],[16.1416189,47.4407247],[16.1408737,47.4415907],[16.1407649,47.441738],[16.1407303,47.4418021],[16.140706,47.4418989],[16.1405873,47.4420517],[16.1405775,47.4421525],[16.1405581,47.4422184],[16.1404243,47.4424614],[16.1403968,47.4426537],[16.1403985,47.4427491],[16.1403114,47.442822],[16.1402892,47.4429402],[16.1402749,47.44303],[16.1403115,47.4430395],[16.1402874,47.4430996],[16.1403049,47.4432927],[16.1403052,47.4433602],[16.1402331,47.4434007],[16.1400857,47.4434443],[16.1400061,47.4434947],[16.1399579,47.4435387],[16.1398823,47.4436822],[16.1398425,47.4438518],[16.1398256,47.4439186],[16.139806,47.4440691],[16.1397732,47.4441741],[16.1397635,47.4443112],[16.1398319,47.4444767],[16.1400689,47.4447058],[16.140126,47.444841],[16.1401194,47.4451679],[16.1401961,47.4452154],[16.1402885,47.4454395],[16.1402765,47.4455145],[16.1403693,47.4456111],[16.1404145,47.4457019],[16.1405006,47.4460114],[16.1405801,47.4461294],[16.1405927,47.4464175],[16.140695,47.446614],[16.140474,47.446845],[16.140636,47.447052],[16.1404704,47.4472248],[16.1401646,47.4473597],[16.1400923,47.4474392],[16.1398296,47.4475341],[16.1396402,47.4477456],[16.139366,47.44797],[16.1393236,47.4481118],[16.1392283,47.448225],[16.1392155,47.448336],[16.1389576,47.4486794],[16.1388,47.448956],[16.1383195,47.4495963],[16.1381201,47.4497402],[16.1381122,47.4498471],[16.1379498,47.4499477],[16.137572,47.450408],[16.137147,47.4503838],[16.1368731,47.4504054],[16.136695,47.4504917],[16.1364983,47.4504562],[16.1364026,47.4505654],[16.13615,47.4506031],[16.1360649,47.4507326],[16.135159,47.451142],[16.1348344,47.4511676],[16.1346717,47.4512522],[16.134271,47.451242],[16.1342517,47.4513672],[16.1341613,47.4514302],[16.1339539,47.4515218],[16.1334275,47.4518095],[16.1331084,47.4520342],[16.1329064,47.452259],[16.1327628,47.4523614],[16.1326642,47.4523641],[16.1326458,47.4523812],[16.132138,47.452821],[16.131891,47.453432],[16.1318881,47.4535246],[16.1319173,47.4538015],[16.1319865,47.4540424],[16.132203,47.45443],[16.1327867,47.4549898],[16.132877,47.455131],[16.132876,47.4552498],[16.1329037,47.4553349],[16.1328266,47.4555111],[16.1327522,47.4557448],[16.1327761,47.4562356],[16.1326804,47.4565574],[16.1326369,47.4566956],[16.1327176,47.4568864],[16.132632,47.457364],[16.1327203,47.4579649],[16.1327761,47.458515],[16.133067,47.45926],[16.133311,47.4594657],[16.133331,47.459541],[16.1340443,47.4598848],[16.1344325,47.4600969],[16.1348339,47.4602587],[16.135072,47.460408],[16.135464,47.4605085],[16.135838,47.460515],[16.136142,47.4606218],[16.136594,47.460926],[16.1372374,47.4609399],[16.1375405,47.4610442],[16.1379664,47.4613],[16.1379725,47.4614314],[16.1376055,47.461616],[16.137499,47.4617459],[16.1373825,47.4617663],[16.1373341,47.4618272],[16.137103,47.461941],[16.1370714,47.4620133],[16.1368731,47.4621339],[16.1368034,47.4622955],[16.1367147,47.4623404],[16.136577,47.46252],[16.1365589,47.4626326],[16.136188,47.463181],[16.1362914,47.4634403],[16.1363355,47.4637036],[16.1361225,47.4639722],[16.13624,47.46445],[16.1361329,47.4646324],[16.135872,47.464759],[16.1358317,47.4649502],[16.1358836,47.4650889],[16.135887,47.465291],[16.1356966,47.4655524],[16.1355953,47.4657438],[16.1354213,47.4660932],[16.135176,47.466306],[16.135272,47.46663],[16.1346854,47.4671293],[16.1345167,47.4671783],[16.1344838,47.467301],[16.133866,47.467668],[16.1338371,47.4677856],[16.133957,47.467954],[16.1336684,47.4680648],[16.1335944,47.468067],[16.1335722,47.4682245],[16.1336054,47.4683675],[16.1335213,47.4684271],[16.1334424,47.4686687],[16.1333271,47.4688246],[16.133194,47.4689011],[16.1331905,47.4690093],[16.1329983,47.4693095],[16.132986,47.469503],[16.13251,47.4694166],[16.1320478,47.4692726],[16.1313362,47.4690128],[16.1307804,47.4687863],[16.1304506,47.4687284],[16.1299286,47.4686265],[16.1294299,47.4684738],[16.12898,47.468293],[16.1287235,47.4682684],[16.128429,47.468329],[16.1283651,47.4681859],[16.1282339,47.4681827],[16.128153,47.468145],[16.1276795,47.4682034],[16.1271965,47.4682965],[16.1268717,47.4683076],[16.126815,47.4683352],[16.126714,47.468342],[16.1263498,47.4684598],[16.1260008,47.4686267],[16.125854,47.468672],[16.1257818,47.4687648],[16.1256148,47.4689074],[16.1254331,47.4691339],[16.125285,47.4694622],[16.1251785,47.4696325],[16.125048,47.469758],[16.1249997,47.4698306],[16.1246306,47.4701188],[16.1244555,47.4702946],[16.1241574,47.4704578],[16.1239641,47.4705962],[16.1239595,47.4706437],[16.1238355,47.4706663],[16.1237787,47.4707086],[16.1230853,47.4707613],[16.122984,47.4708206],[16.122787,47.4708137],[16.122666,47.470835],[16.122488,47.4709351],[16.122391,47.47105],[16.1222543,47.4713248],[16.1222335,47.4714582],[16.122242,47.471601],[16.1223841,47.4719305],[16.122475,47.4720586],[16.1227087,47.4723272],[16.1228308,47.4725045],[16.122909,47.4725289],[16.122839,47.472596],[16.1232827,47.4728363],[16.1235164,47.4730522],[16.1241917,47.4733278],[16.124485,47.473429],[16.1239579,47.4736297],[16.1238566,47.4737807],[16.1234645,47.4739457],[16.123353,47.474087],[16.122885,47.474032],[16.1225269,47.4741599],[16.1222335,47.4742125],[16.1221757,47.4742622],[16.1219996,47.4742146],[16.1217868,47.4742533],[16.1216768,47.4742265],[16.1215582,47.4743038],[16.121376,47.474219],[16.120902,47.474386],[16.119732,47.474437],[16.1193326,47.4743512],[16.1190391,47.4743512],[16.118522,47.474159],[16.1183067,47.4741915],[16.118246,47.474255],[16.117718,47.473956],[16.1171643,47.4738912],[16.1168684,47.4738558],[16.1164223,47.4738882],[16.1159408,47.4741722],[16.115132,47.474325],[16.1152578,47.4747321],[16.1154011,47.4749468],[16.115518,47.4751973],[16.1156395,47.4753114],[16.115759,47.47535],[16.1161177,47.4756062],[16.1161539,47.4756747],[16.116484,47.475922],[16.1164342,47.4761031],[16.1165,47.476243],[16.1168602,47.4764893],[16.1170186,47.4765595],[16.117414,47.476677],[16.1177041,47.4766782],[16.1180235,47.4766908],[16.1182704,47.4767052],[16.1183971,47.4766689],[16.118517,47.4766705],[16.1186106,47.4767526],[16.1189133,47.4767962],[16.118998,47.4768705],[16.1192391,47.4769439],[16.1194858,47.4769702],[16.119603,47.477008],[16.1197455,47.4771124],[16.1198831,47.4773125],[16.1199279,47.4774125],[16.1201636,47.4777074],[16.12027,47.477908],[16.1202441,47.4781287],[16.1202017,47.4782465],[16.1200701,47.4786939],[16.119839,47.4790292],[16.1198754,47.4790871],[16.119797,47.479322],[16.119626,47.4794955],[16.1195651,47.479656],[16.1193551,47.4798119],[16.1192589,47.4798863],[16.119033,47.480063],[16.118969,47.4802561],[16.1189656,47.4803632],[16.1190005,47.4804385],[16.1189773,47.4804659],[16.1188158,47.4804948],[16.1187482,47.4805211],[16.118654,47.48058],[16.1187837,47.4807242],[16.1187425,47.4807313],[16.1187805,47.4807779],[16.118795,47.480809],[16.1187797,47.480872],[16.1187896,47.4808906],[16.1187015,47.4810793],[16.1187768,47.4812267],[16.1187811,47.4813635],[16.1188043,47.4813954],[16.1187336,47.4816139],[16.118835,47.4817402],[16.1188035,47.4817809],[16.1187823,47.4818644],[16.1187119,47.4818992],[16.1186957,47.4819547],[16.1187118,47.4819767],[16.1186914,47.4820276],[16.1187048,47.4820482],[16.1187279,47.4820969],[16.1186836,47.4821588],[16.1186547,47.4822675],[16.1187041,47.4824535],[16.1186116,47.4826095],[16.1186176,47.4826655],[16.1185197,47.4827572],[16.118544,47.4828106],[16.1185018,47.4828862],[16.118488,47.482986],[16.118634,47.4831012],[16.1187924,47.4832591],[16.1189329,47.4834735],[16.1189326,47.4835031],[16.118969,47.4836172],[16.1192339,47.4839191],[16.119404,47.484039],[16.1194962,47.484328],[16.1196331,47.4845364],[16.1196387,47.4846115],[16.119692,47.484686],[16.1197391,47.4848587],[16.119826,47.4850721],[16.119859,47.485304],[16.1197819,47.4853652],[16.1197645,47.4854809],[16.1196338,47.4857794],[16.119651,47.486047],[16.1198229,47.4861629],[16.1198137,47.4862979],[16.1198619,47.4863877],[16.11995,47.486508],[16.1202622,47.4867219],[16.1207661,47.4870535],[16.120988,47.487295],[16.1211271,47.4875432],[16.121168,47.487843],[16.1207532,47.4877275],[16.1204103,47.4876731],[16.1202286,47.4876643],[16.119892,47.487705],[16.1189456,47.4881065],[16.117722,47.488722],[16.1167615,47.4890437],[16.1162602,47.4891858],[16.116064,47.489285],[16.1159226,47.4894912],[16.1158707,47.489793],[16.1158655,47.4899966],[16.115858,47.4901118],[16.1157668,47.4904195],[16.115797,47.490593],[16.1157382,47.4907143],[16.1155305,47.4908652],[16.1154058,47.4912109],[16.1151721,47.4915268],[16.1148973,47.4920154],[16.1148,47.492144],[16.1148033,47.4923375],[16.114921,47.492517],[16.1152656,47.4927885],[16.1154837,47.4929131],[16.115557,47.492993],[16.1154318,47.4933079],[16.1154804,47.4934476],[16.115442,47.4936018],[16.115446,47.493718],[16.115572,47.4939572],[16.115733,47.4941081],[16.1157068,47.4944925],[16.1157788,47.4945605],[16.1157564,47.4945801],[16.1146305,47.4956223],[16.1144851,47.4957087],[16.1141487,47.4960756],[16.1139878,47.496205],[16.113193,47.496838],[16.112892,47.497047],[16.1129334,47.4971262],[16.112763,47.497804],[16.1128659,47.4979122],[16.113246,47.49816],[16.1134087,47.4981],[16.113432,47.4980158],[16.113536,47.497917],[16.113792,47.497912],[16.1138312,47.4979836],[16.1139047,47.4980087],[16.1138252,47.4981083],[16.1138436,47.4981403],[16.1139818,47.4981574],[16.1139698,47.4982019],[16.1140907,47.4982944],[16.1141118,47.4983616],[16.114208,47.49845],[16.1142086,47.4986632],[16.1141669,47.4986954],[16.1141748,47.498786],[16.1141,47.4988431],[16.1140761,47.4989049],[16.1141904,47.4989211],[16.114252,47.498988],[16.1141461,47.4990744],[16.114163,47.4991228],[16.113965,47.499235],[16.1139981,47.4994179],[16.113948,47.499556],[16.1140631,47.4996247],[16.114357,47.499981],[16.1143436,47.5001055],[16.1144111,47.5004195],[16.1145089,47.5006451],[16.1146146,47.5006896],[16.114574,47.500831],[16.1148546,47.5010131],[16.114915,47.5011529],[16.1151955,47.5012615],[16.1154058,47.5014143],[16.115557,47.501478],[16.1158469,47.501393],[16.1159925,47.5015152],[16.1166264,47.5015775],[16.116819,47.501555],[16.117016,47.5016758],[16.117542,47.501848],[16.1178678,47.5017494],[16.118021,47.501661],[16.1181379,47.501953],[16.1181977,47.5027425],[16.118247,47.503745],[16.117903,47.504436],[16.11826,47.505039],[16.1184891,47.5056646],[16.1185846,47.5058618],[16.1186762,47.5058666],[16.1185879,47.5061269],[16.1185898,47.5062829],[16.1186625,47.5064723],[16.1186469,47.5066653],[16.1185716,47.5067425],[16.1185405,47.5068811],[16.1186314,47.5071407],[16.1185677,47.507414],[16.1186236,47.5075056],[16.1185327,47.5077775],[16.11857,47.507928],[16.1186677,47.5081214],[16.1187872,47.5082547],[16.1189408,47.5082913],[16.1190409,47.5084048],[16.1191844,47.5084108],[16.1192703,47.5085451],[16.1192832,47.508595],[16.1193352,47.5086775],[16.1195359,47.5087781],[16.119592,47.508881],[16.1197745,47.5089283],[16.1198493,47.5090286],[16.1199701,47.5090316],[16.1200592,47.509054],[16.1200291,47.5091306],[16.1202044,47.5091939],[16.1202669,47.5092805],[16.120366,47.509298],[16.1203532,47.5094686],[16.120478,47.5095716],[16.1204291,47.5096409],[16.1204285,47.5097405],[16.1204883,47.5097932],[16.1205999,47.5098247],[16.1206545,47.5099738],[16.1205766,47.5101107],[16.1206902,47.5102735],[16.120724,47.5103265],[16.1208208,47.510377],[16.1209238,47.5105412],[16.1210248,47.5105636],[16.1210537,47.5105984],[16.1210372,47.5106328],[16.1211064,47.5106913],[16.1212804,47.5107317],[16.121366,47.510789],[16.121431,47.511051],[16.121343,47.5111491],[16.1213563,47.5111849],[16.1212288,47.5112927],[16.1212648,47.5113456],[16.121133,47.5113384],[16.1210508,47.511414],[16.121072,47.5114581],[16.1210262,47.511457],[16.1209977,47.511478],[16.1209679,47.5115384],[16.1210029,47.5115832],[16.1209505,47.5116421],[16.1209113,47.5116829],[16.1208998,47.5117176],[16.1208259,47.5117631],[16.1204623,47.5116193],[16.1200857,47.5114228],[16.1198831,47.5114105],[16.119719,47.511357],[16.1196755,47.5112185],[16.1194209,47.5110088],[16.1193491,47.5108861],[16.119133,47.510606],[16.118877,47.510523],[16.1188002,47.510444],[16.118836,47.510333],[16.1187094,47.5102585],[16.118564,47.5102922],[16.1185157,47.5102389],[16.1182853,47.5101927],[16.1183301,47.5101124],[16.118254,47.509982],[16.1180548,47.5098651],[16.117671,47.509843],[16.117632,47.509719],[16.1172887,47.5096528],[16.1171744,47.5096844],[16.117011,47.509674],[16.1167147,47.5095335],[16.11672,47.5094651],[16.1165662,47.5094514],[16.1165373,47.5093544],[16.1164128,47.5092588],[16.1162978,47.5092885],[16.116195,47.509246],[16.1160577,47.5090967],[16.11593,47.508686],[16.1157994,47.508645],[16.1157441,47.5085464],[16.1155123,47.5083722],[16.115256,47.50831],[16.115172,47.508037],[16.114827,47.507948],[16.114811,47.507732],[16.114345,47.507405],[16.114495,47.507273],[16.1142657,47.5068407],[16.114154,47.506787],[16.1139904,47.5067618],[16.1137223,47.5069102],[16.1135305,47.5069444],[16.1130788,47.5071846],[16.1125568,47.5074635],[16.1124166,47.5075688],[16.1119699,47.5081968],[16.1117206,47.5086512],[16.1116176,47.5088988],[16.1114687,47.509002],[16.1114427,47.5092336],[16.1113407,47.5093366],[16.1112818,47.5094392],[16.111222,47.5094564],[16.111096,47.50963],[16.1109233,47.5100195],[16.11089,47.510281],[16.110699,47.510261],[16.1109441,47.510565],[16.1111673,47.5107067],[16.1112349,47.5108317],[16.111455,47.510897],[16.1115674,47.5111369],[16.1115165,47.5111903],[16.1117455,47.5112778],[16.1117182,47.5113149],[16.1118037,47.5114158],[16.1120244,47.5115544],[16.1122702,47.5115693],[16.1123906,47.5117158],[16.1126659,47.511814],[16.1127307,47.5119678],[16.1128431,47.5120081],[16.1130333,47.5120379],[16.1130931,47.5121102],[16.1131048,47.512263],[16.113152,47.512377],[16.1133074,47.5123981],[16.113589,47.512404],[16.1140034,47.5127437],[16.11418,47.5129594],[16.114448,47.513106],[16.1146579,47.5134979],[16.114689,47.513737],[16.115002,47.513816],[16.1150578,47.513968],[16.1150344,47.5140522],[16.115049,47.514183],[16.1151589,47.5142374],[16.1152667,47.5143586],[16.1153518,47.5143682],[16.1153383,47.5144101],[16.1155357,47.5144241],[16.1156178,47.5146046],[16.115765,47.514649],[16.1158895,47.5149338],[16.1160005,47.5149924],[16.1159845,47.5151309],[16.1160681,47.5151766],[16.116081,47.5152906],[16.1159824,47.515445],[16.1154474,47.5154695],[16.1151461,47.5155344],[16.1150734,47.515594],[16.1148085,47.5154853],[16.114686,47.515363],[16.1141592,47.5154309],[16.113963,47.515394],[16.1135775,47.515573],[16.1134035,47.5157256],[16.113297,47.5158817],[16.1132788,47.5159641],[16.1131646,47.516129],[16.112668,47.516387],[16.1123517,47.5164254],[16.1118793,47.516275],[16.1117399,47.5163149],[16.1117575,47.5164005],[16.11164,47.516455],[16.1117024,47.5168903],[16.1116738,47.5172919],[16.1117777,47.5177094],[16.1118349,47.5184443],[16.111827,47.518658],[16.1117024,47.5191721],[16.1116425,47.5194178],[16.1116271,47.5196597],[16.111544,47.519993],[16.1114219,47.5202894],[16.111344,47.52067],[16.1114115,47.5210453],[16.1113622,47.5213312],[16.1112271,47.5217486],[16.111195,47.521971],[16.1113206,47.5220239],[16.1113726,47.5221011],[16.1113499,47.5222005],[16.1113738,47.5222621],[16.111352,47.522406],[16.110595,47.522555],[16.110376,47.522729],[16.1103078,47.5228377],[16.1102853,47.522962],[16.1102507,47.5230604],[16.1102792,47.5231306],[16.110238,47.523215],[16.109779,47.523577],[16.1098325,47.5238443],[16.109885,47.523933],[16.1098169,47.5242091],[16.1096144,47.5243091],[16.1094949,47.524488],[16.1094508,47.5246581],[16.1094309,47.5248649],[16.1094672,47.5249921],[16.1093396,47.5249674],[16.109243,47.5249685],[16.1091105,47.524972],[16.108389,47.524934],[16.1080146,47.5248106],[16.1077938,47.524758],[16.1075549,47.5247247],[16.1069446,47.5245984],[16.1054253,47.5242495],[16.105163,47.5242074],[16.104343,47.524023],[16.1039969,47.5239075],[16.103219,47.523592],[16.1025556,47.5234778],[16.1022569,47.5234497],[16.1016622,47.5234287],[16.100978,47.523286],[16.1009999,47.522885],[16.100968,47.522713],[16.100026,47.5230674],[16.0990989,47.5234918],[16.0985068,47.5237935],[16.097775,47.524077],[16.0974601,47.5237707],[16.096921,47.523018],[16.0969537,47.52265],[16.0968888,47.5225816],[16.0968472,47.5224413],[16.096864,47.522162],[16.0969239,47.5220901],[16.0969849,47.5219222],[16.0970914,47.5217871],[16.0971477,47.5216869],[16.0971549,47.521626],[16.0972835,47.5214452],[16.097265,47.52129],[16.0970366,47.5210422],[16.0969526,47.5209073],[16.0965875,47.5205226],[16.0965156,47.520473],[16.0964154,47.520374],[16.0963676,47.5202415],[16.0962265,47.519444],[16.0962213,47.5192633],[16.0961634,47.5191021],[16.0961909,47.5191003],[16.0961742,47.5190202],[16.0961293,47.5190301],[16.0960629,47.5188108],[16.0960473,47.5185162],[16.095965,47.518115],[16.0958269,47.518147],[16.0956922,47.5181436],[16.095383,47.518176],[16.0949851,47.5181128],[16.0946267,47.518104],[16.094332,47.518029],[16.0941463,47.5179602],[16.094016,47.517867],[16.093922,47.517604],[16.093886,47.517219],[16.0938088,47.5169944],[16.0938422,47.5169765],[16.093773,47.5163523],[16.0937272,47.5163334],[16.0937749,47.5162889],[16.0937709,47.5162033],[16.0937513,47.5161497],[16.0936388,47.5159855],[16.0935743,47.5159117],[16.0935933,47.5158663],[16.0937152,47.5158256],[16.0936554,47.5155099],[16.0936347,47.5151064],[16.0938269,47.5141996],[16.0938139,47.5140838],[16.0938847,47.5139617],[16.093856,47.513848],[16.0941489,47.5133032],[16.0943411,47.5127367],[16.094497,47.511961],[16.0942943,47.5114719],[16.094178,47.511275],[16.093897,47.5110123],[16.0930633,47.5103826],[16.0927413,47.5102352],[16.092461,47.510033],[16.0923569,47.5097511],[16.092118,47.5094985],[16.0917466,47.5092634],[16.0915726,47.5089529],[16.0914045,47.5087995],[16.0913233,47.5086476],[16.0911105,47.5084234],[16.0908948,47.5081722],[16.0905286,47.5079038],[16.090488,47.507761],[16.090192,47.507731],[16.08961,47.507357],[16.0891288,47.5072565],[16.0886925,47.507274],[16.088425,47.5072618],[16.0881627,47.5072109],[16.0879913,47.5071302],[16.0875835,47.5071197],[16.0874082,47.5071603],[16.0870806,47.5071449],[16.0867485,47.5070971],[16.0864892,47.5070929],[16.0862369,47.5070823],[16.0858695,47.5071062],[16.0853496,47.5071118],[16.0852147,47.5070816],[16.0849496,47.507086],[16.084574,47.507036],[16.0842038,47.50695],[16.0840378,47.5068562],[16.0833602,47.5066797],[16.082932,47.506611],[16.082102,47.506091],[16.081373,47.50598],[16.081264,47.505648],[16.0809461,47.5053799],[16.080604,47.505205],[16.080375,47.504805],[16.0802902,47.5044735],[16.080031,47.503869],[16.080146,47.5037032],[16.0802521,47.5033906],[16.0802684,47.5031774],[16.08024,47.502969],[16.079852,47.5025081],[16.079621,47.502292],[16.079569,47.5020558],[16.079663,47.501739],[16.0798847,47.5014528],[16.0798983,47.5012763],[16.080145,47.500978],[16.0799609,47.5009306],[16.0798765,47.5006916],[16.0797785,47.5005243],[16.0795173,47.5002282],[16.079261,47.499984],[16.0791499,47.4996472],[16.079034,47.499402],[16.0788423,47.4992813],[16.0784395,47.4992004],[16.078263,47.499236],[16.077631,47.499733],[16.0771223,47.5000149],[16.0763956,47.5003054],[16.075269,47.50096],[16.0748661,47.5014473],[16.074748,47.501723],[16.0747245,47.5021202],[16.074798,47.5025853],[16.0746911,47.5028763],[16.07469,47.503023],[16.0741917,47.5030412],[16.0739571,47.5031002],[16.0727187,47.5031976],[16.072325,47.503281],[16.0717117,47.503273],[16.0715348,47.5031259],[16.0709878,47.5031075],[16.0698774,47.5030193],[16.0694664,47.5029659],[16.0692405,47.502885],[16.069052,47.502876],[16.068706,47.503027],[16.0682267,47.5030477],[16.06819,47.5031112],[16.067758,47.503079],[16.067609,47.502871],[16.0673055,47.5028483],[16.066436,47.502576],[16.0663883,47.5025247],[16.06622,47.502126],[16.065923,47.502211],[16.065854,47.501938],[16.065175,47.501896],[16.0651173,47.5017782],[16.0650166,47.501245],[16.06472,47.500903],[16.064673,47.500647],[16.0647798,47.5005721],[16.065078,47.50019],[16.065107,47.499887],[16.0648288,47.499763],[16.064739,47.499611],[16.064985,47.499357],[16.0649704,47.4991912],[16.0648805,47.4989963],[16.064865,47.498814],[16.065041,47.498717],[16.0650003,47.4985403],[16.0650166,47.4981928],[16.065038,47.498064],[16.0649295,47.497654],[16.064975,47.497334],[16.0647526,47.4970656],[16.064713,47.496934],[16.0648071,47.4965802],[16.0647853,47.4964092],[16.0648424,47.496365],[16.0649159,47.4963319],[16.0651745,47.4963779],[16.0652763,47.4963287],[16.0654412,47.4963044],[16.065531,47.4962455],[16.0655337,47.4960671],[16.0654847,47.4957895],[16.0651364,47.4955909],[16.0649241,47.4953666],[16.0650656,47.4951257],[16.0652861,47.495019],[16.065459,47.4948349],[16.0652683,47.494378],[16.0650503,47.4942972],[16.0648084,47.49429],[16.0647278,47.4942728],[16.064801,47.4942337],[16.0646765,47.4941258],[16.0647259,47.4939275],[16.065014,47.493697],[16.0647986,47.4930431],[16.064562,47.492872],[16.064612,47.49245],[16.064822,47.4924149],[16.064923,47.49231],[16.0646116,47.4920955],[16.0642714,47.4915656],[16.063987,47.49116],[16.0639961,47.4910777],[16.0641364,47.4908864],[16.064212,47.490462],[16.0640245,47.4901281],[16.0639546,47.4899739],[16.0637638,47.4896924],[16.063765,47.4895352],[16.06362,47.4893665],[16.063505,47.48921],[16.0633884,47.4891702],[16.063189,47.489191],[16.0634352,47.4889052],[16.0636845,47.4884664],[16.0638117,47.4882295],[16.063926,47.4881909],[16.064455,47.488264],[16.064663,47.487959],[16.06454,47.487479],[16.0648661,47.4874644],[16.065045,47.487304],[16.0651077,47.4869554],[16.065218,47.48681],[16.0651622,47.4864728],[16.0650783,47.4863431],[16.0648586,47.4862994],[16.0645054,47.4860668],[16.0642404,47.4859624],[16.0640199,47.4859381],[16.0626791,47.4853922],[16.0619712,47.4850634],[16.061412,47.484914],[16.0611253,47.4849097],[16.0601044,47.4850143],[16.059245,47.484945],[16.0589393,47.484901],[16.0581759,47.4847726],[16.057688,47.4845858],[16.0565757,47.4852599],[16.0562331,47.4854061],[16.056063,47.4854589],[16.0559144,47.4855184],[16.055726,47.4856204],[16.0555846,47.4857239],[16.0555691,47.4857443],[16.0555517,47.4857998],[16.0555071,47.4858486],[16.0553653,47.4859633],[16.0551398,47.4860824],[16.0546706,47.4863573],[16.0541579,47.4865622],[16.0539167,47.4866329],[16.0538797,47.4867566],[16.0538328,47.4870509],[16.0537036,47.4872911],[16.053389,47.48759],[16.053247,47.4876776],[16.0531267,47.4876742],[16.0527006,47.4878532],[16.052331,47.4881974],[16.0514066,47.4885717],[16.051097,47.488754],[16.051104,47.4888619],[16.051023,47.4890072],[16.050822,47.489208],[16.0505571,47.4893698],[16.049915,47.489477],[16.0496513,47.4897744],[16.049484,47.490011],[16.048708,47.4901735],[16.048471,47.490276],[16.0482025,47.4904499],[16.0478604,47.49073],[16.047632,47.4908241],[16.0473617,47.4909173],[16.0468645,47.4911575],[16.0466896,47.491303],[16.0464923,47.4914276],[16.0462605,47.4917377],[16.0461671,47.4920285],[16.0461828,47.4920756],[16.0461402,47.4921124],[16.0459342,47.4924543],[16.0458154,47.4925447],[16.0456576,47.4926648],[16.04528,47.492855],[16.0453547,47.4931441],[16.0453253,47.4932141],[16.0451508,47.493444],[16.0449246,47.4935688],[16.0448026,47.4936752],[16.044776,47.4937516],[16.0446636,47.4938361],[16.0444102,47.4940732],[16.0442189,47.4944127],[16.0442337,47.4946047],[16.0442905,47.4948057],[16.0442577,47.4950874],[16.0440801,47.4953617],[16.0438946,47.4955455],[16.0438441,47.4955997],[16.0437649,47.4956048],[16.0434963,47.4958692],[16.0430792,47.4962798],[16.042756,47.4965976],[16.0430613,47.4967505],[16.0422072,47.4975187],[16.0421027,47.4976332],[16.0421173,47.4978246],[16.0422828,47.4982238],[16.0420427,47.4984467],[16.0421097,47.4984848],[16.0420454,47.4985337],[16.0416886,47.4987385],[16.0416635,47.4988241],[16.0416036,47.4992451],[16.041532,47.4995872],[16.0412906,47.4998424],[16.041198,47.50006],[16.0412649,47.5003038],[16.0412944,47.5002984],[16.041283,47.5005282],[16.0412658,47.5007219],[16.041204,47.500797],[16.0410746,47.5008373],[16.0408502,47.5008724],[16.040719,47.500916],[16.0406639,47.5009629],[16.0405798,47.5010015],[16.0404807,47.5010696],[16.0404137,47.5011429],[16.0402035,47.5012801],[16.0399319,47.5013888],[16.0398112,47.5014744],[16.0397744,47.5015612],[16.0396835,47.5015903],[16.0394646,47.5017679],[16.0390188,47.5018654],[16.0388361,47.5019092],[16.0386136,47.5019419],[16.0384756,47.5020172],[16.0382843,47.5021385],[16.0380585,47.5022395],[16.0378598,47.5022999],[16.0378314,47.5024083],[16.0377001,47.5026292],[16.0376814,47.5028186],[16.0375786,47.5030833],[16.0373226,47.5034328],[16.0371206,47.5034963],[16.0369558,47.5034589],[16.036283,47.503668],[16.0362106,47.5037968],[16.0359853,47.5038181],[16.0357158,47.5039889],[16.0355176,47.5039821],[16.0353,47.5040496],[16.0352127,47.5040367],[16.034412,47.504194],[16.0338378,47.5041267],[16.0336811,47.5041151],[16.0335287,47.5041256],[16.0334261,47.5041148],[16.033313,47.504088],[16.032841,47.504242],[16.0327991,47.5043501],[16.0327282,47.5043871],[16.0324612,47.5047819],[16.032425,47.5049207],[16.0322372,47.5051129],[16.032386,47.505662],[16.0322443,47.5058],[16.0322681,47.5058983],[16.0320941,47.5060802],[16.0319078,47.5061762],[16.0316074,47.5064865],[16.0314623,47.5065276],[16.031179,47.506728],[16.0309337,47.5068346],[16.030696,47.5068573],[16.0304907,47.5069627],[16.0303974,47.5071216],[16.030246,47.507262],[16.0297493,47.5074796],[16.02961,47.5075613],[16.029194,47.507723],[16.028774,47.508438],[16.0288378,47.5087471],[16.02897,47.509034],[16.0289134,47.5093283],[16.0287686,47.509534],[16.0287582,47.5096308],[16.0287489,47.5097171],[16.0287034,47.5098768],[16.0284958,47.5100916],[16.0283649,47.5101176],[16.0279905,47.5103825],[16.027754,47.510652],[16.0277615,47.5111753],[16.027421,47.511832],[16.026303,47.51268],[16.0258379,47.5128764],[16.0250512,47.5131149],[16.0243378,47.5135616],[16.0243004,47.5136068],[16.0228267,47.5141558],[16.022624,47.514208],[16.0220125,47.5146891],[16.021324,47.515042],[16.0210445,47.5151054],[16.0208031,47.5152006],[16.020239,47.515528],[16.0194923,47.515715],[16.018976,47.515796],[16.018347,47.516184],[16.017258,47.516406],[16.0168157,47.5167211],[16.016036,47.517025],[16.015167,47.5169],[16.0147622,47.5169933],[16.0137899,47.5170922],[16.0133508,47.517168],[16.0133283,47.517127],[16.0130267,47.5171525],[16.0120104,47.5173115],[16.011109,47.517351],[16.010755,47.5174442],[16.010532,47.517563],[16.0093503,47.5175664],[16.0084305,47.5175563],[16.0077327,47.5174949],[16.006997,47.517411],[16.0062435,47.5172698],[16.004942,47.516846],[16.005066,47.516705],[16.004666,47.5165164],[16.00451,47.516388],[16.0039866,47.5162252],[16.0039148,47.5161614],[16.00375,47.516107],[16.0034806,47.5159459],[16.0033206,47.5158721],[16.0027499,47.5156939],[16.0025026,47.5156753],[16.001576,47.515371],[16.0011971,47.5154197],[16.0005292,47.5156058],[16.0000748,47.5158386],[15.9994771,47.5160201],[15.99913,47.516104],[15.9988259,47.5161592],[15.9979855,47.5161933],[15.996618,47.516302],[15.99596,47.516601],[15.9954429,47.516599],[15.9943692,47.5167099],[15.9930888,47.5167064],[15.9917407,47.5168713],[15.991315,47.5170527],[15.9909396,47.5168925],[15.9891903,47.5169119],[15.9880671,47.517094],[15.9873367,47.5171147],[15.985256,47.517098],[15.983225,47.517391],[15.9820487,47.5177557],[15.9815891,47.51783],[15.980747,47.518068],[15.978399,47.519269],[15.976345,47.520079],[15.974036,47.520224],[15.9723684,47.519992],[15.9712469,47.5198272],[15.969148,47.519431],[15.968547,47.519185],[15.967126,47.519363],[15.96578,47.518976],[15.9655505,47.5186576],[15.965306,47.518457],[15.9639013,47.5183425],[15.961465,47.518144],[15.959779,47.517855],[15.959383,47.517983],[15.9589665,47.5178836],[15.958514,47.5178519],[15.9575148,47.5175196],[15.9566528,47.517233],[15.9562236,47.5170902],[15.9521874,47.518055],[15.9520054,47.5180985],[15.951121,47.5183133],[15.9508916,47.5184567],[15.9504632,47.5187245],[15.9504609,47.5187261],[15.9504599,47.5187267],[15.9504585,47.5187276],[15.9504569,47.5187285],[15.9501326,47.518935],[15.9498013,47.5191458],[15.9477429,47.5204555],[15.9464295,47.5212241],[15.9431182,47.5232008],[15.9426237,47.523496],[15.9425732,47.5235261],[15.9423974,47.5236049],[15.9421242,47.5237273],[15.93873,47.5252482],[15.9367416,47.5261297],[15.9362733,47.5263372],[15.9355324,47.5265499],[15.9337998,47.5270472],[15.9328082,47.5273317],[15.9316695,47.5276581],[15.9316542,47.5276625],[15.9315456,47.5276936],[15.9291151,47.5283809],[15.9266641,47.5290738],[15.9260709,47.5291886],[15.9254827,47.5293023],[15.9232936,47.5297254],[15.9217472,47.5300243],[15.9217396,47.5300243],[15.920497,47.530016],[15.9202372,47.530024],[15.9192708,47.5300538],[15.9187755,47.5300691],[15.9184957,47.5300908],[15.918063,47.5301138],[15.9173365,47.5301523],[15.9171759,47.5301608],[15.9168118,47.5301802],[15.9164567,47.5301966],[15.9156202,47.5302353],[15.9150238,47.5302628],[15.914793,47.5302947],[15.9138538,47.5304246],[15.9134972,47.5307471],[15.9131034,47.5311034],[15.9130484,47.5311532],[15.91291,47.5312784],[15.9129081,47.5312801],[15.9129035,47.5312843],[15.9129031,47.5312847],[15.9129011,47.5312864],[15.9129005,47.531287],[15.9129,47.5312875],[15.9128992,47.5312882],[15.9128991,47.5312883],[15.9128989,47.5312885],[15.9128988,47.5312885],[15.912084,47.5320257],[15.9120708,47.5320844],[15.9117855,47.5333608],[15.91196,47.5345734],[15.9121456,47.5357779],[15.9112905,47.5365787],[15.9099547,47.5378296],[15.9088049,47.5388995],[15.9077416,47.539889],[15.9069,47.5405531],[15.9062607,47.5410571],[15.9050376,47.5420219],[15.9042901,47.5423402],[15.9040363,47.5424482],[15.9032816,47.5446694],[15.9027873,47.5455411],[15.9023368,47.5463356],[15.902961,47.5473048],[15.9028618,47.5500385],[15.9028233,47.5510996],[15.9028502,47.5514166],[15.9030449,47.5537329],[15.9029656,47.554536],[15.9029351,47.5548454],[15.9054543,47.5579676],[15.9054256,47.5590424],[15.9054018,47.5598057],[15.9053981,47.5607243],[15.90545,47.561089],[15.905156,47.5615876],[15.9048506,47.5619701],[15.9047653,47.5622207],[15.904341,47.562753],[15.9024052,47.5634465],[15.899209,47.564861],[15.8964172,47.5667334],[15.895827,47.567266],[15.8946624,47.5678124],[15.8942344,47.5680014],[15.8937325,47.5682456],[15.8930691,47.5686476],[15.8926686,47.5688909],[15.8917598,47.5694216],[15.8912591,47.5696768],[15.890102,47.570299],[15.8895048,47.5705945],[15.8892919,47.5706807],[15.8885028,47.5709984],[15.887904,47.571218],[15.8871161,47.5713121],[15.8866402,47.5713678],[15.885903,47.571448],[15.8846208,47.5718318],[15.8838339,47.5720527],[15.8825738,47.5721994],[15.880638,47.572519],[15.8789339,47.5727321],[15.8779352,47.5728156],[15.8764716,47.5729362],[15.875569,47.573037],[15.8748016,47.5731961],[15.874609,47.5732555],[15.874335,47.573345],[15.8738029,47.5732852],[15.873196,47.573125],[15.8726501,47.5729381],[15.8723392,47.5727618],[15.8719815,47.5725149],[15.871052,47.572157],[15.8707407,47.5720546],[15.869604,47.571827],[15.86885,47.571455],[15.8684517,47.5710374],[15.868106,47.570722],[15.8675795,47.5700499],[15.8672851,47.5696155],[15.8667156,47.5690215],[15.8663772,47.5687078],[15.8656867,47.5678038],[15.8655711,47.5675476],[15.8654391,47.567414],[15.8649963,47.5671053],[15.8649371,47.5668205],[15.864714,47.5663308],[15.8644452,47.5659553],[15.864157,47.56583],[15.8640923,47.5658748],[15.8640823,47.565881],[15.863145,47.56599],[15.861709,47.566834],[15.8590204,47.5669602],[15.857829,47.56698],[15.8569773,47.5669693],[15.856359,47.5668786],[15.8555122,47.5668532],[15.8548751,47.5668913],[15.854211,47.56679],[15.852717,47.566479],[15.8525337,47.5664215],[15.8520283,47.5661458],[15.85157,47.566058],[15.851074,47.5661186],[15.85066,47.566193],[15.8497756,47.5663054],[15.8492299,47.5663308],[15.8487997,47.5664052],[15.848784,47.567201],[15.8479126,47.5675279],[15.847003,47.567787],[15.8470799,47.5681664],[15.8469253,47.5687046],[15.8467583,47.5689132],[15.8466625,47.5691927],[15.8467181,47.5695349],[15.8470242,47.569733],[15.8472221,47.5701732],[15.8472097,47.5708428],[15.8473705,47.5716459],[15.8470459,47.5722425],[15.846848,47.5727139],[15.8468634,47.5730977],[15.8467491,47.5733793],[15.8466532,47.5735107],[15.8464986,47.5736463],[15.8463193,47.5738716],[15.8461307,47.574514],[15.8457627,47.5748874],[15.8450918,47.5758969],[15.8451011,47.5760534],[15.8453423,47.5764455],[15.845772,47.5769419],[15.8458493,47.5777574],[15.8459637,47.5779014],[15.846041,47.5780995],[15.846109,47.5785584],[15.8460596,47.578792],[15.8460719,47.5794469],[15.846174,47.5797806],[15.8461245,47.579985],[15.8461863,47.5805126],[15.8460163,47.5808672],[15.8457782,47.5817348],[15.845245,47.582824],[15.8453765,47.5839513],[15.8451258,47.5843688],[15.8450176,47.5847233],[15.8446775,47.5854741],[15.8447146,47.5857744],[15.8446188,47.5858849],[15.844514,47.586305],[15.8446466,47.5865376],[15.845089,47.587036],[15.845643,47.587358],[15.8460658,47.5874281],[15.8462018,47.5874031],[15.846286,47.587416],[15.8471139,47.5884895],[15.847196,47.588777],[15.8476426,47.5891339],[15.847773,47.589279],[15.8478034,47.5894133],[15.8477044,47.5897303],[15.847703,47.590014],[15.847872,47.590228],[15.8483599,47.590189],[15.848538,47.590221],[15.8487894,47.5904762],[15.848945,47.590634],[15.848664,47.592799],[15.8483599,47.5933668],[15.848314,47.593637],[15.8483815,47.5942488],[15.8484929,47.5946658],[15.8483939,47.5953038],[15.848389,47.595699],[15.8480878,47.5963818],[15.84799,47.596764],[15.8484743,47.5971782],[15.8492473,47.597466],[15.8494451,47.5975723],[15.849575,47.5977662],[15.8497212,47.5978813],[15.850028,47.597971],[15.850774,47.597947],[15.8513497,47.5981498],[15.851642,47.598331],[15.85173,47.598498],[15.8517393,47.5987941],[15.852099,47.599235],[15.8523793,47.5993799],[15.852738,47.5996593],[15.853805,47.600082],[15.854188,47.6004432],[15.8543674,47.6007288],[15.8543983,47.6008497],[15.854913,47.601573],[15.855673,47.601957],[15.8563709,47.6028219],[15.8564822,47.602997],[15.856536,47.603205],[15.856595,47.604445],[15.856381,47.605059],[15.8563956,47.6053381],[15.8565162,47.6056842],[15.856606,47.606083],[15.85709,47.606706],[15.8583497,47.6079876],[15.8592185,47.608367],[15.8596173,47.6086213],[15.8600749,47.6091487],[15.860381,47.609551],[15.8605882,47.6098595],[15.860616,47.6102118],[15.8606242,47.6102519],[15.8607304,47.6107683],[15.8607335,47.6112727],[15.8607953,47.6119647],[15.8609499,47.6125859],[15.8617043,47.6131049],[15.8623382,47.6136218],[15.862336,47.613806],[15.8617198,47.61432],[15.861316,47.614767],[15.8611509,47.6152871],[15.860817,47.6157331],[15.8605662,47.6166769],[15.8604277,47.6171213],[15.8602521,47.6175746],[15.8600617,47.6181732],[15.8588523,47.6187505],[15.8574013,47.6201472],[15.8567482,47.620808],[15.8562829,47.6204191],[15.855226,47.619899],[15.8542221,47.6196376],[15.8529442,47.6192858],[15.851841,47.618918],[15.850758,47.618732],[15.8498989,47.6184173],[15.8495544,47.6183192],[15.8489205,47.6180595],[15.8482125,47.6178047],[15.846936,47.617436],[15.844614,47.617129],[15.8434246,47.6173695],[15.8428007,47.6174888],[15.841986,47.617598],[15.8411034,47.6178735],[15.8407771,47.6179726],[15.840298,47.6181002],[15.8376534,47.6196587],[15.8370984,47.6200407],[15.8369184,47.6202397],[15.836549,47.620473],[15.8362955,47.6205759],[15.8357672,47.6207152],[15.835182,47.621032],[15.834403,47.621836],[15.832984,47.622377],[15.8329452,47.6233633],[15.833079,47.623819],[15.8327209,47.6247162],[15.832539,47.62595],[15.831592,47.626919],[15.8313569,47.6277078],[15.8313306,47.6277959],[15.8311977,47.6284862],[15.8305941,47.6306939],[15.8303058,47.6309709],[15.8302791,47.631319],[15.8302273,47.6316003],[15.8302093,47.6316932],[15.8301523,47.6318927],[15.8300824,47.6321116],[15.8299729,47.6322486],[15.8296254,47.6328082],[15.8295927,47.6328229],[15.826533,47.634913],[15.825687,47.635331],[15.8241505,47.6365559],[15.8239976,47.6367347],[15.821774,47.637952],[15.8209662,47.6378017],[15.8203547,47.6376034],[15.8199654,47.6375374],[15.819137,47.637329],[15.8187943,47.6373761],[15.8180242,47.6375568],[15.8174704,47.6372594],[15.8172339,47.6371992],[15.816879,47.63699],[15.8161177,47.6368299],[15.815574,47.63675],[15.8147217,47.6366861],[15.814009,47.636692],[15.8139495,47.6367033],[15.8137765,47.6367213],[15.813467,47.6368494],[15.812722,47.636936],[15.811684,47.63692],[15.8111336,47.6368202],[15.8105567,47.636657],[15.8103722,47.6365112],[15.8101356,47.6364082],[15.8097088,47.6363402],[15.809574,47.636287],[15.8093771,47.636173],[15.80934,47.636075],[15.808003,47.635657],[15.8075888,47.6354286],[15.8074503,47.6352673],[15.807256,47.635184],[15.8066081,47.6351041],[15.8062072,47.6351585],[15.805126,47.635097],[15.804967,47.635244],[15.804781,47.63536],[15.8038911,47.6356308],[15.8034758,47.6357163],[15.8031873,47.6358057],[15.802796,47.635969],[15.8022846,47.6359962],[15.801676,47.636103],[15.801194,47.636137],[15.8000723,47.6361555],[15.799292,47.636105],[15.7986242,47.6362119],[15.7983157,47.6362799],[15.7980703,47.6362987],[15.7979119,47.6363343],[15.7975399,47.6363227],[15.7969774,47.6363635],[15.796334,47.636423],[15.79545,47.636679],[15.7951401,47.6368377],[15.7945835,47.6372284],[15.793959,47.637649],[15.7933172,47.6378716],[15.792932,47.638051],[15.7918722,47.6387501],[15.7915636,47.6390824],[15.791316,47.639255],[15.79088,47.6394128],[15.7905887,47.6394867],[15.7904531,47.6396441],[15.7901532,47.6397102],[15.7897205,47.6397568],[15.789416,47.639884],[15.7888985,47.6398287],[15.7885553,47.6397549],[15.788163,47.6396208],[15.786741,47.6393137],[15.7863776,47.6392029],[15.785909,47.639016],[15.7856767,47.6390513],[15.78542,47.6389833],[15.7845811,47.6389415],[15.7838106,47.6388201],[15.783255,47.638847],[15.782143,47.639082],[15.781764,47.63921],[15.781634,47.639662],[15.7816041,47.6401124],[15.7816473,47.6406916],[15.781767,47.641372],[15.781324,47.642297],[15.7806822,47.642576],[15.780354,47.642617],[15.7801162,47.6425847],[15.7788282,47.6423037],[15.7783575,47.6420682],[15.777574,47.6418898],[15.77683,47.6417037],[15.7757562,47.6413828],[15.7751841,47.6412574],[15.774709,47.641108],[15.773634,47.6409992],[15.7730986,47.6409612],[15.772645,47.640878],[15.7723432,47.6407333],[15.771805,47.6405358],[15.7708749,47.6403099],[15.770105,47.640062],[15.7697065,47.6398531],[15.7694504,47.6397232],[15.7692163,47.6395877],[15.7688693,47.6393985],[15.7686188,47.639276],[15.7684318,47.6390591],[15.7682242,47.6388626],[15.7677954,47.6384949],[15.7670932,47.6381665],[15.7669417,47.6380607],[15.7660743,47.6376543],[15.7657576,47.637517],[15.7651986,47.6371738],[15.7648489,47.6368231],[15.7645322,47.6363332],[15.7644248,47.6358749],[15.7643229,47.6357877],[15.7640063,47.6354759],[15.7635133,47.635192],[15.7631085,47.635025],[15.7623595,47.634845],[15.7618458,47.6347289],[15.7605997,47.6344848],[15.7597844,47.6343797],[15.7592167,47.6342401],[15.7588321,47.6341885],[15.7580194,47.6340316],[15.7570211,47.6339282],[15.7564346,47.6338593],[15.7563027,47.6338031],[15.7551861,47.6335928],[15.7550112,47.633591],[15.754619,47.633513],[15.7537887,47.6332887],[15.7532031,47.633076],[15.7525391,47.6328738],[15.7520944,47.6327468],[15.7514596,47.6325828],[15.7509268,47.6325284],[15.750261,47.632274],[15.7498882,47.632213],[15.7497706,47.6322104],[15.7496945,47.6322202],[15.748699,47.6323181],[15.748425,47.632293],[15.7480627,47.6322313],[15.7475205,47.6320643],[15.7463809,47.6318904],[15.745279,47.631777],[15.7448424,47.6318026],[15.744399,47.631865],[15.7438846,47.6321289],[15.7426934,47.6325275],[15.7421841,47.6327091],[15.740942,47.633265],[15.741647,47.634543],[15.7431943,47.636456],[15.7436059,47.6369648],[15.7441871,47.6376382],[15.744876,47.6382585],[15.745115,47.63867],[15.745156,47.6389745],[15.7450469,47.6392104],[15.744927,47.6396445],[15.7446645,47.639992],[15.744087,47.640977],[15.7431803,47.6415708],[15.7427976,47.641767],[15.7423201,47.6422209],[15.7417105,47.6426081],[15.7401091,47.6428536],[15.73902,47.643078],[15.73815,47.643429],[15.737692,47.64406],[15.737127,47.644475],[15.7365445,47.6446892],[15.735874,47.644769],[15.735433,47.6451209],[15.7349086,47.6454215],[15.7344682,47.6455781],[15.733464,47.6455114],[15.7328355,47.6455203],[15.732195,47.645532],[15.729753,47.645301],[15.728802,47.645652],[15.7283112,47.6456463],[15.727414,47.64547],[15.726847,47.645527],[15.7265283,47.6456629],[15.725096,47.646452],[15.724782,47.647848],[15.7249889,47.6486651],[15.7250223,47.6497536],[15.7251816,47.6508317],[15.725164,47.651295],[15.7256799,47.6517679],[15.7260678,47.6522368],[15.726308,47.652697],[15.7263709,47.6530311],[15.7262656,47.6533962],[15.726064,47.653799],[15.7267845,47.6544742],[15.7270799,47.6549656],[15.7275577,47.6553013],[15.7278223,47.6555608],[15.728491,47.65635],[15.728327,47.656793],[15.7286648,47.6574001],[15.728943,47.658501],[15.7289705,47.6586597],[15.7289628,47.6598691],[15.7288164,47.6607774],[15.7286494,47.6623137],[15.72867,47.6626719],[15.728678,47.664176],[15.728464,47.665003],[15.727854,47.665803],[15.7279379,47.6658897],[15.7275628,47.6665003],[15.727022,47.667576],[15.72614,47.668085],[15.725143,47.6692024],[15.72473,47.669526],[15.7247166,47.6699168],[15.724619,47.6699324],[15.7246216,47.67014],[15.724679,47.670452],[15.7244161,47.6708042],[15.7241669,47.6713664],[15.7241743,47.6726123],[15.7241746,47.6726551],[15.724147,47.672925],[15.7238895,47.6731965],[15.723543,47.674034],[15.723807,47.674332],[15.72363,47.6749141],[15.723184,47.675473],[15.7232506,47.675902],[15.7231535,47.6760867],[15.7230456,47.676183],[15.722787,47.6772984],[15.72285,47.677529],[15.7221395,47.6780724],[15.721975,47.678314],[15.721886,47.678772],[15.721948,47.679275],[15.7214041,47.6797065],[15.720799,47.680129],[15.7210351,47.6804415],[15.721085,47.681036],[15.7206737,47.6814825],[15.72045,47.682015],[15.7192112,47.6828048],[15.7190205,47.6831134],[15.718416,47.6835029],[15.7181972,47.6836756],[15.7177505,47.6844374],[15.7177743,47.6846669],[15.7178463,47.6850001],[15.7178777,47.685379],[15.7179138,47.6857392],[15.7181469,47.6860484],[15.7183295,47.6861265],[15.7183165,47.6863332],[15.7184468,47.6871534],[15.7184927,47.6875311],[15.7183786,47.6876473],[15.7182876,47.6877032],[15.718366,47.687943],[15.7185303,47.6881956],[15.7189871,47.6887396],[15.7192531,47.6889035],[15.719433,47.689226],[15.7195995,47.6898327],[15.719511,47.690215],[15.7190925,47.690914],[15.719062,47.691311],[15.7186081,47.6920189],[15.7181362,47.6925123],[15.717868,47.693017],[15.716875,47.693948],[15.7160354,47.6944449],[15.715041,47.695217],[15.714948,47.6961],[15.7147955,47.6962356],[15.71439,47.696578],[15.7143889,47.6970482],[15.7143136,47.6975752],[15.714227,47.698008],[15.7143111,47.6983928],[15.714422,47.6986878],[15.7145696,47.6990804],[15.7148784,47.6997865],[15.715435,47.700936],[15.7155385,47.7014638],[15.7156941,47.7028675],[15.715775,47.703014],[15.71639,47.703605],[15.7169566,47.7038894],[15.7172929,47.704011],[15.718557,47.704836],[15.7186005,47.7052592],[15.7186758,47.7053352],[15.7188465,47.7059061],[15.7188164,47.7060682],[15.7190222,47.7077622],[15.719279,47.708745],[15.71914,47.70988],[15.717603,47.711478],[15.715425,47.712644],[15.7113305,47.7126684],[15.709543,47.712608],[15.7085131,47.7128853],[15.706435,47.713242],[15.7047124,47.712943],[15.70412,47.712919],[15.7031857,47.7131022],[15.7021187,47.7132166],[15.7013666,47.713152],[15.700068,47.713373],[15.6994215,47.7132748],[15.698874,47.713126],[15.698414,47.713244],[15.6976716,47.7131481],[15.697024,47.71303],[15.69668,47.712897],[15.692241,47.708183],[15.6922053,47.7077907],[15.6919124,47.7065998],[15.691809,47.705909],[15.6914469,47.7052782],[15.690065,47.70436],[15.68792,47.704391],[15.686784,47.70351],[15.684557,47.702414],[15.6837027,47.7015844],[15.683268,47.700968],[15.682868,47.7007504],[15.6818739,47.7003475],[15.6807544,47.6999977],[15.6801831,47.6996482],[15.6794524,47.6994005],[15.6787319,47.698995],[15.673358,47.706209],[15.672698,47.706497],[15.672541,47.70702],[15.672704,47.707596],[15.671718,47.708606],[15.6718044,47.7087134],[15.671741,47.708842],[15.671186,47.709033],[15.6707248,47.7093866],[15.6704877,47.7098192],[15.670236,47.709998],[15.669645,47.710007],[15.6686058,47.7103209],[15.667728,47.710434],[15.6665502,47.7108335],[15.6658276,47.7109835],[15.6645023,47.7114079],[15.663529,47.711789],[15.662099,47.711974],[15.6615286,47.7124698],[15.659999,47.713511],[15.65853,47.713987],[15.6576316,47.714385],[15.6557267,47.7152247],[15.6548925,47.7154974],[15.653462,47.71611],[15.6531814,47.716291],[15.652345,47.7170057],[15.6523384,47.7171461],[15.6517783,47.7176417],[15.651545,47.717632],[15.6510329,47.7175163],[15.6505184,47.7172657],[15.649724,47.7172149],[15.6488952,47.7171337],[15.6483016,47.717123],[15.6475095,47.7173307],[15.6457651,47.7168865],[15.645131,47.716796],[15.6443877,47.7168092],[15.6433445,47.717381],[15.6419123,47.7175244],[15.6411731,47.7171536],[15.6405272,47.7169223],[15.6382719,47.7159072],[15.6376003,47.7154978],[15.6369962,47.7154547],[15.6364158,47.7153859],[15.6359526,47.7154183],[15.6356539,47.7158541],[15.6355358,47.7160265],[15.6352293,47.7164029],[15.6350144,47.7168344],[15.6350372,47.717003],[15.634644,47.7177864],[15.6341738,47.7184278],[15.6340383,47.7190224],[15.6335971,47.7199137],[15.6325559,47.7212293],[15.6317478,47.7219679],[15.631001,47.7227236],[15.6304418,47.7230282],[15.6297324,47.7235567],[15.6296303,47.7237706],[15.6291811,47.7242584],[15.6289508,47.7242996],[15.6291248,47.7256817],[15.62895,47.7261565],[15.6289467,47.7266857],[15.6290658,47.7268526],[15.6291629,47.7273804],[15.6290523,47.7274938],[15.6283364,47.72856],[15.627798,47.729798],[15.6272525,47.730318],[15.6271452,47.730567],[15.6266427,47.7312801],[15.6256712,47.7316437],[15.62527,47.73185],[15.6248899,47.7319899],[15.624183,47.732436],[15.6239782,47.7327772],[15.6236154,47.7331071],[15.6228956,47.7340415],[15.6229896,47.7343268],[15.6226698,47.7350139],[15.6225184,47.7355497],[15.6224171,47.736143],[15.6223004,47.736276],[15.6213003,47.7368203],[15.6212021,47.7369612],[15.619751,47.7374287],[15.6190043,47.7373759],[15.6196457,47.7379489],[15.6201474,47.7384419],[15.6198417,47.7391666],[15.6194725,47.7413423],[15.6180907,47.7419915],[15.6169146,47.7437135],[15.6155793,47.7468075],[15.6133443,47.7467479],[15.612884,47.74684],[15.6117131,47.7510851],[15.61136,47.751141],[15.610041,47.751202],[15.608036,47.752083],[15.6075626,47.7521279],[15.6072616,47.7522508],[15.6069964,47.7522532],[15.6067788,47.752306],[15.606212,47.752275],[15.6057626,47.7521288],[15.605272,47.752005],[15.6048587,47.7520097],[15.6045663,47.7519863],[15.6042829,47.7520283],[15.6041533,47.7519953],[15.6037239,47.751972],[15.6035143,47.7519211],[15.6032424,47.7517742],[15.603013,47.751763],[15.6028679,47.7518252],[15.602662,47.751856],[15.6025585,47.7517453],[15.6023902,47.7517221],[15.6022452,47.7517412],[15.6019109,47.7517032],[15.601805,47.7516464],[15.6016839,47.7516964],[15.6015773,47.7516253],[15.6012417,47.7515905],[15.6011438,47.7515255],[15.6009561,47.7515526],[15.6008233,47.7515111],[15.600625,47.751502],[15.6002131,47.7513416],[15.6001109,47.7513384],[15.5997767,47.7511646],[15.5997231,47.7511031],[15.5994128,47.7509983],[15.5992341,47.7509998],[15.598893,47.750912],[15.5981247,47.7508551],[15.5978434,47.7507997],[15.597728,47.750788],[15.5976497,47.750795],[15.5974532,47.7508806],[15.597382,47.7508871],[15.597305,47.750877],[15.5969115,47.7507244],[15.5967477,47.7506897],[15.5965465,47.7506265],[15.5963266,47.7506085],[15.5962802,47.75054],[15.5961281,47.7505237],[15.5955976,47.7502951],[15.5954294,47.7502704],[15.595157,47.750158],[15.5950901,47.750154],[15.5949185,47.7501811],[15.5947139,47.750165],[15.5943931,47.7500558],[15.594283,47.750042],[15.5939359,47.7500777],[15.5937615,47.7501302],[15.5929513,47.7502828],[15.592822,47.750281],[15.5925825,47.7501662],[15.5924532,47.7500391],[15.592283,47.7499352],[15.592121,47.749893],[15.59187,47.7498335],[15.5917376,47.7498419],[15.5915326,47.7499013],[15.5912458,47.7498229],[15.5910944,47.7498101],[15.5909179,47.7498674],[15.590668,47.749862],[15.5904387,47.749808],[15.5900919,47.7497169],[15.5897767,47.7495431],[15.589197,47.74936],[15.5889475,47.7493184],[15.5885282,47.749329],[15.587847,47.749309],[15.587391,47.749097],[15.5871505,47.7491128],[15.586915,47.749218],[15.586403,47.749159],[15.5862437,47.7490983],[15.5861679,47.7490174],[15.5861478,47.7489499],[15.5860921,47.7488795],[15.5858447,47.7486876],[15.5857539,47.748676],[15.5854858,47.7487116],[15.5854307,47.748743],[15.5850622,47.7489529],[15.584962,47.748961],[15.5848348,47.7489049],[15.5846766,47.748776],[15.584494,47.748678],[15.5842909,47.7486876],[15.5841148,47.7487056],[15.5840167,47.7487386],[15.5838865,47.7488213],[15.5835378,47.7487618],[15.583179,47.748782],[15.5829868,47.748842],[15.5828642,47.7489604],[15.58275,47.748969],[15.5826547,47.7489724],[15.5820216,47.7488255],[15.581155,47.748762],[15.5807933,47.7488705],[15.5806595,47.7489934],[15.5805636,47.7490443],[15.5804633,47.7490668],[15.580363,47.7490713],[15.5802738,47.7490219],[15.5801742,47.7489933],[15.580076,47.7490148],[15.5800063,47.7490608],[15.5798976,47.7491768],[15.5797155,47.7492275],[15.5795547,47.7492145],[15.5794462,47.7492466],[15.5793455,47.7493281],[15.579249,47.749347],[15.5790625,47.7493182],[15.5787835,47.7493137],[15.5783516,47.7493932],[15.5782602,47.7494324],[15.5781057,47.7494525],[15.5780111,47.7494568],[15.5779244,47.749443],[15.5778439,47.7494452],[15.5778093,47.7494462],[15.5776908,47.7494519],[15.5774767,47.7494939],[15.5773065,47.7495373],[15.57706,47.749622],[15.5769786,47.7496285],[15.5768714,47.7496263],[15.576617,47.749575],[15.5765154,47.7494977],[15.5764177,47.7493669],[15.5763372,47.7493334],[15.57621,47.749311],[15.576044,47.7493313],[15.5759715,47.7493514],[15.5758423,47.749414],[15.5757304,47.7494892],[15.575573,47.749528],[15.5754563,47.7495355],[15.5753638,47.7495003],[15.5752552,47.749476],[15.5751318,47.749485],[15.5750352,47.7495337],[15.5748998,47.7495571],[15.5747632,47.7495676],[15.5746695,47.7495571],[15.5742269,47.749444],[15.574102,47.7494172],[15.57402,47.749417],[15.5739213,47.7494367],[15.5738073,47.7495019],[15.5735819,47.7496567],[15.573485,47.749687],[15.5733738,47.7497065],[15.5732508,47.7497044],[15.5730664,47.7496652],[15.5728773,47.7496079],[15.572788,47.749589],[15.5726913,47.7496016],[15.5724926,47.7496906],[15.5724075,47.7497277],[15.572298,47.749727],[15.5721758,47.7497023],[15.5718921,47.7495825],[15.571184,47.749444],[15.5710456,47.7494405],[15.5705901,47.7494585],[15.5704498,47.7494394],[15.5703092,47.7493912],[15.5700919,47.7493589],[15.5698116,47.749384],[15.5697149,47.7492409],[15.5696467,47.7491982],[15.5695528,47.7491721],[15.5694551,47.7490833],[15.5692941,47.7490265],[15.5691367,47.7490303],[15.5688908,47.7491299],[15.568782,47.749149],[15.568635,47.749162],[15.5679466,47.7489264],[15.567718,47.7488999],[15.5674989,47.7488989],[15.567317,47.748868],[15.5671994,47.7487823],[15.5671332,47.7486975],[15.5670387,47.748636],[15.566457,47.748375],[15.5659904,47.7482227],[15.5658281,47.7481909],[15.5655648,47.7481591],[15.565411,47.7481182],[15.565282,47.748084],[15.5650021,47.747963],[15.564917,47.7478814],[15.5648713,47.7477733],[15.5647974,47.7477091],[15.5646332,47.7476652],[15.5644677,47.7476514],[15.5643574,47.7476323],[15.564084,47.7475087],[15.5639381,47.7473726],[15.5639095,47.7472312],[15.5639649,47.7471267],[15.5640421,47.7470473],[15.5640406,47.7469731],[15.5638404,47.7468544],[15.5635503,47.7466614],[15.5633233,47.7464866],[15.563112,47.746264],[15.5629797,47.7461802],[15.5628489,47.7461294],[15.5627622,47.7461039],[15.5626282,47.7460785],[15.5625226,47.7460308],[15.5624737,47.7459068],[15.5623823,47.74584],[15.562146,47.745731],[15.5619094,47.7456672],[15.5616572,47.7456344],[15.5614901,47.7455623],[15.561316,47.745475],[15.5605199,47.7456354],[15.5596669,47.7457513],[15.5596352,47.7457626],[15.557786,47.745938],[15.5575486,47.7460022],[15.556948,47.7463742],[15.55677,47.746426],[15.5565981,47.7464484],[15.5563869,47.7464399],[15.5561031,47.7463678],[15.5558068,47.7462597],[15.5556224,47.746211],[15.555449,47.7461781],[15.55531,47.746174],[15.5550297,47.7462735],[15.5545962,47.7463996],[15.554013,47.746549],[15.5538995,47.7466042],[15.5536898,47.7468618],[15.553598,47.746994],[15.5535543,47.7471861],[15.5535574,47.7473154],[15.5536189,47.7476408],[15.553614,47.747892],[15.5535322,47.748263],[15.5534486,47.7483912],[15.553334,47.748512],[15.5532768,47.7485809],[15.553157,47.7486774],[15.552919,47.7488554],[15.5523326,47.749237],[15.552223,47.749289],[15.5517352,47.7494596],[15.5515506,47.7494889],[15.5513775,47.7495216],[15.5510832,47.7495198],[15.5501573,47.7494617],[15.5499319,47.7494712],[15.549639,47.7495086],[15.5495285,47.7495051],[15.549325,47.7495017],[15.5490212,47.7494426],[15.5484754,47.7493292],[15.5480482,47.7492963],[15.547452,47.749295],[15.5471663,47.7492402],[15.546751,47.7490918],[15.5462702,47.7488915],[15.546045,47.74884],[15.545761,47.7488703],[15.5455798,47.7489275],[15.5453638,47.7490176],[15.5451494,47.7490568],[15.5449965,47.7490674],[15.54485,47.749047],[15.5442068,47.748848],[15.5437355,47.7487473],[15.5433414,47.7486996],[15.5427976,47.7485756],[15.542405,47.748466],[15.5422065,47.7484463],[15.5417399,47.7484855],[15.541365,47.748444],[15.5401038,47.7480825],[15.539565,47.747855],[15.5392872,47.7478337],[15.5390208,47.747839],[15.53878,47.747867],[15.53817,47.748132],[15.5380372,47.7481623],[15.5379048,47.7481697],[15.537698,47.748157],[15.537517,47.7480934],[15.5373751,47.7479831],[15.5372427,47.7477712],[15.537104,47.747601],[15.5368707,47.7475157],[15.53614,47.747397],[15.5359533,47.7473048],[15.535761,47.7471787],[15.5355325,47.747061],[15.535339,47.747],[15.5349241,47.7469096],[15.5343735,47.7468571],[15.5335375,47.7468121],[15.5320172,47.7465079],[15.5314086,47.7463969],[15.5307421,47.746376],[15.530354,47.746346],[15.5300488,47.746289],[15.5295517,47.7460717],[15.5291638,47.7459502],[15.5288918,47.7458948],[15.528651,47.745866],[15.5283189,47.7459083],[15.5274762,47.7461916],[15.526988,47.746325],[15.5263282,47.7464329],[15.5260473,47.7464959],[15.525704,47.746598],[15.5255106,47.7466754],[15.5252958,47.7468082],[15.5251299,47.7469312],[15.5249347,47.7469737],[15.5247266,47.7470487],[15.5245916,47.7471269],[15.5244922,47.7471833],[15.5244503,47.7472029],[15.5243424,47.7472533],[15.5242187,47.7472884],[15.523914,47.7473445],[15.5237973,47.7473636],[15.5236087,47.7474094],[15.5232837,47.7474202],[15.5226455,47.7475496],[15.5222978,47.7475646],[15.5217249,47.7475481],[15.5215175,47.7475571],[15.520988,47.747716],[15.5207953,47.747704],[15.5205322,47.7475991],[15.520102,47.747358],[15.5198077,47.7471314],[15.5195291,47.7468151],[15.51929,47.746619],[15.5187399,47.746259],[15.5185192,47.7461301],[15.518269,47.746053],[15.517934,47.746075],[15.5175807,47.7462545],[15.5173913,47.7464104],[15.5168451,47.7466877],[15.5167292,47.7467357],[15.516559,47.746767],[15.5164171,47.7467807],[15.5161429,47.7467357],[15.5157015,47.7466083],[15.5151955,47.7464434],[15.514872,47.746381],[15.5146136,47.746373],[15.5143194,47.7463999],[15.513893,47.746507],[15.513595,47.746658],[15.5135191,47.7467597],[15.5134745,47.7468721],[15.5134812,47.7470415],[15.513416,47.74718],[15.5133164,47.7473056],[15.5132282,47.7473747],[15.5130406,47.747455],[15.512845,47.747647],[15.5127458,47.7479457],[15.5127174,47.7481514],[15.5127316,47.7482754],[15.5128167,47.7485721],[15.512783,47.748651],[15.5126954,47.7487513],[15.5124574,47.7489166],[15.5120057,47.7491515],[15.5116345,47.7492992],[15.5112736,47.7493586],[15.5111254,47.7494116],[15.511015,47.7494688],[15.510863,47.749583],[15.510684,47.7498821],[15.5105516,47.7502064],[15.5103987,47.7504004],[15.5100598,47.7507024],[15.5099968,47.7507819],[15.509943,47.75087],[15.5099085,47.7510511],[15.5099132,47.7511942],[15.50994,47.7514115],[15.5099227,47.7517983],[15.5098864,47.7519806],[15.509839,47.752062],[15.5097619,47.7521576],[15.5094482,47.7524289],[15.5088741,47.75284],[15.5087378,47.7529144],[15.5085424,47.7530349],[15.5087659,47.7530521],[15.5091285,47.7531982],[15.5098418,47.7534327],[15.5103328,47.7536645],[15.5104621,47.7537766],[15.5107738,47.7538644],[15.5114327,47.753892],[15.5117524,47.7539612],[15.5124431,47.7545448],[15.5126938,47.7548691],[15.5128009,47.7552273],[15.5129314,47.7553432],[15.5137447,47.7552509],[15.5141124,47.7553163],[15.5143444,47.755452],[15.5144844,47.755738],[15.5145412,47.7561874],[15.5147629,47.7568052],[15.5146767,47.7571644],[15.5145189,47.7574112],[15.5146368,47.7577315],[15.5152537,47.7579465],[15.5160823,47.7581822],[15.5163791,47.7583831],[15.5165727,47.7586166],[15.5160949,47.7592932],[15.5160721,47.7598631],[15.5161785,47.7603965],[15.5162745,47.7613067],[15.5167127,47.761834],[15.5162779,47.7622382],[15.5163161,47.7626449],[15.5162338,47.7630744],[15.5154397,47.7632001],[15.5152341,47.7632609],[15.5149731,47.7633866],[15.514847,47.7635032],[15.5141912,47.763855],[15.5137647,47.7639956],[15.5133747,47.7641241],[15.5131279,47.7642682],[15.5127359,47.7645982],[15.5127001,47.7646941],[15.5127631,47.7647831],[15.5127607,47.7647849],[15.5127239,47.764927],[15.5124122,47.7650311],[15.5123217,47.7650651],[15.5122424,47.7650957],[15.5121567,47.765185],[15.512043,47.7653858],[15.5118436,47.7655207],[15.5113542,47.7657664],[15.5107167,47.7659807],[15.5105584,47.7659417],[15.510438,47.7659817],[15.5105888,47.7663982],[15.5103718,47.7666147],[15.5090703,47.7667357],[15.5089623,47.7667838],[15.5090559,47.7669336],[15.509067,47.76701],[15.5090018,47.7671427],[15.5088285,47.7672078],[15.5086814,47.7671614],[15.5085067,47.7671332],[15.5081015,47.7672733],[15.5075069,47.7674738],[15.5074725,47.7676737],[15.5071287,47.7678167],[15.5068668,47.7677412],[15.5066172,47.7677902],[15.5065993,47.7678401],[15.5065413,47.7678806],[15.5064499,47.7679225],[15.506343,47.767937],[15.5061824,47.7678881],[15.5058703,47.7676573],[15.5057521,47.767643],[15.5056921,47.7676623],[15.5056496,47.7677143],[15.5056519,47.7677907],[15.5056987,47.7678521],[15.505643,47.767914],[15.5055177,47.76794],[15.5052549,47.767848],[15.5051583,47.7678985],[15.5052158,47.7680213],[15.5051704,47.7681443],[15.505107,47.768197],[15.5049786,47.7681924],[15.5047989,47.7681094],[15.5047077,47.7681148],[15.5046829,47.7682114],[15.504564,47.768402],[15.504505,47.768432],[15.5044258,47.7684529],[15.5041149,47.7684069],[15.5038685,47.7684544],[15.5036679,47.768438],[15.5034873,47.768396],[15.5031788,47.768452],[15.50287,47.768483],[15.5026803,47.7685324],[15.502522,47.7686507],[15.5024083,47.768856],[15.5022679,47.7689114],[15.50204,47.768948],[15.5018756,47.7689459],[15.5017351,47.7689099],[15.5016071,47.7688504],[15.501422,47.7687179],[15.5012812,47.7687098],[15.501171,47.768666],[15.5010976,47.7686103],[15.500966,47.768387],[15.5009016,47.7683366],[15.5008306,47.768351],[15.5007461,47.7684303],[15.5004243,47.7684499],[15.500252,47.768522],[15.5002349,47.7686028],[15.5002638,47.7686687],[15.5002552,47.7687044],[15.500212,47.7687354],[15.5000739,47.7687313],[15.4999049,47.7686867],[15.49976,47.7686852],[15.4995572,47.7687751],[15.4992941,47.768829],[15.49907,47.768822],[15.4988712,47.7687963],[15.4986967,47.7688065],[15.4985964,47.7687721],[15.4984849,47.7686987],[15.498255,47.768663],[15.4980725,47.7687421],[15.4978897,47.7689114],[15.4978228,47.7689774],[15.4977616,47.7690595],[15.4976696,47.7690865],[15.4975462,47.7690289],[15.4974439,47.7691107],[15.497319,47.7691002],[15.4971322,47.769059],[15.4970671,47.7689774],[15.4970426,47.7689054],[15.496982,47.76886],[15.4966208,47.7689243],[15.496499,47.768876],[15.496278,47.7689893],[15.4962067,47.7690702],[15.4961688,47.7691811],[15.496088,47.769222],[15.4955646,47.7691691],[15.495296,47.769116],[15.4949784,47.7689249],[15.4947312,47.7689306],[15.4947446,47.7688305],[15.4943594,47.7686637],[15.4941666,47.768717],[15.4940465,47.7686402],[15.4938461,47.7686629],[15.4937087,47.7685643],[15.4935282,47.7685664],[15.4933622,47.7685279],[15.4932329,47.7684395],[15.493025,47.768362],[15.4928201,47.7683997],[15.4925063,47.7683618],[15.4921673,47.768387],[15.491623,47.768252],[15.490742,47.768987],[15.4899987,47.7691733],[15.484521,47.77067],[15.4809096,47.7705262],[15.4777149,47.7704064],[15.476511,47.770505],[15.4765153,47.7706314],[15.4763986,47.7707289],[15.476022,47.770877],[15.4756735,47.7708603],[15.4755254,47.7708899],[15.4753898,47.7709535],[15.4747467,47.7709429],[15.474496,47.770879],[15.4742202,47.77107],[15.474171,47.771165],[15.4739932,47.7711993],[15.472978,47.77128],[15.4719945,47.771284],[15.4709856,47.7712078],[15.470828,47.7712226],[15.4706924,47.771265],[15.4703677,47.7712989],[15.4693589,47.7712438],[15.469128,47.771303],[15.4687536,47.771176],[15.4683784,47.7711272],[15.4677794,47.7711378],[15.4672561,47.7709535],[15.4670197,47.7709281],[15.466748,47.770949],[15.4666098,47.7708899],[15.466486,47.770744],[15.4663765,47.7707628],[15.466269,47.770877],[15.465142,47.770783],[15.4642517,47.7708857],[15.464067,47.770886],[15.4638103,47.7708348],[15.4633311,47.7705912],[15.4629623,47.7703645],[15.462524,47.770143],[15.4620606,47.7700042],[15.460956,47.769743],[15.4608784,47.7697796],[15.460869,47.7699131],[15.460808,47.769947],[15.4604213,47.7700487],[15.4600209,47.7701165],[15.4596363,47.7702437],[15.459349,47.770375],[15.4591697,47.7705149],[15.4590215,47.770837],[15.458861,47.770984],[15.4582803,47.7712199],[15.4579591,47.7713434],[15.457453,47.771428],[15.4573658,47.7714911],[15.4571205,47.77164],[15.4567359,47.7719832],[15.45655,47.772081],[15.4558343,47.772318],[15.4554276,47.7723307],[15.455154,47.772415],[15.4550713,47.7725299],[15.4550398,47.7727269],[15.4549736,47.7728329],[15.45481,47.772883],[15.4543242,47.7729536],[15.4535392,47.7729261],[15.4531766,47.7728943],[15.4524232,47.7729706],[15.4522466,47.7730193],[15.452052,47.773037],[15.4518336,47.7729833],[15.4516098,47.7728901],[15.4514301,47.7727672],[15.451078,47.772647],[15.4504812,47.7726443],[15.4502696,47.7727208],[15.4500364,47.7727184],[15.449979,47.772728],[15.4499051,47.7727792],[15.4500177,47.7729664],[15.450082,47.773244],[15.450054,47.7734286],[15.449895,47.773658],[15.4490492,47.7745822],[15.448755,47.775035],[15.4480908,47.7754424],[15.4476148,47.7758132],[15.447141,47.776241],[15.446667,47.776969],[15.4460385,47.7784296],[15.4456696,47.7793575],[15.445528,47.77996],[15.4451116,47.7805333],[15.4447932,47.7808913],[15.4445977,47.7812303],[15.4439483,47.782209],[15.443739,47.782653],[15.4435195,47.7829483],[15.4431728,47.7833042],[15.4429205,47.7835859],[15.442629,47.78397],[15.44232,47.7842555],[15.441976,47.784478],[15.441691,47.7848539],[15.4416185,47.785178],[15.441109,47.785658],[15.4407831,47.7864786],[15.440449,47.787014],[15.440573,47.787908],[15.4404899,47.7882091],[15.4403638,47.7884506],[15.4403953,47.7893635],[15.440289,47.789927],[15.439965,47.790422],[15.438684,47.79082],[15.4365295,47.7911666],[15.4350665,47.7913599],[15.4342847,47.7913896],[15.433403,47.791603],[15.433279,47.7915336],[15.4328534,47.7906589],[15.432585,47.790304],[15.431542,47.789922],[15.4305867,47.7899176],[15.430365,47.789858],[15.4299943,47.7896646],[15.4296666,47.7896287],[15.4293144,47.7895433],[15.4290432,47.7893912],[15.4282288,47.7891853],[15.427814,47.789018],[15.4277632,47.7888952],[15.4275593,47.7888231],[15.4274733,47.7887439],[15.4272337,47.7881529],[15.4270761,47.7879707],[15.4266725,47.7876318],[15.426514,47.787358],[15.4263068,47.7872251],[15.424885,47.7865304],[15.4247558,47.7864308],[15.4245067,47.7863524],[15.424302,47.78632],[15.423307,47.785318],[15.422414,47.785049],[15.421685,47.785063],[15.420167,47.784742],[15.419335,47.785011],[15.4188775,47.7849394],[15.418476,47.784843],[15.4180239,47.7849279],[15.417225,47.784907],[15.4168424,47.7847362],[15.416408,47.78471],[15.4161871,47.7847571],[15.4160444,47.7849099],[15.41552,47.785024],[15.4153043,47.7849159],[15.4152196,47.784847],[15.4146594,47.7846654],[15.4144031,47.7846421],[15.414224,47.784493],[15.4137349,47.7844965],[15.413137,47.78437],[15.4125311,47.7844546],[15.411945,47.784374],[15.4116528,47.7845145],[15.410482,47.784804],[15.4100389,47.7851196],[15.4100522,47.7852754],[15.40969,47.785609],[15.4093612,47.7862759],[15.409121,47.787217],[15.4089822,47.7874053],[15.4086969,47.787603],[15.4085453,47.7877977],[15.408402,47.788089],[15.4083625,47.7885406],[15.408161,47.788961],[15.4082504,47.7895397],[15.408227,47.789697],[15.4081144,47.7901981],[15.4079826,47.7906758],[15.4077686,47.7908914],[15.407632,47.791166],[15.407646,47.7912625],[15.4077172,47.7913218],[15.4077374,47.7913767],[15.407709,47.791729],[15.4074342,47.7921255],[15.4072916,47.7925928],[15.40712,47.793007],[15.4071188,47.7930946],[15.4071457,47.7931769],[15.4071997,47.793256],[15.407199,47.79335],[15.4071016,47.7934883],[15.4067655,47.7938148],[15.4065074,47.7940422],[15.406316,47.794157],[15.4061859,47.7944708],[15.4060775,47.7948579],[15.4058871,47.7952459],[15.4059917,47.7954201],[15.4058039,47.7956363],[15.4058146,47.7958778],[15.4057311,47.7960162],[15.405705,47.796344],[15.405381,47.796556],[15.4053837,47.7966237],[15.4054427,47.7966983],[15.4054982,47.7968427],[15.405484,47.796909],[15.4053477,47.7970974],[15.4050088,47.7972592],[15.4049865,47.797352],[15.4050022,47.7975067],[15.4049884,47.7975882],[15.4048795,47.7976815],[15.404603,47.79784],[15.4045764,47.7979899],[15.4046299,47.7981307],[15.404623,47.798242],[15.4045652,47.7983198],[15.4044738,47.7983733],[15.4043571,47.798413],[15.404287,47.798459],[15.4042496,47.7985504],[15.4042507,47.7987379],[15.404146,47.798906],[15.403436,47.799441],[15.4033635,47.799587],[15.403465,47.800004],[15.4032498,47.8001874],[15.403116,47.800376],[15.4031517,47.8006232],[15.4032275,47.8008014],[15.4034148,47.8010484],[15.403453,47.801226],[15.4034549,47.801446],[15.4033802,47.8016669],[15.403359,47.801913],[15.4035619,47.8023806],[15.403947,47.802893],[15.404077,47.803625],[15.4044298,47.8042416],[15.404956,47.8048],[15.4049091,47.804987],[15.4047619,47.8051037],[15.4045033,47.8057236],[15.404052,47.806458],[15.404082,47.8069885],[15.4040129,47.8071637],[15.4040352,47.8077132],[15.4040285,47.8078299],[15.403954,47.80817],[15.4040954,47.8083524],[15.4042381,47.8084887],[15.404265,47.808573],[15.4042501,47.8086263],[15.4042291,47.8086818],[15.4041043,47.808851],[15.404062,47.808942],[15.40408,47.8089999],[15.4043319,47.8091249],[15.404377,47.809176],[15.4043876,47.8092062],[15.4044548,47.8094871],[15.40457,47.809727],[15.4045751,47.8098011],[15.4042697,47.8100346],[15.404253,47.810151],[15.4042958,47.8102648],[15.404586,47.810712],[15.405015,47.810997],[15.4051733,47.811214],[15.4052312,47.8113518],[15.4052959,47.8114102],[15.405385,47.8114476],[15.4055671,47.8114536],[15.4055987,47.81151],[15.4055491,47.8115631],[15.4055826,47.8116],[15.4056792,47.8116216],[15.4057342,47.8116532],[15.4058495,47.8118126],[15.406022,47.811941],[15.4060761,47.8120329],[15.4060404,47.8121048],[15.4059646,47.8122515],[15.4061006,47.8125449],[15.406077,47.812803],[15.4051532,47.8130165],[15.4048784,47.813113],[15.4044176,47.8134671],[15.4040953,47.8136553],[15.404024,47.813697],[15.4036955,47.8136793],[15.4035348,47.8136707],[15.4033275,47.813715],[15.403098,47.813764],[15.4029931,47.8138713],[15.4028705,47.8139536],[15.4025931,47.8139953],[15.402546,47.8140252],[15.4024107,47.8141113],[15.4023709,47.8142081],[15.402464,47.81433],[15.4018696,47.81464],[15.4017906,47.8146724],[15.4016026,47.814445],[15.401268,47.814419],[15.4011855,47.8146379],[15.401069,47.814796],[15.4005156,47.8145638],[15.3999865,47.8144972],[15.400134,47.814126],[15.399956,47.8138831],[15.3996938,47.8137453],[15.3996617,47.8136101],[15.3991978,47.8135359],[15.3990018,47.8135788],[15.398683,47.813956],[15.3988186,47.8140813],[15.398903,47.814244],[15.3982658,47.8142909],[15.3978645,47.814225],[15.39713,47.8142],[15.3971244,47.8138822],[15.396921,47.813767],[15.3966379,47.8138325],[15.396429,47.814213],[15.3954458,47.8140454],[15.395289,47.813983],[15.3952695,47.8138937],[15.3952966,47.8137575],[15.3953811,47.8136981],[15.3957066,47.8135095],[15.395896,47.813472],[15.395945,47.81334],[15.395694,47.813248],[15.395063,47.81316],[15.3947369,47.8133328],[15.394621,47.8134331],[15.393716,47.813793],[15.3933949,47.813725],[15.392911,47.813565],[15.3923984,47.8131666],[15.391809,47.812789],[15.3915068,47.8127759],[15.391212,47.812853],[15.3911657,47.8130873],[15.391184,47.813315],[15.3912883,47.813475],[15.3915892,47.8136711],[15.3916276,47.8138449],[15.3913574,47.8140813],[15.3910131,47.8148716],[15.3909472,47.8154331],[15.3909205,47.8156651],[15.3908023,47.8158253],[15.390705,47.815994],[15.3907912,47.8161546],[15.390804,47.816452],[15.390613,47.816688],[15.389255,47.816902],[15.3890033,47.8170872],[15.388735,47.81722],[15.3884037,47.8173447],[15.3880002,47.8174734],[15.387809,47.817485],[15.3876903,47.8176067],[15.3875655,47.8178462],[15.3873024,47.8180722],[15.387133,47.8183],[15.3869056,47.8184958],[15.3865445,47.818623],[15.386399,47.818702],[15.3863417,47.818867],[15.3863417,47.8190826],[15.386159,47.819227],[15.3860095,47.8192442],[15.385734,47.819237],[15.3856082,47.8193894],[15.3844691,47.8199762],[15.3839787,47.8202277],[15.383465,47.820454],[15.3831249,47.8207635],[15.382838,47.821143],[15.381672,47.821844],[15.3812943,47.8223568],[15.3807836,47.8226722],[15.380661,47.822937],[15.3803328,47.8231061],[15.3800207,47.8232373],[15.379806,47.823228],[15.3795383,47.8234215],[15.3795478,47.8235421],[15.3794627,47.8235896],[15.379324,47.8236331],[15.3790827,47.8236818],[15.378701,47.823773],[15.3785142,47.8238458],[15.3784361,47.8238749],[15.3782638,47.8238459],[15.378179,47.823823],[15.3775,47.823912],[15.37755,47.824074],[15.377238,47.824215],[15.3764367,47.8240868],[15.3762674,47.8241076],[15.3762688,47.8240419],[15.375881,47.82398],[15.375644,47.824056],[15.3758329,47.8241049],[15.3757498,47.8241715],[15.3754448,47.8241159],[15.3754883,47.82424],[15.375234,47.824194],[15.37515,47.8242428],[15.3752361,47.8242724],[15.3752187,47.8243318],[15.3752697,47.8244705],[15.3751664,47.8244939],[15.3750846,47.8244345],[15.374873,47.82456],[15.3748536,47.824791],[15.3749639,47.8249032],[15.374904,47.8251635],[15.3750175,47.8252397],[15.3749545,47.8253016],[15.3749692,47.8253385],[15.374938,47.825377],[15.3741312,47.825198],[15.373344,47.824976],[15.3718485,47.8250783],[15.370435,47.825005],[15.370326,47.824637],[15.369432,47.8246203],[15.368903,47.824512],[15.3684418,47.8247017],[15.3684568,47.8247622],[15.3677921,47.8247349],[15.3666232,47.8249346],[15.364664,47.824996],[15.3631407,47.8246103],[15.362549,47.824491],[15.3616148,47.8241049],[15.3613342,47.8238975],[15.3607263,47.8237622],[15.3608393,47.8245388],[15.3607037,47.8247399],[15.3607952,47.8248521],[15.360756,47.824948],[15.3605524,47.825081],[15.360478,47.825182],[15.3600433,47.8252435],[15.3596975,47.8254503],[15.359764,47.825655],[15.358785,47.825838],[15.3575148,47.8260274],[15.3571207,47.8260993],[15.3554198,47.8264281],[15.3548382,47.8264359],[15.354344,47.826579],[15.353158,47.826395],[15.351104,47.826339],[15.3476659,47.8257979],[15.347313,47.825673],[15.346715,47.8256573],[15.3459168,47.8257513],[15.345206,47.825683],[15.344809,47.825622],[15.344075,47.825862],[15.3437713,47.8264188],[15.343355,47.8269],[15.3430707,47.8270259],[15.342156,47.827181],[15.3416816,47.82742],[15.340671,47.827819],[15.337865,47.82789],[15.334465,47.827645],[15.333234,47.827352],[15.3315951,47.8264405],[15.330455,47.825668],[15.328364,47.823605],[15.3277183,47.8233272],[15.327415,47.823105],[15.3264608,47.8222994],[15.3264957,47.8221871],[15.326455,47.822132],[15.32567,47.822015],[15.3256551,47.8218573],[15.3252099,47.8216178],[15.325205,47.8213903],[15.3249687,47.8213006],[15.3244932,47.8212313],[15.324285,47.821262],[15.3239862,47.8211254],[15.3238875,47.8209604],[15.3237176,47.8209479],[15.323621,47.8208849],[15.3234801,47.8208664],[15.3233168,47.8209485],[15.323162,47.820955],[15.3230068,47.8209083],[15.3228475,47.8209167],[15.3226918,47.8208563],[15.3225455,47.82082],[15.322473,47.820856],[15.3223426,47.8207962],[15.3222612,47.8208741],[15.3220761,47.8208957],[15.321921,47.820804],[15.3212474,47.8209572],[15.3210822,47.8210787],[15.3208342,47.82111],[15.320539,47.821233],[15.320214,47.821065],[15.319772,47.8213033],[15.3194353,47.8213309],[15.3193563,47.8214324],[15.319237,47.821455],[15.3191046,47.8216558],[15.319023,47.821876],[15.319139,47.82211],[15.318851,47.822306],[15.3185678,47.8223418],[15.318439,47.8224031],[15.318227,47.82241],[15.3181103,47.8225523],[15.317647,47.822708],[15.3174674,47.8227018],[15.3172132,47.822738],[15.3171435,47.8227713],[15.316996,47.822757],[15.3168749,47.8228728],[15.316627,47.822967],[15.3165722,47.8229253],[15.3163261,47.8229126],[15.3161618,47.8228047],[15.3159512,47.8227909],[15.3157095,47.8226762],[15.3156674,47.8226164],[15.3150314,47.8224251],[15.3146464,47.8223256],[15.3145337,47.8223544],[15.3142842,47.8222481],[15.3139864,47.8222348],[15.313807,47.8221],[15.313332,47.822151],[15.3132241,47.8223045],[15.313211,47.822416],[15.312819,47.822576],[15.3119096,47.822663],[15.311536,47.822615],[15.3113633,47.8224445],[15.3111291,47.8224046],[15.31094,47.8222896],[15.3107439,47.8220455],[15.310529,47.8220396],[15.310334,47.821921],[15.3103126,47.8218315],[15.310369,47.821722],[15.3101592,47.8215834],[15.310013,47.8215531],[15.309956,47.821468],[15.3100031,47.8212848],[15.3100331,47.8211654],[15.309941,47.82106],[15.3097835,47.8209677],[15.3097124,47.820965],[15.3096306,47.8209092],[15.3096655,47.8208687],[15.309528,47.820777],[15.3092767,47.8207047],[15.30914,47.820721],[15.3090192,47.8205914],[15.3089632,47.8204236],[15.308865,47.820329],[15.308097,47.819927],[15.3078014,47.8199411],[15.30761,47.819897],[15.3072219,47.8200792],[15.3070873,47.820056],[15.3068391,47.8201365],[15.3066828,47.8200992],[15.306557,47.8200145],[15.306459,47.819999],[15.3063476,47.8200888],[15.3062296,47.820087],[15.3059775,47.8202095],[15.3058192,47.8202131],[15.3057909,47.8202771],[15.3050807,47.8207011],[15.304364,47.820986],[15.3038445,47.8210371],[15.303386,47.821041],[15.303416,47.821145],[15.3033072,47.8211845],[15.3028902,47.8212099],[15.302747,47.821255],[15.302343,47.821107],[15.300429,47.820936],[15.29983,47.82104],[15.2993067,47.8208727],[15.29874,47.820631],[15.2984525,47.8206523],[15.2984253,47.8204897],[15.2983961,47.8203034],[15.2984112,47.8202108],[15.2984987,47.8200334],[15.2986363,47.8198378],[15.2986442,47.8197343],[15.298573,47.819398],[15.2984947,47.8193083],[15.29819,47.8191936],[15.2980971,47.8191271],[15.298024,47.819103],[15.2980938,47.8188967],[15.2980536,47.8188071],[15.297968,47.81872],[15.2978071,47.8186498],[15.2973321,47.8185713],[15.2971298,47.8185244],[15.296946,47.81839],[15.2968167,47.8182548],[15.2968617,47.8180514],[15.2965172,47.8177641],[15.2962648,47.8174631],[15.296165,47.8173153],[15.29612,47.817212],[15.2961296,47.8170866],[15.2961599,47.8169493],[15.2961915,47.8168469],[15.296297,47.816697],[15.2965081,47.8166013],[15.29702,47.8164138],[15.29708,47.816326],[15.2970712,47.8161904],[15.296929,47.815966],[15.2970052,47.815703],[15.2970904,47.8155185],[15.2969769,47.8150335],[15.2966988,47.8144511],[15.2965698,47.8142033],[15.2962152,47.8138993],[15.2960013,47.8134958],[15.295913,47.813381],[15.2957675,47.8133012],[15.2956883,47.8132772],[15.295501,47.813237],[15.2953541,47.8132586],[15.295147,47.8133339],[15.2950483,47.8133522],[15.2949018,47.813312],[15.2947824,47.8131699],[15.294657,47.812977],[15.2946417,47.8128804],[15.2946996,47.8127829],[15.2948718,47.8127916],[15.2951077,47.8128829],[15.2952838,47.812906],[15.2953401,47.8128649],[15.2954164,47.8125849],[15.2955787,47.8124633],[15.2955984,47.8123563],[15.295554,47.812258],[15.2953374,47.8119661],[15.2952371,47.8118853],[15.2951553,47.8118493],[15.2949633,47.8118877],[15.294828,47.811869],[15.2948553,47.8117709],[15.2949163,47.8116564],[15.2949484,47.8115636],[15.294887,47.811378],[15.2947516,47.8112317],[15.294709,47.8111896],[15.2944198,47.8112308],[15.2943313,47.8111821],[15.2943343,47.8111088],[15.2943554,47.810948],[15.2941724,47.8108389],[15.2939987,47.8106716],[15.2940139,47.8104767],[15.2940894,47.8104004],[15.2942456,47.8103083],[15.294288,47.810155],[15.2942908,47.8099966],[15.2942493,47.809826],[15.29414,47.809696],[15.2940596,47.8096316],[15.2939934,47.8096366],[15.2938826,47.8097406],[15.2937539,47.8097482],[15.2931893,47.8096936],[15.2926744,47.8096364],[15.292595,47.8095878],[15.2925734,47.8095002],[15.2928548,47.8091777],[15.2929296,47.8089578],[15.2929896,47.8089025],[15.2933584,47.8086549],[15.2938193,47.8080624],[15.2937225,47.8080108],[15.2931553,47.8079617],[15.293094,47.807942],[15.2930617,47.8078903],[15.29306,47.807824],[15.2930985,47.8077725],[15.2931489,47.8077212],[15.2933594,47.8076824],[15.2934535,47.8076476],[15.2936494,47.8075359],[15.2938375,47.8073963],[15.2939899,47.8072498],[15.294034,47.807173],[15.2940311,47.8071108],[15.2939487,47.8069675],[15.2939719,47.8068246],[15.2938734,47.8066296],[15.293833,47.806317],[15.2941099,47.806227],[15.294467,47.806166],[15.2945937,47.805958],[15.2945643,47.8058599],[15.2945674,47.8057825],[15.294588,47.805704],[15.2946657,47.8056744],[15.2951124,47.8057475],[15.2951868,47.8057272],[15.29524,47.805676],[15.2952405,47.8054698],[15.2951836,47.8051644],[15.295072,47.8049105],[15.2947577,47.8047145],[15.2946654,47.8046181],[15.2947282,47.8045364],[15.2948713,47.8044394],[15.2950259,47.8042744],[15.2950885,47.8037845],[15.295224,47.803342],[15.295125,47.8032088],[15.2950602,47.8031724],[15.294887,47.8031327],[15.294772,47.8030131],[15.2947264,47.8029301],[15.29472,47.802846],[15.2948683,47.8025798],[15.2949704,47.8024572],[15.2951333,47.8023257],[15.2952854,47.8022503],[15.2953476,47.8022089],[15.295499,47.802032],[15.2955,47.801819],[15.295163,47.8014261],[15.2950875,47.8013677],[15.2948694,47.8012475],[15.294774,47.801168],[15.2947722,47.8011103],[15.2948615,47.8010192],[15.2949909,47.8009018],[15.2950692,47.8007978],[15.2951227,47.800709],[15.2951709,47.800551],[15.295138,47.800423],[15.2950492,47.8003656],[15.2946873,47.8003036],[15.294532,47.800227],[15.2944713,47.8001017],[15.294451,47.799713],[15.2943599,47.7995753],[15.294012,47.799469],[15.2939124,47.7994659],[15.2935232,47.7996],[15.2934176,47.7996139],[15.2932907,47.7995958],[15.293237,47.799607],[15.293141,47.7998094],[15.2930997,47.7998838],[15.292977,47.799954],[15.2928212,47.7999218],[15.2927367,47.7999453],[15.292646,47.799942],[15.2924433,47.7998237],[15.2922575,47.7996512],[15.292218,47.7995574],[15.2921515,47.7994508],[15.2919639,47.7994054],[15.2918178,47.7993974],[15.2916655,47.7993025],[15.2913392,47.7992183],[15.2912255,47.799137],[15.2911462,47.7989534],[15.2910282,47.79883],[15.2909692,47.7987381],[15.2909195,47.7983856],[15.2909387,47.7983451],[15.29135,47.798149],[15.2914201,47.7981272],[15.2915286,47.7980553],[15.29152,47.797984],[15.2914629,47.7978723],[15.291272,47.797734],[15.2908402,47.7975976],[15.2904923,47.7975235],[15.2903155,47.7974546],[15.2901873,47.7973891],[15.290033,47.797298],[15.2900532,47.7970291],[15.2899644,47.796667],[15.289993,47.7963297],[15.289978,47.79624],[15.2899406,47.796136],[15.2898889,47.7960443],[15.2898012,47.7959598],[15.2898582,47.7955427],[15.2900192,47.7954027],[15.2900492,47.7952388],[15.290054,47.795048],[15.2901849,47.7949226],[15.2903335,47.7948443],[15.290732,47.79404],[15.2908189,47.7937584],[15.2908006,47.7933605],[15.2907365,47.7932234],[15.290424,47.7930054],[15.2900293,47.7927891],[15.2898302,47.7925414],[15.289538,47.7923378],[15.28911,47.792058],[15.2891595,47.7919934],[15.2890391,47.7918575],[15.2889295,47.7916898],[15.2888641,47.7913323],[15.2888819,47.7911944],[15.2885665,47.7908754],[15.288283,47.790623],[15.2880688,47.7905575],[15.287669,47.790565],[15.2875349,47.7904682],[15.2873198,47.7903108],[15.2873599,47.7902686],[15.28717,47.790182],[15.286656,47.790157],[15.286233,47.790254],[15.285904,47.7902479],[15.2854005,47.7901647],[15.285039,47.790169],[15.2847026,47.7904228],[15.2846763,47.7904778],[15.2846225,47.7904943],[15.2845012,47.7904726],[15.2844135,47.7904745],[15.2841579,47.7905187],[15.2840476,47.7905695],[15.2838329,47.7906418],[15.2835557,47.7907762],[15.2832805,47.790896],[15.282142,47.791044],[15.2819472,47.7911528],[15.2818006,47.7913813],[15.281688,47.791413],[15.2816285,47.7914122],[15.2816338,47.7913797],[15.2815777,47.7913916],[15.2799204,47.7915737],[15.262471,47.793535],[15.2618577,47.7935507],[15.2616414,47.7934887],[15.2614416,47.793538],[15.26091,47.793575],[15.260417,47.7934124],[15.260052,47.7932299],[15.2599266,47.793095],[15.259753,47.793019],[15.2592,47.793104],[15.258977,47.79292],[15.258714,47.7929381],[15.2583295,47.7930417],[15.258021,47.79303],[15.2578487,47.7929186],[15.257846,47.792767],[15.258051,47.7924994],[15.258066,47.79224],[15.2579513,47.7921431],[15.257711,47.792077],[15.2574506,47.7921262],[15.2571866,47.7922927],[15.2564598,47.79263],[15.256139,47.792746],[15.255724,47.7927036],[15.2553205,47.7927747],[15.2549411,47.7927074],[15.2541135,47.7928365],[15.253579,47.792757],[15.2534411,47.7928516],[15.2531688,47.7929322],[15.2526263,47.7930388],[15.251736,47.793266],[15.2516582,47.7934225],[15.2516308,47.7937324],[15.251492,47.793801],[15.2501473,47.7941499],[15.248953,47.794567],[15.248078,47.795061],[15.2477976,47.795056],[15.247553,47.795045],[15.246936,47.795383],[15.2468801,47.7956759],[15.2467499,47.7959428],[15.246602,47.796024],[15.2464602,47.7960666],[15.2458929,47.796126],[15.2455758,47.7961328],[15.2445068,47.796322],[15.2442312,47.796322],[15.243963,47.796394],[15.2437248,47.7966372],[15.2430167,47.7969366],[15.242854,47.797125],[15.242351,47.797281],[15.2419705,47.7972668],[15.241265,47.797194],[15.2405639,47.797239],[15.2402444,47.7973521],[15.239528,47.797463],[15.2393171,47.7974029],[15.238708,47.797445],[15.2383535,47.7976116],[15.2380897,47.7978168],[15.2377579,47.7978731],[15.2375643,47.7980297],[15.2372378,47.7980201],[15.236661,47.798313],[15.236206,47.7984018],[15.2356645,47.7985734],[15.2356479,47.7985109],[15.234289,47.798797],[15.2336917,47.7984387],[15.233163,47.798264],[15.2315454,47.7979977],[15.229862,47.797777],[15.2289212,47.7974919],[15.228073,47.797257],[15.2268028,47.7971375],[15.2260502,47.7970896],[15.2258057,47.7969775],[15.225172,47.796966],[15.220481,47.795728],[15.2173065,47.7960299],[15.216203,47.795235],[15.216063,47.794534],[15.216157,47.7937608],[15.216199,47.792953],[15.215258,47.7917585],[15.2150812,47.7915348],[15.215071,47.791526],[15.2150127,47.7913067],[15.2152384,47.7911052],[15.215052,47.790556],[15.2148065,47.7904972],[15.2146242,47.7902711],[15.214421,47.790205],[15.2138343,47.7902011],[15.2120644,47.7898841],[15.211359,47.789873],[15.2110999,47.7897965],[15.210006,47.789276],[15.209589,47.789286],[15.209358,47.789146],[15.209458,47.788595],[15.208144,47.787812],[15.208297,47.787272],[15.2082481,47.7871257],[15.2080605,47.78694],[15.207891,47.7867228],[15.207847,47.786477],[15.2080865,47.7861308],[15.208088,47.786038],[15.2079327,47.7859855],[15.2077085,47.7859662],[15.207647,47.785854],[15.20789,47.785078],[15.2075521,47.7840991],[15.20737,47.783032],[15.2072758,47.782873],[15.2063009,47.7823616],[15.206115,47.78217],[15.207314,47.781371],[15.205852,47.7799],[15.206464,47.778446],[15.2065694,47.7780963],[15.206526,47.777741],[15.2048307,47.7768963],[15.2030894,47.7761098],[15.2018512,47.7754196],[15.2014811,47.7753267],[15.20085,47.775048],[15.2017496,47.7724677],[15.20218,47.771726],[15.202267,47.7705],[15.203703,47.770051],[15.2057,47.769897],[15.2062305,47.7700044],[15.208089,47.77058],[15.2088451,47.769845],[15.210116,47.768911],[15.207809,47.76715],[15.2085192,47.7656908],[15.2086626,47.7654368],[15.208794,47.765265],[15.2103048,47.764629],[15.21046,47.764437],[15.21026,47.763494],[15.210405,47.76312],[15.208836,47.761757],[15.207883,47.760321],[15.2072967,47.7601923],[15.206621,47.759993],[15.204352,47.758089],[15.2032015,47.7567559],[15.202927,47.756287],[15.200962,47.75536],[15.200965,47.7550788],[15.2006503,47.7537833],[15.1996956,47.7535139],[15.1993743,47.7534237],[15.1989404,47.7535847],[15.1985249,47.7537388],[15.1974138,47.754151],[15.1941789,47.7556254],[15.1938661,47.7557679],[15.1918133,47.7562204],[15.1901384,47.7560529],[15.1875182,47.7557908],[15.1839275,47.7559789],[15.18355,47.7564298],[15.1833023,47.7567256],[15.1817924,47.7565049],[15.1811114,47.7564053],[15.1784643,47.7560182],[15.1748344,47.7558005],[15.1734801,47.7554364],[15.1717645,47.7549751],[15.1695761,47.7541273],[15.1685422,47.7537267],[15.1651797,47.7562276],[15.1651264,47.756229],[15.1647315,47.7562393],[15.1633153,47.756276],[15.1589625,47.7584265],[15.1584289,47.7577841],[15.1567551,47.7577887],[15.1548822,47.7577938],[15.1545832,47.7582024],[15.1535878,47.758451],[15.1518987,47.7576945],[15.1496244,47.7574643],[15.148415,47.7579541],[15.1481001,47.7580328],[15.1473814,47.7579078],[15.1457255,47.7572369],[15.145622,47.7571954],[15.1454378,47.7572286],[15.1448135,47.7573413],[15.1433824,47.7581557],[15.1434228,47.7585019],[15.1432633,47.759005],[15.142237,47.7591083],[15.1414761,47.7599206],[15.1410627,47.7604923],[15.1409062,47.7607108],[15.1404546,47.7613413],[15.1400001,47.7613819],[15.139404,47.7614352],[15.1389873,47.7613008],[15.1387676,47.76123],[15.1382622,47.7608705],[15.1376808,47.760457],[15.1360527,47.7593291],[15.1348328,47.7579967],[15.1348253,47.7579476],[15.1345442,47.7561002],[15.134424,47.7559259],[15.13238,47.7529602],[15.1318574,47.7529677],[15.1301003,47.7529928],[15.130879,47.7513917],[15.1313452,47.750433],[15.1319316,47.7497484],[15.1323053,47.7493122],[15.1323071,47.7488397],[15.1319639,47.7483523],[15.1315689,47.7477915],[15.1301626,47.7471829],[15.1289277,47.7468741],[15.1259744,47.7461355],[15.1236756,47.7463487],[15.1222428,47.7464815],[15.1191777,47.745525],[15.1157845,47.7448778],[15.1153762,47.7448471],[15.1139832,47.7447424],[15.1075565,47.7438639],[15.1070681,47.743737],[15.1069177,47.743698],[15.1044933,47.7434683],[15.100539,47.7433373],[15.1004844,47.7433355],[15.0994697,47.7433019],[15.0994484,47.7433012],[15.099382,47.743299],[15.0993665,47.7432985],[15.0987449,47.7432779],[15.0979554,47.7432517],[15.0952827,47.7424135],[15.0929136,47.7419926],[15.0920349,47.7418364],[15.0904485,47.7416991],[15.0894489,47.7416125],[15.0893796,47.7416065],[15.0892702,47.741597],[15.0892456,47.7414677],[15.0892201,47.7414687],[15.0891429,47.7414715],[15.0886635,47.7414892],[15.0878098,47.7415479],[15.0859109,47.7417757],[15.0844096,47.7416745],[15.0843095,47.741899],[15.0840201,47.7425476],[15.083998,47.7425972],[15.0838912,47.7426015],[15.0825686,47.7426551],[15.0820913,47.7426744],[15.0819158,47.7426818],[15.0813573,47.7427042],[15.0809117,47.7427321],[15.0798919,47.7427962],[15.0790637,47.7428482],[15.0789895,47.7428359],[15.0789852,47.7428352],[15.0789452,47.7428286],[15.0780933,47.742688],[15.0777641,47.7426029],[15.077319,47.7424878],[15.0769706,47.7423977],[15.0769126,47.7423827],[15.0759476,47.7425405],[15.0755475,47.7426059],[15.0749606,47.742365],[15.0744257,47.7421455],[15.0742599,47.7420775],[15.0737717,47.7420809],[15.0737592,47.742081],[15.0735184,47.7420649],[15.0730929,47.7421317],[15.0727446,47.7422235],[15.0725138,47.7424128],[15.0723115,47.7424878],[15.0721241,47.7425167],[15.0719534,47.7425215],[15.0717274,47.7424865],[15.0715069,47.7424574],[15.0712017,47.7424106],[15.0710274,47.7423424],[15.0708499,47.7421939],[15.0706285,47.7419262],[15.0703925,47.7417464],[15.0700484,47.741484],[15.0694703,47.7408856],[15.0689958,47.7406551],[15.0686132,47.7405203],[15.0683813,47.7405221],[15.0678558,47.740561],[15.066276,47.7408608],[15.0658278,47.740975],[15.0654614,47.7411169],[15.0654239,47.7411314],[15.0648406,47.7414305],[15.0643519,47.7416167],[15.0641028,47.7416768],[15.0638188,47.7417454],[15.0634112,47.7417667],[15.063258,47.7417621],[15.0631425,47.7417586],[15.0629196,47.7416986],[15.0628354,47.7416628],[15.061294,47.7410067],[15.0604239,47.7406786],[15.0584261,47.7403441],[15.0579104,47.7403818],[15.0571408,47.74058],[15.0570609,47.7406006],[15.0567856,47.7406596],[15.0565761,47.7407046],[15.0563835,47.7407464],[15.0561927,47.7407446],[15.055733,47.7407418],[15.055876,47.7408771],[15.0557563,47.7409442],[15.0557044,47.7409733],[15.0535575,47.7421773],[15.034715,47.752737],[15.033652,47.752506],[15.030781,47.752699],[15.0307128,47.7526906],[15.0294905,47.7525365],[15.0292649,47.7526211],[15.0282582,47.7522805],[15.0279861,47.7514775],[15.0279222,47.7512888],[15.0263591,47.7502464],[15.0256538,47.749776],[15.0250892,47.7495591],[15.0235866,47.7493253],[15.0231846,47.7492628],[15.0222957,47.7485479],[15.0214172,47.7479032],[15.0196514,47.7474357],[15.016454,47.7468097],[15.0153273,47.7463308],[15.0146129,47.7460272],[15.0120812,47.7458484],[15.011435,47.745578],[15.0098778,47.7449357],[15.0080695,47.7448546],[15.0070342,47.7447053],[15.0049518,47.7444048],[15.0031681,47.7441349],[15.0023166,47.743498],[15.0021863,47.7434117],[15.001326,47.7430418],[15.0002091,47.7425959],[14.998768,47.742047],[14.9987017,47.7420218],[14.9972224,47.741428],[14.9929418,47.7411557],[14.9912186,47.7409321],[14.9904877,47.7408372],[14.9904654,47.7408343],[14.98851,47.7405804],[14.9864185,47.7401209],[14.9827448,47.740635],[14.9825066,47.7407433],[14.9821297,47.7409148],[14.9781254,47.7427361],[14.9744937,47.7435741],[14.9737263,47.7435854],[14.9728373,47.7436027],[14.9708806,47.7417825],[14.9691512,47.740585],[14.9680494,47.739822],[14.9683923,47.7383606],[14.967641,47.7372566],[14.9655718,47.7367448],[14.963427,47.7362144],[14.9617362,47.7359993],[14.9587232,47.7356161],[14.9577119,47.7351137],[14.9572874,47.7349028],[14.9566125,47.7345676],[14.9565066,47.734401],[14.9541883,47.7333155],[14.9519907,47.7328578],[14.9513899,47.7320601],[14.9510441,47.7316007],[14.9507927,47.7313707],[14.949407,47.7301093],[14.9490895,47.7298262],[14.9487997,47.7295678],[14.9476533,47.7286745],[14.9463511,47.7276808],[14.9458919,47.7275381],[14.9442941,47.7267949],[14.9428877,47.7260493],[14.9423877,47.725804],[14.9429559,47.724206],[14.941726,47.7232239],[14.9409505,47.7226046],[14.9408554,47.7225286],[14.9405088,47.7222518],[14.94009,47.7219174],[14.9366692,47.7205056],[14.9356029,47.7186832],[14.9345626,47.7183461],[14.9328401,47.7177879],[14.9327499,47.7177586],[14.932434,47.7176562],[14.9313684,47.7173109],[14.9307612,47.7160338],[14.9304964,47.715477],[14.9304728,47.7154273],[14.9302874,47.7143529],[14.9301987,47.7138389],[14.9300765,47.7131303],[14.9300302,47.7128621],[14.9277548,47.7106374],[14.9262712,47.7106798],[14.9246098,47.7107272],[14.9231436,47.710769],[14.9228362,47.7107691],[14.9212733,47.7107696],[14.9150602,47.7107685],[14.9136827,47.7096583],[14.9130621,47.7091658],[14.91284,47.7089899],[14.9114505,47.7097241],[14.9099828,47.7104996],[14.9079683,47.7101321],[14.907237,47.7099987],[14.9062119,47.7101552],[14.9052267,47.7102872],[14.9045729,47.7103747],[14.9042535,47.7104175],[14.9012107,47.7108251],[14.8996195,47.7108598],[14.8983908,47.7108866],[14.8980176,47.7108947],[14.8979688,47.7108958],[14.8979228,47.7108968],[14.8978384,47.7108986],[14.8976112,47.711022],[14.8976111,47.711022],[14.8976037,47.7110221],[14.8972023,47.71124],[14.8964206,47.7116643],[14.8957016,47.7120585],[14.8956891,47.7120653],[14.8945456,47.7126861],[14.8945396,47.7126893],[14.8937858,47.7130985],[14.8912262,47.7131872],[14.890609,47.7132086],[14.8901314,47.7132251],[14.8901313,47.7132251],[14.8898059,47.7132364],[14.887515,47.7133157],[14.8875149,47.7133157],[14.8875148,47.7133157],[14.8862475,47.7133596],[14.8834604,47.713456],[14.882898,47.7139513],[14.8828754,47.7139587],[14.881834,47.7143052],[14.8787121,47.7153437],[14.8786073,47.7153785],[14.8785646,47.7153917],[14.8773613,47.7157929],[14.876639,47.7160308],[14.8766499,47.7160671],[14.8767135,47.7163138],[14.8769225,47.7167833],[14.8769359,47.7168132],[14.8770034,47.7169647],[14.8771058,47.7171948],[14.8771215,47.7176801],[14.8773557,47.7180092],[14.8769237,47.7190324],[14.8767835,47.719533],[14.8767874,47.7200155],[14.8768837,47.7202965],[14.876914,47.7203849],[14.8769884,47.7209686],[14.8769335,47.7212873],[14.8769747,47.7214615],[14.8770604,47.7218233],[14.8765788,47.7223542],[14.8764398,47.7226295],[14.8764536,47.7228554],[14.876649,47.7231957],[14.876619,47.724388],[14.8765253,47.7247532],[14.8765322,47.7247983],[14.8765835,47.7251327],[14.8764215,47.7256251],[14.8765308,47.7259529],[14.8765619,47.726046],[14.87645,47.7263198],[14.876146,47.7266436],[14.8759161,47.7269061],[14.8755762,47.7273337],[14.8751743,47.7278664],[14.8750823,47.7280214],[14.8749908,47.7281279],[14.8749708,47.7281511],[14.8748394,47.728304],[14.8745643,47.7285346],[14.8745019,47.7285798],[14.8742714,47.7288095],[14.8742238,47.7291411],[14.8743238,47.7291893],[14.8741929,47.7293268],[14.8741138,47.7294099],[14.873954,47.7295776],[14.8735881,47.7299618],[14.8736588,47.7299871],[14.8733438,47.7303884],[14.87333,47.7304093],[14.8725934,47.7315252],[14.8719096,47.7321766],[14.8718989,47.7321863],[14.8716554,47.7324075],[14.8715258,47.7326958],[14.8714491,47.7327747],[14.8713535,47.7327696],[14.8711724,47.7328985],[14.8708025,47.7329838],[14.87079,47.7329991],[14.8707527,47.732999],[14.8704293,47.7329693],[14.8702908,47.732949],[14.8702786,47.7329909],[14.870259,47.7330714],[14.8701532,47.7331547],[14.8700345,47.7332483],[14.8697125,47.733502],[14.8694414,47.7338875],[14.8694205,47.7339173],[14.8685563,47.734676],[14.868366,47.734843],[14.8665554,47.7364324],[14.8658429,47.737115],[14.8655573,47.7373886],[14.8644479,47.7384512],[14.8635839,47.7392788],[14.8631286,47.739715],[14.8606259,47.7413207],[14.860557,47.7413649],[14.8580592,47.7404888],[14.851962,47.738254],[14.849441,47.737786],[14.847261,47.73659],[14.839974,47.733956],[14.837793,47.736616],[14.834403,47.736567],[14.8309,47.738936],[14.8308676,47.7391645],[14.830662,47.740614],[14.832825,47.742838],[14.832872,47.743713],[14.8296608,47.7439276],[14.821202,47.74431],[14.8186668,47.744217],[14.8182642,47.7441655],[14.8103312,47.7379102],[14.809352,47.737138],[14.803834,47.738618],[14.799053,47.738109],[14.798637,47.737326],[14.797343,47.736136],[14.794558,47.735527],[14.791849,47.735312],[14.787743,47.733008],[14.786842,47.732286],[14.784604,47.731503],[14.7804269,47.7303437],[14.777324,47.729403],[14.777197,47.729033],[14.775936,47.728423],[14.77103,47.727672],[14.7670473,47.7263071],[14.76121,47.733102],[14.757923,47.735022],[14.750281,47.736267],[14.740252,47.74144],[14.736062,47.744942],[14.736035,47.746669],[14.7384256,47.7486225],[14.7384606,47.7487211],[14.7379179,47.749061],[14.7376669,47.7492182],[14.7338458,47.7516109],[14.7329068,47.7518167],[14.731357,47.7521563],[14.7298198,47.7527909],[14.7296198,47.7527933],[14.7281609,47.7535345],[14.7279479,47.7536795],[14.7259953,47.7550089],[14.7246628,47.7552528],[14.7245352,47.7552761],[14.7234349,47.755325],[14.7231146,47.755349],[14.7216865,47.7554557],[14.7210355,47.755796],[14.7204822,47.7560852],[14.7203735,47.7562667],[14.7199828,47.7563617],[14.7195652,47.7565938],[14.7195218,47.7567594],[14.7194976,47.7568021],[14.7194487,47.7568749],[14.7192416,47.7571089],[14.7191413,47.7572703],[14.7190926,47.7573862],[14.718667,47.7577013],[14.7186812,47.7577837],[14.7184526,47.7577934],[14.7183663,47.7578509],[14.7182655,47.7579162],[14.7181882,47.7581061],[14.7180019,47.7582967],[14.7179478,47.7583521],[14.7176843,47.7585624],[14.7174988,47.7586167],[14.71737,47.7587808],[14.717172,47.7588451],[14.7166231,47.7592935],[14.7164352,47.7593483],[14.7163013,47.7593873],[14.7161642,47.7596054],[14.7160564,47.7597083],[14.7159983,47.759792],[14.7157206,47.7600282],[14.7156524,47.7602831],[14.7150619,47.7604954],[14.7149197,47.7606959],[14.7146623,47.7607807],[14.7139692,47.7607398],[14.71374,47.7609039],[14.7135938,47.7608978],[14.7132474,47.7610475],[14.7131738,47.761135],[14.7130409,47.7611858],[14.7129157,47.761201],[14.7128498,47.7611369],[14.7128092,47.761037],[14.7126469,47.7609721],[14.7123986,47.7610774],[14.7121644,47.7611546],[14.7117906,47.7611512],[14.7114756,47.7611628],[14.711343,47.7612293],[14.7109781,47.7611196],[14.7100341,47.7609715],[14.7098386,47.760962],[14.7094494,47.7609293],[14.7091176,47.7609667],[14.7087463,47.7609475],[14.7083655,47.7609009],[14.7081384,47.7608637],[14.70756,47.760769],[14.7072132,47.7606826],[14.706751,47.7606488],[14.7062491,47.7606607],[14.7059179,47.7607962],[14.7057991,47.7608443],[14.7055948,47.7609806],[14.7054756,47.7610131],[14.7051907,47.7610725],[14.704801,47.761183],[14.704674,47.7612351],[14.7044672,47.7613114],[14.7038709,47.761471],[14.7037594,47.7617226],[14.7033854,47.7623605],[14.7032281,47.7625457],[14.7028343,47.7627108],[14.7026612,47.7629234],[14.7027326,47.7629767],[14.7027564,47.7629944],[14.7029116,47.76329],[14.7029268,47.7634774],[14.7028624,47.7636316],[14.7026463,47.7638602],[14.7024887,47.7639294],[14.7023787,47.7640314],[14.7023413,47.7640675],[14.7022988,47.764149],[14.7022518,47.764227],[14.7022787,47.7643096],[14.7022319,47.7645232],[14.7021428,47.7645984],[14.7015459,47.7645867],[14.7014797,47.7645913],[14.7012704,47.7646985],[14.7005292,47.7646737],[14.7001518,47.7646346],[14.6999711,47.7646196],[14.6998998,47.7646208],[14.6997046,47.7646242],[14.6995386,47.764667],[14.6993548,47.7647471],[14.6991971,47.764782],[14.699064,47.7647228],[14.6987549,47.764757],[14.6985353,47.7647226],[14.6981924,47.7650016],[14.6980927,47.7650517],[14.6977487,47.7651092],[14.6976483,47.7652048],[14.6976889,47.765395],[14.6975591,47.7656177],[14.6973878,47.7657593],[14.6969614,47.7657988],[14.6965729,47.7655585],[14.6961282,47.7652581],[14.6958768,47.7651685],[14.695589,47.7651276],[14.6951573,47.7651236],[14.694988,47.7649005],[14.6949113,47.7646183],[14.6949468,47.7642075],[14.6947534,47.7640358],[14.6944908,47.7638835],[14.694431,47.7636582],[14.694329,47.7634439],[14.6941702,47.763264],[14.6938975,47.7631555],[14.6936063,47.763085],[14.6935023,47.7630598],[14.6934475,47.7630465],[14.6934166,47.7629417],[14.6933302,47.7626454],[14.6927798,47.7624144],[14.6925468,47.7622878],[14.6924703,47.7621276],[14.6925072,47.7619766],[14.6922436,47.7616357],[14.6918055,47.761261],[14.6914706,47.7610904],[14.6909456,47.7608229],[14.6905238,47.7603515],[14.6902973,47.7602609],[14.6899847,47.7601568],[14.6892734,47.7599913],[14.6890446,47.7599823],[14.6886726,47.7598888],[14.6885055,47.7596206],[14.6884229,47.7594323],[14.688252,47.7592344],[14.6877114,47.7589411],[14.6876571,47.7588026],[14.6875965,47.7586589],[14.6875459,47.7585387],[14.6870934,47.7575769],[14.6867817,47.7573262],[14.6867852,47.7568391],[14.6865546,47.7566199],[14.6864969,47.7562526],[14.6865466,47.7556892],[14.6865145,47.7553811],[14.6864308,47.7550308],[14.6861996,47.7547846],[14.6856993,47.7546931],[14.6855189,47.7545491],[14.6853777,47.7541879],[14.6853126,47.7540211],[14.6852414,47.7534429],[14.6850352,47.7532342],[14.684481,47.7532299],[14.6842486,47.7532489],[14.6840411,47.7527713],[14.6840132,47.7523116],[14.6838169,47.7521732],[14.6830368,47.7521282],[14.6830728,47.7518263],[14.683306,47.7515018],[14.6829403,47.7509448],[14.6829339,47.7509345],[14.6828703,47.7508855],[14.682726,47.750774],[14.6824159,47.7505345],[14.6820483,47.7502507],[14.6815282,47.7500615],[14.6814626,47.7500269],[14.6813006,47.7499903],[14.6809758,47.7500134],[14.6809342,47.7499728],[14.6808295,47.749934],[14.6807354,47.7498498],[14.6807167,47.7497936],[14.680713,47.7494435],[14.680691,47.7493416],[14.68054,47.7492758],[14.680398,47.7490193],[14.6799138,47.7486368],[14.6790082,47.7482865],[14.678793,47.7481572],[14.6781452,47.7477951],[14.6778527,47.7475745],[14.6773551,47.747462],[14.6770273,47.747329],[14.6771114,47.7470248],[14.6772073,47.7467025],[14.6771199,47.746239],[14.6768439,47.7459934],[14.6762913,47.7457445],[14.6758583,47.7456654],[14.675653,47.7454884],[14.6755651,47.7453088],[14.6753953,47.7451719],[14.6753346,47.7451138],[14.675166,47.7449522],[14.6748634,47.7447828],[14.6748685,47.7444746],[14.6749733,47.7444126],[14.6751129,47.7443642],[14.6751098,47.74422],[14.6749905,47.7441134],[14.6743649,47.7438851],[14.6740461,47.7436952],[14.6739189,47.7435883],[14.6737473,47.7432632],[14.673655,47.7431848],[14.6734911,47.7431545],[14.6733704,47.7430823],[14.673252,47.7430356],[14.6728863,47.7430407],[14.6726792,47.7429947],[14.6725747,47.7429308],[14.6723681,47.742621],[14.6720153,47.7423806],[14.6714978,47.7422254],[14.6713376,47.7421307],[14.6712702,47.7419857],[14.6712595,47.7417584],[14.6712028,47.7414892],[14.6708206,47.7412972],[14.6705623,47.7411795],[14.6704656,47.7411422],[14.6699985,47.7410371],[14.6696192,47.7410003],[14.6694499,47.7411379],[14.6692054,47.741205],[14.6689721,47.7411522],[14.6688161,47.7410809],[14.6686805,47.7410082],[14.6684943,47.7409145],[14.6682473,47.7407262],[14.6675818,47.7407017],[14.6674567,47.7407118],[14.6671459,47.7405636],[14.6667688,47.7400847],[14.6660523,47.7400483],[14.6659414,47.7400264],[14.6658409,47.7399661],[14.6656425,47.7396391],[14.6655211,47.7395531],[14.6649027,47.7394749],[14.6646962,47.7393811],[14.6644413,47.7393125],[14.6642402,47.739226],[14.6639237,47.7391286],[14.6635054,47.73906],[14.6633121,47.7390744],[14.663178,47.7391664],[14.6627435,47.7392674],[14.6622968,47.739278],[14.6616351,47.7391486],[14.6609867,47.7389734],[14.6608589,47.7389167],[14.6607661,47.7389497],[14.6603873,47.7391695],[14.6603753,47.7392649],[14.6601367,47.7396621],[14.6593505,47.7398104],[14.6588816,47.7400037],[14.6584871,47.7400351],[14.6581735,47.739988],[14.6576907,47.7398584],[14.6573739,47.7397636],[14.657072,47.739681],[14.6566978,47.7394424],[14.6563442,47.7392015],[14.655654,47.738909],[14.6552473,47.7388746],[14.6548282,47.7390285],[14.6540038,47.7391076],[14.6536405,47.738814],[14.653286,47.738575],[14.6526768,47.7384489],[14.6526774,47.7383942],[14.6522593,47.7383861],[14.6522979,47.738088],[14.6522545,47.7377456],[14.6520078,47.7372311],[14.651934,47.7370637],[14.6517627,47.7368369],[14.6511253,47.7361257],[14.650786,47.7357649],[14.6498298,47.7347358],[14.6492142,47.7340864],[14.6489084,47.7336507],[14.6486675,47.733146],[14.6484032,47.7327618],[14.6480811,47.7321218],[14.6478918,47.7317518],[14.6476597,47.7314276],[14.6473915,47.7310006],[14.6472668,47.7307468],[14.647178,47.7304263],[14.6469022,47.7294302],[14.646971,47.7290729],[14.6471343,47.7287343],[14.6472837,47.7284551],[14.647431,47.7281757],[14.6475908,47.7279453],[14.6480143,47.7274856],[14.648157,47.7273194],[14.6485261,47.7268227],[14.6485923,47.7265222],[14.6485493,47.7263345],[14.6484166,47.7260546],[14.6482756,47.7259637],[14.6476619,47.7256969],[14.6469559,47.7255336],[14.6467352,47.7255102],[14.6462564,47.725454],[14.6461118,47.7255965],[14.6459421,47.725707],[14.6456476,47.7259379],[14.6455829,47.7259886],[14.6453316,47.7261001],[14.6447796,47.7261919],[14.6444677,47.7263891],[14.6442678,47.7265461],[14.6442871,47.7268306],[14.6442327,47.7270223],[14.6441551,47.7272292],[14.6438829,47.7274096],[14.6436493,47.7275222],[14.6425806,47.7276866],[14.6422221,47.7276539],[14.6419785,47.7276225],[14.6415918,47.7276559],[14.6406407,47.7278553],[14.6403459,47.7278069],[14.6396407,47.7274527],[14.6395091,47.7274416],[14.6393,47.727523],[14.6386038,47.7278424],[14.638231,47.727927],[14.6370344,47.7280351],[14.6368985,47.7280474],[14.6357676,47.7281753],[14.6351617,47.7282771],[14.6347151,47.7282994],[14.6342932,47.7282215],[14.633926,47.728076],[14.6336846,47.7279357],[14.6335103,47.7277865],[14.6334001,47.7275754],[14.6334357,47.7272837],[14.6337962,47.7269526],[14.6340344,47.7268121],[14.6340835,47.7266841],[14.6339188,47.7265672],[14.6331997,47.7264305],[14.6328432,47.7264157],[14.6322912,47.7263417],[14.6313087,47.7261301],[14.6309153,47.7261999],[14.630875,47.7263698],[14.6308565,47.7265533],[14.6310292,47.7272783],[14.6310633,47.7279699],[14.6309106,47.7284703],[14.6307495,47.7285376],[14.6299741,47.7284312],[14.6296259,47.7283505],[14.6293869,47.7283366],[14.6290986,47.7284526],[14.6286772,47.7287068],[14.6285117,47.7288925],[14.6280311,47.7292303],[14.6273806,47.7296876],[14.6271486,47.7297291],[14.6268984,47.7297126],[14.6266672,47.7296634],[14.6265172,47.7295698],[14.6261785,47.729356],[14.6258861,47.7292078],[14.6253333,47.7290415],[14.6247768,47.7289643],[14.6242451,47.7289933],[14.6229496,47.7291792],[14.6222748,47.7292979],[14.6218132,47.7294455],[14.6208165,47.729914],[14.6200429,47.7298913],[14.6196422,47.7301063],[14.6193265,47.7303143],[14.6186758,47.7305247],[14.618296,47.7306147],[14.6176603,47.7306921],[14.617325,47.7305931],[14.6163973,47.7306961],[14.6158992,47.7306517],[14.6154006,47.7305416],[14.6151388,47.7305191],[14.6143872,47.7305541],[14.6140023,47.7304772],[14.6136139,47.7302501],[14.612224,47.7291878],[14.6122036,47.7290341],[14.6119998,47.7288026],[14.6117589,47.7286458],[14.6112721,47.7284281],[14.6109079,47.7283159],[14.610402,47.7282599],[14.6093562,47.7283106],[14.6088452,47.7284026],[14.608356,47.7285224],[14.6079378,47.7285585],[14.607635,47.7285697],[14.6069899,47.7285338],[14.6060919,47.7282228],[14.6048005,47.7280896],[14.6043523,47.727972],[14.6040561,47.7279745],[14.603798,47.728037],[14.6036693,47.7281335],[14.6036731,47.7282661],[14.6038542,47.7284629],[14.604709,47.7290473],[14.6047495,47.7292704],[14.6046747,47.729422],[14.6036863,47.7297399],[14.6034687,47.7297404],[14.6032257,47.72952],[14.6028406,47.7290419],[14.6022875,47.7285082],[14.6016424,47.7277263],[14.6014241,47.7275821],[14.6010979,47.727583],[14.6004947,47.7277039],[14.5999092,47.7276415],[14.5994221,47.7274412],[14.5990557,47.7272514],[14.5986531,47.7269127],[14.5975851,47.7261553],[14.5972254,47.7258453],[14.5970151,47.7255134],[14.5967581,47.7250064],[14.5966202,47.7247703],[14.5962061,47.7243859],[14.5959924,47.7241605],[14.5956823,47.7237504],[14.5955396,47.7237361],[14.5953704,47.723839],[14.5946211,47.7242201],[14.5943313,47.7243514],[14.5939713,47.7242992],[14.5933531,47.7241757],[14.593035,47.724118],[14.5924666,47.7239499],[14.5921667,47.7238615],[14.5919497,47.7236641],[14.59185,47.723307],[14.5918296,47.7229191],[14.5916789,47.7225265],[14.5916308,47.7223936],[14.5915495,47.7215413],[14.5914253,47.7213347],[14.5910496,47.7210777],[14.5908511,47.7209177],[14.5901256,47.7202885],[14.5896226,47.7200003],[14.5886686,47.7194947],[14.5884061,47.719384],[14.5878116,47.7192902],[14.587586,47.719221],[14.5873225,47.7191674],[14.5871454,47.7190556],[14.5870923,47.7188092],[14.5871776,47.7185611],[14.5871539,47.7183477],[14.586816,47.7182279],[14.5865931,47.7182007],[14.5863815,47.7182032],[14.5860108,47.7182293],[14.5854443,47.7183353],[14.5839903,47.7187169],[14.583585,47.718739],[14.5832196,47.7187126],[14.582717,47.7185531],[14.5824282,47.7184143],[14.5818625,47.7180074],[14.5815629,47.7177981],[14.5813416,47.7175718],[14.5810888,47.717188],[14.5809466,47.717161],[14.5805753,47.7172639],[14.5798672,47.7177282],[14.5793817,47.7179143],[14.5787415,47.7180198],[14.577918,47.718052],[14.5768754,47.7179228],[14.5765391,47.7178351],[14.57621,47.7176604],[14.5758189,47.7173498],[14.5752793,47.7171248],[14.574657,47.7170324],[14.5731861,47.7168371],[14.5728307,47.7166354],[14.5725523,47.7164315],[14.5713783,47.7163277],[14.571077,47.7163306],[14.5706385,47.7164896],[14.5702313,47.7167617],[14.5699543,47.7169999],[14.5693038,47.7172201],[14.56906,47.7172148],[14.5688704,47.7171719],[14.5678619,47.7168868],[14.56747,47.7168133],[14.5668984,47.716861],[14.5652035,47.7175555],[14.56488,47.717656],[14.5641824,47.7178984],[14.5641058,47.717916],[14.5637006,47.718009],[14.5632136,47.7180671],[14.5628373,47.7180722],[14.5617684,47.7182041],[14.5614197,47.7181969],[14.5611155,47.7182666],[14.5601633,47.7187312],[14.5596036,47.7189057],[14.5582986,47.7190322],[14.5572206,47.719209],[14.5561221,47.7192327],[14.5554556,47.7192027],[14.554826,47.7192953],[14.5543918,47.7193954],[14.5541319,47.7195416],[14.5538731,47.7196434],[14.5534957,47.7196941],[14.5531376,47.7196192],[14.5529129,47.7193709],[14.5526181,47.7192881],[14.5519491,47.7191773],[14.5515101,47.7191399],[14.5511882,47.719141],[14.5507448,47.7191294],[14.5504216,47.7190186],[14.5501848,47.7188986],[14.5500295,47.7187806],[14.5498149,47.7185294],[14.5493444,47.7183481],[14.5477716,47.7178325],[14.5468715,47.7176216],[14.5464482,47.717505],[14.5460013,47.7172931],[14.5456148,47.7170344],[14.5451543,47.7166108],[14.5447032,47.7164266],[14.5442869,47.7164114],[14.5438483,47.7163501],[14.5435072,47.7162644],[14.5427749,47.7158895],[14.541971,47.715668],[14.5414166,47.7155974],[14.5411726,47.715534],[14.5409022,47.7153565],[14.5405994,47.7151274],[14.5404712,47.7150645],[14.5401691,47.7150078],[14.5396005,47.7148492],[14.5383485,47.7144314],[14.5376567,47.7141145],[14.5372807,47.7138701],[14.5369893,47.7137062],[14.5366448,47.7136815],[14.5360796,47.7137326],[14.5355016,47.7136982],[14.5351462,47.7136298],[14.534731,47.7133975],[14.534299,47.713399],[14.5335747,47.7136027],[14.533,47.713737],[14.5321249,47.713772],[14.5318484,47.7136906],[14.5316529,47.7135745],[14.5311947,47.7128063],[14.5308077,47.7123112],[14.530676,47.7121501],[14.5306253,47.7118887],[14.5305236,47.7114168],[14.5303654,47.7111308],[14.5300084,47.710984],[14.5295463,47.7109201],[14.5292388,47.7108646],[14.5289902,47.7106786],[14.528942,47.7105622],[14.5288253,47.7100298],[14.528589,47.7098156],[14.5279501,47.7097638],[14.5276566,47.7095938],[14.5274716,47.7091124],[14.5274356,47.708979],[14.5273018,47.708656],[14.5271261,47.7084174],[14.5267978,47.7081322],[14.5260481,47.7077808],[14.5254819,47.7075827],[14.5253062,47.7075086],[14.5248846,47.7074119],[14.52439,47.7074269],[14.5241051,47.707435],[14.5235883,47.7068583],[14.5236119,47.7065423],[14.5236272,47.7063157],[14.5232933,47.7058718],[14.5232066,47.7055788],[14.5230816,47.7054701],[14.5227391,47.7054115],[14.5225613,47.7053524],[14.5224735,47.705205],[14.5224116,47.7048342],[14.5223679,47.7046772],[14.5223102,47.7045517],[14.5221318,47.7043837],[14.5215673,47.7041435],[14.5214149,47.7041108],[14.5211745,47.7040122],[14.5210635,47.7038521],[14.5211169,47.703722],[14.5212183,47.7035503],[14.5213738,47.7032765],[14.5217344,47.7029605],[14.522454,47.702424],[14.5225811,47.7022373],[14.522686,47.701951],[14.52266,47.7017008],[14.522552,47.701276],[14.5224352,47.701013],[14.5224392,47.7008606],[14.52258,47.700699],[14.5227881,47.7006092],[14.5231464,47.7004822],[14.5233726,47.7003593],[14.5235432,47.7001165],[14.5236918,47.6998168],[14.5238401,47.6996251],[14.5241373,47.6993301],[14.52485,47.6989612],[14.5250254,47.6987918],[14.525093,47.6986265],[14.5251971,47.6978317],[14.5252542,47.697652],[14.5254529,47.6973224],[14.5256839,47.6971283],[14.52638,47.696999],[14.5265894,47.6968017],[14.5268005,47.6962928],[14.5268399,47.6960202],[14.5270678,47.6958895],[14.5274836,47.6959235],[14.5276724,47.6958919],[14.527791,47.6957419],[14.5278023,47.695546],[14.5276169,47.6952739],[14.527444,47.695176],[14.52711,47.694952],[14.5268641,47.6948565],[14.5266487,47.6947105],[14.5264491,47.6944074],[14.5262941,47.6940976],[14.5260382,47.6938623],[14.5258523,47.693491],[14.5258574,47.6932836],[14.5260779,47.6929289],[14.5263103,47.6926776],[14.5264695,47.6925243],[14.5265728,47.6922922],[14.5265124,47.6921374],[14.5262614,47.6919466],[14.5258183,47.6918833],[14.52556,47.6916825],[14.5253293,47.6913048],[14.5253084,47.6910831],[14.5252774,47.6909537],[14.5250481,47.6906341],[14.5246027,47.6902092],[14.5245987,47.6899944],[14.5246507,47.689446],[14.5245104,47.6892821],[14.5243307,47.6891732],[14.5240858,47.6890112],[14.5238506,47.6886225],[14.5237642,47.688384],[14.5237511,47.6881466],[14.5237049,47.6877605],[14.5236022,47.6875354],[14.523396,47.687379],[14.522738,47.687056],[14.5226178,47.6870016],[14.5223185,47.686768],[14.5222616,47.6866277],[14.5222482,47.6864802],[14.5222193,47.6862796],[14.5220637,47.6861886],[14.5214444,47.6860685],[14.5209468,47.6858417],[14.5209053,47.6857594],[14.5207588,47.6854022],[14.5205249,47.6849692],[14.5203688,47.6846353],[14.5199085,47.6844255],[14.5193284,47.6843117],[14.519103,47.6842],[14.518736,47.683974],[14.5184449,47.6837794],[14.5182319,47.6835822],[14.5179462,47.6831035],[14.5177165,47.6827328],[14.5175891,47.6825856],[14.517203,47.6818465],[14.517002,47.68177],[14.5159075,47.6816412],[14.5151015,47.6812575],[14.5148529,47.6810742],[14.5144918,47.6808812],[14.5139833,47.6808387],[14.5134385,47.6806943],[14.5128117,47.6802105],[14.5124137,47.6797699],[14.512213,47.6797339],[14.5115932,47.6796144],[14.5112413,47.6794625],[14.5106302,47.6791369],[14.5102247,47.6789547],[14.5099132,47.6788611],[14.5087476,47.6788182],[14.5082881,47.6788662],[14.5072037,47.6790735],[14.5070181,47.6792122],[14.5068832,47.6793141],[14.5066823,47.6793619],[14.5062451,47.6793559],[14.5058978,47.6792465],[14.5058618,47.6791963],[14.5054616,47.6790302],[14.5048158,47.6790217],[14.5045019,47.6789912],[14.5042734,47.6788806],[14.5040666,47.6787112],[14.503805,47.678624],[14.5030324,47.678317],[14.502564,47.6782273],[14.5021893,47.6782883],[14.5017712,47.6782056],[14.5014069,47.6782542],[14.5009362,47.6784996],[14.5001661,47.6786961],[14.4995315,47.6787813],[14.4990831,47.6787492],[14.4982763,47.6786751],[14.4980381,47.6786833],[14.4978538,47.6787678],[14.497773,47.678867],[14.497562,47.6790298],[14.4975008,47.6791409],[14.4974652,47.679573],[14.497242,47.680068],[14.4970438,47.6802025],[14.4967375,47.6802405],[14.4961603,47.6804604],[14.4959045,47.6804859],[14.4956067,47.6805636],[14.4950029,47.6806609],[14.4945352,47.6805302],[14.4943971,47.68055],[14.4939518,47.6808471],[14.493701,47.680904],[14.493406,47.6810394],[14.493009,47.6811423],[14.4924283,47.6811875],[14.49214,47.6812344],[14.4919497,47.6812275],[14.4917124,47.6812448],[14.4914792,47.6812866],[14.490764,47.681538],[14.4903188,47.6817556],[14.4900805,47.6817837],[14.4897703,47.6818025],[14.4897046,47.6819641],[14.4893735,47.6820345],[14.4888886,47.6820649],[14.4886671,47.6820833],[14.4885682,47.6820534],[14.4884454,47.6819779],[14.4882737,47.6818695],[14.4881556,47.6817954],[14.4878579,47.6816906],[14.4877614,47.6816438],[14.4876918,47.6815001],[14.4875765,47.6813078],[14.4876942,47.6812013],[14.4877158,47.6811363],[14.4877023,47.6810821],[14.4875846,47.6810198],[14.4872761,47.6810613],[14.487029,47.6810369],[14.486675,47.6810857],[14.4865114,47.6809737],[14.4863531,47.6809539],[14.4860286,47.6809665],[14.4857201,47.6810207],[14.4854455,47.681009],[14.4852872,47.6809503],[14.4850324,47.6809449],[14.484835,47.6809159],[14.4846516,47.6807796],[14.4844571,47.6807029],[14.48421,47.6803905],[14.4839365,47.6802857],[14.483687,47.6802713],[14.4834396,47.6800441],[14.4832847,47.6800347],[14.4831888,47.6800929],[14.4829366,47.6800694],[14.4828039,47.680166],[14.4825954,47.6801268],[14.482413,47.6800564],[14.4823727,47.6800112],[14.4823513,47.6798577],[14.4822923,47.6797656],[14.4819597,47.6796519],[14.4818168,47.6795186],[14.4816076,47.6794933],[14.4814903,47.6794496],[14.4814447,47.6794026],[14.4814281,47.6793059],[14.4811523,47.6791859],[14.4810102,47.679148],[14.4808519,47.6791029],[14.4807017,47.679027],[14.4805837,47.6789096],[14.4805622,47.6787923],[14.4804871,47.6787164],[14.4803101,47.6787056],[14.4801713,47.6786789],[14.4799366,47.6784712],[14.4797931,47.6784758],[14.47972,47.6784311],[14.4795993,47.6782108],[14.4796224,47.6780914],[14.4795698,47.6780229],[14.4793821,47.6779832],[14.4792158,47.6779326],[14.4789768,47.6778488],[14.4786954,47.6776618],[14.4784433,47.6773873],[14.4783964,47.6772459],[14.4781146,47.6769026],[14.4779551,47.6768491],[14.4778639,47.6767841],[14.4777996,47.676524],[14.477821,47.6764409],[14.4776923,47.6762676],[14.4774635,47.6761754],[14.4774422,47.6760939],[14.4774686,47.6760014],[14.4773562,47.6759274],[14.4771738,47.6757538],[14.477011,47.6756463],[14.4767642,47.6755054],[14.4766267,47.6754668],[14.4762981,47.6754163],[14.476105,47.6753305],[14.4758171,47.6752723],[14.4755166,47.6753156],[14.4752874,47.6752163],[14.4749913,47.6751334],[14.4746453,47.6751081],[14.4744039,47.6750034],[14.4743449,47.6749203],[14.4742501,47.6741129],[14.4740042,47.6738692],[14.4737433,47.6734301],[14.4736556,47.6732262],[14.4735912,47.6727277],[14.4732957,47.6722941],[14.4725478,47.6717416],[14.4722957,47.6716549],[14.472116,47.6713876],[14.4720406,47.6711222],[14.472065,47.6705062],[14.4720333,47.6703194],[14.4717646,47.6700077],[14.471475,47.669781],[14.4714928,47.6696872],[14.4713614,47.6695301],[14.4713976,47.669373],[14.471299,47.669255],[14.4690977,47.6693845],[14.4682758,47.6694309],[14.465965,47.669477],[14.461956,47.667683],[14.454213,47.664747],[14.449333,47.663793],[14.4485981,47.6622596],[14.44784,47.660369],[14.447331,47.6572999],[14.447316,47.656727],[14.444233,47.655411],[14.4400998,47.6539188],[14.436665,47.652556],[14.423416,47.652919],[14.4208505,47.6565733],[14.4175058,47.6558023],[14.4131096,47.6548971],[14.4065693,47.6539765],[14.4063453,47.653945],[14.4062553,47.6539323],[14.4040474,47.6536216],[14.4039862,47.6536129],[14.4037883,47.6535851],[14.4037405,47.6535784],[14.4036363,47.6535637],[14.4033607,47.6535249],[14.3974702,47.6526523],[14.3926278,47.6483914],[14.392731,47.6451165],[14.3949798,47.6378413],[14.3915377,47.6359426],[14.3910882,47.6357577],[14.3909528,47.6356604],[14.3899685,47.6354312],[14.389555,47.635224],[14.38892,47.63461],[14.3882619,47.6344374],[14.387713,47.634318],[14.3873318,47.6343075],[14.3868171,47.6344333],[14.3864379,47.6345023],[14.386067,47.634488],[14.3858411,47.6346303],[14.385629,47.63471],[14.3851556,47.6347071],[14.384812,47.634832],[14.3837982,47.6346665],[14.3827146,47.6344232],[14.3823203,47.6342548],[14.3816912,47.6342021],[14.380852,47.633985],[14.379907,47.633416],[14.3780552,47.6326484],[14.376493,47.6320419],[14.37596,47.631801],[14.3758835,47.6317575],[14.375114,47.63132],[14.3739256,47.6303543],[14.373443,47.629868],[14.3727095,47.6295693],[14.3720985,47.6293563],[14.370896,47.629028],[14.3705821,47.6289972],[14.370223,47.628962],[14.3692903,47.6291271],[14.3688508,47.6291757],[14.367728,47.62944],[14.3675114,47.6295632],[14.3674301,47.6298147],[14.3668131,47.6301961],[14.3653593,47.6294719],[14.3649319,47.6292975],[14.3644021,47.6290581],[14.3641007,47.6289108],[14.364009,47.628866],[14.3636677,47.6289202],[14.3632252,47.6289404],[14.3628941,47.6288613],[14.3626654,47.6288715],[14.3623824,47.6289688],[14.361329,47.629129],[14.3609497,47.6290054],[14.360451,47.628909],[14.3588608,47.6282832],[14.357712,47.627771],[14.3567779,47.6272345],[14.355946,47.626835],[14.354976,47.626608],[14.353913,47.625913],[14.351015,47.624485],[14.3461706,47.622973],[14.346116,47.622956],[14.345155,47.622264],[14.337761,47.619006],[14.335399,47.618267],[14.334488,47.618351],[14.3336,47.6160839],[14.333445,47.615688],[14.329235,47.611361],[14.328344,47.609768],[14.326396,47.607553],[14.324908,47.608166],[14.3232862,47.6083135],[14.3219609,47.608449],[14.320914,47.608498],[14.320704,47.6084017],[14.3202706,47.608203],[14.31992,47.607991],[14.318733,47.607839],[14.318125,47.607982],[14.316661,47.608008],[14.3165139,47.6078853],[14.315083,47.6075644],[14.3150434,47.6075217],[14.314536,47.607463],[14.3142399,47.6073401],[14.313454,47.6069157],[14.312645,47.60636],[14.3120912,47.6064594],[14.311087,47.606832],[14.310663,47.606727],[14.310381,47.606817],[14.3102799,47.6070182],[14.3100849,47.6071202],[14.309888,47.607156],[14.3096161,47.6076815],[14.30966,47.607852],[14.309246,47.607955],[14.309163,47.608131],[14.3086998,47.6081692],[14.307528,47.6083862],[14.3066058,47.608615],[14.3062158,47.6086137],[14.305657,47.608717],[14.302848,47.609593],[14.3019391,47.6095451],[14.3014597,47.6095873],[14.300398,47.609464],[14.2997251,47.6091021],[14.298782,47.608631],[14.2980228,47.6083509],[14.2968141,47.6079703],[14.29648,47.607887],[14.296157,47.608381],[14.295695,47.608456],[14.2954934,47.6082598],[14.2953641,47.6081656],[14.295136,47.608153],[14.2949546,47.6082473],[14.2948178,47.6084236],[14.2947939,47.6086425],[14.294578,47.608812],[14.2943055,47.6088378],[14.2941473,47.6088885],[14.293974,47.6089047],[14.2937538,47.6088685],[14.2929633,47.6089173],[14.289326,47.6104048],[14.288745,47.6106412],[14.2877963,47.6110044],[14.287327,47.611186],[14.2868642,47.6114983],[14.286386,47.612034],[14.281955,47.614521],[14.264412,47.610472],[14.26255,47.611161],[14.25533,47.61284],[14.254487,47.614546],[14.2525567,47.6171071],[14.2502186,47.6191679],[14.241389,47.623981],[14.234566,47.627926],[14.229359,47.634146],[14.2274791,47.6365476],[14.223098,47.642144],[14.223934,47.642984],[14.2240925,47.643104],[14.2264816,47.6449139],[14.227687,47.645827],[14.232555,47.650628],[14.218519,47.650207],[14.205794,47.652536],[14.2044,47.65208],[14.201842,47.6506619],[14.199373,47.649444],[14.19418,47.645589],[14.192304,47.64457],[14.191278,47.644408],[14.1888827,47.6443624],[14.186875,47.644256],[14.186378,47.643425],[14.182321,47.639146],[14.179919,47.638687],[14.177587,47.637947],[14.175773,47.637684],[14.170458,47.63952],[14.16877,47.639917],[14.16384,47.638748],[14.160037,47.636608],[14.157145,47.63625],[14.153215,47.63718],[14.151328,47.636357],[14.150631,47.636795],[14.145612,47.637032],[14.1435,47.636365],[14.142655,47.635427],[14.14008,47.634867],[14.139607,47.634215],[14.136182,47.633782],[14.13424,47.631934],[14.132695,47.629841],[14.1300497,47.6293148],[14.125825,47.6282458],[14.122671,47.627571],[14.116127,47.627274],[14.1113777,47.6272706],[14.110586,47.62727],[14.10696,47.626221],[14.102162,47.624529],[14.101548,47.623262],[14.095516,47.623157],[14.09451,47.622579],[14.0931176,47.6195045],[14.0861707,47.6194671],[14.0836787,47.620368],[14.0812379,47.6193555],[14.0800537,47.6196334],[14.0787488,47.6189542],[14.0761524,47.6166182],[14.0750527,47.6167592],[14.0736419,47.6169003],[14.070676,47.616676],[14.064682,47.615903],[14.060057,47.618013],[14.055012,47.617767],[14.050779,47.617155],[14.050711,47.62057],[14.052086,47.621235],[14.054449,47.625169],[14.052674,47.62625],[14.046318,47.626443],[14.0470929,47.6297937],[14.048741,47.63692],[14.0548681,47.6652896],[14.055429,47.667886],[14.0504816,47.6720897],[14.047753,47.674408],[14.042511,47.677071],[14.036932,47.679211],[14.026236,47.687044],[14.019838,47.690811],[14.017061,47.69355],[14.0105993,47.7008942],[14.001718,47.703047],[13.995845,47.701741],[13.995303,47.699826],[13.986383,47.698632],[13.983372,47.69726],[13.974389,47.70065],[13.973796,47.70027],[13.9691,47.703627],[13.964664,47.705315],[13.951703,47.709652],[13.9494654,47.709504],[13.945966,47.709105],[13.935243,47.709656],[13.919981,47.705104],[13.906877,47.711095],[13.903155,47.716055],[13.903404,47.71765],[13.895919,47.717478],[13.8946821,47.7180399],[13.8945169,47.7181149],[13.8876107,47.721252],[13.887124,47.721423],[13.887123,47.7216443],[13.886849,47.721945],[13.884473,47.722153],[13.882562,47.72256],[13.878444,47.721508],[13.878452,47.723694],[13.877895,47.725386],[13.877693,47.72577],[13.877367,47.725933],[13.876396,47.72614],[13.8744029,47.7256617],[13.874304,47.725638],[13.873765,47.723958],[13.8682728,47.7234586],[13.8603125,47.7272162],[13.8602562,47.7270691],[13.8603338,47.7270177],[13.8623115,47.7259639],[13.855419,47.717204],[13.850868,47.71439],[13.840215,47.718732],[13.8391794,47.7185543],[13.839119,47.7185423],[13.8361712,47.7180532],[13.823378,47.715842],[13.799894,47.713997],[13.795657,47.71328],[13.793016,47.712437],[13.7887272,47.714093],[13.783889,47.715961],[13.781955,47.717545],[13.77857,47.718499],[13.777656,47.7183267],[13.778598,47.717894],[13.779336,47.717133],[13.778703,47.715977],[13.7775799,47.7147077],[13.77742,47.714527],[13.7733662,47.7122186],[13.771072,47.71096],[13.767118,47.705992],[13.760507,47.701668],[13.758687,47.701409],[13.756814,47.700788],[13.755274,47.69992],[13.754552,47.699163],[13.7542782,47.698651],[13.753349,47.695644],[13.7523654,47.6953821],[13.75226,47.695354],[13.7519229,47.6936631],[13.751361,47.691785],[13.749627,47.687367],[13.749315,47.6873274],[13.738453,47.68595],[13.738463,47.685738],[13.7381834,47.6856545],[13.737907,47.685441],[13.7374576,47.6853343],[13.7373322,47.6852366],[13.7371434,47.6850895],[13.73664,47.68483],[13.7359651,47.6846369],[13.735716,47.684583],[13.7355251,47.6845688],[13.735307,47.684585],[13.7347269,47.6849445],[13.734279,47.685052],[13.7341817,47.6849365],[13.7341565,47.6843018],[13.7339548,47.6840983],[13.733886,47.683729],[13.734022,47.6831192],[13.7341973,47.6828505],[13.734593,47.680124],[13.735167,47.678495],[13.736435,47.677837],[13.736844,47.676995],[13.737268,47.675485],[13.7371624,47.6743956],[13.736986,47.674105],[13.7360045,47.6737221],[13.735192,47.673343],[13.734711,47.673418],[13.73408,47.673211],[13.733447,47.673459],[13.730467,47.673004],[13.7297787,47.6729953],[13.7291991,47.6728628],[13.7288346,47.6728432],[13.7284796,47.6727749],[13.7279361,47.6727355],[13.7273541,47.6726485],[13.726379,47.672619],[13.725908,47.672506],[13.7258663,47.6724655],[13.7257748,47.672019],[13.7254878,47.6717978],[13.725407,47.671631],[13.7252439,47.6715852],[13.7251324,47.6716262],[13.724987,47.671607],[13.7247339,47.671631],[13.7240958,47.6716126],[13.7238059,47.6713544],[13.7237494,47.6712378],[13.7237466,47.6711512],[13.723454,47.670906],[13.7230473,47.6708772],[13.7227941,47.6708946],[13.7223797,47.6707324],[13.7222243,47.6706973],[13.7218507,47.6706611],[13.7212401,47.6705724],[13.717912,47.66999],[13.71751,47.669541],[13.716474,47.669625],[13.7162094,47.6694546],[13.7160806,47.6694745],[13.715989,47.669412],[13.7159894,47.6693291],[13.7158536,47.6692697],[13.715888,47.669142],[13.7154953,47.6688789],[13.7151368,47.6686053],[13.714779,47.668424],[13.7141938,47.6683568],[13.7141384,47.6683067],[13.713965,47.668418],[13.7137978,47.668323],[13.7138514,47.6682308],[13.7137388,47.668192],[13.7136127,47.6682814],[13.7134049,47.6682019],[13.7134357,47.6681125],[13.7132122,47.6681217],[13.7129138,47.6679034],[13.7125868,47.6675408],[13.7123554,47.667451],[13.7122766,47.6674477],[13.7120785,47.6674388],[13.7121308,47.6673187],[13.7119325,47.6672896],[13.711935,47.667221],[13.7121093,47.6671272],[13.7121254,47.6670062],[13.7122756,47.667017],[13.7124339,47.6667786],[13.7125121,47.6667549],[13.7125144,47.6666503],[13.712612,47.666529],[13.711596,47.666302],[13.710485,47.665717],[13.709309,47.665576],[13.708507,47.665663],[13.707847,47.665484],[13.7074148,47.6651954],[13.706748,47.66475],[13.706508,47.6643917],[13.7065791,47.6640105],[13.7068289,47.6634129],[13.70708,47.662812],[13.7077602,47.6621468],[13.708229,47.661446],[13.7080249,47.6609367],[13.707755,47.65999],[13.7080483,47.65976],[13.708522,47.659401],[13.7084281,47.6593134],[13.70845,47.658748],[13.708659,47.6582452],[13.708757,47.6577271],[13.708788,47.657655],[13.7085458,47.6573627],[13.7083555,47.657133],[13.7079634,47.6566087],[13.7078573,47.6564551],[13.7079493,47.6562877],[13.7078979,47.6560975],[13.7078805,47.655738],[13.7078603,47.6556693],[13.7075948,47.6555049],[13.7075251,47.655355],[13.7074325,47.6551969],[13.7073628,47.6551951],[13.7073467,47.6551445],[13.7073923,47.6550063],[13.707285,47.6549114],[13.7071539,47.6549092],[13.7070879,47.6548401],[13.706956,47.654826],[13.7068706,47.6546973],[13.7067931,47.6546622],[13.7067124,47.6545004],[13.7066366,47.6544312],[13.7065182,47.6543005],[13.7064187,47.6543125],[13.7063288,47.6541707],[13.7059479,47.6538527],[13.7059533,47.6538039],[13.7059171,47.6537705],[13.7058205,47.6537804],[13.705701,47.653731],[13.7056797,47.6535197],[13.7055805,47.6533228],[13.7055282,47.6530924],[13.7055684,47.6530283],[13.7054222,47.6529524],[13.7054531,47.6528051],[13.7053659,47.6527663],[13.7053337,47.652713],[13.7053753,47.6526281],[13.7053015,47.6525314],[13.7053235,47.6524688],[13.7051678,47.6523289],[13.704967,47.651817],[13.705195,47.651641],[13.7052165,47.6511247],[13.7052184,47.6511137],[13.7053167,47.650554],[13.7052069,47.6504134],[13.705285,47.650276],[13.7050558,47.6501645],[13.704973,47.650101],[13.704341,47.649122],[13.7043295,47.6486643],[13.704108,47.648118],[13.704381,47.647818],[13.7043365,47.6475705],[13.704198,47.647334],[13.704439,47.646971],[13.7044169,47.6467156],[13.7044234,47.6467038],[13.7045522,47.6464714],[13.7044519,47.6461075],[13.704621,47.645634],[13.704591,47.645295],[13.7044513,47.6451749],[13.7044057,47.6450176],[13.7043295,47.6449794],[13.704171,47.6449],[13.704057,47.6446806],[13.7039725,47.6445182],[13.7039659,47.6443354],[13.7037601,47.6441308],[13.703776,47.64397],[13.7032123,47.6434805],[13.7030494,47.6434173],[13.702966,47.643303],[13.7025191,47.6433059],[13.70241,47.643262],[13.7023764,47.6431266],[13.702436,47.64305],[13.701835,47.64284],[13.7018146,47.6427539],[13.701648,47.6425788],[13.701416,47.6424524],[13.7014209,47.6423027],[13.7012586,47.6421132],[13.7010147,47.6419824],[13.7007159,47.6414069],[13.7006714,47.6410518],[13.7005945,47.6410299],[13.7005887,47.6410248],[13.700459,47.640912],[13.700498,47.640629],[13.7002646,47.6402492],[13.700007,47.640047],[13.7000925,47.6399011],[13.699891,47.639626],[13.7000702,47.6393729],[13.7002063,47.6392254],[13.700425,47.638902],[13.7004211,47.6382326],[13.7005052,47.6378984],[13.7004309,47.6377599],[13.700513,47.637639],[13.7003357,47.6370599],[13.7001789,47.6368033],[13.7002658,47.636451],[13.700062,47.635943],[13.699645,47.63573],[13.699585,47.635457],[13.6990886,47.6351167],[13.698429,47.634528],[13.6982788,47.6345611],[13.69816,47.634478],[13.6982784,47.6342925],[13.6982103,47.6342472],[13.697927,47.634272],[13.6970221,47.6337109],[13.6968076,47.6334185],[13.6959872,47.6329785],[13.6956979,47.632885],[13.6955725,47.6327352],[13.695775,47.6324668],[13.6961997,47.6322956],[13.696167,47.632011],[13.6958765,47.6308528],[13.6951369,47.6276381],[13.6947461,47.6260019],[13.6947394,47.6259738],[13.694694,47.6258054],[13.6943087,47.6241115],[13.6941957,47.6237691],[13.6941486,47.6235722],[13.694062,47.62321],[13.694213,47.6223912],[13.6942986,47.6217575],[13.6947912,47.6193852],[13.6949718,47.6184845],[13.69601,47.613415],[13.6963144,47.6120981],[13.696498,47.6113151],[13.6972723,47.6083966],[13.698355,47.604137],[13.698512,47.60205],[13.6984174,47.6016697],[13.698644,47.600598],[13.699045,47.599552],[13.699496,47.599123],[13.699404,47.598587],[13.69855,47.598142],[13.696741,47.596183],[13.695859,47.595552],[13.69557,47.593815],[13.6951309,47.5933598],[13.694468,47.592806],[13.693536,47.59162],[13.692778,47.5904747],[13.692104,47.589683],[13.691666,47.588735],[13.6925522,47.5882573],[13.692934,47.58798],[13.692939,47.587222],[13.693528,47.586701],[13.693277,47.58638],[13.693084,47.585067],[13.693377,47.58404],[13.693842,47.58381],[13.6940231,47.5835221],[13.6943233,47.5833413],[13.6946059,47.5829439],[13.694952,47.582729],[13.694673,47.582268],[13.695396,47.581001],[13.69429,47.579967],[13.6943539,47.5794481],[13.69459,47.5792712],[13.694727,47.5792623],[13.702432,47.581544],[13.702815,47.581525],[13.703403,47.581172],[13.707741,47.579884],[13.709897,47.579967],[13.7110714,47.5798369],[13.71229,47.5796861],[13.712916,47.579562],[13.7127091,47.5787037],[13.7125059,47.5783665],[13.7123308,47.5777743],[13.712323,47.577262],[13.7125143,47.5765956],[13.713153,47.575342],[13.7136011,47.575385],[13.7146238,47.5754788],[13.7146785,47.5755019],[13.7149091,47.5756028],[13.7164367,47.5758336],[13.7168672,47.5760303],[13.718106,47.575949],[13.720688,47.576098],[13.7231043,47.5763543],[13.7241548,47.5764657],[13.724884,47.576543],[13.7276495,47.5766534],[13.728656,47.576694],[13.729979,47.577009],[13.735461,47.577022],[13.7370203,47.5743913],[13.7380687,47.5725773],[13.740555,47.568983],[13.7443777,47.5649476],[13.7506865,47.5582843],[13.7509186,47.558046],[13.7510392,47.5579178],[13.755934,47.552729],[13.7561035,47.5515956],[13.7570393,47.5448313],[13.7527066,47.5443899],[13.7505389,47.544106],[13.750027,47.5440654],[13.7480747,47.5439104],[13.7476139,47.543863],[13.7469606,47.5436634],[13.7469069,47.543601],[13.7462251,47.5428092],[13.7462845,47.5416694],[13.7470358,47.5407431],[13.752013,47.5262665],[13.7598969,47.5208313],[13.7606735,47.5202958],[13.7554172,47.5119349],[13.7507362,47.5041303],[13.749152,47.501623],[13.7482191,47.5010061],[13.7470121,47.5001954],[13.7412823,47.4977874],[13.7390323,47.496556],[13.7369015,47.495504],[13.7346721,47.4940792],[13.7308097,47.4916422],[13.7288216,47.4902748],[13.7272738,47.4888691],[13.7257757,47.4870651],[13.7227368,47.4848532],[13.7215156,47.4831019],[13.7194637,47.480362],[13.7177739,47.4760287],[13.7172698,47.4736484],[13.7188531,47.4695257],[13.7200276,47.4675479],[13.7208848,47.4656047],[13.7212224,47.4648394],[13.7216622,47.4638602],[13.7225591,47.4621112],[13.7206152,47.462046],[13.7168269,47.461112],[13.7125582,47.4612213],[13.7110344,47.4624769],[13.705578,47.4639074],[13.6982659,47.4636916],[13.6955863,47.4636078],[13.6853622,47.4632883],[13.6761107,47.4629787],[13.667663,47.462696],[13.660396,47.463587],[13.6420223,47.4661815],[13.6402524,47.4664314],[13.639625,47.46652],[13.635627,47.466372],[13.633726,47.466005],[13.6316236,47.4662139],[13.630394,47.466366],[13.628416,47.467237],[13.6278279,47.4673132],[13.6263555,47.4674593],[13.62616,47.4674231],[13.6261126,47.4674413],[13.6262288,47.4677011],[13.6262106,47.4678615],[13.6261299,47.4679545],[13.626094,47.468123],[13.6259124,47.4682875],[13.6255978,47.468622],[13.6256242,47.4687787],[13.6254291,47.4693374],[13.6234277,47.4705035],[13.6228574,47.470584],[13.6212996,47.471033],[13.6192027,47.4715456],[13.6187043,47.471844],[13.6185982,47.4721945],[13.6186022,47.472408],[13.6184241,47.4727662],[13.6179029,47.4728293],[13.6171116,47.472317],[13.6166768,47.4722749],[13.6158635,47.4724453],[13.614702,47.4726611],[13.6141907,47.4727799],[13.6139017,47.4730534],[13.6131237,47.4734597],[13.6129714,47.4733731],[13.6129205,47.4733326],[13.6127863,47.4732867],[13.6126067,47.4732812],[13.6125759,47.4732932],[13.6124438,47.4734521],[13.6123931,47.4736362],[13.6123466,47.473739],[13.6108351,47.4745957],[13.6100274,47.4751442],[13.6087268,47.4751337],[13.6083248,47.4750619],[13.607516,47.4750608],[13.6073033,47.4749967],[13.6062298,47.4750056],[13.6060099,47.4750563],[13.6056844,47.4751948],[13.6056695,47.4751892],[13.6056723,47.4751557],[13.6054937,47.475088],[13.60455,47.47495],[13.604022,47.47458],[13.6032635,47.4743637],[13.602527,47.474115],[13.60139,47.474032],[13.598678,47.474282],[13.5975281,47.4749226],[13.5972029,47.4749839],[13.596813,47.475163],[13.596609,47.4753622],[13.596206,47.475603],[13.5957172,47.4753662],[13.595465,47.4751716],[13.59537,47.474983],[13.593784,47.47432],[13.5933703,47.4741757],[13.5929833,47.4740223],[13.5919785,47.4738117],[13.591708,47.473658],[13.590923,47.473557],[13.5900157,47.4732089],[13.589678,47.473025],[13.58902,47.473034],[13.5882279,47.4732484],[13.587453,47.473481],[13.5872078,47.4737643],[13.5869313,47.4738196],[13.5867522,47.4740671],[13.5863549,47.4744014],[13.585666,47.474799],[13.5856578,47.4745514],[13.586523,47.473063],[13.588325,47.472559],[13.588739,47.471476],[13.588663,47.471103],[13.588282,47.470779],[13.588227,47.470144],[13.591085,47.47128],[13.591907,47.468439],[13.591253,47.466788],[13.590262,47.466058],[13.5912034,47.4649411],[13.5916873,47.464363],[13.591851,47.464094],[13.5917813,47.4635228],[13.5918033,47.4628339],[13.5919135,47.4626366],[13.5919272,47.4625491],[13.5918612,47.462227],[13.59185,47.461797],[13.592673,47.461052],[13.5926543,47.4605365],[13.5923789,47.4602404],[13.5921035,47.4600263],[13.591941,47.45995],[13.591853,47.45992],[13.59155,47.4596018],[13.5912198,47.4591007],[13.5910708,47.4589706],[13.5910092,47.4588613],[13.5908993,47.4587915],[13.5907266,47.458615],[13.590568,47.458567],[13.5905448,47.4584586],[13.5904357,47.458181],[13.59023,47.4579906],[13.5899539,47.4578389],[13.5897654,47.4576867],[13.5896687,47.4575544],[13.5899125,47.4569297],[13.5896949,47.4563278],[13.589256,47.456016],[13.588652,47.456019],[13.5882935,47.4559043],[13.5881862,47.45581],[13.5879119,47.4558055],[13.5876203,47.455703],[13.5874248,47.4556731],[13.587342,47.455634],[13.5872045,47.4554835],[13.5870597,47.4552641],[13.5868713,47.4551201],[13.5867727,47.4549594],[13.5867713,47.4548932],[13.5866868,47.4548296],[13.5866455,47.4546788],[13.586467,47.454551],[13.5864114,47.4544218],[13.5864554,47.4543734],[13.586427,47.454274],[13.5863756,47.4542263],[13.585799,47.453894],[13.5857229,47.4535411],[13.585735,47.453389],[13.5857945,47.4531892],[13.585935,47.4530867],[13.5859377,47.4529117],[13.5858661,47.4527758],[13.586055,47.452416],[13.5859956,47.452029],[13.5860121,47.4516324],[13.5859377,47.4513829],[13.5859074,47.4511036],[13.585979,47.451027],[13.5858854,47.4508429],[13.584981,47.449578],[13.5850978,47.4495188],[13.5851281,47.4492879],[13.5849381,47.4487255],[13.5849656,47.4484268],[13.5850727,47.4483677],[13.584691,47.447914],[13.5848132,47.4478236],[13.5849034,47.4476063],[13.584929,47.44721],[13.5848605,47.4471531],[13.5847485,47.44706],[13.5846914,47.4470227],[13.5845894,47.4470379],[13.5843691,47.4470186],[13.5838776,47.44682],[13.583687,47.446693],[13.5835227,47.44654],[13.583535,47.4463124],[13.5833922,47.4460365],[13.5831862,47.4458876],[13.5830801,47.44562],[13.5829965,47.4454765],[13.582567,47.444947],[13.5823785,47.4447938],[13.5821256,47.4446614],[13.581991,47.4445593],[13.5820053,47.4444351],[13.581778,47.444268],[13.5815607,47.4441993],[13.580866,47.443852],[13.5807551,47.4436848],[13.5806511,47.4434255],[13.580708,47.443174],[13.5805552,47.4430461],[13.5804104,47.4429496],[13.580133,47.4426751],[13.579385,47.441893],[13.5789114,47.4416874],[13.5787258,47.4417026],[13.578557,47.441663],[13.5785157,47.4416019],[13.5785035,47.4410984],[13.5784749,47.4407287],[13.5784871,47.4405618],[13.5786034,47.440268],[13.5786707,47.4400528],[13.578643,47.439983],[13.5785055,47.4397797],[13.5780038,47.4395562],[13.577909,47.439473],[13.5779202,47.4392086],[13.5779752,47.4390086],[13.577869,47.438823],[13.5775041,47.4386223],[13.577137,47.4384581],[13.5770003,47.4383023],[13.5766251,47.4380705],[13.576466,47.437927],[13.5764231,47.4376028],[13.576294,47.436945],[13.5761784,47.4367889],[13.5760825,47.4364082],[13.57578,47.436035],[13.5758011,47.4357543],[13.5758541,47.4355818],[13.576003,47.4353556],[13.576069,47.435012],[13.5759357,47.4348341],[13.575899,47.4344243],[13.5759418,47.4341981],[13.5761478,47.4339829],[13.576177,47.433834],[13.5760662,47.4335993],[13.5759235,47.433391],[13.5757644,47.4332255],[13.575579,47.432777],[13.5755298,47.4325508],[13.575552,47.431896],[13.5751709,47.4312443],[13.5749792,47.4310056],[13.574962,47.430794],[13.57447,47.430035],[13.573952,47.429694],[13.5739003,47.4294051],[13.573952,47.429124],[13.574204,47.428733],[13.573824,47.428046],[13.5738044,47.4278984],[13.5739145,47.4276639],[13.573937,47.4274569],[13.573922,47.427019],[13.573718,47.426731],[13.5731844,47.4263324],[13.5729111,47.4261668],[13.5726725,47.4260509],[13.5725052,47.4258549],[13.572314,47.425741],[13.5714365,47.4257239],[13.570889,47.425686],[13.5703678,47.4256121],[13.5701231,47.4255638],[13.569966,47.425499],[13.5700354,47.4253292],[13.5700945,47.4252796],[13.570077,47.425106],[13.569492,47.424753],[13.5691808,47.4246462],[13.5688198,47.4246131],[13.568235,47.424412],[13.568205,47.423997],[13.567606,47.423497],[13.5674615,47.423414],[13.5672963,47.4233381],[13.5666253,47.4231946],[13.566495,47.42312],[13.5661501,47.422535],[13.565915,47.422334],[13.5653893,47.4221941],[13.565209,47.422082],[13.564554,47.421207],[13.5637251,47.420817],[13.563348,47.420462]]]}}