{"type":"Feature","properties":{"name":"Tirol"},"geometry":{"type":"MultiPolygon","coordinates":[[[[10.45444,47.5557964],[10.4425861,47.5308879],[10.4387193,47.5235235],[10.4421462,47.5187888],[10.4405295,47.5134758],[10.4389174,47.5121686],[10.4378424,47.5109562],[10.4367597,47.5103727],[10.4363553,47.50966],[10.436086,47.5095132],[10.4359313,47.5089483],[10.4356114,47.5088336],[10.4357102,47.5085111],[10.4360151,47.5082895],[10.4356606,47.5080216],[10.4354736,47.5075585],[10.435634,47.507386],[10.4354032,47.5070988],[10.4353629,47.5067355],[10.4349494,47.5062838],[10.4332956,47.505335],[10.4328356,47.5047218],[10.4313005,47.5037634],[10.4376514,47.4917008],[10.4374078,47.4911497],[10.4382813,47.4902784],[10.4397636,47.4899442],[10.4400141,47.4894739],[10.4402109,47.4894064],[10.4405881,47.4878181],[10.4404005,47.4876702],[10.4402772,47.4865325],[10.4414947,47.4860633],[10.4421557,47.4854214],[10.4425962,47.4846349],[10.4440828,47.4843207],[10.4446471,47.483955],[10.4457477,47.4840627],[10.4474767,47.4843838],[10.4491519,47.4850375],[10.4497015,47.4850913],[10.4504861,47.4855688],[10.4514759,47.4857708],[10.4525537,47.4853727],[10.4527629,47.4852541],[10.4527502,47.4850949],[10.4532797,47.4851201],[10.4537501,47.4849308],[10.454153,47.4842758],[10.4551621,47.4839515],[10.456613,47.48285],[10.4575352,47.4825757],[10.4590599,47.4826597],[10.4614065,47.4824206],[10.4630353,47.4827833],[10.4637456,47.4827517],[10.4638955,47.4825365],[10.4635287,47.4819918],[10.4635944,47.4817715],[10.4634295,47.4815061],[10.463669,47.4803814],[10.4645646,47.4795337],[10.4651846,47.4793804],[10.4656117,47.4788163],[10.4659618,47.4789984],[10.4664447,47.4785365],[10.4663609,47.4780418],[10.4670082,47.4774232],[10.4679703,47.4771102],[10.4677518,47.4764474],[10.4673012,47.4762063],[10.4672274,47.4758363],[10.4666746,47.475184],[10.4668835,47.4742891],[10.4666347,47.4735368],[10.4671733,47.4727356],[10.4674995,47.4725927],[10.4679368,47.4714318],[10.4676775,47.4711542],[10.4683609,47.4708332],[10.4687817,47.4703389],[10.4688073,47.469853],[10.4690785,47.4697864],[10.4693878,47.4692945],[10.4700062,47.4687901],[10.4693505,47.4681439],[10.4678401,47.4672133],[10.4675012,47.4664916],[10.4662471,47.4653525],[10.4665125,47.4648452],[10.4658772,47.4645273],[10.4654744,47.463922],[10.4654794,47.4637017],[10.4667824,47.4623178],[10.4671142,47.4613526],[10.4676071,47.460913],[10.467508,47.4607156],[10.4676377,47.4602253],[10.4673371,47.4598453],[10.467583,47.459461],[10.4680905,47.4591566],[10.4682525,47.4587845],[10.4681819,47.4583815],[10.46755,47.4576283],[10.4675181,47.4565818],[10.4673692,47.4565007],[10.4673438,47.4560074],[10.4669818,47.4555942],[10.4668673,47.4545187],[10.4657863,47.4537496],[10.465885,47.4529567],[10.4667218,47.4522223],[10.4664527,47.4517662],[10.4664994,47.4515717],[10.4671275,47.4505393],[10.4682114,47.4499719],[10.4692634,47.4488616],[10.4697953,47.4487608],[10.4703203,47.4484448],[10.4698204,47.4460789],[10.4702657,47.4447527],[10.4711369,47.4443353],[10.471749,47.4437075],[10.4731483,47.443083],[10.4730214,47.4424869],[10.4727368,47.4420603],[10.47282,47.4417079],[10.4721346,47.4411069],[10.4720201,47.4407601],[10.4730089,47.4384759],[10.4729948,47.4381871],[10.4733983,47.4377094],[10.4731714,47.4367547],[10.4735042,47.4362968],[10.4740002,47.4361028],[10.4739249,47.4360074],[10.4742586,47.4356053],[10.4740373,47.4351886],[10.4744321,47.4351974],[10.4743174,47.4351285],[10.4749481,47.4347285],[10.4750285,47.4343788],[10.4753091,47.4341172],[10.475118,47.4339842],[10.4754607,47.4338233],[10.4758325,47.4332552],[10.4759984,47.4327871],[10.4758434,47.4324144],[10.4759458,47.4322233],[10.4754664,47.4319291],[10.4754679,47.4316008],[10.4751684,47.4314628],[10.4729361,47.4314664],[10.4729063,47.4317628],[10.4712846,47.4319156],[10.4692568,47.4312661],[10.4660546,47.4306593],[10.4644653,47.4296136],[10.4638315,47.4295332],[10.4636702,47.4293322],[10.4628842,47.4292893],[10.462753,47.4291067],[10.4604403,47.428367],[10.459196,47.4281326],[10.4588144,47.4276714],[10.4584937,47.4275789],[10.4582153,47.4270849],[10.4583087,47.4264701],[10.4574471,47.4251578],[10.4575309,47.4250141],[10.4572788,47.424293],[10.4567565,47.424071],[10.4561053,47.4235009],[10.456761,47.42247],[10.4567717,47.4220087],[10.456124,47.4215898],[10.4563496,47.4211278],[10.4563323,47.4207229],[10.4558105,47.4203056],[10.4561912,47.4192027],[10.4550052,47.4186533],[10.4548176,47.4184106],[10.4536942,47.4182632],[10.4523251,47.4177437],[10.4465115,47.4147127],[10.4385427,47.4135419],[10.4383774,47.4132848],[10.4374211,47.412688],[10.4374151,47.4120843],[10.4366787,47.4112666],[10.4361768,47.4110322],[10.4361386,47.4103562],[10.4358982,47.4102413],[10.4355955,47.4097236],[10.4356777,47.4091419],[10.4359022,47.408938],[10.435773,47.4084272],[10.4368259,47.4077732],[10.4375066,47.4068416],[10.4365213,47.4060196],[10.4354871,47.4047939],[10.4348937,47.4046077],[10.4342909,47.404031],[10.4335628,47.4038303],[10.4327855,47.4033269],[10.4313376,47.402776],[10.4310968,47.4021516],[10.4313131,47.4017803],[10.4321414,47.4011026],[10.4328923,47.4008908],[10.4331542,47.4005417],[10.4337264,47.4004119],[10.4341,47.4001445],[10.4340154,47.400048],[10.4343274,47.3999861],[10.4338783,47.3998014],[10.4337259,47.3994935],[10.4320886,47.3981012],[10.4318089,47.3975334],[10.4319152,47.3972039],[10.4306476,47.3967116],[10.4305062,47.3965226],[10.4303912,47.3957574],[10.4306527,47.3955145],[10.4306323,47.39531],[10.4303124,47.3945726],[10.4296433,47.3940417],[10.4298311,47.3938311],[10.4296582,47.393719],[10.4296275,47.3931006],[10.4293754,47.3926708],[10.4294064,47.3914983],[10.4292146,47.3912178],[10.4367645,47.3803634],[10.4308972,47.3839449],[10.4295917,47.3833876],[10.4284351,47.3835804],[10.4279539,47.3834614],[10.4274744,47.3835951],[10.4267816,47.3840902],[10.425824,47.3841391],[10.4251755,47.3845242],[10.4244935,47.3842981],[10.4233399,47.3843911],[10.4225519,47.3842561],[10.4212756,47.3845992],[10.4197079,47.3846405],[10.4191557,47.3835661],[10.4188027,47.3831925],[10.4191261,47.3827877],[10.4190321,47.3824275],[10.4187672,47.3821189],[10.4181279,47.3818447],[10.4177976,47.3813338],[10.4170922,47.3809624],[10.4171434,47.3808453],[10.4167853,47.3805948],[10.4166492,47.3800577],[10.4162883,47.3799915],[10.4157838,47.3795061],[10.4149449,47.3794801],[10.4146086,47.379301],[10.4145389,47.3790661],[10.4134065,47.3785872],[10.4114791,47.3782133],[10.4112251,47.3778473],[10.4095711,47.3778945],[10.4061738,47.3771277],[10.4059509,47.3772749],[10.4038611,47.3771063],[10.4017602,47.377525],[10.4004991,47.3775839],[10.3974949,47.3768727],[10.39473,47.3756053],[10.3933555,47.3746047],[10.3932776,47.3739002],[10.3925082,47.3731591],[10.3925556,47.3726902],[10.3918907,47.3719541],[10.3915659,47.3717975],[10.391412,47.3714598],[10.3903975,47.3707251],[10.3893971,47.3705789],[10.3890675,47.37023],[10.3892998,47.370081],[10.3887561,47.369628],[10.3888047,47.3684684],[10.3892106,47.3676592],[10.3892207,47.367242],[10.3890133,47.367141],[10.3891016,47.3670199],[10.388865,47.3666172],[10.3883483,47.3662394],[10.3883568,47.3660029],[10.387937,47.3658773],[10.3876429,47.3644916],[10.3873163,47.36413],[10.3866542,47.3637924],[10.3860366,47.3630325],[10.385676,47.361788],[10.3859171,47.3613948],[10.3864694,47.3612136],[10.3865159,47.3610316],[10.3869279,47.3608063],[10.3872515,47.3597863],[10.3868173,47.3591539],[10.3869573,47.3585272],[10.3866426,47.3583218],[10.3866596,47.358021],[10.3863824,47.3574632],[10.3864105,47.3572585],[10.3866975,47.3570532],[10.3864868,47.3568651],[10.3864718,47.356586],[10.385452,47.3559925],[10.3846738,47.355975],[10.3841698,47.3551584],[10.3840868,47.354728],[10.3836469,47.3546368],[10.383475,47.3542663],[10.3818225,47.3541675],[10.3815372,47.3534906],[10.3802579,47.3525995],[10.3785468,47.3522084],[10.3775106,47.3525125],[10.3709132,47.3453291],[10.3701878,47.3452411],[10.3699085,47.3449955],[10.3690551,47.3447189],[10.3681571,47.344706],[10.3674065,47.3436863],[10.3669441,47.3434573],[10.3649271,47.3414787],[10.3613562,47.339812],[10.3582754,47.337661],[10.3569007,47.3370375],[10.3563015,47.3350132],[10.3567217,47.334119],[10.356681,47.333405],[10.3563136,47.3331429],[10.3558829,47.3324203],[10.3545004,47.3313599],[10.353266,47.3294039],[10.3528541,47.329095],[10.3523318,47.3281118],[10.3495419,47.3252766],[10.3490906,47.3246184],[10.3470831,47.3235317],[10.346481,47.3225924],[10.346295,47.322524],[10.3463215,47.3221993],[10.3461127,47.3222731],[10.3458103,47.3219703],[10.3458541,47.3208783],[10.34554,47.3206777],[10.3453823,47.3198737],[10.3464281,47.3191264],[10.347167,47.3181988],[10.3480415,47.3179456],[10.3484519,47.3175813],[10.3487933,47.3175071],[10.3487496,47.3173721],[10.3485748,47.3171825],[10.3482587,47.3171556],[10.3483216,47.3170103],[10.3472299,47.3158892],[10.3472564,47.3156807],[10.3467581,47.3155271],[10.3466406,47.315254],[10.3462858,47.3151124],[10.3450376,47.3151072],[10.3437223,47.314628],[10.3406749,47.3142467],[10.339365,47.3105352],[10.3356235,47.3087804],[10.3303332,47.3048155],[10.3244171,47.3038596],[10.3241411,47.304074],[10.3243607,47.3047205],[10.3241881,47.3052067],[10.3237706,47.3056266],[10.3231835,47.3056602],[10.3228313,47.305904],[10.3211959,47.3063993],[10.3186194,47.3058848],[10.3178116,47.3061775],[10.3170413,47.3066766],[10.3165844,47.306745],[10.3149906,47.3064727],[10.313618,47.3057023],[10.3132184,47.3051971],[10.3122872,47.3048714],[10.3113613,47.3041413],[10.3112762,47.3039157],[10.309487,47.3030525],[10.3087905,47.3023452],[10.3083469,47.3021189],[10.3067946,47.3020756],[10.3047679,47.3005877],[10.3033012,47.299787],[10.3021201,47.2993846],[10.3014491,47.2986903],[10.3005881,47.2985992],[10.2986084,47.2988477],[10.2980426,47.2986786],[10.2975041,47.2997089],[10.2970585,47.299637],[10.2956547,47.2999039],[10.2951096,47.2996356],[10.294317,47.2985839],[10.2935778,47.2982237],[10.2931726,47.2975506],[10.293031,47.2969557],[10.2932119,47.2960479],[10.2923285,47.2952138],[10.2923263,47.2944743],[10.2901597,47.2933209],[10.2895715,47.2932202],[10.2894542,47.2929608],[10.288613,47.2927214],[10.2876905,47.2921646],[10.286081,47.2918642],[10.2849195,47.2911969],[10.2843224,47.2904233],[10.2837748,47.2900978],[10.2830813,47.2889989],[10.2821778,47.2884608],[10.2816336,47.2877139],[10.2802929,47.287468],[10.2791768,47.2879816],[10.2784234,47.2877042],[10.2765828,47.2881058],[10.2742269,47.2881288],[10.2738771,47.288261],[10.2733272,47.2882163],[10.2731786,47.2878996],[10.2725145,47.2876154],[10.2698176,47.2878492],[10.2687667,47.2882548],[10.2684233,47.2882624],[10.2680082,47.2880312],[10.2658093,47.2881085],[10.2661415,47.2879173],[10.2663889,47.2873555],[10.2668856,47.2868059],[10.2661376,47.2851867],[10.2633011,47.2849759],[10.262755,47.2846492],[10.2614906,47.2842535],[10.2608848,47.2835096],[10.2609504,47.2830726],[10.2604974,47.2825677],[10.2603446,47.2820182],[10.2595321,47.2814206],[10.2573045,47.2812592],[10.2570008,47.2808552],[10.2554628,47.2809936],[10.2554822,47.2808347],[10.2547899,47.2808168],[10.2546659,47.2809504],[10.2539821,47.2805919],[10.2520964,47.2802141],[10.2512863,47.2798518],[10.2506621,47.28006],[10.2497763,47.2792675],[10.248534,47.2791036],[10.2477823,47.2791722],[10.2466382,47.2795927],[10.2462049,47.2802679],[10.2455919,47.2803756],[10.245587,47.2802073],[10.2453162,47.2800826],[10.2453904,47.2796771],[10.2451417,47.2794017],[10.2454149,47.2790137],[10.2438724,47.2786554],[10.2440583,47.2785098],[10.2422914,47.2781436],[10.2416456,47.2772073],[10.241493,47.2768667],[10.2415522,47.2765177],[10.2411918,47.276263],[10.2412328,47.2757059],[10.2409877,47.275444],[10.240696,47.2753919],[10.240618,47.274833],[10.2399109,47.2746377],[10.2392049,47.274205],[10.2384734,47.2726313],[10.238087,47.2724868],[10.2382432,47.2719253],[10.2372328,47.2718638],[10.236176,47.2720086],[10.2356871,47.2717294],[10.2347659,47.2716082],[10.2343927,47.2713497],[10.2326244,47.2709131],[10.2323072,47.2707535],[10.2323656,47.2705777],[10.222434,47.2758352],[10.2155465,47.2754653],[10.2076222,47.2753027],[10.2012358,47.276902],[10.2010665,47.2764101],[10.1984188,47.2752925],[10.1956957,47.274416],[10.1950152,47.2731244],[10.192571,47.272609],[10.1872933,47.2725875],[10.1795374,47.2708698],[10.1776493,47.2697313],[10.1773395,47.2691497],[10.1769864,47.2688974],[10.1772811,47.2682218],[10.1769748,47.2677341],[10.1758656,47.2666645],[10.1752587,47.2654057],[10.1742128,47.2638805],[10.1751325,47.2639256],[10.1778329,47.2631866],[10.1787269,47.2631978],[10.1792059,47.2629814],[10.1798448,47.2629553],[10.1820914,47.2623137],[10.1821945,47.2615032],[10.1829479,47.2612546],[10.1842949,47.2620772],[10.1851874,47.2621191],[10.1861799,47.261884],[10.1873746,47.2620775],[10.1894227,47.2608631],[10.1908993,47.2609238],[10.1919837,47.2611617],[10.192225,47.2610139],[10.1926141,47.2603468],[10.1936533,47.2602776],[10.1948285,47.2594762],[10.1951655,47.2586973],[10.1954919,47.2586391],[10.1965172,47.2577181],[10.1984532,47.2573799],[10.2010562,47.2572137],[10.2023644,47.2571717],[10.2042464,47.2574268],[10.2059209,47.257321],[10.208347,47.2564176],[10.2114807,47.2562912],[10.2134624,47.2552212],[10.216656,47.2553795],[10.2196503,47.254648],[10.2220479,47.2535754],[10.2223162,47.2526605],[10.2236076,47.2499906],[10.2221404,47.2493622],[10.2215609,47.2487416],[10.2200133,47.2483664],[10.2175587,47.2474231],[10.2110919,47.2480836],[10.2097986,47.2474034],[10.2061492,47.2436033],[10.2049826,47.2432578],[10.2038449,47.242237],[10.2023145,47.2416273],[10.2022522,47.2409529],[10.2024417,47.2403846],[10.2022194,47.2402979],[10.2016694,47.2394833],[10.2003143,47.238946],[10.1997342,47.2385366],[10.1989549,47.2386161],[10.1983438,47.237702],[10.1976573,47.2371007],[10.1977477,47.2364434],[10.1974925,47.2363089],[10.1976217,47.2359687],[10.1975333,47.2355481],[10.1992873,47.2344975],[10.1995715,47.2339458],[10.2003999,47.2333182],[10.203678,47.2324182],[10.2044667,47.23246],[10.2057324,47.2328676],[10.2059699,47.2327512],[10.2058357,47.2324089],[10.2062455,47.2321805],[10.2074278,47.2323858],[10.2074675,47.2317951],[10.2091114,47.2301444],[10.2089187,47.2299575],[10.2103443,47.2288742],[10.2103368,47.2283257],[10.2108297,47.2274297],[10.2108208,47.227191],[10.2101993,47.2260067],[10.2089811,47.225994],[10.2082893,47.2262405],[10.2091878,47.2259054],[10.2101714,47.2252374],[10.2127424,47.2243035],[10.2111719,47.2209582],[10.2113314,47.2201327],[10.2112254,47.2199613],[10.211375,47.2197262],[10.2117395,47.2195924],[10.2116243,47.2193138],[10.2119471,47.2191555],[10.2124824,47.2184974],[10.2124253,47.2181169],[10.2125641,47.2178021],[10.2132796,47.2175655],[10.2136809,47.2170078],[10.2130387,47.2164124],[10.212938,47.2161041],[10.2130704,47.2156101],[10.2129365,47.2153043],[10.2133296,47.2146136],[10.2131746,47.2141569],[10.2132721,47.2140392],[10.2137523,47.2141613],[10.2136138,47.2138238],[10.2132907,47.2137178],[10.213448,47.2135072],[10.2132154,47.2132889],[10.2132946,47.2131216],[10.2130689,47.2125214],[10.2123557,47.2116963],[10.2125813,47.2113255],[10.2125015,47.21078],[10.2122376,47.2105139],[10.2124237,47.2101999],[10.2122974,47.209895],[10.2125212,47.2094672],[10.2127446,47.2093696],[10.2127072,47.2091966],[10.2130477,47.2089209],[10.2129454,47.2087327],[10.213449,47.2079333],[10.2133051,47.2076893],[10.2134967,47.2070757],[10.2132229,47.2067123],[10.2134911,47.2063007],[10.2132254,47.2060724],[10.2130825,47.2053104],[10.2127204,47.2047919],[10.2126782,47.2042733],[10.2121155,47.2040729],[10.2120198,47.2037151],[10.2113897,47.2030773],[10.2103615,47.2027904],[10.2100308,47.2024509],[10.208057,47.2014281],[10.2013593,47.1958115],[10.201319,47.1956366],[10.1999585,47.1950107],[10.1987816,47.1947797],[10.1976143,47.1947991],[10.1973226,47.1944997],[10.1968456,47.1943657],[10.1968398,47.1934537],[10.197131,47.1931434],[10.1971301,47.1926486],[10.196709,47.1922977],[10.1966707,47.1920238],[10.196673,47.191764],[10.1971099,47.1914258],[10.1977794,47.1902449],[10.1976455,47.1900403],[10.1977177,47.1888738],[10.197505,47.1884119],[10.1985981,47.1882288],[10.1987856,47.1880691],[10.1988724,47.1875626],[10.198637,47.1871125],[10.1988242,47.1869204],[10.1988384,47.1861161],[10.1994059,47.1856677],[10.1990328,47.1850484],[10.1994507,47.1845559],[10.1993124,47.1838574],[10.1995206,47.1834831],[10.1997938,47.1818052],[10.2002387,47.1814352],[10.2005246,47.1814863],[10.2010365,47.1810047],[10.2021102,47.1806142],[10.2031403,47.1796105],[10.20435,47.1791987],[10.2039643,47.1778305],[10.204172,47.1776823],[10.2038325,47.1763525],[10.2053875,47.1748693],[10.2057548,47.1742333],[10.2067171,47.1734541],[10.2077611,47.1732424],[10.2114127,47.1713344],[10.2109863,47.1711777],[10.210448,47.17061],[10.2091604,47.1699743],[10.2093526,47.1684384],[10.2090273,47.1681552],[10.209071,47.1675907],[10.2091719,47.1671328],[10.2096173,47.1670914],[10.2094845,47.1669941],[10.2091987,47.1653655],[10.2083671,47.1652455],[10.2073451,47.1637189],[10.2073027,47.1629778],[10.2075295,47.1624913],[10.2076345,47.1609001],[10.2078221,47.1606386],[10.2079217,47.1599585],[10.2078356,47.1597967],[10.2081381,47.1594047],[10.2078395,47.1591543],[10.2097397,47.1584941],[10.2099807,47.1585866],[10.2109008,47.1583927],[10.2122271,47.1577366],[10.2130106,47.1575711],[10.2162768,47.1545702],[10.216968,47.1543703],[10.2189069,47.1544136],[10.219497,47.154164],[10.2198054,47.1536747],[10.2203554,47.153293],[10.2220383,47.15285],[10.2214481,47.1519296],[10.2216413,47.1502611],[10.2219661,47.1501755],[10.2219285,47.1498654],[10.2218292,47.1494581],[10.2214442,47.1492333],[10.2208605,47.1492318],[10.2207992,47.1488755],[10.219947,47.1477764],[10.2188694,47.1470396],[10.2175228,47.1467182],[10.2175494,47.1463364],[10.2172175,47.1459595],[10.2172551,47.1457632],[10.2154316,47.1448716],[10.2146307,47.1437203],[10.2123844,47.1443595],[10.2116721,47.1443354],[10.2111277,47.1445538],[10.2093925,47.1443677],[10.2080716,47.1432961],[10.2061907,47.1434132],[10.20444,47.1427934],[10.2041019,47.1425068],[10.2034096,47.1424584],[10.2035589,47.1369803],[10.2105368,47.1332689],[10.2093749,47.1316941],[10.2085591,47.1316316],[10.2067657,47.1308937],[10.2056864,47.1308839],[10.2030208,47.131462],[10.1957077,47.1311439],[10.1954042,47.130933],[10.1862988,47.1289647],[10.1866581,47.1241011],[10.1865363,47.1195853],[10.1844802,47.1187328],[10.1827942,47.1196815],[10.182787,47.1203123],[10.1773547,47.1197269],[10.1753352,47.1201915],[10.1727708,47.120286],[10.1716882,47.1197929],[10.1687248,47.1191836],[10.1675907,47.1175093],[10.1629877,47.1135853],[10.1626615,47.1139143],[10.1611795,47.1143252],[10.1599276,47.1145305],[10.1593184,47.1147927],[10.1583218,47.114759],[10.1577269,47.1131062],[10.1577128,47.1125663],[10.1578695,47.1122313],[10.1576648,47.1116061],[10.1573312,47.1111772],[10.1563689,47.1105256],[10.1560426,47.1098407],[10.1560918,47.1096517],[10.1555066,47.1088435],[10.1555516,47.1085387],[10.1546487,47.1075029],[10.1543309,47.1064723],[10.1544652,47.1059241],[10.153428,47.1052347],[10.1533431,47.1050935],[10.1535045,47.1047663],[10.1533809,47.1044979],[10.1527816,47.1038771],[10.151276,47.1031301],[10.1508784,47.1018564],[10.1511484,47.1016009],[10.1471993,47.0983322],[10.1448815,47.0969339],[10.141677,47.0907694],[10.1416309,47.0902524],[10.140989,47.0896555],[10.1409782,47.089223],[10.1404637,47.0886438],[10.1409083,47.0884992],[10.1407606,47.0880879],[10.1390297,47.0865358],[10.1381806,47.0864881],[10.1376324,47.0861784],[10.137449,47.0860333],[10.1373613,47.0854059],[10.1366468,47.0849941],[10.1347271,47.0844078],[10.1342264,47.0838601],[10.1334242,47.0822664],[10.1327561,47.0815029],[10.1327921,47.0808381],[10.1329617,47.0807076],[10.1330761,47.0801158],[10.1324256,47.0793575],[10.1324724,47.079175],[10.1327029,47.0791452],[10.1325791,47.0787739],[10.1328468,47.0786065],[10.1328666,47.0783877],[10.1335426,47.0778897],[10.1337831,47.0714433],[10.1336925,47.0705649],[10.1353012,47.0671911],[10.1346688,47.0646829],[10.1346157,47.0638876],[10.1352375,47.0635873],[10.1368757,47.0632542],[10.1385793,47.0632685],[10.140425,47.0629136],[10.1406897,47.0628355],[10.1405809,47.0626173],[10.140881,47.0622861],[10.1413205,47.0622627],[10.1429755,47.0613207],[10.1451971,47.0608399],[10.1481144,47.0611543],[10.1485647,47.0609152],[10.1493478,47.0610768],[10.1496991,47.0609991],[10.1502443,47.0616233],[10.1506348,47.0618879],[10.1508924,47.061813],[10.1569214,47.0488758],[10.1551418,47.0434415],[10.1516691,47.040148],[10.1478272,47.0374422],[10.1464564,47.0373069],[10.1444467,47.0344346],[10.1441903,47.0335829],[10.1401712,47.0314747],[10.1345443,47.0293475],[10.1316517,47.0268308],[10.1297419,47.0265138],[10.1291085,47.0266277],[10.1294829,47.0262592],[10.1295033,47.0257579],[10.1292672,47.0257119],[10.1288944,47.0253099],[10.1255574,47.023966],[10.123989,47.0237811],[10.12325,47.0221284],[10.1256466,47.0194128],[10.1255638,47.0184489],[10.1283096,47.0182269],[10.1297175,47.0149277],[10.1301206,47.0144231],[10.1309649,47.0140982],[10.1309461,47.0134072],[10.1312803,47.0133537],[10.1312928,47.0131815],[10.1310575,47.0130255],[10.1327822,47.0120131],[10.1399561,47.0094181],[10.1413731,47.0091456],[10.1427603,47.0084581],[10.1445785,47.0079726],[10.1466038,47.007082],[10.1526986,47.0053283],[10.1537699,47.0055175],[10.1544315,47.0053758],[10.1555854,47.0034324],[10.1562093,47.0020334],[10.1574722,47.0008077],[10.158142,46.9997794],[10.1595909,46.9989187],[10.1590506,46.998793],[10.1588231,46.9984316],[10.1579448,46.9981433],[10.1572732,46.9976634],[10.1571541,46.9973157],[10.1568015,46.9970349],[10.1568328,46.9965137],[10.1571601,46.9956762],[10.156349,46.9940395],[10.154769,46.9934556],[10.1542924,46.9928606],[10.1543221,46.9920542],[10.1545573,46.9915251],[10.1552473,46.9909229],[10.1551898,46.9905383],[10.1559026,46.9896216],[10.1564656,46.9891563],[10.157284,46.9890266],[10.1579046,46.988366],[10.1580934,46.9877651],[10.1583077,46.9876152],[10.158263,46.9867424],[10.1580769,46.9865075],[10.1589998,46.985285],[10.1599834,46.9849029],[10.1599688,46.9841528],[10.1597978,46.983871],[10.1599238,46.983687],[10.1570459,46.9838021],[10.1558878,46.9829774],[10.1535804,46.983214],[10.152387,46.9830788],[10.1503451,46.9819688],[10.1451244,46.9834306],[10.1447493,46.9833775],[10.1435823,46.9818721],[10.1426812,46.9802233],[10.142108,46.9797684],[10.1416096,46.9790008],[10.1414518,46.9779107],[10.1415992,46.9777279],[10.1414725,46.9776383],[10.1417542,46.9771871],[10.1422844,46.9768055],[10.1422184,46.9766607],[10.1424127,46.9764264],[10.1429984,46.9760201],[10.141747,46.9749695],[10.1409622,46.974705],[10.1388991,46.9729892],[10.1371882,46.9724199],[10.1365331,46.9699992],[10.1348663,46.9659222],[10.136621,46.9618101],[10.1355198,46.960169],[10.1349973,46.9552706],[10.1345911,46.955023],[10.1348174,46.9545595],[10.1343357,46.9538698],[10.1336385,46.953523],[10.1330649,46.9530135],[10.1329818,46.9525716],[10.1277222,46.9457428],[10.1266383,46.9434535],[10.1260864,46.9427566],[10.1248098,46.9413995],[10.1211107,46.9381649],[10.1204008,46.9377546],[10.1166141,46.9375013],[10.1160489,46.9374079],[10.1154752,46.9370782],[10.1149869,46.9371973],[10.1141149,46.9370823],[10.1130029,46.9373496],[10.1122734,46.9368042],[10.1118892,46.9367442],[10.1118325,46.9364653],[10.1121161,46.9359948],[10.1119312,46.9356801],[10.1121278,46.9355509],[10.1119675,46.9344776],[10.1116324,46.9341987],[10.1111539,46.9343103],[10.1110156,46.9340473],[10.1098271,46.933798],[10.1090887,46.9332534],[10.1084917,46.9330225],[10.1083742,46.9326091],[10.1077148,46.9325072],[10.107845,46.9319325],[10.1068454,46.9311761],[10.1064871,46.9298915],[10.1059408,46.9292575],[10.104798,46.9287873],[10.1021596,46.9283465],[10.1013266,46.9279689],[10.1004486,46.9279654],[10.0981916,46.9273495],[10.0978312,46.9241709],[10.0996355,46.9169201],[10.1089067,46.9084225],[10.1070085,46.9044909],[10.1077767,46.9035921],[10.1083184,46.9024763],[10.1091284,46.9019574],[10.1097181,46.9006674],[10.1096012,46.9000377],[10.1093994,46.8997924],[10.1098045,46.8992999],[10.1097449,46.8989723],[10.1090321,46.897972],[10.1091559,46.8971304],[10.1087711,46.8971124],[10.1086996,46.8967827],[10.1086114,46.8957574],[10.1088485,46.8950041],[10.1091642,46.8946195],[10.1095419,46.8945157],[10.1099765,46.8940214],[10.1119219,46.8926007],[10.1135947,46.8903085],[10.1142798,46.889648],[10.1159769,46.8869144],[10.1173241,46.8853144],[10.1213968,46.8821019],[10.1252532,46.8797285],[10.1282239,46.8789612],[10.1306375,46.8772584],[10.1376533,46.8757354],[10.1378258,46.8758711],[10.1388289,46.8754978],[10.1408342,46.8752334],[10.141049,46.8750737],[10.1411203,46.8747912],[10.1414271,46.8746422],[10.1414006,46.8743252],[10.1410618,46.8739707],[10.1409861,46.873103],[10.1415784,46.8717908],[10.1423026,46.8712257],[10.1420197,46.8706994],[10.1422722,46.8704373],[10.1421853,46.8702067],[10.1415944,46.8697692],[10.1400935,46.869539],[10.1389991,46.8689025],[10.1391169,46.8686586],[10.1388122,46.8677273],[10.139224,46.8673943],[10.1392194,46.8671576],[10.1395191,46.866791],[10.1402849,46.8664591],[10.1409263,46.8658494],[10.1411856,46.8650883],[10.1411918,46.8647251],[10.1406145,46.8639872],[10.1406367,46.8626144],[10.1398097,46.8621378],[10.1411748,46.8610016],[10.1414733,46.860422],[10.1428837,46.8598019],[10.1432247,46.8595031],[10.1432295,46.8587056],[10.1429685,46.8579409],[10.1432676,46.8575226],[10.1434189,46.8565441],[10.1438365,46.8561554],[10.1442141,46.8554391],[10.143945,46.8530736],[10.1437037,46.8527945],[10.1439809,46.8521882],[10.144316,46.8518267],[10.1444767,46.8513544],[10.1449726,46.8510186],[10.1456192,46.8509955],[10.1460522,46.8512093],[10.1466645,46.8511147],[10.1472815,46.8514056],[10.1481315,46.8511759],[10.1484621,46.8512901],[10.1494355,46.850926],[10.1506592,46.8509406],[10.1518041,46.8505256],[10.1524039,46.8504623],[10.1528539,46.8506346],[10.154967,46.8501825],[10.1557243,46.8496945],[10.1560696,46.8490151],[10.1560826,46.8482468],[10.155884,46.8478758],[10.1569588,46.8482342],[10.1574114,46.8478611],[10.1588349,46.8484609],[10.1598771,46.849],[10.1617933,46.8505919],[10.162691,46.8509894],[10.1639437,46.8510515],[10.1676802,46.8506607],[10.169062,46.8506592],[10.1693426,46.8510028],[10.1703257,46.8513043],[10.1704451,46.8517099],[10.1708348,46.852164],[10.1708542,46.8529714],[10.1715295,46.8533219],[10.1717562,46.8536641],[10.1724241,46.853812],[10.1729944,46.8536126],[10.1737212,46.8539638],[10.1741924,46.8536859],[10.1754709,46.8535432],[10.1760726,46.8539518],[10.1770216,46.8538255],[10.1775509,46.8540163],[10.1784863,46.854043],[10.1787301,46.8542361],[10.1786633,46.8543939],[10.1790833,46.8546753],[10.1802988,46.8547878],[10.180536,46.8550788],[10.1809908,46.8549697],[10.1812512,46.8552763],[10.1820054,46.8555112],[10.1817979,46.8555686],[10.1820054,46.8556756],[10.182311,46.8563015],[10.1829452,46.8567007],[10.182799,46.8568865],[10.1827806,46.8575065],[10.1834951,46.8590061],[10.1847598,46.8595357],[10.1853315,46.8600418],[10.1856717,46.8606736],[10.1860292,46.860648],[10.187984,46.861401],[10.1885935,46.8614127],[10.1889026,46.8617442],[10.1894793,46.8618247],[10.1912016,46.862983],[10.1915371,46.8635967],[10.192331,46.864311],[10.1929003,46.865399],[10.1931653,46.8656914],[10.1934272,46.8657331],[10.1936587,46.8664423],[10.1944291,46.8663844],[10.1948475,46.866573],[10.1960934,46.8666554],[10.1971577,46.8665436],[10.1990124,46.8666268],[10.1999377,46.8664161],[10.2007854,46.8658748],[10.2024277,46.865348],[10.2038237,46.864614],[10.2050376,46.8651303],[10.2060143,46.8650461],[10.2069833,46.8652197],[10.2091894,46.8648134],[10.2152678,46.866111],[10.2171289,46.8668972],[10.2192278,46.8672836],[10.2205495,46.8672023],[10.2216106,46.8666711],[10.2229066,46.8663361],[10.2256639,46.8664438],[10.2278515,46.8661371],[10.2307286,46.8663804],[10.2326652,46.8662925],[10.2319193,46.8667296],[10.231806,46.8673776],[10.2313566,46.8678481],[10.2313636,46.8681644],[10.2308372,46.8694364],[10.2327368,46.8709043],[10.2324938,46.8716037],[10.2329015,46.8725493],[10.2328287,46.8730393],[10.2323709,46.8738417],[10.2324517,46.8746446],[10.2322395,46.8748241],[10.2323899,46.8752517],[10.2322133,46.8753186],[10.2319744,46.8757994],[10.2324707,46.8760583],[10.2331207,46.8768068],[10.2331035,46.8770473],[10.233914,46.8778339],[10.2339007,46.8786373],[10.2341183,46.8787346],[10.2339403,46.8789837],[10.2340432,46.879422],[10.2344281,46.8797171],[10.2345874,46.8805509],[10.2345441,46.8809839],[10.2340212,46.8813922],[10.2340285,46.882468],[10.2341778,46.8826785],[10.2340104,46.8827374],[10.2339986,46.8830518],[10.2343287,46.8831297],[10.2342934,46.8837522],[10.2344811,46.8838474],[10.2346639,46.8845807],[10.2348302,46.8846816],[10.2342636,46.8856961],[10.2339366,46.8857729],[10.2339714,46.8859091],[10.2329401,46.8864888],[10.2321495,46.8873241],[10.231914,46.8879338],[10.2315779,46.8879838],[10.2312438,46.8885207],[10.230969,46.8885773],[10.2306794,46.8890049],[10.2294287,46.8891044],[10.22882,46.8893113],[10.2282357,46.8896208],[10.2276279,46.8902094],[10.2271458,46.891423],[10.2275049,46.8919893],[10.2266252,46.893071],[10.2267943,46.8932417],[10.2266681,46.8933784],[10.2267289,46.8935425],[10.2268464,46.8934982],[10.2267552,46.8936103],[10.2271173,46.893878],[10.2270948,46.8940798],[10.2272629,46.8942087],[10.2269336,46.8945362],[10.2269319,46.8949522],[10.2267494,46.8951093],[10.2268659,46.8954453],[10.2257169,46.8959397],[10.2259741,46.8961314],[10.2260537,46.8964563],[10.2259298,46.8966166],[10.2264985,46.8965932],[10.2267843,46.896826],[10.2267283,46.8971203],[10.227427,46.8971018],[10.2286511,46.8976267],[10.2292714,46.8977137],[10.2293334,46.8978907],[10.2294981,46.897845],[10.2303722,46.8983082],[10.2303961,46.8986629],[10.2306892,46.8990099],[10.231759,46.8996435],[10.231951,46.900117],[10.2321318,46.9001855],[10.2320895,46.9003986],[10.2332973,46.9016407],[10.2338083,46.9024448],[10.2338751,46.9033988],[10.2343816,46.9040729],[10.2343012,46.9050337],[10.2339092,46.9056878],[10.2344397,46.9061015],[10.2346315,46.906513],[10.2347541,46.9070895],[10.2345864,46.9078794],[10.234841,46.9081171],[10.2352438,46.9096401],[10.2359873,46.910164],[10.2358496,46.9106486],[10.2363202,46.9113459],[10.2364322,46.9119504],[10.236635,46.9121928],[10.2363693,46.9124756],[10.2362119,46.9131095],[10.2360055,46.9131433],[10.2358971,46.9133839],[10.2368209,46.9144028],[10.2369101,46.9148674],[10.2371827,46.9149647],[10.2372145,46.9153253],[10.2370312,46.9157013],[10.238398,46.916163],[10.2385079,46.9163712],[10.2399331,46.9165737],[10.2406277,46.9171475],[10.2409734,46.9175365],[10.2410472,46.9178717],[10.2420114,46.9188282],[10.2420268,46.9191747],[10.2421996,46.9193573],[10.2411306,46.921],[10.240933,46.9222609],[10.241004,46.9232458],[10.2406159,46.9239623],[10.2408282,46.9248665],[10.2405928,46.9257493],[10.2410281,46.9262126],[10.241041,46.9266063],[10.2413202,46.9270251],[10.2415509,46.9278869],[10.2414081,46.9282249],[10.2415954,46.9285687],[10.2414564,46.9289039],[10.2415992,46.9294606],[10.2413569,46.9297437],[10.2412308,46.9303715],[10.2405831,46.9313701],[10.2416798,46.931629],[10.2524596,46.9307199],[10.2598382,46.9294909],[10.2622221,46.929401],[10.2668744,46.9288293],[10.2898876,46.922889],[10.2910292,46.9232596],[10.2920985,46.9224228],[10.2935403,46.9218632],[10.2968663,46.9199499],[10.2975003,46.9211238],[10.2989282,46.9224435],[10.2992486,46.9233414],[10.300447,46.9245049],[10.3007876,46.9246539],[10.3035182,46.9252599],[10.3050946,46.9253821],[10.3071303,46.9252556],[10.3095136,46.9258227],[10.3138511,46.9251692],[10.3160518,46.9251765],[10.3161006,46.9254529],[10.3170463,46.926069],[10.3168653,46.9266765],[10.3171126,46.9272704],[10.3168943,46.9274868],[10.3167819,46.9282052],[10.3169675,46.9287676],[10.3168387,46.929747],[10.3169794,46.9302645],[10.3172049,46.930315],[10.3173152,46.9305467],[10.3171752,46.9309553],[10.316432,46.9312226],[10.3162507,46.9317396],[10.3155345,46.9321317],[10.3152012,46.9326137],[10.3148465,46.9327242],[10.3148865,46.9329185],[10.3139359,46.9333436],[10.3127556,46.9344528],[10.3118725,46.9344399],[10.31023,46.9356393],[10.3090173,46.9375415],[10.3073013,46.9383269],[10.3061823,46.9401424],[10.3061351,46.9407001],[10.3067202,46.9417241],[10.3071633,46.9423066],[10.3085991,46.9434518],[10.3081012,46.9445359],[10.3077928,46.946404],[10.3075917,46.9464733],[10.3078225,46.9468398],[10.3077409,46.9472666],[10.3082299,46.9477504],[10.3081771,46.948088],[10.3085401,46.948806],[10.3093072,46.94957],[10.3094774,46.9499005],[10.3093489,46.9501997],[10.3137645,46.9512015],[10.3153683,46.9513247],[10.316189,46.9515568],[10.3166554,46.951434],[10.3191773,46.951766],[10.3208398,46.9514466],[10.3234546,46.9520877],[10.3245703,46.952191],[10.3254654,46.9525123],[10.3261031,46.9532669],[10.3278289,46.9539816],[10.3278739,46.95466],[10.3283598,46.9556299],[10.328365,46.9564524],[10.3291239,46.9572805],[10.3296795,46.9589488],[10.3293938,46.9604214],[10.3294377,46.9612015],[10.3290527,46.9618265],[10.3296169,46.9639458],[10.3295077,46.9642765],[10.3305751,46.9652446],[10.3312392,46.9668976],[10.3331474,46.9679867],[10.333207,46.9685391],[10.3340953,46.9694795],[10.3341823,46.9698615],[10.333991,46.9700941],[10.3345932,46.9713575],[10.3345108,46.9725173],[10.3356509,46.9732303],[10.3367375,46.9746341],[10.3397812,46.9769764],[10.3407049,46.9783736],[10.3398149,46.9796576],[10.3401452,46.9802497],[10.3399075,46.980549],[10.3400959,46.9809016],[10.3399905,46.9813093],[10.3418171,46.9822737],[10.3428539,46.9820087],[10.3434987,46.9822357],[10.343805,46.9821666],[10.344795,46.9830712],[10.3448781,46.9833358],[10.3447577,46.9834188],[10.3452504,46.9839722],[10.3452385,46.9843374],[10.3454826,46.984639],[10.3455551,46.9850947],[10.346313,46.9859125],[10.3461007,46.9864881],[10.346069,46.9874477],[10.3461698,46.9880667],[10.3464262,46.9884114],[10.3465112,46.9895904],[10.3475995,46.9894449],[10.3481023,46.9895886],[10.3490277,46.9906636],[10.3495287,46.9907021],[10.3499198,46.9910131],[10.3537217,46.9917441],[10.3549981,46.992366],[10.3555106,46.9922005],[10.3556418,46.9923308],[10.3558954,46.9922794],[10.3563861,46.9919277],[10.3580078,46.9918703],[10.3588028,46.9914072],[10.359345,46.9914181],[10.3599539,46.9917265],[10.360433,46.9914916],[10.3611187,46.9916555],[10.3620794,46.9914223],[10.3629544,46.9916642],[10.3631551,46.9914822],[10.3644436,46.9911597],[10.3658774,46.9915507],[10.3670553,46.9914298],[10.3678762,46.9909014],[10.3684001,46.990778],[10.372071,46.9906726],[10.3725445,46.991058],[10.3735667,46.9925676],[10.3756282,46.9932197],[10.3784223,46.9948498],[10.3790195,46.9954212],[10.3790691,46.9959414],[10.3799389,46.9963034],[10.3798357,46.9965884],[10.3803042,46.9970191],[10.3808854,46.9970383],[10.3814373,46.997333],[10.3817932,46.9976131],[10.3821816,46.9983071],[10.3833843,46.9992763],[10.3841428,46.9994651],[10.3846351,46.9997621],[10.384695,46.9999965],[10.3854462,46.9999094],[10.3872751,47.000094],[10.3893181,47.0005251],[10.3987059,46.9968654],[10.3999729,46.9945735],[10.4007957,46.9925461],[10.4021809,46.9908622],[10.4067907,46.988549],[10.4067894,46.9883647],[10.4077518,46.9875997],[10.4079301,46.9872154],[10.4087629,46.9865982],[10.4089471,46.9861437],[10.4096931,46.9853569],[10.4104179,46.9848472],[10.4107108,46.9840713],[10.4120252,46.9835326],[10.4125254,46.9826375],[10.4147453,46.9817287],[10.4160228,46.9815943],[10.4169045,46.981198],[10.4184285,46.9809764],[10.4199849,46.9800567],[10.4205876,46.9799408],[10.4208616,46.9796784],[10.4209537,46.9792492],[10.4221922,46.9786712],[10.4235728,46.9782677],[10.4242099,46.977706],[10.4246475,46.9770378],[10.4252827,46.9767284],[10.4268035,46.9754181],[10.4272405,46.9745867],[10.4269927,46.9734934],[10.4274447,46.973232],[10.4275305,46.9729445],[10.4274632,46.9725996],[10.4269368,46.9721392],[10.4271732,46.9717209],[10.4271051,46.971231],[10.4263255,46.9704404],[10.4264203,46.9701196],[10.4261836,46.9695349],[10.4262508,46.9691871],[10.4258515,46.9684948],[10.4249832,46.9678456],[10.4246789,46.9669756],[10.424347,46.9668528],[10.4239117,46.9661474],[10.4232294,46.9658889],[10.422961,46.965572],[10.4230249,46.964632],[10.4233527,46.9642468],[10.4229671,46.9636596],[10.4231224,46.9633735],[10.4228942,46.961765],[10.4226039,46.9613268],[10.4221362,46.9612067],[10.4220114,46.9607632],[10.4221069,46.9601907],[10.4223371,46.960002],[10.4233122,46.9596217],[10.4238871,46.9589016],[10.4245959,46.9587827],[10.424942,46.9584678],[10.4257453,46.9582592],[10.426142,46.957465],[10.4283827,46.9562704],[10.4295289,46.9559743],[10.4323816,46.9562611],[10.4334231,46.9561936],[10.4342301,46.9563853],[10.4347851,46.9560847],[10.4353664,46.9560953],[10.4362435,46.9557846],[10.4374638,46.9558914],[10.4381483,46.9554305],[10.4385536,46.9545178],[10.4395458,46.9541301],[10.4407241,46.9538679],[10.4414916,46.9542496],[10.4426089,46.9541393],[10.4431303,46.9536904],[10.4447654,46.9537092],[10.4457566,46.9533586],[10.4465506,46.9533246],[10.4481958,46.9529056],[10.4491413,46.9523122],[10.4497441,46.9524333],[10.4512469,46.9523542],[10.4525615,46.952642],[10.4530552,46.9525353],[10.4548076,46.9529132],[10.4555774,46.9528425],[10.456482,46.9519327],[10.456912,46.950851],[10.45771,46.9506322],[10.4584173,46.9507266],[10.4589194,46.9505399],[10.4592955,46.9503208],[10.4595354,46.9498024],[10.461129,46.9496705],[10.4624309,46.9486251],[10.4634391,46.9484392],[10.463924,46.9480732],[10.4646329,46.9479342],[10.4656597,46.9480208],[10.4667954,46.9474585],[10.467802,46.9474537],[10.4688096,46.9470933],[10.4695248,46.9461082],[10.4707027,46.9451934],[10.4717125,46.9451318],[10.4717759,46.9448567],[10.4723283,46.9444723],[10.4723172,46.9438124],[10.4727816,46.943506],[10.4730957,46.9429213],[10.4737313,46.9426735],[10.474914,46.9425094],[10.4755536,46.9421035],[10.4755746,46.9418258],[10.476186,46.9410275],[10.4765742,46.9410709],[10.4787717,46.9401425],[10.479996,46.9402689],[10.4811697,46.9400721],[10.4823424,46.9396553],[10.4827246,46.9392735],[10.4833544,46.9390409],[10.4843609,46.9390522],[10.4867133,46.9386406],[10.4877944,46.9388065],[10.4893516,46.9377888],[10.4873413,46.9359781],[10.4868808,46.9346207],[10.488006,46.9343538],[10.4859322,46.9330231],[10.4852822,46.9314418],[10.4852831,46.9306529],[10.4855011,46.9298171],[10.4865585,46.9289967],[10.4869453,46.929174],[10.4872279,46.9289785],[10.4880661,46.9280338],[10.4880674,46.9272224],[10.4882935,46.9262776],[10.4878741,46.9251539],[10.4870995,46.9241413],[10.4869328,46.9227268],[10.4864507,46.9223339],[10.4863709,46.9220018],[10.4868602,46.9209008],[10.48683,46.9204389],[10.4854917,46.9191733],[10.4852687,46.9186203],[10.4855629,46.917779],[10.4860256,46.9173829],[10.4862047,46.9154534],[10.4852126,46.9143616],[10.4839984,46.9134786],[10.4833202,46.9124849],[10.4819426,46.911878],[10.4800907,46.911356],[10.4786629,46.9107825],[10.4785285,46.9105884],[10.4783209,46.9097326],[10.478717,46.908919],[10.4786817,46.9075541],[10.4782697,46.9063764],[10.4775474,46.9049937],[10.4774967,46.9044781],[10.477792,46.9039661],[10.4777228,46.9034464],[10.4767276,46.9022906],[10.4752528,46.9013198],[10.4751691,46.9011317],[10.4750092,46.8987283],[10.475654,46.8976076],[10.4754705,46.8964306],[10.4752063,46.8958415],[10.4753281,46.8951842],[10.4750778,46.8942849],[10.4723892,46.8924835],[10.4721136,46.8921284],[10.4722536,46.8914486],[10.4719419,46.890815],[10.471053,46.8904508],[10.4691753,46.8893188],[10.4646828,46.8842734],[10.4668765,46.8834551],[10.4672477,46.8828455],[10.4692174,46.8810977],[10.469728,46.8771649],[10.4712624,46.8729572],[10.4702856,46.866701],[10.4679946,46.8621059],[10.4696512,46.8549096],[10.4723217,46.8561935],[10.4773361,46.8581308],[10.4787475,46.8590808],[10.4809703,46.8586568],[10.481721,46.858134],[10.4828963,46.8566169],[10.4828133,46.856361],[10.481511,46.8566335],[10.4802856,46.8558791],[10.4811495,46.8553203],[10.4823353,46.8549],[10.4831833,46.8542134],[10.484906,46.8544885],[10.4857795,46.8548183],[10.4869528,46.85494],[10.4872793,46.8541281],[10.487871,46.8539029],[10.488691,46.8527594],[10.4893149,46.8525109],[10.4911019,46.8522514],[10.4906075,46.8510006],[10.4907005,46.8500042],[10.4916239,46.8502902],[10.4924309,46.8500893],[10.4944139,46.8525715],[10.4954663,46.8521446],[10.4957284,46.8510376],[10.4963804,46.8501011],[10.4952822,46.8493348],[10.4941509,46.8489776],[10.494062,46.8486881],[10.4947945,46.8489092],[10.4967871,46.848693],[10.49884,46.8475044],[10.4998481,46.8475195],[10.5006412,46.8479028],[10.5025688,46.847598],[10.5048093,46.847987],[10.5050018,46.8483044],[10.5052236,46.8482641],[10.5054231,46.8477532],[10.505959,46.8476212],[10.5085973,46.847522],[10.5111413,46.8469138],[10.5110561,46.8471158],[10.5138856,46.8471045],[10.5165792,46.8467963],[10.5210203,46.845423],[10.5229442,46.8456325],[10.5263074,46.8466352],[10.5290217,46.8471881],[10.538033,46.848694],[10.5523562,46.8500567],[10.5534905,46.8492331],[10.5541638,46.8491237],[10.55452,46.848765],[10.5553028,46.8485959],[10.5554838,46.8475558],[10.5563867,46.8468785],[10.5498804,46.8398323],[10.5460307,46.8379355],[10.5461881,46.8372714],[10.5466283,46.8375993],[10.5485266,46.8381027],[10.5499634,46.8389359],[10.5511334,46.8393858],[10.5526375,46.8397285],[10.5558409,46.8398353],[10.5569086,46.840238],[10.5582359,46.8411137],[10.5589274,46.8408869],[10.5607849,46.8409329],[10.5611035,46.8406726],[10.5621833,46.8407303],[10.5645274,46.841065],[10.5660278,46.8416891],[10.5678306,46.8416851],[10.5690061,46.8421913],[10.570258,46.8423046],[10.5706043,46.8424641],[10.570671,46.8427608],[10.5713856,46.843382],[10.5716646,46.8441109],[10.5721325,46.844568],[10.5722781,46.8450196],[10.5729713,46.8455375],[10.5733578,46.8461025],[10.5738737,46.8463021],[10.5751053,46.8463319],[10.5757472,46.8465417],[10.5769689,46.847492],[10.5780469,46.8479158],[10.5783058,46.8482134],[10.579965,46.8480934],[10.5809434,46.8478482],[10.5822206,46.848691],[10.5838449,46.8492777],[10.5855289,46.849534],[10.5870565,46.8500027],[10.5883121,46.84997],[10.5901545,46.8503285],[10.5905208,46.8509424],[10.5903988,46.8513115],[10.5905838,46.8516766],[10.5911739,46.8520849],[10.5912822,46.8526336],[10.592301,46.8538736],[10.5943215,46.8553617],[10.5945634,46.8559736],[10.5951386,46.8564998],[10.59554,46.8572784],[10.5983773,46.8573929],[10.6016613,46.8580231],[10.60225,46.8577728],[10.6037341,46.8579234],[10.6051044,46.8577018],[10.6099117,46.8586921],[10.6119535,46.8595241],[10.6150178,46.860175],[10.6161504,46.8612054],[10.616287,46.8617211],[10.6173953,46.8625389],[10.6188818,46.8626019],[10.6205312,46.8632248],[10.6233487,46.8636747],[10.6242992,46.8644125],[10.6248323,46.8645419],[10.6260401,46.8645062],[10.6266362,46.8643022],[10.6283284,46.8646213],[10.6305716,46.8647586],[10.6313485,46.8645694],[10.6325015,46.864906],[10.6354691,46.8647657],[10.6365966,46.8651379],[10.6383114,46.8650711],[10.640207,46.8653604],[10.6420538,46.8652178],[10.6451936,46.865555],[10.6458986,46.8652708],[10.6469256,46.8652266],[10.6491897,46.8655364],[10.6502803,46.8661102],[10.6538525,46.8667991],[10.6559283,46.8681032],[10.6560073,46.8683495],[10.6556884,46.8689638],[10.6560176,46.869488],[10.6583233,46.8710105],[10.659255,46.8712575],[10.6593807,46.8717461],[10.6603516,46.8721781],[10.6615557,46.8734816],[10.6626174,46.8742657],[10.6640535,46.874788],[10.6662966,46.8751217],[10.6665762,46.8754168],[10.6673854,46.8754951],[10.6683752,46.8746353],[10.669057,46.8734354],[10.6696841,46.8730494],[10.6705389,46.8721754],[10.6709351,46.871453],[10.6708929,46.8712643],[10.6712271,46.8711403],[10.6716178,46.8706312],[10.6726879,46.8702828],[10.6743743,46.8701375],[10.6753311,46.8698957],[10.6759589,46.8700372],[10.6768266,46.8705643],[10.6781245,46.8707535],[10.6785921,46.8704762],[10.6803306,46.8700654],[10.6810666,46.8687234],[10.6821765,46.8683306],[10.6830955,46.868462],[10.6842111,46.868308],[10.6856251,46.8686373],[10.6864287,46.8679758],[10.6870312,46.8676793],[10.6879451,46.8675895],[10.6882156,46.8673009],[10.6889129,46.8676008],[10.6904332,46.8676524],[10.6910045,46.8667192],[10.6919335,46.8661823],[10.6924432,46.8656479],[10.6936663,46.8639221],[10.694513,46.8634503],[10.695577,46.8634406],[10.6958759,46.8629948],[10.6967701,46.8626264],[10.6968607,46.8620967],[10.6957283,46.8593776],[10.6944996,46.8585641],[10.6935185,46.8582588],[10.6932565,46.8579543],[10.6934834,46.8573279],[10.6946315,46.8563882],[10.693826,46.8560233],[10.6938978,46.8554854],[10.6937636,46.8554205],[10.6935474,46.8545387],[10.6928992,46.8537335],[10.6931723,46.8532896],[10.6930522,46.8529093],[10.6941249,46.8521541],[10.6954021,46.8517179],[10.6969426,46.8515954],[10.6995822,46.8506632],[10.7005088,46.8504902],[10.7011056,46.8499074],[10.701884,46.8496393],[10.7020439,46.8493721],[10.7018176,46.8488577],[10.702104,46.8482803],[10.7030291,46.8478403],[10.7033454,46.8473542],[10.7035907,46.8472451],[10.7044467,46.847206],[10.7057744,46.8467874],[10.7072402,46.8469094],[10.7090414,46.8467601],[10.7104482,46.8468264],[10.710825,46.8467002],[10.7117638,46.8468596],[10.7123774,46.8467618],[10.7137823,46.8472036],[10.7167274,46.8470704],[10.7169452,46.8467862],[10.7169461,46.8460872],[10.7165424,46.8456584],[10.7164434,46.8441767],[10.7163379,46.8439298],[10.7158351,46.84357],[10.7158561,46.843106],[10.7162974,46.84281],[10.7186241,46.8421051],[10.7201128,46.8403837],[10.7216182,46.8390266],[10.722115,46.8378932],[10.7260866,46.8378206],[10.7292928,46.8381295],[10.7318534,46.8379621],[10.7326044,46.8377485],[10.7332421,46.8362631],[10.734028,46.835402],[10.736831,46.8344359],[10.7445409,46.8336126],[10.7467163,46.8335662],[10.7483226,46.8338672],[10.7491977,46.8338296],[10.7523521,46.8332434],[10.7545239,46.8331615],[10.7552364,46.8329744],[10.7561918,46.8323399],[10.7568974,46.8312339],[10.7572415,46.8283008],[10.7577189,46.8275252],[10.759077,46.8265743],[10.7616491,46.8254281],[10.7626322,46.8245536],[10.7635261,46.8234685],[10.7638626,46.8226335],[10.7630865,46.8215361],[10.7630718,46.8209882],[10.7628356,46.8205156],[10.7605852,46.8192485],[10.7586302,46.8176124],[10.7568633,46.8167739],[10.7562106,46.8160647],[10.7556169,46.8158035],[10.7526694,46.8149764],[10.7513359,46.8150839],[10.7507082,46.8140749],[10.7506667,46.8133004],[10.7499132,46.8127658],[10.7488481,46.811323],[10.7477432,46.8104165],[10.7473084,46.8098483],[10.7469046,46.8084005],[10.7460738,46.8068673],[10.7461142,46.8061648],[10.74583,46.8057372],[10.7461102,46.8048913],[10.743951,46.8029914],[10.7417142,46.8018784],[10.7398994,46.8013448],[10.7380576,46.8003285],[10.7360889,46.7996343],[10.735762,46.7993643],[10.7308961,46.7982366],[10.7273914,46.7981943],[10.7261027,46.797859],[10.7260362,46.7966902],[10.7265976,46.7963319],[10.726753,46.7956683],[10.7286875,46.7930605],[10.728206,46.7906546],[10.7301056,46.7884475],[10.7315792,46.7880635],[10.735012,46.7882579],[10.7362397,46.787964],[10.7377119,46.7871521],[10.7388967,46.7869701],[10.7395022,46.7870816],[10.7418946,46.7866459],[10.7444201,46.7872342],[10.7479333,46.7872616],[10.7507633,46.7874941],[10.7509411,46.7873966],[10.7508791,46.787013],[10.7510522,46.7866722],[10.7517066,46.7865759],[10.7547179,46.7850881],[10.7558767,46.7852928],[10.7574482,46.7851773],[10.7603125,46.7860821],[10.7609059,46.7870028],[10.7622754,46.7875014],[10.7629956,46.7873847],[10.7641125,46.7875578],[10.7667112,46.787598],[10.7712375,46.7888985],[10.7725089,46.7896738],[10.7729748,46.790324],[10.7740642,46.7905653],[10.7752339,46.7905099],[10.7783173,46.7908205],[10.7802561,46.7917772],[10.7808317,46.7924664],[10.7813976,46.7928062],[10.7815359,46.7931365],[10.782224,46.7934785],[10.7827396,46.7942543],[10.7829056,46.7953805],[10.7831422,46.7956289],[10.785284,46.7962158],[10.7863343,46.7963107],[10.7867668,46.796191],[10.7937024,46.7910157],[10.7950133,46.7914844],[10.7959413,46.7913201],[10.8141084,46.7751316],[10.8148631,46.7751508],[10.8153842,46.7757944],[10.8175765,46.7747721],[10.8192554,46.774938],[10.8209162,46.774177],[10.8226906,46.773864],[10.8231379,46.7741162],[10.8235161,46.7741017],[10.8238298,46.773674],[10.8254665,46.7731066],[10.8259695,46.7740206],[10.8272436,46.7741442],[10.8279438,46.7746618],[10.8289182,46.7749163],[10.8290628,46.7754035],[10.8295628,46.7758396],[10.8297151,46.7765548],[10.8306347,46.7775527],[10.8306031,46.7782803],[10.8308467,46.7787466],[10.8320776,46.7804426],[10.8327727,46.7805802],[10.8347561,46.7815865],[10.8359014,46.78194],[10.8372229,46.7819739],[10.8378527,46.7817393],[10.8384813,46.7811758],[10.8388484,46.7810528],[10.8400039,46.7813866],[10.8406642,46.7817996],[10.8421948,46.7783232],[10.8460261,46.7783603],[10.8506975,46.7749354],[10.8530055,46.7740347],[10.8673608,46.7723629],[10.8685586,46.7658199],[10.8695074,46.765891],[10.8700646,46.7656427],[10.8705205,46.7657323],[10.8723012,46.7653299],[10.8756365,46.7653257],[10.8775859,46.7648437],[10.8795803,46.7646304],[10.8802718,46.7643771],[10.8808099,46.7636501],[10.8814864,46.7631638],[10.882964,46.762851],[10.8876748,46.7632522],[10.8903516,46.7643044],[10.8910848,46.7647951],[10.8921737,46.7658683],[10.8939308,46.7689724],[10.8943859,46.7693475],[10.895975,46.7700179],[10.897075,46.7699025],[10.8988861,46.7689063],[10.9025557,46.7681345],[10.9046984,46.7679841],[10.9058566,46.7681018],[10.9075556,46.7689168],[10.9079432,46.7692225],[10.9082002,46.7697061],[10.9094894,46.77082],[10.9108414,46.77116],[10.9127074,46.7719135],[10.9135237,46.7727931],[10.9153581,46.7739301],[10.918117,46.774981],[10.9208247,46.7746648],[10.9232552,46.7753452],[10.9246573,46.7749885],[10.9262284,46.7736752],[10.9282332,46.7728505],[10.9286923,46.7729097],[10.9298956,46.7736111],[10.9312437,46.7738565],[10.9339101,46.7736399],[10.9352723,46.7739148],[10.9380357,46.7737733],[10.9389912,46.7741173],[10.9399378,46.7742253],[10.9410486,46.7741079],[10.9424156,46.774577],[10.943745,46.7754074],[10.9445481,46.7747921],[10.9450591,46.7749965],[10.9462878,46.7748555],[10.9484985,46.7751201],[10.9502817,46.7749945],[10.9732935,46.7720967],[10.9748534,46.7725737],[10.9755158,46.7722388],[10.9764393,46.7708828],[10.9772869,46.7705032],[10.9777703,46.7700051],[10.9778629,46.7690528],[10.9800287,46.7690386],[10.9807867,46.7695029],[10.9812883,46.7695884],[10.9830413,46.769034],[10.9842292,46.7683176],[10.9861958,46.7674946],[10.9866921,46.7674121],[10.9877437,46.7677946],[10.9879289,46.7679511],[10.987771,46.7684025],[10.9880791,46.7684332],[10.9893135,46.7680722],[10.9916073,46.76814],[10.9924621,46.7673775],[10.9931331,46.7670159],[10.9961909,46.7670214],[11.0054054,46.7690432],[11.0138578,46.7721304],[11.0152681,46.7711477],[11.0159676,46.7702413],[11.0180703,46.7690048],[11.0184071,46.7683168],[11.0210304,46.7664206],[11.0219932,46.7659119],[11.0222541,46.7654215],[11.0226715,46.7659494],[11.024751,46.7664193],[11.0254265,46.767179],[11.0253362,46.7687405],[11.0251125,46.7696131],[11.0250919,46.7707284],[11.025295,46.7712091],[11.0251995,46.7721294],[11.0258437,46.7735163],[11.026424,46.7740661],[11.0267063,46.7749534],[11.0277728,46.7761347],[11.027681,46.7771911],[11.0281462,46.7775941],[11.0287372,46.7785243],[11.0288033,46.7796728],[11.0292557,46.7800141],[11.0293476,46.7803924],[11.030653,46.7815126],[11.0308655,46.7819646],[11.032126,46.7829263],[11.0329433,46.7841688],[11.0334344,46.784608],[11.0334109,46.7855533],[11.0339783,46.7866729],[11.0340449,46.787862],[11.0345514,46.7883096],[11.0352613,46.789968],[11.0353288,46.7906273],[11.0349361,46.7915155],[11.0354893,46.7927255],[11.0358252,46.7931158],[11.0360697,46.7938929],[11.0372251,46.7941102],[11.0378467,46.7944879],[11.0386147,46.7954136],[11.0389398,46.7963324],[11.0410545,46.7993352],[11.042745,46.7998416],[11.0435074,46.8002274],[11.0442056,46.8009068],[11.0443885,46.8017017],[11.0435071,46.8017253],[11.0428905,46.8025788],[11.0409785,46.8040806],[11.0403965,46.8042857],[11.0400529,46.8046734],[11.0392951,46.804895],[11.0392751,46.8050342],[11.0405024,46.8054689],[11.0426935,46.8057749],[11.0474835,46.8072537],[11.050581,46.808615],[11.051554,46.8085544],[11.0525598,46.808275],[11.057021,46.8081289],[11.0589064,46.8095243],[11.0595762,46.8109599],[11.0594825,46.8115603],[11.0604342,46.8127441],[11.0611747,46.8129497],[11.0621634,46.8128577],[11.0626158,46.8130145],[11.064906,46.8149829],[11.0670398,46.8154616],[11.0686881,46.8164737],[11.0710892,46.8175606],[11.0719915,46.8182942],[11.0727729,46.8185654],[11.0733044,46.8191808],[11.0736923,46.8200392],[11.0757101,46.8204068],[11.0788799,46.8203481],[11.0812671,46.8206901],[11.0824947,46.8212176],[11.0833307,46.8222859],[11.0834417,46.822534],[11.0831783,46.8228706],[11.0826436,46.8243952],[11.0808126,46.8266385],[11.0814189,46.827918],[11.0788981,46.8313756],[11.0783124,46.8332154],[11.0779283,46.8336429],[11.0776824,46.8342575],[11.0767507,46.8352742],[11.0754672,46.8358128],[11.0752519,46.836143],[11.073269,46.836467],[11.0719108,46.8371981],[11.0715735,46.8375824],[11.070326,46.8383743],[11.074848,46.8434161],[11.0734543,46.8450888],[11.0731956,46.8458845],[11.0736272,46.8464997],[11.0745926,46.8469458],[11.0748289,46.8472177],[11.0745427,46.847756],[11.0741008,46.8481191],[11.0740601,46.8486174],[11.072538,46.8497556],[11.0721797,46.850446],[11.0715751,46.8510444],[11.0717224,46.8519379],[11.0714403,46.853266],[11.0721778,46.8555617],[11.071914,46.8562133],[11.0728191,46.8575956],[11.0729629,46.8580979],[11.0744974,46.8576023],[11.0750236,46.8577065],[11.0778675,46.8588831],[11.0784982,46.8596137],[11.0785924,46.8599856],[11.0796043,46.8614737],[11.080156,46.8629901],[11.0817166,46.8647873],[11.0820177,46.8661134],[11.0814566,46.8668481],[11.0814363,46.8672178],[11.0819939,46.8676995],[11.0820799,46.868801],[11.0838632,46.8701757],[11.0844705,46.8715229],[11.0865686,46.8731918],[11.0867158,46.8735264],[11.0866984,46.8749014],[11.0873139,46.8758224],[11.0886409,46.8771502],[11.0888527,46.8781274],[11.0890461,46.8783616],[11.0888192,46.8787685],[11.0900421,46.8791027],[11.0902448,46.8792208],[11.0902457,46.8794218],[11.0909847,46.8795572],[11.091349,46.8804632],[11.092394,46.8814581],[11.0935824,46.881756],[11.0940385,46.8822097],[11.0954157,46.8828021],[11.0965181,46.8835886],[11.0979047,46.8850754],[11.0981944,46.8860757],[11.0986199,46.8866646],[11.0991543,46.8871858],[11.1006106,46.888007],[11.1016173,46.8896465],[11.1017183,46.8898923],[11.0976451,46.8908185],[11.0970757,46.8913512],[11.096952,46.8920768],[11.0972608,46.8925372],[11.096781,46.8933088],[11.0981648,46.8960438],[11.0993023,46.897053],[11.0992417,46.8974592],[11.0995584,46.8985608],[11.0992719,46.8991332],[11.0992198,46.9014436],[11.0981248,46.9016988],[11.0979349,46.9024127],[11.0981403,46.9029366],[11.0974015,46.9040339],[11.0975789,46.9041468],[11.0975185,46.9044438],[11.0977018,46.9047713],[11.0975107,46.9052415],[11.0965465,46.9056818],[11.0959258,46.9058232],[11.095666,46.9056993],[11.0959152,46.9063556],[11.0953332,46.9067503],[11.0955448,46.9069842],[11.0949857,46.9075017],[11.0948935,46.9079289],[11.0955606,46.9088583],[11.0955574,46.9098945],[11.0953483,46.9103689],[11.095825,46.9108365],[11.0959511,46.9119051],[11.0973007,46.913361],[11.0976452,46.9139606],[11.1041518,46.9153574],[11.1060165,46.9155529],[11.1069078,46.9159456],[11.1087424,46.9158683],[11.1092843,46.9159927],[11.1094657,46.9168341],[11.1110782,46.9190746],[11.1110405,46.9197412],[11.1111852,46.9201978],[11.1108262,46.922442],[11.1108957,46.9231582],[11.1103204,46.924457],[11.11032,46.9253321],[11.1095634,46.926007],[11.1102175,46.9273963],[11.1112812,46.9281154],[11.1121184,46.9292671],[11.1137455,46.9299895],[11.1145554,46.931119],[11.114937,46.9313904],[11.1158503,46.931477],[11.1172905,46.9311352],[11.1190308,46.9309733],[11.1216884,46.9302862],[11.1233813,46.9294634],[11.1246923,46.9291341],[11.125706,46.9290699],[11.1276137,46.9293056],[11.1283868,46.9289336],[11.1292103,46.9279146],[11.1296039,46.9277315],[11.1299966,46.9277511],[11.1311826,46.9284067],[11.1322995,46.9282178],[11.1337319,46.9286307],[11.1367862,46.9276565],[11.1374138,46.9277938],[11.1388158,46.927506],[11.1399334,46.9280139],[11.1414062,46.9290289],[11.144445,46.9304273],[11.1454851,46.9304619],[11.1460186,46.9303193],[11.1485686,46.9315813],[11.149912,46.9316317],[11.150753,46.9321715],[11.1509549,46.932709],[11.1513784,46.933142],[11.1526127,46.9338522],[11.1538287,46.9340837],[11.1551358,46.934078],[11.1562297,46.9349051],[11.156482,46.9352659],[11.1575649,46.9356248],[11.1578126,46.9362078],[11.1584645,46.936799],[11.1593529,46.9374567],[11.1599071,46.9376705],[11.1615509,46.9391341],[11.1626383,46.939439],[11.1632462,46.9398129],[11.1638506,46.9397931],[11.1641438,46.9399384],[11.1648402,46.9405554],[11.1652835,46.9416764],[11.1662424,46.9421565],[11.1667862,46.9431079],[11.1676223,46.9439533],[11.1681309,46.9450454],[11.167109,46.9459395],[11.1645363,46.9473921],[11.1634574,46.9486827],[11.1632626,46.9492877],[11.1627168,46.9499312],[11.1627875,46.9507469],[11.1641659,46.9529393],[11.1645515,46.9541886],[11.1658844,46.9552855],[11.1639624,46.9568207],[11.1638204,46.9571299],[11.1640648,46.9582384],[11.1638678,46.9587876],[11.1638306,46.9603434],[11.1644378,46.9621819],[11.1644155,46.9626117],[11.1647128,46.9632251],[11.164285,46.9647282],[11.1642958,46.9657263],[11.1644467,46.9658177],[11.1653812,46.9656428],[11.1676049,46.9648646],[11.1695116,46.9645136],[11.1712953,46.9636696],[11.1744773,46.962669],[11.1764792,46.9626301],[11.1772641,46.9629646],[11.1778132,46.9638424],[11.1783894,46.9642871],[11.1798133,46.9648516],[11.1811367,46.9651089],[11.1825892,46.9658599],[11.1868594,46.9694803],[11.1899308,46.9705383],[11.1922914,46.9688235],[11.1952993,46.9704547],[11.1957282,46.9696598],[11.1985616,46.9693999],[11.2022147,46.9681698],[11.2030899,46.9680095],[11.2035036,46.9670784],[11.2035206,46.9665312],[11.2040834,46.9659723],[11.2047672,46.9649299],[11.2055982,46.9632911],[11.2070357,46.9624844],[11.2085647,46.9636687],[11.2106556,46.9643152],[11.2110231,46.9646103],[11.2118216,46.9648513],[11.2138825,46.9662306],[11.2165275,46.9672157],[11.2184858,46.9683681],[11.2206915,46.9691723],[11.2226589,46.9691102],[11.2235467,46.9694278],[11.2242455,46.969396],[11.225754,46.9696906],[11.2280881,46.9692176],[11.2288862,46.9692284],[11.2299791,46.9688934],[11.2308215,46.9690441],[11.2313764,46.9688253],[11.2322731,46.968799],[11.2346286,46.9691951],[11.2362253,46.96912],[11.2370248,46.9697093],[11.237839,46.9695354],[11.2398604,46.9699482],[11.2416577,46.9696709],[11.2427176,46.9701702],[11.2433851,46.9711407],[11.2441655,46.9715375],[11.244439,46.9719928],[11.2451237,46.9724114],[11.2462448,46.9726658],[11.2493,46.9741833],[11.2495194,46.974043],[11.2503137,46.974104],[11.2512889,46.9739112],[11.2528849,46.9742321],[11.2535634,46.9740966],[11.2549683,46.9742798],[11.2566435,46.9741692],[11.2571887,46.9746686],[11.2590218,46.9784283],[11.2606996,46.9792263],[11.261496,46.9798286],[11.2615389,46.9800375],[11.2630898,46.9804468],[11.2635427,46.9807704],[11.2652772,46.9806963],[11.2672874,46.9802191],[11.2687086,46.9801925],[11.2713697,46.9796391],[11.2729106,46.9803167],[11.2771633,46.9806465],[11.2777688,46.9808198],[11.2780652,46.9812047],[11.279177,46.9817553],[11.2851389,46.9831946],[11.2866501,46.9842612],[11.2871037,46.9850078],[11.2880828,46.9859565],[11.2896498,46.9855272],[11.2922977,46.9860214],[11.2950163,46.9858069],[11.29677,46.9851827],[11.2978151,46.9851302],[11.2984948,46.9845478],[11.299883,46.9837382],[11.301844,46.9830917],[11.3034329,46.9836705],[11.3039587,46.9836001],[11.3045238,46.9839797],[11.3053698,46.9842181],[11.3078452,46.984075],[11.3087764,46.9850985],[11.3098489,46.9853536],[11.3103622,46.9861521],[11.3126813,46.9885377],[11.3130747,46.9886061],[11.3139279,46.9892171],[11.3162333,46.9904124],[11.3169592,46.991203],[11.3187672,46.9919182],[11.3191961,46.9922351],[11.3203456,46.9923799],[11.3238695,46.9911557],[11.3257529,46.9907472],[11.3259848,46.9904803],[11.3266339,46.990233],[11.3271897,46.9896173],[11.327664,46.9893633],[11.3279995,46.9888639],[11.3287336,46.9885433],[11.3298375,46.9883943],[11.3328384,46.988711],[11.3337879,46.9884825],[11.3344231,46.9877179],[11.3345975,46.9867241],[11.3350971,46.9863642],[11.3354152,46.9857068],[11.3357629,46.985454],[11.3364233,46.985411],[11.3366337,46.9850038],[11.337007,46.9848758],[11.3382697,46.9850236],[11.3392869,46.9853922],[11.3394263,46.9851481],[11.3397117,46.9850903],[11.3401528,46.9851147],[11.3405648,46.9853788],[11.3408534,46.985219],[11.3410448,46.9856385],[11.3413011,46.9857983],[11.341486,46.9863331],[11.3423327,46.9871077],[11.3420733,46.9877336],[11.3421642,46.9881597],[11.3428292,46.9887811],[11.3446068,46.9894668],[11.345739,46.9906851],[11.347294,46.9904386],[11.3483425,46.989485],[11.3488835,46.989581],[11.3507702,46.9892962],[11.353443,46.9901053],[11.3544229,46.9901979],[11.3553207,46.9905611],[11.356731,46.9907338],[11.3571514,46.9904776],[11.3586739,46.9905585],[11.3594004,46.9897436],[11.3608992,46.9887545],[11.3613117,46.988149],[11.3616601,46.988251],[11.3618122,46.9886252],[11.3619622,46.9886485],[11.3622624,46.9880128],[11.3627638,46.9880595],[11.3629386,46.987775],[11.3641214,46.9874588],[11.3648362,46.987044],[11.3648104,46.9867272],[11.3658181,46.9853037],[11.3659496,46.9838448],[11.3673164,46.982886],[11.3682765,46.9823682],[11.3692581,46.9822415],[11.3719138,46.9809648],[11.3732956,46.9806079],[11.373609,46.9806882],[11.3758831,46.9794775],[11.3761535,46.9789943],[11.3776027,46.9775708],[11.3778711,46.9763204],[11.3790441,46.9760812],[11.3798375,46.9753522],[11.3806489,46.9749821],[11.3812054,46.9729005],[11.3807038,46.9720041],[11.38174,46.9712769],[11.3822608,46.9705833],[11.3836108,46.9706093],[11.3875481,46.9699914],[11.3894353,46.9693385],[11.3928469,46.9694693],[11.3936218,46.9689516],[11.3951663,46.9685226],[11.396582,46.9676709],[11.3968232,46.9673553],[11.3986309,46.9669039],[11.3993433,46.966414],[11.3999062,46.9662764],[11.401535,46.9649796],[11.4032748,46.9651928],[11.4056144,46.9648163],[11.4059786,46.9655005],[11.4066117,46.965935],[11.4084084,46.9663213],[11.4086719,46.9662506],[11.409865,46.9669912],[11.411195,46.9667821],[11.4150805,46.9671569],[11.4170546,46.9667328],[11.4174601,46.9664355],[11.4186957,46.9674241],[11.4190711,46.9681566],[11.4190734,46.968823],[11.4198811,46.9691683],[11.4211188,46.9692456],[11.4212263,46.9692014],[11.4210953,46.9688025],[11.4214349,46.968777],[11.4220269,46.9690104],[11.4220285,46.9693278],[11.4245468,46.9694077],[11.4262712,46.9691523],[11.4272706,46.9698536],[11.4282223,46.9708079],[11.4292272,46.9714833],[11.4306714,46.9721036],[11.4313489,46.9727514],[11.4323591,46.9727032],[11.4342585,46.9738574],[11.4358431,46.9744845],[11.4381118,46.9746915],[11.4385054,46.974968],[11.4396189,46.9748737],[11.4403118,46.9751795],[11.4417096,46.9763711],[11.4426317,46.9767385],[11.4429114,46.9770755],[11.4429609,46.9785028],[11.4433389,46.9794687],[11.4432498,46.9803581],[11.4437411,46.9810726],[11.4438958,46.9816914],[11.4445447,46.9821645],[11.4452046,46.9831114],[11.4456616,46.9844075],[11.4468122,46.9855146],[11.448204,46.9863498],[11.4483919,46.9870096],[11.4488198,46.9875053],[11.4510501,46.9894907],[11.4526196,46.9923163],[11.4546059,46.9929188],[11.4593377,46.9921349],[11.4604821,46.9914146],[11.4610214,46.9916281],[11.4614982,46.9920852],[11.4619951,46.9931606],[11.4625858,46.9933311],[11.4635714,46.9930517],[11.4645498,46.9936149],[11.464501,46.9937833],[11.4653285,46.9942866],[11.4665024,46.9941886],[11.4672822,46.9946515],[11.4683866,46.9946893],[11.4698665,46.9952271],[11.4694032,46.9966073],[11.4689692,46.9968164],[11.4689927,46.997147],[11.4685853,46.9978318],[11.4685493,46.9985285],[11.4689114,46.9991968],[11.4690926,47.0000165],[11.4693792,47.0004006],[11.4696001,47.0015127],[11.4698878,47.001601],[11.4698529,47.002228],[11.4700513,47.0025848],[11.4705905,47.0028891],[11.4708706,47.003423],[11.4714894,47.0038204],[11.4716238,47.0041167],[11.4734713,47.0046696],[11.4741688,47.0050298],[11.4750151,47.0060507],[11.4750804,47.0065628],[11.4756497,47.0076004],[11.4761383,47.0079199],[11.47599,47.008371],[11.476996,47.0088678],[11.4772524,47.0099418],[11.4784316,47.0103654],[11.4787804,47.0109818],[11.4890074,47.0106775],[11.4927173,47.0102665],[11.4961982,47.0092936],[11.4973772,47.0093747],[11.4988547,47.0092092],[11.4992904,47.0094392],[11.4990839,47.0099342],[11.5020436,47.0096825],[11.5019935,47.0094985],[11.5022382,47.0094444],[11.5020738,47.0089143],[11.5011528,47.0080672],[11.500829,47.0073108],[11.5021996,47.0068388],[11.5023775,47.0070358],[11.5027792,47.0070513],[11.5048281,47.0067709],[11.5061445,47.0064054],[11.5064974,47.0070924],[11.5076502,47.0072332],[11.5079381,47.0070351],[11.5073647,47.0050044],[11.5077834,47.0047385],[11.5085734,47.0051009],[11.5094751,47.0048882],[11.5115275,47.0048467],[11.5126325,47.0051409],[11.5127806,47.0045992],[11.5133116,47.0043043],[11.5136571,47.0037787],[11.5145263,47.0034894],[11.5145509,47.0028489],[11.515558,47.0026229],[11.5152819,47.0021579],[11.5153372,47.0018442],[11.5148273,47.0010212],[11.5154556,47.0002859],[11.5164451,46.999694],[11.5194818,46.9993494],[11.5199801,46.9991033],[11.5196758,46.9983646],[11.520624,46.9984297],[11.5218971,46.9980315],[11.5216998,46.9969449],[11.5218732,46.9967115],[11.5226769,46.9966362],[11.5227063,46.996416],[11.5235375,46.9967201],[11.5252039,46.9963411],[11.5253746,46.996006],[11.5262706,46.995685],[11.5274272,46.9949258],[11.5276747,46.9945734],[11.5280203,46.9944291],[11.5282041,46.9938293],[11.5325895,46.9916732],[11.5329858,46.990859],[11.5341695,46.9896148],[11.5338442,46.9891387],[11.5334644,46.9872893],[11.5336228,46.9868599],[11.5344816,46.9865665],[11.5355876,46.9851906],[11.5366334,46.9849868],[11.5376324,46.9842441],[11.5385399,46.9840841],[11.5411448,46.9843787],[11.5428487,46.9849408],[11.542285,46.9862575],[11.5450149,46.9870549],[11.5462891,46.9875453],[11.5469947,46.9881442],[11.5477697,46.9882336],[11.5492793,46.9890484],[11.5499225,46.9891271],[11.553519,46.9904828],[11.5542669,46.9903879],[11.5548688,46.9905722],[11.5573482,46.9906345],[11.5584456,46.9903267],[11.5590646,46.9904388],[11.5597898,46.9902543],[11.5614816,46.9905106],[11.5624531,46.9910352],[11.5629792,46.991686],[11.5637674,46.9922921],[11.5645372,46.9924222],[11.5651201,46.9928508],[11.566489,46.9930041],[11.5682287,46.9927759],[11.5693461,46.993039],[11.5697172,46.9933065],[11.5711001,46.993512],[11.5713032,46.9937332],[11.5733526,46.994567],[11.5772399,46.9955576],[11.5798575,46.9970365],[11.5806084,46.9972137],[11.5807209,46.9970944],[11.581406,46.997132],[11.5815274,46.9973792],[11.5810123,46.9982346],[11.5809009,46.9996813],[11.5804748,47.0006901],[11.5806569,47.0012791],[11.5811817,47.001623],[11.5812129,47.0020648],[11.582407,47.0022245],[11.5846846,47.0029339],[11.5850395,47.0033139],[11.5886241,47.0046677],[11.5895457,47.0054635],[11.5900971,47.0053907],[11.5917709,47.0057425],[11.5933548,47.0057545],[11.594691,47.0056099],[11.5965324,47.0057506],[11.5993487,47.0055048],[11.6021445,47.0064802],[11.6040677,47.0069299],[11.604619,47.0073766],[11.6048219,47.0079507],[11.6052154,47.008127],[11.6055135,47.0084882],[11.6061671,47.0085925],[11.6064883,47.0089112],[11.6076354,47.0090709],[11.6082224,47.0097032],[11.6088482,47.0100109],[11.6093208,47.0108677],[11.6098251,47.0110197],[11.6138248,47.0117873],[11.6162402,47.0125984],[11.6172978,47.0125231],[11.6180018,47.012169],[11.6188749,47.0121931],[11.6199193,47.0116993],[11.6216162,47.0114065],[11.6228356,47.0118797],[11.6243724,47.0127626],[11.6254169,47.013083],[11.6272105,47.0133005],[11.6279188,47.0122561],[11.6282407,47.0109219],[11.6282232,47.0103972],[11.6294616,47.0091486],[11.6299162,47.0079948],[11.6322624,47.0067855],[11.633047,47.0066993],[11.6343401,47.0049029],[11.6349404,47.0031048],[11.6366643,47.0024931],[11.6383565,47.0021759],[11.6391088,47.0017726],[11.6408639,47.0019863],[11.6434303,47.0012243],[11.6446443,47.0007612],[11.6460307,46.9998953],[11.6464355,46.9994051],[11.6471576,46.9991574],[11.6478436,46.998517],[11.6481575,46.9987263],[11.6495648,46.998576],[11.6517813,46.9976048],[11.6521401,46.9975806],[11.6525077,46.9972993],[11.6540362,46.9971024],[11.6554489,46.9966],[11.656047,46.9960696],[11.6572104,46.9958738],[11.6576691,46.9956397],[11.6583892,46.99567],[11.6585064,46.9954224],[11.6586977,46.9955285],[11.6596414,46.9953477],[11.6597155,46.9947975],[11.6611333,46.9946258],[11.6618366,46.9941891],[11.6631479,46.9929978],[11.6639174,46.9927331],[11.6644044,46.9919394],[11.6646887,46.9917472],[11.6657268,46.9919297],[11.669144,46.9931631],[11.6700535,46.9932869],[11.6707829,46.9930528],[11.6713648,46.9930979],[11.6743897,46.9937051],[11.6751102,46.9928851],[11.6758758,46.9926188],[11.6759119,46.9924779],[11.6775113,46.9925173],[11.6810833,46.9932978],[11.6825455,46.9937838],[11.6836053,46.9944086],[11.6869931,46.9949407],[11.6886323,46.9955078],[11.6895282,46.9950897],[11.6917537,46.9949859],[11.6922823,46.9945652],[11.6932171,46.99455],[11.6948267,46.9935764],[11.696245,46.9933204],[11.696995,46.9934233],[11.7001308,46.9925771],[11.7009407,46.9926798],[11.700977,46.9929731],[11.7030334,46.992842],[11.7036002,46.9929397],[11.7063902,46.9923662],[11.7071071,46.9925471],[11.7080472,46.9925411],[11.7086863,46.9928246],[11.7114655,46.9932355],[11.7118067,46.9930463],[11.7127748,46.991953],[11.7131609,46.9912923],[11.7135941,46.9910758],[11.7140146,46.9898926],[11.7143435,46.9896273],[11.7144828,46.9892211],[11.7153228,46.9885705],[11.7159706,46.9883361],[11.7161988,46.9879899],[11.7168352,46.9877225],[11.7169227,46.9874084],[11.7167989,46.9871989],[11.7172343,46.9863499],[11.7170682,46.98569],[11.7172282,46.9850844],[11.718165,46.9838561],[11.7190529,46.9833858],[11.7200981,46.9821948],[11.7214544,46.9817133],[11.7241625,46.9800356],[11.7243245,46.9793458],[11.7248065,46.9784624],[11.72488,46.9774295],[11.7255115,46.9770165],[11.7259487,46.9763475],[11.7262628,46.9761919],[11.7262383,46.9758025],[11.7266354,46.9752168],[11.7269507,46.9740505],[11.7276809,46.9723754],[11.7297191,46.9718832],[11.7306048,46.9720122],[11.7359511,46.971757],[11.736675,46.9711172],[11.7375903,46.9708951],[11.7384369,46.9703536],[11.742906,46.9699511],[11.7435217,46.9696513],[11.7462514,46.9691915],[11.7470344,46.9688735],[11.7476053,46.9691493],[11.7492638,46.969412],[11.7500353,46.9699282],[11.7508722,46.9701634],[11.7513423,46.9710289],[11.7521401,46.9716572],[11.754967,46.9720185],[11.7580525,46.9728127],[11.7588178,46.9726247],[11.760577,46.9726391],[11.7613069,46.9727921],[11.764091,46.9726824],[11.765595,46.9735298],[11.7661118,46.9755918],[11.7674662,46.9787884],[11.7685162,46.9796696],[11.7694824,46.9810792],[11.7703039,46.9816438],[11.7713056,46.9829482],[11.7713978,46.9834294],[11.7720464,46.9843938],[11.7731959,46.9853744],[11.775204,46.9862301],[11.77722,46.9877005],[11.7773472,46.9880346],[11.7787187,46.988622],[11.7794869,46.9887765],[11.7805441,46.9887445],[11.7809214,46.9890305],[11.7809274,46.9894844],[11.781333,46.9901131],[11.7811654,46.9906428],[11.7812592,46.9912452],[11.7814605,46.9919664],[11.7817896,46.9924638],[11.7826289,46.9921645],[11.783409,46.9922765],[11.7842062,46.9919494],[11.7866793,46.9914846],[11.7883171,46.9904367],[11.7894159,46.9901323],[11.7906076,46.9901725],[11.7915498,46.9900116],[11.7938821,46.9905675],[11.7945975,46.9909245],[11.7976415,46.9912946],[11.7990809,46.9910024],[11.8010518,46.9908563],[11.8031399,46.9914281],[11.8038186,46.9917564],[11.8052713,46.9911219],[11.8083977,46.990606],[11.8096228,46.9902006],[11.8119283,46.9903635],[11.813807,46.9899965],[11.8153287,46.9899158],[11.8180663,46.9903534],[11.8207816,46.9911023],[11.8212964,46.9910854],[11.8226859,46.991773],[11.8231421,46.9917317],[11.8237049,46.9919883],[11.8254877,46.992321],[11.8275319,46.9931821],[11.8282918,46.9931598],[11.8300854,46.9925496],[11.8316625,46.9923738],[11.8339887,46.9929549],[11.8355401,46.9931063],[11.8362055,46.993008],[11.8371603,46.9937173],[11.8379181,46.9952118],[11.839793,46.9966068],[11.840212,46.9974572],[11.8400885,46.9978722],[11.8401596,46.9986166],[11.8409212,46.9989105],[11.8416666,46.9995183],[11.8433655,47.0001265],[11.8448196,47.0011727],[11.8449887,47.0016735],[11.845444,47.0016495],[11.8474929,47.0008098],[11.849078,47.0007689],[11.8506649,47.0003488],[11.8515571,47.0003563],[11.8523724,47.0001163],[11.8536495,47.0009843],[11.8539903,47.0014517],[11.8538443,47.0018429],[11.8548926,47.0026584],[11.8552503,47.0032594],[11.8563145,47.003551],[11.8566432,47.0038406],[11.8567987,47.0042393],[11.8579819,47.0050746],[11.8590287,47.0065952],[11.8601779,47.0079181],[11.864916,47.0094887],[11.8654376,47.0100339],[11.8679977,47.0115857],[11.869755,47.0118753],[11.8740567,47.0100817],[11.8765099,47.0115905],[11.8771465,47.0132139],[11.8780115,47.0148101],[11.878626,47.0154407],[11.8801006,47.0161671],[11.8911242,47.0161406],[11.8927094,47.0163673],[11.8930031,47.0168253],[11.8929648,47.017323],[11.8933116,47.0181031],[11.8937421,47.018388],[11.8948785,47.0196549],[11.8952701,47.0204809],[11.8968681,47.0209376],[11.8976384,47.0215444],[11.897725,47.0218375],[11.8995297,47.0222272],[11.9011215,47.0230733],[11.9022187,47.0239421],[11.9023116,47.024206],[11.9038444,47.0250464],[11.9058746,47.0254169],[11.9064154,47.0258673],[11.9083626,47.0264713],[11.9083895,47.0269478],[11.9094987,47.0275581],[11.9121235,47.0283648],[11.9144112,47.0286742],[11.9147854,47.0290567],[11.9148085,47.0294375],[11.9150431,47.0297859],[11.9151479,47.0310344],[11.9150311,47.0311745],[11.9155016,47.0323866],[11.9163723,47.0328241],[11.9166932,47.0331774],[11.9180819,47.0330786],[11.9191147,47.0335243],[11.9210753,47.0339634],[11.9264252,47.0349],[11.9278191,47.0356183],[11.9304858,47.0366211],[11.9313739,47.03721],[11.9330469,47.037567],[11.9359553,47.0374194],[11.9366764,47.0370838],[11.9384859,47.0371218],[11.9412466,47.036385],[11.943173,47.0356298],[11.9458694,47.0337046],[11.9464387,47.03349],[11.9471987,47.0334663],[11.948345,47.0339993],[11.9496338,47.0352],[11.9495096,47.0357627],[11.9501371,47.036646],[11.9501489,47.0370442],[11.9506418,47.0378338],[11.951499,47.0385467],[11.9516009,47.0389353],[11.9533336,47.0398956],[11.953896,47.0407363],[11.9543006,47.0409053],[11.9542412,47.0412167],[11.9548807,47.0418868],[11.9549053,47.0422406],[11.9555448,47.0424919],[11.9557049,47.042978],[11.9566914,47.0434436],[11.9582201,47.0430362],[11.9606169,47.0416201],[11.9611441,47.0411282],[11.9613242,47.0407109],[11.9624397,47.0403931],[11.9636468,47.0403018],[11.9652345,47.0405733],[11.968476,47.0405329],[11.9694121,47.0413832],[11.9694889,47.0419022],[11.9705694,47.043767],[11.9715255,47.044852],[11.972359,47.045486],[11.9735572,47.0472881],[11.9747744,47.0478226],[11.9757671,47.0485036],[11.9766139,47.0487854],[11.9772051,47.0487871],[11.9784868,47.0497863],[11.9793833,47.0500446],[11.9801579,47.0500177],[11.9806709,47.0497175],[11.9813821,47.0496142],[11.9825491,47.0489616],[11.9827003,47.048504],[11.9833888,47.0480836],[11.9853432,47.0471137],[11.9861609,47.0470292],[11.9869114,47.0471012],[11.9893236,47.0478579],[11.9899124,47.048172],[11.9904776,47.0487634],[11.9914889,47.0491345],[11.9924671,47.0493475],[11.9935247,47.0493201],[11.994074,47.0491515],[11.9944184,47.0495363],[11.9951546,47.0495628],[11.9983013,47.0493208],[11.9986176,47.0491546],[11.9993263,47.0491197],[11.9998524,47.0488321],[12.0012052,47.0486552],[12.0027895,47.0487051],[12.0047473,47.0483323],[12.0065257,47.0484416],[12.0096924,47.0476351],[12.0120482,47.0476151],[12.0158377,47.047089],[12.0198636,47.0470655],[12.0212665,47.0472656],[12.0221934,47.0478679],[12.0260381,47.0492007],[12.0277263,47.0499424],[12.0288454,47.049886],[12.0297158,47.0500399],[12.0310414,47.0506328],[12.0312204,47.0509479],[12.031304,47.0520748],[12.0321239,47.053375],[12.0323437,47.0547242],[12.0333126,47.0554862],[12.0345004,47.0573319],[12.0349305,47.0577559],[12.0356901,47.0583068],[12.0379918,47.0592436],[12.0398812,47.0603627],[12.0410383,47.0604643],[12.0427062,47.0608692],[12.0433209,47.0612712],[12.0440859,47.0614393],[12.0447824,47.061496],[12.0457296,47.0612275],[12.048607,47.061005],[12.0496504,47.0612416],[12.0509508,47.0619173],[12.0529519,47.0609101],[12.0561306,47.0611075],[12.0578456,47.0600567],[12.0595061,47.0585216],[12.0609488,47.0590971],[12.0625447,47.0594367],[12.0633499,47.0592556],[12.0642682,47.0594406],[12.0662138,47.0593848],[12.0680195,47.0597181],[12.069326,47.0596457],[12.0724991,47.060019],[12.0732852,47.0599801],[12.074491,47.0594942],[12.0749532,47.0594612],[12.0755313,47.058984],[12.0766715,47.0588878],[12.0768736,47.0590021],[12.0766258,47.0595333],[12.076894,47.0597897],[12.0769935,47.0602682],[12.0773917,47.0608473],[12.077511,47.0614611],[12.0781386,47.0622771],[12.078078,47.0625136],[12.0783809,47.0632647],[12.0783397,47.0640331],[12.0798985,47.0669934],[12.080713,47.0676315],[12.0817035,47.0689569],[12.0832692,47.0699496],[12.0853406,47.0704423],[12.0872991,47.0707055],[12.0881976,47.0718939],[12.0895847,47.072077],[12.0921259,47.0738175],[12.092283,47.0745884],[12.0919992,47.0760794],[12.0927373,47.0762667],[12.0931386,47.0766401],[12.0938339,47.0769556],[12.0953472,47.0771097],[12.0973552,47.0778787],[12.0998557,47.078295],[12.1028749,47.0782663],[12.1051244,47.0775008],[12.1068588,47.0775679],[12.108561,47.0767196],[12.1112065,47.0762454],[12.1138692,47.0749018],[12.1153207,47.0745291],[12.1163559,47.0739714],[12.1189335,47.0732272],[12.121971,47.0748753],[12.1237633,47.0751652],[12.1246219,47.0754956],[12.1262156,47.0765273],[12.1265894,47.0765067],[12.1280156,47.0769251],[12.1303481,47.077907],[12.1323684,47.0777895],[12.1335544,47.0773571],[12.1354201,47.0792138],[12.1360243,47.0806701],[12.1349529,47.0815934],[12.1314329,47.0869939],[12.1289217,47.0899416],[12.127665,47.0901299],[12.1273704,47.0904723],[12.1271084,47.0905347],[12.12703,47.0908156],[12.125198,47.0925595],[12.1257666,47.094315],[12.1258812,47.097234],[12.1273454,47.1011951],[12.1279768,47.1034755],[12.1294459,47.1042488],[12.129397,47.1053197],[12.1280552,47.107724],[12.1278455,47.1096772],[12.1274972,47.1102563],[12.1272018,47.1103015],[12.1259192,47.1117557],[12.1248942,47.1135059],[12.123976,47.1137779],[12.1228791,47.1145916],[12.1224592,47.1146948],[12.1222875,47.1148751],[12.1224268,47.1150334],[12.1221239,47.1153134],[12.1219457,47.1157973],[12.120603,47.1170232],[12.1197938,47.1173691],[12.1181804,47.118543],[12.1170871,47.1196244],[12.1166838,47.1205315],[12.1146216,47.1216924],[12.1136214,47.1246688],[12.1139367,47.1259914],[12.1145461,47.1272756],[12.1142631,47.1304598],[12.1144635,47.1312244],[12.1140579,47.1316125],[12.1138817,47.132039],[12.1133333,47.1323508],[12.1130938,47.1346228],[12.1124993,47.1355962],[12.1130446,47.1365555],[12.1122901,47.1371223],[12.1117992,47.1385147],[12.1106695,47.1396488],[12.1097459,47.1398649],[12.1075304,47.1409506],[12.1044339,47.1418658],[12.1032153,47.1424366],[12.1020981,47.142627],[12.1012246,47.1431299],[12.1005643,47.1432138],[12.099598,47.1436284],[12.0985633,47.1436737],[12.0983749,47.1440357],[12.0967502,47.1446104],[12.09437,47.1451777],[12.0932574,47.146045],[12.0930406,47.1465331],[12.0937665,47.148835],[12.0937021,47.1493715],[12.0939468,47.1506451],[12.0939038,47.1522436],[12.0935033,47.1536914],[12.0935895,47.1566585],[12.0931134,47.1584994],[12.0931671,47.1590608],[12.0935703,47.1597788],[12.093571,47.1602612],[12.0929433,47.1636198],[12.0917282,47.1662263],[12.0916855,47.1667401],[12.0918976,47.1673121],[12.0898212,47.1681867],[12.0888952,47.1680577],[12.0870935,47.1686575],[12.0871421,47.1692708],[12.086345,47.1699901],[12.0859132,47.1706739],[12.08632,47.1714577],[12.0863171,47.1717779],[12.0860663,47.1720115],[12.08628,47.1726023],[12.0872646,47.1737168],[12.0874027,47.1745247],[12.0871892,47.1746826],[12.0893437,47.1756067],[12.0890737,47.1766622],[12.0892474,47.1769392],[12.0887393,47.1776531],[12.0887738,47.1779204],[12.0883653,47.1780802],[12.0883702,47.1784689],[12.0879843,47.1788904],[12.088151,47.1793757],[12.087753,47.1798231],[12.0880845,47.1804566],[12.0879763,47.1813068],[12.0864998,47.1826645],[12.0850122,47.1836508],[12.0841194,47.185304],[12.0835354,47.1859773],[12.0842521,47.1890766],[12.0839156,47.1892366],[12.0840539,47.1898754],[12.082616,47.1905613],[12.0821277,47.191159],[12.0818523,47.1918577],[12.0820738,47.1935437],[12.0818459,47.194376],[12.0827194,47.1952254],[12.0827827,47.1957221],[12.0841403,47.1963672],[12.0840485,47.1965242],[12.0857954,47.1976101],[12.0861847,47.1985132],[12.0873461,47.1990401],[12.087574,47.199741],[12.0873018,47.2000593],[12.0875645,47.2005108],[12.087498,47.2011645],[12.0872765,47.2012827],[12.0871246,47.2017601],[12.0862512,47.2020546],[12.0871056,47.2045036],[12.0889601,47.2063246],[12.0901057,47.2071373],[12.0886974,47.208109],[12.0874031,47.2097365],[12.0874632,47.2104158],[12.0879917,47.210921],[12.0875835,47.2114692],[12.087248,47.2128472],[12.087343,47.2129009],[12.0861657,47.2153923],[12.0899319,47.2169269],[12.091905,47.218448],[12.0932071,47.2198869],[12.0960106,47.2237974],[12.0958539,47.224156],[12.0965074,47.2244144],[12.0960598,47.2250299],[12.0970623,47.2255314],[12.0973174,47.2259918],[12.0981924,47.2266711],[12.0982528,47.228288],[12.0988839,47.22918],[12.0990786,47.2299732],[12.0989353,47.2305172],[12.099318,47.231043],[12.0999222,47.2327388],[12.1001706,47.2330609],[12.1012358,47.233617],[12.1016744,47.2340881],[12.1018646,47.2351243],[12.1023099,47.2361621],[12.1026388,47.2364887],[12.1033482,47.2365358],[12.104212,47.236943],[12.1064491,47.2368489],[12.1065497,47.2377212],[12.1067465,47.2379291],[12.1067251,47.2383062],[12.1065504,47.2384763],[12.1066154,47.2388783],[12.1064175,47.2390704],[12.1068751,47.2393486],[12.1068998,47.2395134],[12.1089441,47.2399222],[12.1089379,47.2400597],[12.1100746,47.2403859],[12.1109141,47.2409697],[12.1111234,47.2412634],[12.1111145,47.2417795],[12.1109965,47.2425261],[12.1107497,47.2429522],[12.1103474,47.2436041],[12.1091297,47.2447585],[12.1083787,47.2468124],[12.1080192,47.2470163],[12.1074155,47.2480555],[12.1071609,47.2481998],[12.1066084,47.2492012],[12.1066942,47.2493396],[12.1064367,47.2495035],[12.1063847,47.2499283],[12.105396,47.2512222],[12.1031143,47.2520285],[12.1028085,47.2566782],[12.1016409,47.2576705],[12.1007719,47.258162],[12.0982667,47.2586899],[12.0940806,47.2590629],[12.0930667,47.2594234],[12.0922299,47.2593942],[12.0913198,47.2597275],[12.0903649,47.2606122],[12.0898373,47.2614548],[12.0843353,47.2652038],[12.0815118,47.2663476],[12.0787134,47.2677474],[12.0769842,47.2679565],[12.0760956,47.2695893],[12.0769467,47.2705155],[12.0784506,47.2717696],[12.0790621,47.2732292],[12.0785705,47.2752009],[12.0816459,47.279683],[12.0818056,47.2808483],[12.0863393,47.2826847],[12.0865223,47.2835672],[12.0901134,47.2846399],[12.0925393,47.2846702],[12.0941918,47.2856566],[12.09466,47.2864188],[12.0952439,47.2888624],[12.0962133,47.2902298],[12.0973205,47.2908276],[12.0990225,47.2920867],[12.0990225,47.2925574],[12.0996394,47.2929758],[12.1030105,47.2937043],[12.1027956,47.2940069],[12.1031757,47.2972122],[12.1035833,47.2980864],[12.1051862,47.2984599],[12.105859,47.2991553],[12.1072183,47.3015827],[12.1090022,47.30228],[12.1109184,47.3042661],[12.1145474,47.3064538],[12.1189594,47.3034353],[12.1212457,47.3025848],[12.1238047,47.3021464],[12.1262419,47.3006208],[12.1271893,47.2993881],[12.1301836,47.296906],[12.130094,47.295823],[12.1320181,47.2951599],[12.1335955,47.2943648],[12.1361038,47.2937995],[12.1370854,47.2932817],[12.1372567,47.2930678],[12.1372022,47.292476],[12.1374476,47.2910019],[12.1389121,47.289961],[12.1440884,47.2881302],[12.1443026,47.2889175],[12.148474,47.2914087],[12.1533777,47.2928247],[12.1548383,47.2935723],[12.1573116,47.2959102],[12.1568831,47.2971596],[12.1593486,47.2973049],[12.1616933,47.2982373],[12.1649339,47.2987418],[12.1647781,47.3012564],[12.1646062,47.3015398],[12.1694991,47.3027673],[12.174216,47.3021459],[12.1802419,47.3003369],[12.1822144,47.3016776],[12.18337,47.3015705],[12.1864303,47.3004777],[12.188782,47.3012276],[12.190583,47.3013317],[12.1954224,47.2985922],[12.1970023,47.2984558],[12.1977811,47.2993693],[12.2004721,47.2994661],[12.2017991,47.3010364],[12.2054463,47.3014894],[12.2081455,47.3021383],[12.2089805,47.3036871],[12.215345,47.3096371],[12.2162071,47.3114519],[12.2189882,47.3111365],[12.2215507,47.3118153],[12.2229311,47.3126735],[12.2256833,47.3129995],[12.2263713,47.3129725],[12.2299702,47.3120396],[12.2313198,47.3107089],[12.231461,47.3099074],[12.2326104,47.3077498],[12.2317247,47.3054955],[12.2320958,47.3049499],[12.2331874,47.3045545],[12.2341074,47.3035119],[12.2362624,47.3024058],[12.2372947,47.3014499],[12.2404258,47.3022345],[12.241168,47.302685],[12.2457275,47.3027061],[12.2477952,47.3031333],[12.2521115,47.3075616],[12.2546844,47.3079634],[12.2564631,47.3072919],[12.2583975,47.3054475],[12.2602504,47.3042035],[12.2641095,47.3022067],[12.2664109,47.3028678],[12.2668731,47.3032698],[12.2684911,47.305471],[12.2703604,47.3063569],[12.2725914,47.307822],[12.2736065,47.3081832],[12.2768626,47.311706],[12.2795258,47.3131505],[12.2800986,47.3150651],[12.2837768,47.3164823],[12.2856963,47.3176746],[12.287445,47.3205019],[12.2918166,47.322498],[12.2917764,47.3233904],[12.2924699,47.3244463],[12.2941783,47.3253183],[12.2955551,47.3263469],[12.2965049,47.3280937],[12.2966018,47.3326052],[12.304325,47.3304358],[12.3070987,47.3309807],[12.3104202,47.3301293],[12.3123045,47.3302553],[12.3168721,47.3296627],[12.3174047,47.3289645],[12.3175806,47.3283208],[12.3175103,47.3279291],[12.318867,47.3256914],[12.3338612,47.3275306],[12.3350622,47.3279155],[12.3352625,47.328533],[12.3365177,47.3258579],[12.3367914,47.3247234],[12.3398333,47.3239493],[12.3416806,47.3220656],[12.3422493,47.3217662],[12.3457011,47.3210306],[12.3464628,47.3211388],[12.3482352,47.3207495],[12.3497233,47.3191396],[12.3508665,47.3184529],[12.3545349,47.3182054],[12.357297,47.3185272],[12.3595147,47.3178573],[12.3620346,47.3168172],[12.3636445,47.3153427],[12.3646668,47.3149447],[12.3661058,47.3139908],[12.3675104,47.3137606],[12.3692566,47.3140622],[12.371225,47.3127719],[12.3728246,47.3120669],[12.3742584,47.3120023],[12.3745876,47.3113098],[12.3823504,47.3132466],[12.3857509,47.3144628],[12.3861157,47.314385],[12.3886831,47.3147512],[12.3961617,47.3149538],[12.398456,47.3147028],[12.4008244,47.3142162],[12.4023753,47.3136581],[12.4049915,47.3132951],[12.4103331,47.313623],[12.4103098,47.3137296],[12.4118051,47.3145523],[12.4139211,47.3155584],[12.4136829,47.3157582],[12.4140018,47.3163418],[12.413967,47.3166751],[12.4148907,47.3182862],[12.417154,47.3207425],[12.4183148,47.3215178],[12.4259768,47.3240198],[12.4418885,47.3286169],[12.4445951,47.3280932],[12.4451573,47.3277478],[12.4487002,47.3266266],[12.4518285,47.326952],[12.4575075,47.3257848],[12.4610312,47.3252712],[12.4650201,47.325323],[12.4672107,47.3250214],[12.468359,47.3241045],[12.4697888,47.3237713],[12.4724611,47.325239],[12.4763275,47.3257819],[12.4783056,47.3263897],[12.4806078,47.3284883],[12.4809648,47.3295122],[12.4820586,47.3294728],[12.4870606,47.3375338],[12.4882124,47.3380475],[12.4908463,47.3381689],[12.4913463,47.3385621],[12.4942079,47.3380172],[12.4952177,47.3374285],[12.4947371,47.3413552],[12.4971202,47.3427114],[12.4976505,47.3441061],[12.4983967,47.344727],[12.4976545,47.3471127],[12.4981786,47.3486908],[12.4985966,47.349176],[12.496677,47.348565],[12.4951671,47.3484364],[12.4920619,47.350829],[12.4861919,47.3524487],[12.4860154,47.3540223],[12.4862871,47.3570528],[12.4877379,47.3588265],[12.4878897,47.3594497],[12.484718,47.3605575],[12.4813357,47.3624608],[12.4789547,47.3649712],[12.479334,47.3661481],[12.4806359,47.3683417],[12.47972,47.3687708],[12.478962,47.3682242],[12.4793214,47.3709761],[12.4814865,47.3740448],[12.4820529,47.3774069],[12.4826618,47.3779255],[12.4864555,47.378585],[12.4872068,47.3784905],[12.4883186,47.3791934],[12.4906306,47.3795385],[12.4919793,47.3795149],[12.4927413,47.3803765],[12.4942817,47.3804368],[12.4958588,47.3802528],[12.4980225,47.3814291],[12.4978066,47.3817228],[12.498975,47.3843015],[12.4987384,47.385704],[12.5001568,47.3867255],[12.5007809,47.3880492],[12.5012458,47.3885409],[12.502817,47.389481],[12.503987,47.390513],[12.5039972,47.3908429],[12.5052363,47.3924808],[12.5060893,47.3941259],[12.5103647,47.3933959],[12.515102,47.3933674],[12.516014,47.3929462],[12.5189215,47.3921327],[12.5227893,47.3906401],[12.5236453,47.3906982],[12.5281966,47.3916243],[12.5310046,47.3918124],[12.5326002,47.3928367],[12.54261,47.3948739],[12.5456194,47.3969365],[12.5453112,47.3980321],[12.5460947,47.3981844],[12.5467264,47.3977799],[12.5502382,47.3983672],[12.5525771,47.399177],[12.5537411,47.3991479],[12.5550562,47.3995878],[12.5586182,47.3982879],[12.5606451,47.3985524],[12.562115,47.3993912],[12.562663,47.3995479],[12.5633925,47.3993445],[12.5634408,47.3990649],[12.5629036,47.3971653],[12.5631833,47.3959276],[12.5645459,47.3947801],[12.5678442,47.3944781],[12.5690252,47.3938867],[12.5709993,47.3936906],[12.5717449,47.3928263],[12.5768457,47.3923319],[12.5786159,47.3924989],[12.5795601,47.3933415],[12.5812882,47.3940901],[12.5838632,47.3960002],[12.5867385,47.397529],[12.5883049,47.3986837],[12.5893295,47.3999473],[12.5902093,47.4004665],[12.5904659,47.4015408],[12.5896299,47.4030844],[12.5912062,47.4039807],[12.5925581,47.406504],[12.5959537,47.4076731],[12.5972045,47.4079096],[12.5981379,47.4092892],[12.5991134,47.4097061],[12.5997571,47.4103596],[12.5998161,47.411779],[12.6007871,47.4125886],[12.6011143,47.4131803],[12.6019297,47.4134199],[12.603067,47.4141168],[12.6058296,47.4137647],[12.6090268,47.4148537],[12.610545,47.4157068],[12.6145637,47.4172028],[12.6183617,47.4165277],[12.6196055,47.4166687],[12.6208347,47.4174678],[12.6213497,47.4180559],[12.6223368,47.4183789],[12.6229429,47.4191702],[12.6230461,47.419537],[12.6227597,47.4200517],[12.6229475,47.4205235],[12.6228831,47.4208901],[12.6245707,47.4225135],[12.6241261,47.4231098],[12.6240354,47.4240382],[12.6242913,47.4248759],[12.6248819,47.4254676],[12.625784,47.425634],[12.626345,47.426012],[12.627028,47.4297952],[12.6322931,47.4321037],[12.6341691,47.4354459],[12.6375328,47.4365724],[12.638356,47.4415126],[12.6368674,47.4443977],[12.6368894,47.4458468],[12.6369138,47.4464413],[12.637756,47.4493435],[12.637454,47.4493877],[12.6342675,47.4511602],[12.6327995,47.4516316],[12.6336713,47.4545552],[12.6329911,47.4554252],[12.6329809,47.4558748],[12.6322151,47.4562007],[12.6317999,47.4567658],[12.6309571,47.4584078],[12.6308405,47.4593709],[12.6310518,47.4609376],[12.631176,47.4612887],[12.6318417,47.4619237],[12.6318106,47.4632727],[12.6320147,47.4638629],[12.6313863,47.4643551],[12.6313772,47.4645487],[12.6322556,47.465051],[12.633056,47.4651039],[12.6332456,47.4654131],[12.6336576,47.4653297],[12.6343072,47.4662276],[12.6355164,47.4668144],[12.6360343,47.4668702],[12.6368518,47.4663721],[12.6377941,47.4662521],[12.6402859,47.4678086],[12.6413244,47.4679924],[12.6419258,47.4678261],[12.6446925,47.4681915],[12.649197,47.4675583],[12.6526964,47.4675264],[12.657449,47.4663079],[12.6630871,47.4654517],[12.6639931,47.4648907],[12.6652253,47.4648058],[12.6672627,47.4662846],[12.6708046,47.4668046],[12.6723774,47.4671903],[12.6733867,47.4670898],[12.6750221,47.4679828],[12.6758884,47.4687824],[12.6766204,47.4690277],[12.6787351,47.4706731],[12.6841164,47.4743349],[12.686698,47.4739125],[12.6922459,47.4762524],[12.6962196,47.4769185],[12.6995919,47.47789],[12.6964964,47.4823061],[12.6976642,47.4847756],[12.697842,47.4854441],[12.6974722,47.4874808],[12.6971712,47.4881194],[12.6942047,47.490211],[12.6870171,47.4912288],[12.6853059,47.492743],[12.6753519,47.4991174],[12.6720189,47.4997125],[12.6693043,47.5082297],[12.6651301,47.506069],[12.6637206,47.5076806],[12.6630307,47.508175],[12.660944,47.510697],[12.6584441,47.5162211],[12.6585782,47.5178419],[12.6560677,47.5239847],[12.6557297,47.526064],[12.6544262,47.5288761],[12.6545013,47.5293095],[12.6539702,47.5302766],[12.653879,47.5311749],[12.6532085,47.5338056],[12.653246,47.5349211],[12.6541201,47.5367735],[12.6536665,47.5364216],[12.6506294,47.5364802],[12.6483602,47.5375504],[12.6448041,47.5384369],[12.643186,47.5409692],[12.6411604,47.541463],[12.6366019,47.5431566],[12.6345254,47.5458471],[12.6281755,47.5495427],[12.6327967,47.5515477],[12.6351262,47.5514769],[12.6374165,47.552375],[12.641615,47.5545027],[12.6460264,47.5605766],[12.6499703,47.5655618],[12.6517773,47.5658818],[12.6519957,47.5697399],[12.6572627,47.5726688],[12.6601032,47.5747125],[12.6666167,47.5786207],[12.66607,47.5788338],[12.6657195,47.5792994],[12.6607059,47.5826297],[12.6578069,47.5854145],[12.653545,47.5880299],[12.652581,47.5891315],[12.6478099,47.5906897],[12.6456293,47.5916321],[12.643322,47.5915927],[12.6409542,47.5926289],[12.6407256,47.5933076],[12.6384329,47.593432],[12.636727,47.5931281],[12.6263629,47.596355],[12.6203441,47.5977514],[12.6150547,47.5980263],[12.6112782,47.5988221],[12.6080166,47.5987859],[12.6061605,47.5994153],[12.6056101,47.5998986],[12.6019334,47.6014193],[12.5985216,47.6020486],[12.5935542,47.6026925],[12.5865268,47.6029891],[12.5801324,47.6041899],[12.5782656,47.6037269],[12.5745073,47.6049914],[12.5726222,47.6093981],[12.5701653,47.6117199],[12.5700044,47.6162836],[12.5712242,47.6188712],[12.5719323,47.6237308],[12.5728582,47.6256413],[12.5734344,47.6277874],[12.5739064,47.6286623],[12.5743785,47.6308314],[12.5750269,47.6323152],[12.5592854,47.6341457],[12.536374,47.6364725],[12.5252288,47.6307419],[12.5122716,47.625307],[12.4991695,47.6251006],[12.4906589,47.6350586],[12.4913477,47.6369024],[12.4702794,47.6474903],[12.4703733,47.6475589],[12.4701587,47.6477487],[12.4681385,47.6482856],[12.465113,47.649733],[12.4576677,47.6591675],[12.4564258,47.6604176],[12.4558545,47.6615214],[12.4557606,47.6621952],[12.4554629,47.6627986],[12.4538456,47.6633549],[12.4532549,47.6642692],[12.4526595,47.6668342],[12.4523886,47.6671991],[12.452837,47.6675601],[12.4527426,47.6678963],[12.4515415,47.6684922],[12.4500234,47.6687053],[12.4496747,47.669202],[12.449141,47.6694242],[12.4489934,47.6697601],[12.4485562,47.6698089],[12.4476738,47.670535],[12.4467484,47.6707662],[12.4463488,47.6706361],[12.4456755,47.6706921],[12.4452732,47.6708709],[12.444233,47.6717295],[12.4456568,47.6726518],[12.4445839,47.6738872],[12.4437363,47.6737174],[12.4422128,47.6739522],[12.4411077,47.6740172],[12.440743,47.6739052],[12.4399812,47.6752634],[12.4389352,47.6761953],[12.4390714,47.6766],[12.4399726,47.6767481],[12.4403803,47.6766578],[12.4406539,47.6767445],[12.4407966,47.6771199],[12.4408878,47.6787489],[12.4407376,47.6790161],[12.4398063,47.6793883],[12.4395381,47.6797459],[12.4402891,47.6819959],[12.4411957,47.6836031],[12.4415873,47.6839642],[12.4409382,47.685044],[12.440965,47.6856977],[12.4415712,47.6863983],[12.4412333,47.6878247],[12.4423115,47.6887419],[12.4426656,47.6899408],[12.4422632,47.6901683],[12.4419092,47.690681],[12.4429966,47.6918376],[12.4420843,47.6929606],[12.4411582,47.6931919],[12.4411287,47.6934341],[12.4405485,47.6935538],[12.4402993,47.6949763],[12.4400708,47.6952305],[12.4326253,47.694443],[12.4291199,47.6963833],[12.4135899,47.6936262],[12.4013715,47.6922737],[12.3929684,47.689898],[12.3914516,47.6891971],[12.3837904,47.6877318],[12.3807278,47.6864457],[12.3795557,47.6864091],[12.3788202,47.6862067],[12.3781244,47.6864916],[12.3770811,47.6863325],[12.374009,47.6850619],[12.3687819,47.6842845],[12.3636175,47.6838421],[12.3570348,47.6904277],[12.3552599,47.6903383],[12.3524707,47.6907037],[12.3521582,47.6908682],[12.3520389,47.6917513],[12.3514538,47.6920989],[12.3499041,47.6920444],[12.3471002,47.692406],[12.3466368,47.6922748],[12.3458348,47.692388],[12.3447236,47.6922822],[12.3442791,47.6918465],[12.3437,47.6918265],[12.341226,47.6905415],[12.3397571,47.6903488],[12.3384972,47.6905851],[12.3369194,47.6916091],[12.3361021,47.6918137],[12.3358872,47.6920979],[12.3353488,47.6922972],[12.3350634,47.6926978],[12.3380351,47.697055],[12.2921254,47.6901211],[12.2847204,47.6901459],[12.2809268,47.6887804],[12.2775137,47.6878885],[12.2723213,47.6845106],[12.2711972,47.6840389],[12.2677021,47.6807622],[12.2632436,47.6783215],[12.2590474,47.6787759],[12.2552499,47.6794511],[12.2529718,47.6838412],[12.2458853,47.6877517],[12.2412609,47.6943766],[12.2469234,47.7109573],[12.247382,47.7107973],[12.247615,47.7111883],[12.2474636,47.7113734],[12.2476431,47.7115005],[12.248538,47.7115493],[12.2488188,47.7117644],[12.2498153,47.7118894],[12.249937,47.7121609],[12.2507067,47.7126943],[12.2507997,47.7128966],[12.2504982,47.712837],[12.2504027,47.7130357],[12.2504369,47.7135775],[12.2509229,47.7145016],[12.2519339,47.7149951],[12.2519115,47.7152042],[12.2525457,47.7158232],[12.2528881,47.716523],[12.2542582,47.7174488],[12.2544875,47.7185402],[12.2549169,47.7189695],[12.2550595,47.7194063],[12.2561735,47.7200203],[12.2566676,47.7204437],[12.2567273,47.7207604],[12.257597,47.7213228],[12.2578631,47.7219948],[12.2585623,47.7226875],[12.2649807,47.7325165],[12.2631886,47.7369079],[12.2570286,47.7430345],[12.2497055,47.7415525],[12.2398441,47.7323532],[12.2267425,47.7181373],[12.2119569,47.7111967],[12.207998,47.7099567],[12.2068712,47.7107064],[12.2059577,47.7105179],[12.2049537,47.7093152],[12.2045299,47.7083379],[12.2036359,47.7074327],[12.1993895,47.7076109],[12.1984191,47.7086007],[12.197704,47.7087608],[12.1964516,47.7084799],[12.1955279,47.7080679],[12.1947069,47.7074172],[12.1864446,47.7036584],[12.1859369,47.7028474],[12.1858492,47.7019645],[12.1844135,47.7007475],[12.1835036,47.7004961],[12.1624246,47.701167],[12.1648039,47.6897547],[12.1672944,47.6824158],[12.1683802,47.680558],[12.1699176,47.6783596],[12.1719435,47.6761528],[12.1748234,47.6738782],[12.1796927,47.6704845],[12.1813146,47.6691159],[12.1822372,47.668039],[12.183153,47.6664982],[12.183586,47.6654359],[12.1841325,47.6634532],[12.1844733,47.660956],[12.1849988,47.6596885],[12.1942309,47.647805],[12.1956635,47.6461487],[12.1979376,47.6429018],[12.1990868,47.6408506],[12.2011671,47.6352053],[12.2025836,47.630287],[12.2027363,47.6280463],[12.2037036,47.6229714],[12.2071777,47.6165129],[12.2079329,47.6147199],[12.2082498,47.6134704],[12.2081456,47.6117423],[12.2073109,47.6097073],[12.2058762,47.6078755],[12.2049562,47.6072032],[12.2039614,47.6067646],[12.2005611,47.6058811],[12.1942596,47.6050933],[12.1858448,47.6047352],[12.1842016,47.604281],[12.1803925,47.6025295],[12.1781491,47.6008901],[12.1772643,47.6012811],[12.1798204,47.6049545],[12.1800931,47.6081772],[12.1814362,47.6103544],[12.1790043,47.6143898],[12.1758205,47.6145846],[12.1739549,47.6141197],[12.1724172,47.6140654],[12.1714144,47.6145023],[12.1709748,47.6145081],[12.1704511,47.6142917],[12.1689762,47.6143063],[12.1635669,47.6134367],[12.1632248,47.6131628],[12.1623523,47.613145],[12.1611807,47.6127547],[12.1579363,47.6109712],[12.1560274,47.6102172],[12.1543461,47.6097438],[12.1527454,47.6097582],[12.1513085,47.6094514],[12.1498348,47.608906],[12.1482647,47.6078297],[12.1453997,47.607542],[12.1398022,47.6053353],[12.1374733,47.6059592],[12.1346666,47.6059131],[12.132488,47.6062758],[12.1302711,47.6062426],[12.1290224,47.6056493],[12.1250635,47.607022],[12.1232912,47.6082883],[12.1204841,47.6087223],[12.1200648,47.6094197],[12.1193884,47.6100908],[12.1152172,47.6114504],[12.114254,47.6112021],[12.1098289,47.6113299],[12.1095535,47.6117393],[12.1000406,47.6107242],[12.0973659,47.6100053],[12.0932664,47.6104679],[12.0926843,47.6100603],[12.0875601,47.6098678],[12.0872072,47.6096841],[12.0823518,47.6097453],[12.0795967,47.6111081],[12.0787637,47.6129789],[12.0781745,47.6135126],[12.0708373,47.6146621],[12.0692004,47.6156223],[12.0653367,47.6168443],[12.0642122,47.6186831],[12.060719,47.6188294],[12.0600223,47.6176398],[12.0543226,47.6152566],[12.0530256,47.615495],[12.0512284,47.6148816],[12.0495236,47.6149461],[12.0461141,47.6163206],[12.0453932,47.6162593],[12.0436973,47.6165826],[12.0420569,47.616649],[12.0384756,47.6176055],[12.0373288,47.6176226],[12.036184,47.6171659],[12.0342608,47.6167849],[12.0335113,47.6154623],[12.0314393,47.6147822],[12.0311095,47.6138041],[12.030657,47.6133893],[12.0309052,47.6130112],[12.0301408,47.61237],[12.0298873,47.6118177],[12.0285913,47.6112599],[12.0276057,47.6110737],[12.0237836,47.6114561],[12.0219093,47.611083],[12.0196276,47.6119571],[12.0170287,47.6172405],[12.0162486,47.6178527],[12.0161746,47.6184489],[12.0150082,47.6198626],[12.0147113,47.6198987],[12.0140263,47.6207635],[12.0122729,47.6218358],[12.0127625,47.6232007],[12.0104329,47.6243962],[12.0085922,47.6249703],[12.0085326,47.6251781],[12.006449,47.6235221],[12.0013094,47.6223578],[11.9994677,47.6215034],[11.9971502,47.6214427],[11.989912,47.6207548],[11.9883341,47.62025],[11.9853445,47.6198548],[11.9821619,47.6192549],[11.9809046,47.6188651],[11.976846,47.6148094],[11.976229,47.6129776],[11.9755117,47.6144754],[11.9744184,47.6153987],[11.9716599,47.6164042],[11.9694418,47.6166018],[11.9681661,47.6172392],[11.95302,47.6158909],[11.9333303,47.6127291],[11.9136975,47.613838],[11.9122932,47.6133809],[11.9116605,47.6129327],[11.9115762,47.6125966],[11.911265,47.6123558],[11.910902,47.612372],[11.9102407,47.6119145],[11.9099297,47.6119892],[11.9096045,47.6118386],[11.9090947,47.6114626],[11.9089748,47.6111767],[11.9079773,47.6107515],[11.9074186,47.6100851],[11.9067219,47.6096584],[11.905614,47.6096932],[11.905347,47.6094126],[11.9036157,47.6088563],[11.9022567,47.6082267],[11.8998033,47.6085058],[11.8982927,47.6090296],[11.8971793,47.6088268],[11.8962774,47.609175],[11.895155,47.6090464],[11.8943233,47.6087357],[11.8942923,47.6084477],[11.8649601,47.6019237],[11.8644326,47.6011235],[11.8635552,47.6008644],[11.8622028,47.6010783],[11.861981,47.60092],[11.85997,47.601136],[11.8589016,47.6018073],[11.8585152,47.6018698],[11.8563771,47.6020589],[11.855962,47.6017357],[11.8553114,47.6020097],[11.8549553,47.6023579],[11.853028,47.597824],[11.8473688,47.5823238],[11.8453703,47.5820888],[11.8447903,47.5814332],[11.8440415,47.5812118],[11.8426161,47.5814648],[11.8412179,47.5813959],[11.8402926,47.581698],[11.8396777,47.582171],[11.8352452,47.5818357],[11.8318543,47.5821307],[11.8306821,47.5819885],[11.8294452,47.5821237],[11.828395,47.5853716],[11.8274462,47.5855079],[11.8246052,47.5849087],[11.8222566,47.5853097],[11.8187872,47.5850259],[11.8170056,47.5843955],[11.815068,47.5847777],[11.8127156,47.5847943],[11.8107791,47.585421],[11.789562,47.587692],[11.7810482,47.5911967],[11.7775303,47.5906141],[11.7758411,47.5906349],[11.7734602,47.5897791],[11.7722446,47.5895564],[11.7696173,47.5894268],[11.7673379,47.5901617],[11.7630682,47.5891441],[11.7595305,47.588855],[11.7572322,47.5887569],[11.7554005,47.5891102],[11.7533668,47.5891789],[11.7502733,47.5886043],[11.7478177,47.5879296],[11.7464953,47.5879691],[11.7453084,47.5877161],[11.7232606,47.5891206],[11.7001715,47.5889654],[11.6986216,47.5885686],[11.6975102,47.5886644],[11.6967271,47.5881817],[11.6916514,47.5872234],[11.6896929,47.5866801],[11.6893508,47.585893],[11.6888869,47.5857412],[11.6876368,47.5856301],[11.6865545,47.5853474],[11.6864021,47.5850701],[11.6827284,47.5844407],[11.6812597,47.5838292],[11.6780864,47.5842951],[11.6779522,47.5851401],[11.6741926,47.5850565],[11.6728491,47.5854649],[11.6702951,47.5853111],[11.6688251,47.5844018],[11.6638736,47.5836064],[11.6610075,47.5842631],[11.6603082,47.5838042],[11.6582079,47.5841252],[11.6578121,47.584523],[11.6552975,47.5860199],[11.6527821,47.5871628],[11.6523236,47.588123],[11.6514194,47.5889345],[11.6496443,47.589488],[11.6496301,47.5899264],[11.6492739,47.5903476],[11.6459962,47.5895939],[11.6433452,47.5893018],[11.6432445,47.590749],[11.6428082,47.5911956],[11.6428422,47.5914769],[11.6420364,47.5922402],[11.6422359,47.5924487],[11.642135,47.5926724],[11.6413528,47.593141],[11.6413142,47.5933877],[11.6409507,47.5935181],[11.6403488,47.5933908],[11.6380896,47.5935295],[11.6380052,47.5938321],[11.6367998,47.5941808],[11.6361799,47.5945549],[11.6351013,47.5941543],[11.6346675,47.5932961],[11.6342424,47.5929464],[11.6337927,47.5927059],[11.6329856,47.592591],[11.6324013,47.5914776],[11.6324064,47.5908926],[11.6326626,47.5900545],[11.6326147,47.589587],[11.6324418,47.5894266],[11.6323434,47.5889132],[11.6317792,47.5881312],[11.6318871,47.587582],[11.6314258,47.5872918],[11.631042,47.5866321],[11.6311861,47.5860167],[11.6308109,47.5851771],[11.6310492,47.584636],[11.6314207,47.5843719],[11.6324453,47.5841682],[11.6325734,47.5838487],[11.632916,47.5835889],[11.6328472,47.5832418],[11.6330912,47.5828059],[11.6344492,47.5819857],[11.6342719,47.5813266],[11.6339673,47.5812214],[11.6340111,47.5810263],[11.6334888,47.5805894],[11.6312476,47.5805831],[11.6304361,47.5803079],[11.6274848,47.5814578],[11.6265636,47.5820992],[11.6263351,47.5826118],[11.6255796,47.5827766],[11.6244434,47.5834525],[11.6239283,47.5840008],[11.6225332,47.5842986],[11.6220037,47.5842123],[11.6195346,47.5843831],[11.6182841,47.5840995],[11.6176827,47.5835803],[11.6167758,47.5823978],[11.6167965,47.5817121],[11.6165206,47.5814105],[11.6154243,47.5811744],[11.6153266,47.5808945],[11.6145263,47.580375],[11.6130527,47.5798373],[11.6105963,47.5800377],[11.6101678,47.5806442],[11.6099512,47.5807261],[11.6094685,47.5807226],[11.609052,47.5805131],[11.6085917,47.5806183],[11.6069919,47.5817985],[11.6063562,47.5816342],[11.6057627,47.5810794],[11.6056772,47.5805241],[11.6048655,47.5797244],[11.6050007,47.5784605],[11.6045727,47.5778381],[11.6047335,47.5775519],[11.6046618,47.5771304],[11.6039943,47.576696],[11.6036231,47.5766893],[11.6033414,47.5762813],[11.6030674,47.5757773],[11.6030806,47.5749944],[11.6027481,47.5738997],[11.6018944,47.5729759],[11.6026282,47.5713309],[11.6021984,47.571107],[11.6015485,47.5703088],[11.6012499,47.5694755],[11.6014248,47.5688651],[11.6003174,47.5674345],[11.5999481,47.5665075],[11.5983842,47.5656003],[11.5975543,47.5645311],[11.5972174,47.5635475],[11.5957449,47.5632908],[11.5951723,47.5630324],[11.5948163,47.5624652],[11.5940492,47.561872],[11.5931353,47.5617096],[11.592374,47.5609168],[11.5915565,47.5607036],[11.590869,47.5599713],[11.5903523,47.5597916],[11.5900267,47.5594553],[11.5900178,47.5591392],[11.5886224,47.5577222],[11.5885657,47.5572353],[11.5882467,47.5569506],[11.5882934,47.5567324],[11.5878619,47.5564378],[11.5868807,47.5547196],[11.5884513,47.5535025],[11.5884534,47.5530121],[11.5889063,47.552195],[11.589651,47.5517968],[11.5894952,47.5514348],[11.5895784,47.5509937],[11.5891032,47.5503642],[11.5891313,47.5494362],[11.5885689,47.5489819],[11.5876356,47.5473422],[11.5866098,47.5462164],[11.5859639,47.5458816],[11.5857454,47.5454823],[11.5858698,47.544598],[11.5857277,47.5433901],[11.5859317,47.541816],[11.5863224,47.5409103],[11.5875498,47.5392097],[11.5878637,47.5314789],[11.5886561,47.5313233],[11.5879071,47.530484],[11.5881089,47.5254507],[11.5868936,47.5248322],[11.5861837,47.5239554],[11.5838681,47.5227155],[11.5835046,47.5226749],[11.5830682,47.5223069],[11.5818148,47.5219281],[11.5802554,47.5210443],[11.5797808,47.521037],[11.5786619,47.5206844],[11.5784484,47.5204811],[11.5773109,47.5202222],[11.5756128,47.5171429],[11.5724166,47.5145064],[11.568776,47.5136127],[11.5620859,47.5140608],[11.5529003,47.5122577],[11.5517996,47.5133805],[11.5503361,47.5128614],[11.5449899,47.5118307],[11.5413265,47.5100072],[11.5396959,47.5095301],[11.5386218,47.5095669],[11.53791,47.5097737],[11.5360895,47.509193],[11.5337173,47.5088714],[11.5322445,47.5089859],[11.5318105,47.5091889],[11.5303306,47.5090993],[11.5285603,47.509434],[11.5278043,47.5092826],[11.5261646,47.5093105],[11.5242111,47.5098867],[11.5219721,47.5098589],[11.5186116,47.5110024],[11.5125354,47.5063605],[11.5091852,47.5061653],[11.5056645,47.5047271],[11.5022465,47.5067702],[11.4996279,47.5071301],[11.4990692,47.5073404],[11.4974541,47.5074208],[11.496304,47.5072553],[11.4943528,47.5074158],[11.493306,47.5069875],[11.4912649,47.5066931],[11.4894772,47.5070775],[11.4882584,47.5077847],[11.487603,47.5090036],[11.4855193,47.5087993],[11.4811733,47.5092709],[11.4744902,47.5086787],[11.4677731,47.5088582],[11.4664299,47.5084458],[11.4655002,47.5083974],[11.4639355,47.5088151],[11.4628929,47.5088826],[11.4612805,47.5086098],[11.460565,47.5083217],[11.4597615,47.508671],[11.4593629,47.5090739],[11.4586645,47.5089477],[11.4582697,47.5086007],[11.4574575,47.5083952],[11.4568879,47.5084669],[11.4566638,47.508708],[11.4559183,47.5089679],[11.4554787,47.5086838],[11.4541959,47.5087035],[11.4535211,47.5084254],[11.4520868,47.508173],[11.452047,47.5080278],[11.4511979,47.5076304],[11.4493318,47.5072432],[11.4485822,47.508641],[11.4484899,47.5091422],[11.4480947,47.5095338],[11.4479037,47.5103965],[11.4459415,47.5113271],[11.4454902,47.5119364],[11.445079,47.5122065],[11.4447874,47.5127418],[11.4442973,47.5129799],[11.4440387,47.5137685],[11.4431591,47.5142248],[11.4427446,47.5154225],[11.4421964,47.5157823],[11.4421384,47.5160056],[11.442389,47.516734],[11.4421091,47.5170549],[11.44209,47.517917],[11.4403022,47.5166678],[11.4393466,47.5164876],[11.4381427,47.5157344],[11.4372032,47.5159638],[11.4331652,47.5138859],[11.4327517,47.5135023],[11.4326517,47.5128984],[11.4319085,47.5124239],[11.4315419,47.5119366],[11.4306902,47.5115263],[11.4304474,47.5109792],[11.4293339,47.510389],[11.4287751,47.5103372],[11.4273483,47.5092443],[11.4264344,47.5087894],[11.4256138,47.5088023],[11.4253158,47.5085567],[11.4251721,47.5078548],[11.4232051,47.5071303],[11.4230002,47.5067575],[11.4218866,47.5063237],[11.4216849,47.5059167],[11.4219434,47.5050183],[11.420971,47.5045612],[11.4205505,47.5034947],[11.4189375,47.5032886],[11.4181392,47.5027453],[11.418132,47.5024644],[11.4166252,47.5022682],[11.4166396,47.5019597],[11.4162334,47.501638],[11.4163504,47.5013166],[11.4162288,47.500791],[11.4146389,47.4997794],[11.4139116,47.4996221],[11.4130615,47.4988685],[11.4130172,47.4984729],[11.4123425,47.497822],[11.4123976,47.4975419],[11.4119401,47.4967091],[11.4115797,47.4954804],[11.411151,47.4951104],[11.4107869,47.4951943],[11.4098125,47.4949744],[11.4090801,47.4940312],[11.4090511,47.4937543],[11.4085734,47.4936208],[11.4085117,47.4919996],[11.4079039,47.4913215],[11.4079683,47.490938],[11.4076083,47.4908459],[11.4075816,47.4905883],[11.4062544,47.490403],[11.4060385,47.4897663],[11.4054147,47.4896353],[11.4048445,47.4889268],[11.4042191,47.4888883],[11.4035124,47.4884768],[11.4029009,47.4884484],[11.4026862,47.4878423],[11.4013486,47.4877873],[11.4009808,47.4872722],[11.4005152,47.4872415],[11.3993058,47.4867674],[11.3984746,47.4860355],[11.3988149,47.4856227],[11.3988257,47.4848772],[11.3980014,47.4841761],[11.3969751,47.4842461],[11.3956207,47.4839561],[11.3955773,47.4837189],[11.3962216,47.4832823],[11.395078,47.4822419],[11.3939462,47.4820953],[11.3934478,47.4822197],[11.3933604,47.4824711],[11.3929069,47.4825327],[11.3916126,47.482456],[11.3908127,47.4821578],[11.3907077,47.482012],[11.3912068,47.4813989],[11.390072,47.4810353],[11.389394,47.4805815],[11.3889133,47.4793944],[11.3878321,47.4789074],[11.3872127,47.4781954],[11.3867477,47.4779626],[11.3869419,47.4772819],[11.3865376,47.4770876],[11.3861838,47.4766045],[11.3854838,47.4764328],[11.3850446,47.4760011],[11.3850252,47.4755732],[11.3852969,47.4751627],[11.384904,47.474649],[11.3851007,47.4740879],[11.3841107,47.4731315],[11.3841501,47.4728577],[11.3838429,47.4723745],[11.3838487,47.4721589],[11.3840965,47.4719282],[11.3853688,47.4712828],[11.3856057,47.4707392],[11.3865172,47.4697004],[11.3873651,47.469372],[11.3874303,47.4691203],[11.3885411,47.4687565],[11.3886332,47.4685838],[11.3884225,47.4683435],[11.3887099,47.4678838],[11.389504,47.4674682],[11.3896464,47.467127],[11.3899958,47.4669484],[11.3922739,47.466525],[11.3931177,47.4666108],[11.3942017,47.4661428],[11.3945952,47.4663128],[11.3961713,47.4662383],[11.3967892,47.4664522],[11.3969425,47.4667104],[11.3974109,47.4669209],[11.3988808,47.4673247],[11.3998299,47.4671604],[11.4009723,47.4672829],[11.4041087,47.4671574],[11.4043854,47.4672659],[11.4064619,47.4666995],[11.4094382,47.4667359],[11.4093435,47.4661315],[11.4081688,47.4651749],[11.4083332,47.4643377],[11.4099273,47.4633788],[11.4105953,47.4626627],[11.4105725,47.4615896],[11.4110481,47.4607333],[11.4111662,47.4600741],[11.4118792,47.4591992],[11.4120556,47.4585237],[11.4126112,47.4578378],[11.4123732,47.4573415],[11.4120564,47.4572158],[11.4120597,47.4569857],[11.4118276,47.4568207],[11.411816,47.4562356],[11.4121722,47.4555558],[11.4133405,47.4546534],[11.421433,47.4448563],[11.4211303,47.4447275],[11.4211938,47.4445915],[11.4203305,47.4443793],[11.4194001,47.4450915],[11.4186224,47.444979],[11.4174681,47.445573],[11.4172023,47.4460394],[11.4167914,47.4463611],[11.4154242,47.4470178],[11.412769,47.4466641],[11.4119446,47.4468049],[11.4112837,47.4465115],[11.4097109,47.4469371],[11.4087446,47.4469932],[11.4074327,47.445851],[11.4054609,47.4466156],[11.4049758,47.4470191],[11.4043755,47.4470213],[11.4036212,47.4476721],[11.4023542,47.4480784],[11.4002547,47.4476181],[11.397494,47.4473778],[11.3958128,47.4477927],[11.3954613,47.4476258],[11.3945601,47.44766],[11.3944464,47.4474027],[11.3940741,47.4474867],[11.393816,47.4472604],[11.3922139,47.447227],[11.3887599,47.4465161],[11.3884445,47.4465351],[11.3875164,47.4471293],[11.3874426,47.4475056],[11.3870376,47.4479862],[11.3850316,47.4486128],[11.3843292,47.4485395],[11.3821334,47.4488178],[11.380577,47.4487973],[11.3769449,47.4491734],[11.3754806,47.4491518],[11.3751707,47.4487817],[11.3741973,47.4483794],[11.3739798,47.4480644],[11.3735773,47.4479256],[11.372777,47.4469398],[11.3726295,47.4465444],[11.3718085,47.446245],[11.3711221,47.4454217],[11.3688545,47.4454204],[11.3670855,47.4450789],[11.365298,47.4450262],[11.3645376,47.4448188],[11.3642781,47.4449216],[11.3635459,47.445769],[11.3625911,47.4462051],[11.3622543,47.4468212],[11.3574294,47.4487571],[11.3556162,47.4484271],[11.3545647,47.4480337],[11.3531766,47.4479113],[11.3520352,47.4480083],[11.3515738,47.4476782],[11.3504672,47.447695],[11.350073,47.4475129],[11.3499727,47.4476787],[11.3488718,47.448144],[11.348374,47.4486504],[11.3480448,47.4487666],[11.3474821,47.4486843],[11.346171,47.4490026],[11.3444617,47.4496707],[11.3429144,47.4497196],[11.3422472,47.4495551],[11.3413497,47.4497088],[11.340277,47.4495622],[11.3394088,47.4498663],[11.3386129,47.4499229],[11.3365691,47.4489932],[11.3361021,47.4486286],[11.3361175,47.4483234],[11.3353536,47.4478677],[11.3351495,47.4474776],[11.3345045,47.4473134],[11.3340897,47.4470131],[11.3338233,47.4463698],[11.3330064,47.4458566],[11.3323995,47.4449578],[11.3312651,47.4446175],[11.3309462,47.4440478],[11.3310232,47.4434753],[11.3306627,47.4431758],[11.3306609,47.4425962],[11.3303405,47.4424167],[11.3301707,47.4419957],[11.3304162,47.4416789],[11.3302306,47.4412208],[11.3306545,47.441137],[11.3305404,47.4408547],[11.330722,47.4404194],[11.330585,47.4401262],[11.3310807,47.4398885],[11.3312896,47.439033],[11.3305899,47.4388578],[11.3296715,47.4380969],[11.3285972,47.4380666],[11.3265726,47.4375052],[11.3253864,47.4374445],[11.3250546,47.4372512],[11.3232828,47.4376435],[11.3223858,47.4376257],[11.3218843,47.4374403],[11.3212636,47.4377249],[11.3211473,47.4375176],[11.3213042,47.4366962],[11.3198078,47.4355332],[11.3198555,47.4352986],[11.3195428,47.4345481],[11.3191825,47.4342447],[11.3189063,47.4342122],[11.3177038,47.4324673],[11.3155333,47.4317526],[11.3142425,47.4308998],[11.3117767,47.430497],[11.3110363,47.4301537],[11.3101454,47.4304341],[11.3079431,47.4301447],[11.3059555,47.4300892],[11.3045554,47.4305792],[11.3029479,47.430881],[11.3009277,47.4305279],[11.3004305,47.4307867],[11.2996213,47.4307657],[11.2990748,47.4305051],[11.299166,47.4302266],[11.2988606,47.4300016],[11.2987038,47.4295927],[11.2982507,47.429313],[11.2977216,47.4285043],[11.2953752,47.4277145],[11.2944756,47.4278203],[11.2936493,47.4277151],[11.2930443,47.4279651],[11.2910304,47.4270797],[11.2908965,47.4262647],[11.2910009,47.426028],[11.2908545,47.4257471],[11.2910854,47.4251311],[11.2910199,47.4245171],[11.2907806,47.4235486],[11.2903782,47.4229847],[11.2904966,47.4227836],[11.2902425,47.4221218],[11.2911665,47.4219422],[11.2911837,47.4216584],[11.2920215,47.4212512],[11.2923094,47.4205964],[11.2931687,47.4195494],[11.2932679,47.4191276],[11.2922662,47.4182375],[11.2926369,47.4177621],[11.2929661,47.4168945],[11.2930554,47.4159075],[11.2928414,47.4154975],[11.2916837,47.414501],[11.291157,47.4138392],[11.2910702,47.4134439],[11.2913001,47.412997],[11.2907056,47.4119277],[11.2902199,47.4114817],[11.290057,47.4072642],[11.2882158,47.4066196],[11.287886,47.406038],[11.2872676,47.4056113],[11.2872891,47.4053636],[11.2861751,47.4043536],[11.2848593,47.4027229],[11.2836482,47.4020165],[11.2823899,47.4015879],[11.2811384,47.4006155],[11.280492,47.4005049],[11.2800649,47.4007731],[11.2796421,47.4004354],[11.2784311,47.3999117],[11.2768947,47.3997275],[11.2726013,47.3979745],[11.2713394,47.397819],[11.2702483,47.3979098],[11.2698847,47.3975653],[11.2676093,47.3977593],[11.2628683,47.3993551],[11.2594804,47.3982038],[11.2567709,47.3983243],[11.2548987,47.3987268],[11.2431051,47.3980812],[11.2415328,47.3983148],[11.239786,47.3980855],[11.2369269,47.3981011],[11.2328028,47.39763],[11.2306304,47.3959976],[11.2283116,47.3951076],[11.2249594,47.3952524],[11.2223096,47.397349],[11.2232677,47.3979716],[11.2228629,47.3982494],[11.2230038,47.3985852],[11.2228564,47.3987598],[11.2235938,47.399906],[11.2240265,47.4015382],[11.2251709,47.4021577],[11.2263789,47.4024551],[11.2264115,47.4028621],[11.227744,47.4032559],[11.2279497,47.4034524],[11.2280885,47.4041996],[11.228288,47.4044471],[11.2288697,47.4048304],[11.2301737,47.4051417],[11.2307144,47.4056486],[11.2305227,47.4061026],[11.230815,47.4064766],[11.2304962,47.4072218],[11.2306631,47.4075402],[11.2312407,47.4079549],[11.2317332,47.4080963],[11.2320257,47.4086757],[11.2323636,47.4089268],[11.2319496,47.4095036],[11.2323735,47.4100553],[11.2323549,47.4107696],[11.2328358,47.4111209],[11.2333875,47.4111361],[11.2343557,47.4118719],[11.2343216,47.4122459],[11.2347173,47.4130234],[11.2354457,47.4132623],[11.2397332,47.4156755],[11.2403488,47.4195505],[11.2442684,47.421041],[11.2451952,47.4224729],[11.2482552,47.4247874],[11.2530956,47.4273143],[11.2536029,47.4276991],[11.2534161,47.4282377],[11.2521403,47.4294044],[11.2508484,47.4315963],[11.2503815,47.4317024],[11.2499874,47.4323321],[11.2489708,47.4325754],[11.2479766,47.4323214],[11.2452179,47.4322037],[11.2442004,47.4324707],[11.2436532,47.4319862],[11.243152,47.4319544],[11.2422965,47.4322805],[11.2403171,47.4315493],[11.2390022,47.432334],[11.2366632,47.432322],[11.2256389,47.4309092],[11.2217093,47.4314571],[11.2213137,47.4305061],[11.2205073,47.4305585],[11.2186606,47.4314585],[11.2120572,47.4328826],[11.2097399,47.4330163],[11.207721,47.4333907],[11.2069902,47.4339396],[11.2054901,47.4338935],[11.1989912,47.4278723],[11.198392,47.4276344],[11.1974965,47.4274852],[11.1966248,47.4275989],[11.1960434,47.4273871],[11.193279,47.4271802],[11.1928058,47.4273798],[11.1921113,47.4272656],[11.1915326,47.426949],[11.1905064,47.426895],[11.1888064,47.4270976],[11.1861182,47.4266223],[11.1843925,47.4266216],[11.1834874,47.4264538],[11.1827089,47.426565],[11.1818971,47.4263219],[11.1800302,47.4263842],[11.1793509,47.426019],[11.1774318,47.4254963],[11.1772784,47.4250791],[11.1764254,47.4240969],[11.1740537,47.4237778],[11.172661,47.4232896],[11.1715534,47.4232833],[11.169186,47.4224755],[11.1671681,47.4224298],[11.1656988,47.4221113],[11.1630193,47.4219625],[11.1607352,47.4215389],[11.1580288,47.4216002],[11.1571883,47.4212622],[11.1559917,47.4211551],[11.1554089,47.4209981],[11.1540654,47.420235],[11.1523032,47.4198852],[11.1515391,47.4193097],[11.1511309,47.4192974],[11.1510838,47.4190824],[11.150954,47.4192961],[11.1503667,47.4192429],[11.1499228,47.4190119],[11.1498768,47.4187207],[11.1491099,47.4184308],[11.148657,47.4178485],[11.1476386,47.4175139],[11.1471582,47.417104],[11.1453168,47.4164728],[11.1446848,47.4159383],[11.1428951,47.4156983],[11.1423761,47.4154441],[11.1415085,47.414787],[11.1415221,47.4144488],[11.1410105,47.4141137],[11.1391876,47.4137266],[11.1384283,47.4133545],[11.1377277,47.4134155],[11.1370487,47.4130002],[11.1364325,47.4129294],[11.1361192,47.4127154],[11.1343844,47.4126828],[11.133498,47.4124603],[11.1328478,47.4125991],[11.1317165,47.4122915],[11.1307197,47.4126715],[11.1293808,47.4126677],[11.1283448,47.4121385],[11.1280711,47.4121964],[11.1265456,47.4107224],[11.1265424,47.4099632],[11.125961,47.4096898],[11.1256865,47.4091206],[11.124179,47.4083746],[11.1235708,47.4071801],[11.1225528,47.4063541],[11.1229782,47.4061807],[11.1229916,47.4057261],[11.1225629,47.4050458],[11.1226446,47.4039401],[11.1219758,47.4033133],[11.1223045,47.4029871],[11.122462,47.4025221],[11.1229178,47.4021836],[11.1230365,47.4012015],[11.123214,47.4009293],[11.1231264,47.4006813],[11.1240582,47.4005325],[11.1242314,47.4003035],[11.1238288,47.3996333],[11.122572,47.3988088],[11.122212,47.3981631],[11.1206332,47.3976849],[11.119474,47.3969356],[11.1180943,47.3968112],[11.1160775,47.395895],[11.1156044,47.3958733],[11.1154408,47.3955987],[11.114824,47.3954556],[11.1114903,47.3958647],[11.1110585,47.3957221],[11.1099455,47.3957235],[11.109142,47.3954879],[11.1074455,47.3954846],[11.1073673,47.3952785],[11.107084,47.3952391],[11.1045186,47.3956542],[11.1035897,47.3955357],[11.1022765,47.3948046],[11.1002707,47.3942824],[11.0959826,47.395094],[11.0942053,47.3959282],[11.091554,47.3954415],[11.0902467,47.3957118],[11.0896473,47.395642],[11.0868847,47.3959076],[11.0863997,47.3958053],[11.0845533,47.396061],[11.0834906,47.3957983],[11.0819932,47.3960382],[11.0812221,47.3958123],[11.0781902,47.3956514],[11.0778388,47.3958662],[11.0772135,47.3957844],[11.0768916,47.3960158],[11.0756729,47.3962165],[11.0748212,47.3959641],[11.0714663,47.3960149],[11.0692142,47.3955619],[11.0666217,47.3957124],[11.0662623,47.3956011],[11.0648874,47.395985],[11.0615533,47.3965466],[11.0596028,47.395986],[11.0589651,47.3953909],[11.0583769,47.3953588],[11.0559252,47.3958821],[11.0547925,47.3958483],[11.0534001,47.3961121],[11.0517518,47.3949514],[11.0507319,47.3948097],[11.0486024,47.3939066],[11.0464842,47.394072],[11.0456597,47.3945601],[11.0443822,47.3945226],[11.0436725,47.3947904],[11.0430909,47.3948102],[11.0423372,47.3950552],[11.0419852,47.3953776],[11.0403547,47.396198],[11.0391544,47.3962732],[11.0382091,47.3965894],[11.0368107,47.3963316],[11.0355169,47.3954098],[11.0353129,47.3951107],[11.0344307,47.3947802],[11.033234,47.3939073],[11.03139,47.3933482],[11.0295147,47.3936406],[11.028455,47.393369],[11.0265522,47.3947097],[11.0259522,47.3957351],[11.0252776,47.3961897],[11.0251347,47.3964479],[11.0242747,47.3969398],[11.0237382,47.3968602],[11.0231808,47.3970782],[11.022706,47.3969126],[11.0213311,47.3968422],[11.0211602,47.3966798],[11.0205129,47.3965869],[11.0191996,47.3965533],[11.0179955,47.3968953],[11.01637,47.3963496],[11.0159451,47.396027],[11.0149026,47.395915],[11.0130435,47.3953847],[11.0127146,47.3954678],[11.0111754,47.3948805],[11.0096016,47.3947417],[11.0092861,47.3944806],[11.0087293,47.3944019],[11.0079092,47.3945567],[11.00603,47.3941362],[11.0049719,47.3941292],[11.0035428,47.3943298],[11.0024077,47.3947846],[11.0012152,47.3945301],[11.0004366,47.3948214],[10.9995624,47.394878],[10.9985871,47.3947727],[10.9970917,47.3949107],[10.9966743,47.3946964],[10.9956737,47.3950451],[10.9939673,47.395345],[10.9933245,47.3957283],[10.9926594,47.3964414],[10.9904006,47.3958504],[10.9882942,47.3956618],[10.9869178,47.39621],[10.9839541,47.3965652],[10.9829586,47.3969717],[10.9795552,47.3969636],[10.9775274,47.3977983],[10.9772022,47.3981366],[10.9753287,47.3983567],[10.9745317,47.3988732],[10.9733893,47.3990286],[10.9727212,47.3993913],[10.9718964,47.3995575],[10.9714032,47.3998949],[10.9704256,47.4002012],[10.9704573,47.4007199],[10.9702566,47.4011603],[10.9706526,47.4015203],[10.9708224,47.4023736],[10.970744,47.4026421],[10.9701589,47.403146],[10.9700911,47.403777],[10.9696958,47.4039697],[10.9699745,47.4044054],[10.9696909,47.4053174],[10.9702029,47.4057459],[10.9707396,47.4067484],[10.9711117,47.4084619],[10.9702287,47.4090046],[10.9695231,47.4109193],[10.968792,47.4118666],[10.9692435,47.4126177],[10.9698487,47.4129448],[10.970013,47.4138377],[10.970425,47.4145197],[10.970877,47.4163399],[10.9716929,47.4172673],[10.9723368,47.4175997],[10.9729219,47.4176937],[10.9733932,47.4176054],[10.9760301,47.4179124],[10.9768903,47.4178419],[10.9804486,47.4183487],[10.9812955,47.4187096],[10.982726,47.4196581],[10.9829862,47.4198735],[10.982936,47.4201101],[10.9842044,47.4205594],[10.9846583,47.4210258],[10.9836122,47.4300177],[10.9729277,47.4378726],[10.9606674,47.4484788],[10.9581723,47.4515472],[10.9511433,47.456321],[10.9412954,47.4614304],[10.9395752,47.46252],[10.9356954,47.4659499],[10.9349018,47.4668601],[10.934051,47.4674014],[10.9326157,47.4679377],[10.9295387,47.4702317],[10.9281071,47.4719238],[10.9288081,47.473178],[10.9316715,47.4748683],[10.9384622,47.4799665],[10.9371742,47.4811371],[10.9360352,47.4819325],[10.9343493,47.4827218],[10.9326836,47.482892],[10.9289625,47.4822591],[10.9253533,47.4825353],[10.9203894,47.4835566],[10.9182651,47.4842761],[10.9161068,47.4841474],[10.9149874,47.484724],[10.9131519,47.4847644],[10.9122156,47.4852669],[10.9112241,47.485285],[10.9099244,47.4855481],[10.9088484,47.4851215],[10.9061745,47.4849961],[10.9054071,47.4847617],[10.9045626,47.4847397],[10.9035716,47.4840639],[10.9026557,47.484092],[10.9017357,47.4837248],[10.9000957,47.483445],[10.8990833,47.4837328],[10.8988634,47.4836527],[10.8988277,47.4832915],[10.8986517,47.4832191],[10.8968382,47.4831077],[10.8958092,47.4833378],[10.8951549,47.4828697],[10.8933936,47.4824045],[10.8921535,47.4811434],[10.8912481,47.4810038],[10.8899568,47.4813086],[10.8879527,47.4808444],[10.8871121,47.4808118],[10.8861507,47.4797807],[10.8848099,47.4793493],[10.8826647,47.4796257],[10.8814595,47.479178],[10.8802717,47.4795713],[10.8784872,47.4793633],[10.87659,47.4804775],[10.875515,47.480249],[10.8744802,47.4803881],[10.8741309,47.4805766],[10.873713,47.4811827],[10.8727073,47.4817033],[10.8720642,47.4818315],[10.8712648,47.4816319],[10.8708311,47.4824747],[10.8700396,47.483255],[10.8699282,47.4835789],[10.8700369,47.4839714],[10.8695105,47.4844033],[10.8696057,47.4852497],[10.869419,47.4856274],[10.8696385,47.4862426],[10.8693855,47.4867347],[10.869723,47.4874228],[10.8695266,47.4880005],[10.8701474,47.4894854],[10.8708842,47.4903586],[10.8711042,47.4908881],[10.8709074,47.4914],[10.8714159,47.491897],[10.8714253,47.4924898],[10.8717725,47.4927768],[10.8717779,47.4931197],[10.8715513,47.4940364],[10.8712445,47.4941385],[10.870956,47.4945086],[10.8714894,47.4951074],[10.871459,47.4961598],[10.8708369,47.4965288],[10.8708055,47.4968838],[10.8703778,47.4971058],[10.8701014,47.4976539],[10.8702635,47.4978925],[10.8700552,47.4982856],[10.8702945,47.4991193],[10.8706602,47.4993356],[10.8711266,47.4991938],[10.8714984,47.4993202],[10.8719636,47.4999538],[10.8719887,47.5003627],[10.8734136,47.5007168],[10.8758132,47.5024872],[10.8769112,47.5031099],[10.8780366,47.5032616],[10.8800203,47.5040137],[10.8802861,47.5039266],[10.8809188,47.5041101],[10.8820267,47.5039699],[10.8822195,47.5042735],[10.8838462,47.5046683],[10.885331,47.5053295],[10.8860614,47.5052392],[10.8868725,47.5057537],[10.8872833,47.5056864],[10.8877612,47.5058729],[10.8893298,47.5068445],[10.8905307,47.5071875],[10.8908218,47.5075829],[10.8922696,47.5075558],[10.8926931,47.5077895],[10.893461,47.5076486],[10.8942609,47.5078495],[10.8977287,47.5081156],[10.8987428,47.5085924],[10.9014091,47.5091986],[10.9017891,47.509443],[10.9021381,47.5093877],[10.9039198,47.5097702],[10.9045159,47.5101721],[10.9049487,47.5107003],[10.9054161,47.5108982],[10.9084157,47.5115904],[10.9102165,47.5117256],[10.9140153,47.5126365],[10.9156602,47.5128469],[10.918007,47.5136312],[10.9173678,47.5147199],[10.9172856,47.5153387],[10.9176335,47.5160552],[10.9185975,47.5173359],[10.9182368,47.517482],[10.9181039,47.517846],[10.9168341,47.5187045],[10.9162587,47.5189198],[10.9162079,47.5191911],[10.9158416,47.5193689],[10.9144527,47.5191507],[10.9130236,47.5191798],[10.9105693,47.5183631],[10.9055145,47.5174765],[10.9044473,47.5180449],[10.904155,47.5183583],[10.9038556,47.5194635],[10.9031568,47.5202053],[10.9019799,47.5205163],[10.9017273,47.5207571],[10.9009027,47.5210562],[10.900329,47.5220056],[10.8998089,47.5220223],[10.8996566,47.5221882],[10.8992485,47.5228448],[10.8991563,47.523396],[10.8979764,47.5247099],[10.8973929,47.5257506],[10.8963777,47.5267929],[10.8961854,47.527161],[10.8961926,47.5277011],[10.895745,47.52787],[10.895612,47.5281745],[10.8950635,47.5282988],[10.8941519,47.528865],[10.8931896,47.5297731],[10.8926869,47.530491],[10.8926839,47.5316654],[10.8913763,47.5338419],[10.8907447,47.536338],[10.890311,47.5373142],[10.889586,47.5371147],[10.8861562,47.5368197],[10.8860635,47.5366873],[10.8669186,47.5357475],[10.8664073,47.5348033],[10.862118,47.5339992],[10.8609399,47.5344694],[10.8588219,47.5345906],[10.8573434,47.5341158],[10.8556104,47.5341341],[10.854713,47.5344356],[10.8544983,47.534684],[10.853562,47.5346673],[10.8530735,47.533377],[10.8484803,47.5302265],[10.8466646,47.530034],[10.8429307,47.5277675],[10.8413477,47.5281853],[10.8399842,47.5277489],[10.8385263,47.5254472],[10.8379001,47.5261027],[10.8371705,47.5264443],[10.8368253,47.5268819],[10.8344054,47.5281175],[10.8316544,47.5283659],[10.82807,47.5284649],[10.8272775,47.5281435],[10.8254446,47.5281262],[10.824432,47.5276176],[10.8219454,47.5272543],[10.8189297,47.526254],[10.8163509,47.5260558],[10.8130268,47.5263646],[10.8118144,47.5257077],[10.8117971,47.5253565],[10.8113677,47.5250237],[10.8110676,47.5243217],[10.8112352,47.5233062],[10.8116074,47.5226993],[10.8116185,47.5222102],[10.812028,47.5213041],[10.8121058,47.520562],[10.8125381,47.5202903],[10.8126224,47.5200321],[10.8110639,47.5200151],[10.8105396,47.519712],[10.8096937,47.5196573],[10.8078155,47.5201613],[10.8066932,47.5206461],[10.8054811,47.5201703],[10.8044321,47.5200541],[10.8028925,47.520146],[10.8013335,47.5206181],[10.7986326,47.5201554],[10.7966431,47.5205284],[10.7954152,47.521195],[10.7867226,47.5166381],[10.786374,47.5167244],[10.7862162,47.5171184],[10.7856165,47.5173882],[10.7853301,47.5177958],[10.7845085,47.5177554],[10.7831411,47.517274],[10.7827116,47.5170196],[10.7822383,47.5163107],[10.777508,47.5139211],[10.7764126,47.5156782],[10.7757551,47.5158872],[10.7726423,47.5156537],[10.7668454,47.5187581],[10.7654876,47.5189247],[10.7645242,47.5194245],[10.7637598,47.5195919],[10.7627938,47.52074],[10.7623104,47.5218657],[10.7623862,47.5222853],[10.7621865,47.5227115],[10.7628302,47.5236955],[10.7646093,47.5248972],[10.7641274,47.5255679],[10.763548,47.5268595],[10.763958,47.5282841],[10.7627558,47.529188],[10.761928,47.5302627],[10.7614655,47.5305003],[10.7612874,47.5313375],[10.7605531,47.5315295],[10.7610779,47.5319774],[10.7599028,47.532644],[10.7592923,47.533611],[10.7587824,47.533914],[10.7586615,47.534298],[10.7584504,47.5342453],[10.7585038,47.5344939],[10.757075,47.534803],[10.7564937,47.5350788],[10.7552993,47.5350058],[10.7547803,47.5351864],[10.7537761,47.5350169],[10.753731,47.5351986],[10.7539874,47.5355187],[10.7539128,47.5358457],[10.7530205,47.5360681],[10.7528048,47.536377],[10.7521238,47.5365703],[10.7510481,47.537277],[10.7493795,47.5373178],[10.7486802,47.5371708],[10.7477797,47.5372634],[10.7469669,47.537566],[10.746289,47.5372418],[10.7460745,47.5373733],[10.7434738,47.5375735],[10.742441,47.5381259],[10.7411843,47.5383445],[10.740936,47.5385804],[10.7377913,47.5387717],[10.7363698,47.5386963],[10.7349495,47.5378006],[10.7343504,47.5379788],[10.7333037,47.5386299],[10.73153,47.53819],[10.7302977,47.5389119],[10.7259674,47.5378813],[10.7242949,47.5376256],[10.7191705,47.5382308],[10.7183807,47.538138],[10.7182006,47.5384317],[10.7160551,47.5398338],[10.7155842,47.5405587],[10.712978,47.5412682],[10.7118687,47.5425079],[10.7113927,47.5428381],[10.7108988,47.5431292],[10.7089737,47.5437178],[10.7049595,47.544062],[10.7001738,47.543574],[10.6987992,47.5436774],[10.6968431,47.5444263],[10.6945958,47.5447809],[10.6939147,47.5471531],[10.691584,47.551556],[10.6902266,47.5553646],[10.6924026,47.5560098],[10.6919585,47.5572027],[10.6910027,47.5587703],[10.6857456,47.5574055],[10.6835408,47.5566562],[10.6814326,47.5566851],[10.6780074,47.5562275],[10.6770161,47.5587712],[10.6765632,47.559003],[10.6708371,47.5588178],[10.6659798,47.5589765],[10.6642785,47.5584004],[10.6603812,47.5593981],[10.6583799,47.5589227],[10.6563246,47.5593508],[10.6539224,47.5591204],[10.6519138,47.558739],[10.6451582,47.5590516],[10.641884,47.5594134],[10.6372046,47.5591259],[10.6362963,47.5589042],[10.6347529,47.559044],[10.6276104,47.5608475],[10.6266524,47.5608156],[10.6260938,47.5610121],[10.6259146,47.5613198],[10.6260881,47.5629565],[10.624252,47.564306],[10.6231873,47.5646346],[10.6223005,47.5655482],[10.6190545,47.5668703],[10.6181503,47.566936],[10.6146036,47.5666618],[10.6142747,47.566014],[10.6133093,47.5654564],[10.6120774,47.5654545],[10.6103053,47.56587],[10.608131,47.5658021],[10.6069575,47.5662247],[10.6064828,47.5665528],[10.6052394,47.5666791],[10.6047587,47.5672289],[10.6031857,47.5681866],[10.602463,47.5683541],[10.6014706,47.5682991],[10.6010688,47.5681039],[10.6004798,47.5682002],[10.6001687,47.5685149],[10.5979477,47.5697413],[10.5964997,47.5681961],[10.595798,47.567109],[10.595749,47.5655902],[10.5959083,47.5649107],[10.5932277,47.5636163],[10.5898528,47.5598248],[10.5887915,47.5592698],[10.5878244,47.5590492],[10.5873143,47.5587003],[10.5854522,47.5583109],[10.5843195,47.5575274],[10.5826678,47.5570405],[10.5823241,47.5562329],[10.5818897,47.5558036],[10.5808429,47.5558385],[10.5803298,47.5556614],[10.5801827,47.5552255],[10.5797594,47.5547366],[10.5798297,47.55394],[10.5794589,47.5536737],[10.5793036,47.5532447],[10.5799256,47.5520758],[10.5805178,47.5517135],[10.5807266,47.5511251],[10.5814171,47.5507772],[10.5815797,47.5504865],[10.582347,47.550178],[10.5817954,47.5479661],[10.5795043,47.5434496],[10.5785109,47.54247],[10.5778694,47.5413768],[10.5773554,47.5400563],[10.5766849,47.5392583],[10.5757064,47.5372829],[10.5733588,47.5340164],[10.5729847,47.5337474],[10.5715802,47.5336761],[10.5711058,47.5334723],[10.5709585,47.5337311],[10.570593,47.5338626],[10.5697902,47.5335506],[10.5695174,47.5336386],[10.5693858,47.5338714],[10.5679611,47.5336761],[10.5671327,47.5339275],[10.5653331,47.5338383],[10.5639853,47.5341059],[10.5630463,47.5346592],[10.5628016,47.5363176],[10.5608861,47.5363749],[10.5598772,47.5362397],[10.5599323,47.5365125],[10.559246,47.5366925],[10.558885,47.5373323],[10.5365231,47.536609],[10.5245223,47.535167],[10.4889121,47.540403],[10.4723343,47.5511101],[10.4604899,47.5526228],[10.45444,47.5557964]]],[[[10.45444,47.5557964],[10.4553049,47.5559096],[10.4559109,47.5565086],[10.4560981,47.5572038],[10.4565721,47.5578063],[10.4565971,47.5583806],[10.4572816,47.5591901],[10.4576104,47.5592358],[10.4582045,47.5598305],[10.4592639,47.5603032],[10.4595377,47.5609295],[10.4615905,47.562696],[10.4627398,47.5630633],[10.4635124,47.5636653],[10.4657001,47.5657835],[10.4662977,47.5664757],[10.4666635,47.5672529],[10.4672048,47.5675832],[10.4672359,47.56776],[10.4680835,47.5679785],[10.4683812,47.5683163],[10.4688371,47.5684256],[10.4698391,47.5696618],[10.4707583,47.5701102],[10.4716668,47.5702325],[10.4723877,47.5700047],[10.4731526,47.5700777],[10.4730086,47.570381],[10.4732814,47.5705101],[10.47334,47.5711131],[10.4729832,47.5715182],[10.4730692,47.5717212],[10.4727882,47.5718803],[10.4724863,47.5724031],[10.4726775,47.5728434],[10.4725578,47.5733736],[10.4721095,47.573632],[10.471967,47.5743359],[10.4712486,47.5753259],[10.471326,47.5756785],[10.4710779,47.5762583],[10.4708228,47.5764579],[10.4707308,47.5770196],[10.4705323,47.5771366],[10.4704141,47.5779566],[10.4707128,47.5797253],[10.4731395,47.5793503],[10.4778654,47.580293],[10.479112,47.5806788],[10.4820072,47.584485],[10.4791846,47.5843703],[10.478697,47.5845388],[10.4770795,47.5845267],[10.4742398,47.5849573],[10.4726799,47.5846508],[10.4724254,47.5848241],[10.4721703,47.5854095],[10.4723901,47.5869399],[10.470223,47.5869695],[10.4696663,47.5871297],[10.4682385,47.5869415],[10.4669486,47.5863828],[10.4643179,47.5857246],[10.4622322,47.5857087],[10.4613751,47.5852329],[10.4606004,47.5842879],[10.4593963,47.583663],[10.4579356,47.5831385],[10.4558123,47.582656],[10.4505078,47.5832787],[10.4499901,47.5834561],[10.4496201,47.5839134],[10.4491718,47.5840695],[10.445326,47.5839582],[10.4427077,47.5835162],[10.4415387,47.5838523],[10.4408237,47.5834769],[10.4402765,47.5839648],[10.4392931,47.5839838],[10.4387483,47.5842244],[10.4378936,47.5840599],[10.4370007,47.5841962],[10.4366027,47.5839328],[10.4360125,47.5838887],[10.4356241,47.583598],[10.4348988,47.5835904],[10.4347067,47.5832963],[10.4347626,47.5831106],[10.4341662,47.5826344],[10.4341803,47.5823426],[10.433658,47.5821964],[10.4329415,47.5815748],[10.4330254,47.5812077],[10.4336911,47.5808598],[10.4343783,47.5807498],[10.4347141,47.5802561],[10.4351123,47.5799984],[10.4353961,47.5794039],[10.434778,47.5791025],[10.4340296,47.5792193],[10.432735,47.5789238],[10.4319495,47.5782761],[10.4311335,47.5781261],[10.4305808,47.5777323],[10.4300138,47.5779274],[10.428999,47.5776114],[10.4296341,47.5770804],[10.4297256,47.5767532],[10.4315579,47.575576],[10.4316026,47.5747763],[10.4335774,47.5727561],[10.4335787,47.5725408],[10.4333563,47.572426],[10.4320914,47.572526],[10.4318945,47.5723625],[10.4321035,47.5716445],[10.432914,47.5706194],[10.4331329,47.5695363],[10.4348498,47.5695125],[10.4350344,47.5693268],[10.4350049,47.5685635],[10.4353428,47.5679701],[10.4357039,47.5678034],[10.4360637,47.5678609],[10.4362763,47.5676915],[10.4373158,47.5677904],[10.4383682,47.5675802],[10.4387097,47.5673512],[10.4404223,47.5674921],[10.4416086,47.5673689],[10.4428911,47.5675221],[10.443642,47.5671934],[10.445211,47.5672392],[10.4453228,47.5666909],[10.4458399,47.5658465],[10.4460174,47.564731],[10.4470791,47.5630534],[10.4474656,47.5619631],[10.4480677,47.5611697],[10.4486962,47.5597307],[10.4491287,47.5592509],[10.4492205,47.5585398],[10.4498859,47.5573075],[10.4498356,47.5569909],[10.4500011,47.5568892],[10.4498314,47.5561783],[10.4501979,47.5559062],[10.4502075,47.5553621],[10.4504747,47.5551519],[10.4508286,47.5551392],[10.4512427,47.5546582],[10.4530568,47.5553392],[10.4537957,47.5554116],[10.45444,47.5557964]]],[[[12.1211839,47.0060669],[12.1212724,47.005763],[12.121727,47.0055341],[12.1221651,47.0049874],[12.1221778,47.0046783],[12.1227234,47.0042324],[12.1234783,47.0040016],[12.1236683,47.0037291],[12.1241319,47.0035451],[12.1246062,47.002889],[12.1251256,47.0025285],[12.1250611,47.0020581],[12.1254756,47.001814],[12.1258443,47.0007888],[12.1265636,47.0000014],[12.1266749,46.9989093],[12.1264054,46.9982725],[12.1263528,46.9976597],[12.1259076,46.9971475],[12.126652,46.9965308],[12.1287076,46.9953518],[12.1294194,46.9946355],[12.130119,46.9935563],[12.1306545,46.993233],[12.1299185,46.9927691],[12.1298955,46.9924774],[12.1292859,46.9925922],[12.129198,46.9924461],[12.1285764,46.9923489],[12.1300452,46.9881326],[12.1296267,46.9880525],[12.128925,46.9874102],[12.1281229,46.9862325],[12.1281888,46.9859496],[12.1277032,46.9857928],[12.1275175,46.9855167],[12.1281356,46.9850359],[12.1321041,46.9846627],[12.1334108,46.9833184],[12.133178,46.9829634],[12.1347218,46.9830019],[12.1361269,46.982752],[12.1364598,46.983049],[12.1378116,46.9829386],[12.1379472,46.9825529],[12.1377559,46.9822217],[12.1382048,46.9819881],[12.1381998,46.9807433],[12.1380409,46.9807487],[12.137987,46.9801016],[12.1381839,46.979888],[12.137355,46.9795438],[12.1367665,46.9759395],[12.1359755,46.9752789],[12.1368262,46.9746962],[12.1370603,46.9735871],[12.1364671,46.9734493],[12.1363396,46.9731726],[12.135559,46.972635],[12.1360158,46.9709902],[12.1356424,46.9701338],[12.1358456,46.9699312],[12.135786,46.9690602],[12.1363021,46.9684035],[12.1364461,46.9674586],[12.1367761,46.9670796],[12.1368052,46.966777],[12.1364582,46.9660307],[12.1365995,46.9654959],[12.1362153,46.9649344],[12.1356253,46.9646231],[12.1339488,46.9644097],[12.1321592,46.9644203],[12.1311325,46.9641136],[12.1314528,46.9631138],[12.1319284,46.9623229],[12.1332223,46.9615627],[12.1346405,46.9611304],[12.1353744,46.9603413],[12.1357232,46.9601705],[12.1361832,46.9588859],[12.1365486,46.9586248],[12.1374331,46.9570705],[12.1380002,46.9565051],[12.1392167,46.9565525],[12.1396162,46.9561496],[12.1399782,46.9560831],[12.1407739,46.9562779],[12.1411492,46.9559981],[12.1426865,46.9555658],[12.1429836,46.9556156],[12.1436089,46.9551098],[12.1448282,46.9546764],[12.1456841,46.9540821],[12.1462408,46.953953],[12.1476749,46.9531787],[12.1500687,46.9532804],[12.1513449,46.9529564],[12.152261,46.9526105],[12.1542727,46.9510545],[12.1576701,46.950834],[12.1582249,46.9505335],[12.1586654,46.9498456],[12.159664,46.9491248],[12.1599297,46.9485865],[12.1606921,46.948066],[12.1613761,46.9465054],[12.1613633,46.9461642],[12.1624506,46.9442873],[12.1631453,46.9437245],[12.165017,46.9427393],[12.1652837,46.941826],[12.1656355,46.9414158],[12.1660082,46.9412734],[12.166036,46.9405184],[12.1664966,46.9399917],[12.1666868,46.9394889],[12.1683658,46.9382878],[12.1686892,46.9373018],[12.1685563,46.9368112],[12.1679949,46.9363899],[12.1677908,46.9360433],[12.1680162,46.9356369],[12.1680442,46.9346576],[12.1675785,46.9336871],[12.1678374,46.9332567],[12.1667982,46.9324769],[12.1663273,46.9325391],[12.1658215,46.9321369],[12.1644978,46.9316551],[12.1632283,46.9306008],[12.1612417,46.9296029],[12.1609429,46.9287028],[12.1586181,46.9262851],[12.1576937,46.9239699],[12.1570009,46.9230686],[12.1561318,46.9224295],[12.155239,46.9214426],[12.1549746,46.9205951],[12.1545194,46.9200008],[12.1544204,46.9196107],[12.1534534,46.9184049],[12.1527863,46.9170917],[12.1514579,46.9164652],[12.1509393,46.9159978],[12.1495049,46.9155449],[12.1492377,46.9155554],[12.1488787,46.9159528],[12.1470813,46.9156911],[12.146688,46.9154462],[12.1458812,46.9152947],[12.1450993,46.914426],[12.1438199,46.9137844],[12.159718,46.9090936],[12.1599636,46.9088679],[12.1607347,46.907271],[12.1615395,46.9069256],[12.1626374,46.906929],[12.1659691,46.9083965],[12.1666932,46.909109],[12.1676321,46.9092364],[12.1679098,46.9095162],[12.1697405,46.9101393],[12.1701625,46.9099914],[12.1707307,46.9092145],[12.1712751,46.9089593],[12.1718594,46.9089641],[12.173321,46.9084781],[12.1745605,46.9083652],[12.175617,46.9073845],[12.1767011,46.906756],[12.1782647,46.9074377],[12.1784714,46.9076597],[12.1805877,46.9080011],[12.1821959,46.9075961],[12.1827753,46.9072712],[12.1840713,46.9071537],[12.1849481,46.9066299],[12.186406,46.906332],[12.1874378,46.9064642],[12.1903574,46.9061184],[12.1905802,46.9053034],[12.1903735,46.9045915],[12.1906309,46.9042466],[12.1911702,46.9039287],[12.1911136,46.9027778],[12.1936588,46.9034324],[12.1940042,46.903671],[12.1945031,46.9033126],[12.1951735,46.9023215],[12.1942753,46.9009872],[12.1944214,46.9004424],[12.1953328,46.9001689],[12.1952308,46.8997331],[12.1962947,46.8996495],[12.196798,46.8993071],[12.1966597,46.899252],[12.1973669,46.8989727],[12.198955,46.897192],[12.1995985,46.8960962],[12.1995079,46.8955879],[12.1991692,46.8954579],[12.1978728,46.8942382],[12.1969323,46.8929278],[12.1988796,46.8915414],[12.1998716,46.8912166],[12.2002476,46.8909202],[12.2002003,46.890354],[12.2007632,46.8903669],[12.2011457,46.8900051],[12.2009031,46.8898161],[12.2009128,46.889582],[12.201457,46.8894664],[12.2014964,46.8893156],[12.2011377,46.8890717],[12.2011,46.8888254],[12.2002343,46.8888872],[12.1993536,46.8885904],[12.1994174,46.8879141],[12.1997003,46.8877274],[12.1995887,46.8873761],[12.2008377,46.8873144],[12.2011063,46.8870454],[12.2031201,46.886921],[12.203235,46.8865978],[12.2028995,46.8861777],[12.2035721,46.8849993],[12.2046044,46.8839049],[12.206136,46.8823462],[12.2072899,46.881793],[12.2083796,46.879984],[12.2094867,46.8791631],[12.2108585,46.8777784],[12.2116182,46.8772912],[12.2125411,46.8770312],[12.2138068,46.8760771],[12.2145245,46.8757326],[12.2152936,46.8745996],[12.2154215,46.8740059],[12.2166571,46.8740999],[12.2181418,46.8737545],[12.2185163,46.8739552],[12.2194261,46.875637],[12.2193758,46.8760445],[12.2199271,46.8768959],[12.2200598,46.8774712],[12.2203667,46.8777949],[12.2203943,46.8782583],[12.2208655,46.8784467],[12.2210287,46.8791695],[12.2217402,46.8794642],[12.2221237,46.879855],[12.2226463,46.8798589],[12.2233049,46.8793855],[12.2248581,46.8788147],[12.2271059,46.8788566],[12.2278654,46.8786312],[12.2295747,46.8795789],[12.2323823,46.880685],[12.2328075,46.8811424],[12.2336389,46.8830747],[12.2349187,46.8833502],[12.2360232,46.8843582],[12.2365609,46.885392],[12.2365388,46.8857026],[12.2360619,46.8864268],[12.2360503,46.8873956],[12.2357817,46.8876266],[12.2359925,46.8883772],[12.235925,46.8887129],[12.2375698,46.8893581],[12.2386016,46.8892513],[12.2394682,46.8893999],[12.2416696,46.8907938],[12.2421653,46.8908784],[12.2431407,46.8906662],[12.2435104,46.8900582],[12.2441486,46.8897233],[12.2442825,46.8893858],[12.2450158,46.8888103],[12.2462504,46.8887704],[12.2482255,46.8890444],[12.2510614,46.8880863],[12.2530013,46.8886282],[12.2548423,46.8882162],[12.2550186,46.8880329],[12.2569051,46.8881668],[12.2571219,46.8879129],[12.2590844,46.8872059],[12.2597038,46.8871415],[12.2601916,46.8866709],[12.2605401,46.8866432],[12.2616835,46.8870017],[12.2620804,46.8873514],[12.2629367,46.8868345],[12.2638405,46.8867631],[12.264287,46.8871726],[12.2646452,46.8872853],[12.2657087,46.8872306],[12.2661576,46.8874353],[12.2666905,46.887232],[12.2682317,46.8861649],[12.2687742,46.886036],[12.2694261,46.8856194],[12.2716339,46.8852119],[12.2736261,46.8844458],[12.2739019,46.8842249],[12.2744102,46.8827347],[12.2752282,46.8816302],[12.2752951,46.8812687],[12.276365,46.8808612],[12.2774837,46.8800947],[12.2777356,46.8795048],[12.2782238,46.8790776],[12.2776764,46.877539],[12.2770556,46.8769652],[12.2770043,46.8765732],[12.2765171,46.876309],[12.2759641,46.8755901],[12.2759599,46.8752841],[12.2754968,46.8745669],[12.2754083,46.8737883],[12.2757135,46.8734237],[12.2758895,46.8726803],[12.2763032,46.8722882],[12.2772425,46.8719609],[12.2777567,46.8719739],[12.2785908,46.8713875],[12.2790595,46.8713771],[12.2798669,46.8707676],[12.2801706,46.8707639],[12.2801326,46.8698187],[12.2809255,46.8691469],[12.281665,46.8688286],[12.2826934,46.8686896],[12.2836975,46.8681081],[12.2850229,46.8677442],[12.2867145,46.8680403],[12.2893458,46.8666382],[12.2906556,46.8653891],[12.2918557,46.865197],[12.2918248,46.8644976],[12.2911936,46.8644356],[12.290799,46.8640623],[12.2902458,46.8642051],[12.2900094,46.8632167],[12.2902813,46.8629315],[12.2900441,46.8627815],[12.2901518,46.8625785],[12.2900233,46.8624521],[12.2906875,46.8616126],[12.2908885,46.8615589],[12.2910482,46.8603973],[12.2908806,46.8597189],[12.2904523,46.8594191],[12.2906645,46.8592585],[12.2905411,46.859059],[12.2906297,46.8588354],[12.2897857,46.8582979],[12.2896293,46.8580266],[12.2897818,46.8575883],[12.289574,46.857272],[12.289651,46.8570952],[12.2892688,46.8569939],[12.2898745,46.8564966],[12.2897657,46.8562743],[12.2899764,46.8561529],[12.2900897,46.8556458],[12.2906993,46.8547879],[12.291045,46.8546865],[12.2915968,46.854095],[12.2913003,46.8535342],[12.2910355,46.8521582],[12.2918538,46.8511241],[12.2920376,46.8497927],[12.2927786,46.8498258],[12.2941402,46.8495494],[12.2946971,46.8492698],[12.2947478,46.8489509],[12.2954613,46.8482574],[12.2967137,46.8477263],[12.2967176,46.8473658],[12.2959243,46.8468268],[12.2958406,46.8464526],[12.2955672,46.846164],[12.2954481,46.8451139],[12.2957759,46.8444926],[12.2956384,46.8437635],[12.2959584,46.8434851],[12.3000302,46.8431981],[12.3008157,46.8429957],[12.3031814,46.8430607],[12.3050162,46.8425297],[12.30647,46.84188],[12.3067706,46.8411436],[12.3060424,46.8395797],[12.3047851,46.8380856],[12.3055094,46.8367205],[12.3053753,46.8350298],[12.3059614,46.8340586],[12.3059077,46.8332417],[12.3030111,46.8317707],[12.3024176,46.8313017],[12.3016111,46.8306345],[12.3012842,46.830079],[12.3009878,46.8299339],[12.3001769,46.8289356],[12.29881,46.8280068],[12.2986053,46.827451],[12.2975883,46.8272013],[12.2969695,46.8268184],[12.2956697,46.8263579],[12.2952129,46.8255137],[12.2930832,46.8244856],[12.2924824,46.8234524],[12.2909261,46.8224666],[12.2904458,46.8222533],[12.2891928,46.8220823],[12.2888071,46.8218619],[12.2884913,46.8212144],[12.2882246,46.8210423],[12.2881461,46.8200508],[12.2877604,46.8191876],[12.287081,46.81858],[12.2865197,46.8183652],[12.2848302,46.8171738],[12.2841241,46.8165021],[12.2841891,46.8160591],[12.2829344,46.8149423],[12.2840761,46.8141123],[12.2850636,46.8129919],[12.2852692,46.8126205],[12.2852545,46.8122758],[12.2858728,46.8119042],[12.2863607,46.8113034],[12.2870902,46.810902],[12.287663,46.8098346],[12.2883265,46.8092186],[12.2887356,46.8090646],[12.289165,46.8084271],[12.2889862,46.8076383],[12.2891034,46.8074364],[12.288941,46.8070713],[12.2891627,46.8067393],[12.2892106,46.8058377],[12.2902265,46.8043461],[12.2911398,46.8035452],[12.2910901,46.8033895],[12.2915337,46.8032351],[12.2922643,46.8026388],[12.2916929,46.8017355],[12.2905395,46.8012083],[12.2902512,46.8009095],[12.2892902,46.8005863],[12.2888142,46.8007433],[12.2876702,46.8006259],[12.287562,46.8002488],[12.2876909,46.8000863],[12.2874311,46.7995085],[12.2875517,46.7988462],[12.2874033,46.7982937],[12.2876929,46.7975356],[12.2881632,46.7969064],[12.2879737,46.7962586],[12.2880113,46.7957284],[12.2877011,46.7949687],[12.2867068,46.7943859],[12.2849652,46.7940958],[12.28383,46.7936716],[12.2829852,46.7938258],[12.2823039,46.7936419],[12.2815156,46.7932228],[12.2813496,46.7923601],[12.2802601,46.7919228],[12.2807161,46.7917724],[12.2807681,46.7914511],[12.2806576,46.7911943],[12.2807654,46.7901253],[12.2804484,46.7897903],[12.2804899,46.7895761],[12.2815022,46.7878546],[12.2820186,46.7873122],[12.2825208,46.7871364],[12.2828583,46.7866714],[12.2826211,46.7862272],[12.2827286,46.7858393],[12.2829926,46.7855164],[12.282968,46.7850594],[12.2837815,46.7843434],[12.2835431,46.7838958],[12.2839149,46.7835741],[12.2837079,46.7834676],[12.2839422,46.7829307],[12.2848662,46.7827032],[12.2872834,46.7829577],[12.2895192,46.783527],[12.2903821,46.783269],[12.2925163,46.7834945],[12.2929731,46.7837049],[12.2934745,46.7835826],[12.2936153,46.7833446],[12.2958022,46.7840846],[12.2977297,46.7844137],[12.2997902,46.7841368],[12.3006557,46.7837425],[12.3008521,46.7834624],[12.301134,46.7834509],[12.3014403,46.783198],[12.3015676,46.782747],[12.3013207,46.7826695],[12.3041411,46.7828893],[12.3062286,46.7832205],[12.3068528,46.78428],[12.309219,46.7849669],[12.3121156,46.7842502],[12.3128147,46.7838723],[12.3137456,46.7839323],[12.3152988,46.7835337],[12.3167496,46.7834026],[12.3189469,46.7827036],[12.3199411,46.7828056],[12.3211263,46.7826076],[12.3217292,46.7822002],[12.3230305,46.7819218],[12.3247986,46.781968],[12.3255768,46.7816772],[12.3264659,46.7816582],[12.3277173,46.780738],[12.3284362,46.7806889],[12.3295545,46.7803231],[12.3300079,46.7799037],[12.3310523,46.7793773],[12.3326873,46.7790887],[12.336058,46.7791479],[12.3373577,46.7788655],[12.3373476,46.7786467],[12.3377769,46.7784307],[12.3406009,46.7776272],[12.340796,46.7773316],[12.3411466,46.7771758],[12.3412301,46.7768806],[12.3417871,46.7767011],[12.341699,46.7766067],[12.3419682,46.7763609],[12.3426083,46.7761444],[12.3440943,46.7762272],[12.3441242,46.7764039],[12.3443362,46.7764801],[12.3456181,46.7765063],[12.3471732,46.7768766],[12.3487826,46.7768001],[12.3494259,46.7766171],[12.3514184,46.7770419],[12.352363,46.7758755],[12.3530437,46.7755007],[12.3544529,46.7750487],[12.3574389,46.774972],[12.3575994,46.774541],[12.3583316,46.774054],[12.3586138,46.7740789],[12.3591075,46.7733341],[12.3589063,46.7731597],[12.3592722,46.7723883],[12.359013,46.7720372],[12.3587986,46.7708488],[12.3583749,46.7703136],[12.3580417,46.7694292],[12.3592034,46.7676908],[12.3595217,46.7649472],[12.3606514,46.7623458],[12.3615805,46.7613467],[12.3616377,46.760705],[12.3620817,46.7603206],[12.363479,46.7581254],[12.3642566,46.7574299],[12.3641499,46.7569373],[12.364679,46.7558668],[12.3645578,46.7555961],[12.3651981,46.7546349],[12.365967,46.7540673],[12.366289,46.7533782],[12.3664194,46.7525247],[12.3666087,46.7522223],[12.3665487,46.7518577],[12.3668397,46.751146],[12.366556,46.7501225],[12.366893,46.7491872],[12.3669828,46.7482291],[12.3673472,46.7473971],[12.3669477,46.7467126],[12.3681525,46.7457394],[12.3685189,46.74526],[12.3687059,46.7444648],[12.3683977,46.7425325],[12.3691652,46.7403941],[12.3700459,46.7405858],[12.3701217,46.7403566],[12.3712585,46.7403406],[12.3715867,46.7387919],[12.3722088,46.7369621],[12.3724343,46.7355497],[12.3728741,46.7346417],[12.3729725,46.7340444],[12.3734637,46.7333084],[12.3733817,46.732874],[12.3736955,46.7327512],[12.3743666,46.7319964],[12.3752918,46.7320256],[12.375744,46.7324433],[12.3778074,46.7265533],[12.3778285,46.7250581],[12.3775997,46.7245587],[12.3776288,46.7223057],[12.3783899,46.7216637],[12.3790996,46.7204504],[12.3798594,46.7200606],[12.3840655,46.7163391],[12.3850157,46.7162999],[12.3867386,46.7165919],[12.3881378,46.7155711],[12.3872847,46.7151019],[12.3873576,46.7149734],[12.3879916,46.7149601],[12.3897524,46.7142916],[12.3910481,46.713367],[12.3938512,46.7124959],[12.3944118,46.7118669],[12.3945036,46.7114778],[12.3951399,46.7111482],[12.3993253,46.7101836],[12.4009195,46.7090426],[12.4007243,46.7081283],[12.4020942,46.7071185],[12.402723,46.7069396],[12.4031806,46.7070719],[12.4044441,46.7063116],[12.4057822,46.7061067],[12.4073422,46.7054818],[12.4081305,46.7058248],[12.4093926,46.7059172],[12.4100493,46.7061723],[12.4100516,46.7055357],[12.4105887,46.704484],[12.4104133,46.7039432],[12.4110067,46.70292],[12.4115273,46.7025104],[12.4124959,46.7022579],[12.4135676,46.7016576],[12.4138411,46.7008309],[12.4167414,46.7000984],[12.4173674,46.6997823],[12.4185408,46.6996668],[12.4191602,46.69931],[12.4228689,46.6997509],[12.423992,46.6996183],[12.4246718,46.699748],[12.4262502,46.6995025],[12.4275697,46.698907],[12.4279226,46.6985471],[12.4278233,46.6983884],[12.4281581,46.6969946],[12.4280066,46.6969579],[12.4281237,46.6965135],[12.4277459,46.6956158],[12.4279429,46.6953602],[12.4278591,46.6951842],[12.4285554,46.6946268],[12.4305554,46.6945756],[12.4328163,46.6937387],[12.4341562,46.6934637],[12.4366603,46.6921376],[12.4393408,46.6898919],[12.4409367,46.6895006],[12.4426169,46.6884515],[12.4430337,46.6884129],[12.4445509,46.6896001],[12.4461485,46.6901976],[12.4482065,46.6895961],[12.4508891,46.6898251],[12.4532655,46.6896003],[12.453597,46.689374],[12.4546094,46.6880057],[12.4562498,46.6881037],[12.4595064,46.6874725],[12.4603607,46.6874466],[12.4626249,46.686559],[12.4650679,46.6866359],[12.4655135,46.6865315],[12.4659185,46.6869307],[12.4668285,46.6870509],[12.4673213,46.6873065],[12.4688977,46.6872892],[12.4690062,46.6873999],[12.4694964,46.6871135],[12.4710739,46.6866924],[12.4737623,46.6867737],[12.4743292,46.6865923],[12.4760483,46.6855939],[12.4761924,46.6850887],[12.4764993,46.6847822],[12.4765116,46.6839513],[12.4775376,46.6828304],[12.4773269,46.6815727],[12.4777321,46.6808195],[12.4776035,46.6807195],[12.4779288,46.6798433],[12.4784849,46.6793338],[12.4794912,46.6779474],[12.480062,46.6776585],[12.4799037,46.6772584],[12.4816784,46.6769871],[12.4821167,46.6771148],[12.4841065,46.6769862],[12.4861766,46.6773235],[12.486826,46.6772071],[12.4875205,46.6773004],[12.4906341,46.6766637],[12.4911607,46.6770357],[12.4925571,46.6769336],[12.4929959,46.6774258],[12.4941601,46.6774138],[12.4958268,46.6769381],[12.4962061,46.6772744],[12.4966737,46.6773916],[12.4967125,46.6779606],[12.497087,46.6779981],[12.4971548,46.6783195],[12.4993105,46.6777736],[12.5002655,46.6784952],[12.500503,46.6791247],[12.5014623,46.6800595],[12.5015423,46.6804342],[12.5018444,46.6806045],[12.5032641,46.680528],[12.5052927,46.6797018],[12.5061627,46.6778059],[12.5086981,46.6777584],[12.5094836,46.67794],[12.5123219,46.6780883],[12.5129538,46.6783038],[12.5150182,46.6782824],[12.5153944,46.6786397],[12.5164551,46.6784535],[12.5167085,46.6780258],[12.5173499,46.6778326],[12.517576,46.6773698],[12.5185204,46.6769296],[12.5190158,46.6767677],[12.519675,46.6770219],[12.5202073,46.6770186],[12.5220873,46.6761755],[12.5230759,46.6754981],[12.5235882,46.6753945],[12.5241388,46.675531],[12.5243259,46.6752677],[12.5247183,46.6752447],[12.5251788,46.6749797],[12.525738,46.6750129],[12.528182,46.6741114],[12.5287229,46.6737183],[12.5287079,46.6731128],[12.5285191,46.671931],[12.5279735,46.671496],[12.5285993,46.670778],[12.5286691,46.6700882],[12.5295894,46.6699304],[12.5310747,46.6688633],[12.5331568,46.6678224],[12.5342536,46.6678307],[12.5366402,46.6674365],[12.5388658,46.6656134],[12.5391979,46.6650489],[12.5398837,46.6646702],[12.5401995,46.6641853],[12.541521,46.6638017],[12.5416142,46.6635934],[12.5430121,46.6629122],[12.5433939,46.6624252],[12.5439713,46.6625173],[12.5441553,46.6620794],[12.5462215,46.6604652],[12.5466116,46.6598123],[12.5471876,46.6592632],[12.5477516,46.6592506],[12.5480529,46.6589834],[12.5486518,46.6588088],[12.5498851,46.6587349],[12.5508995,46.6588913],[12.5537668,46.6579613],[12.5552325,46.6577737],[12.5560323,46.6578313],[12.5566406,46.6576262],[12.5572992,46.6576657],[12.5589292,46.6574022],[12.5586347,46.6572565],[12.5587803,46.6558531],[12.5596023,46.6546958],[12.5595201,46.6540654],[12.5598089,46.6536439],[12.5598067,46.6532666],[12.5605075,46.653068],[12.5612642,46.6525155],[12.5618639,46.6526501],[12.5619825,46.6524848],[12.5639231,46.6522643],[12.5648423,46.651823],[12.5669009,46.6515572],[12.5680504,46.6515934],[12.5690379,46.6513702],[12.5695658,46.6515649],[12.5700754,46.6514606],[12.5706235,46.6517538],[12.5707814,46.6521825],[12.5711651,46.6524313],[12.5711359,46.6529154],[12.5720677,46.6534619],[12.5743947,46.6544115],[12.5749173,46.6547895],[12.5751947,46.6555276],[12.5757441,46.6559105],[12.5764939,46.6558226],[12.5764077,46.6563464],[12.5769795,46.6563171],[12.5782106,46.6565907],[12.578361,46.6568281],[12.579206,46.6564274],[12.5795351,46.6565337],[12.5796642,46.6563431],[12.5799252,46.6564182],[12.5808237,46.656222],[12.5827505,46.6564259],[12.5830898,46.6567548],[12.584213,46.6564797],[12.5844453,46.6566083],[12.5854833,46.6565716],[12.5860137,46.6563738],[12.5877429,46.6564448],[12.588468,46.6566697],[12.5897738,46.6565184],[12.591189,46.6567363],[12.5925312,46.6566501],[12.5948863,46.6568105],[12.5966845,46.65647],[12.6001045,46.6565139],[12.6004069,46.6563543],[12.6015085,46.656494],[12.6027328,46.6560975],[12.6036307,46.6561442],[12.6047569,46.6566714],[12.6066021,46.6570995],[12.6080642,46.6577256],[12.6083085,46.6579664],[12.609958,46.6578162],[12.6122788,46.6580666],[12.6128606,46.6582753],[12.6135366,46.658622],[12.6135495,46.6588635],[12.613761,46.6590351],[12.6164881,46.66017],[12.6182324,46.6616398],[12.6192191,46.6618737],[12.6206212,46.6617325],[12.6221903,46.6612726],[12.6234305,46.6613162],[12.6239268,46.6615896],[12.625093,46.6617135],[12.6263798,46.6612153],[12.6270994,46.6611564],[12.627972,46.6607383],[12.6291016,46.661152],[12.6302167,46.661172],[12.6310439,46.6613938],[12.6317846,46.6605038],[12.6317992,46.65996],[12.6320385,46.6594637],[12.6318983,46.6589453],[12.6321147,46.6579537],[12.6320582,46.6569714],[12.6323678,46.6563825],[12.6336331,46.6549951],[12.6349433,46.6545254],[12.6355596,46.6540616],[12.6365809,46.6538945],[12.6368805,46.6536688],[12.6386317,46.6534212],[12.6390376,46.6536136],[12.639876,46.6536049],[12.6406719,46.6526247],[12.6417216,46.651999],[12.6421345,46.6521822],[12.6435177,46.6523251],[12.6445078,46.6528337],[12.6461523,46.6528347],[12.6479188,46.6531106],[12.6485513,46.65297],[12.6491648,46.6532079],[12.6499785,46.6529891],[12.6505508,46.6530573],[12.6509905,46.6533688],[12.6511957,46.6538907],[12.6518276,46.6540741],[12.6520472,46.6546243],[12.6524014,46.6545618],[12.6539127,46.6556691],[12.6556906,46.6556004],[12.6578937,46.6572592],[12.6595787,46.6572783],[12.6604022,46.6569564],[12.6629134,46.6575848],[12.6639704,46.6575808],[12.6654889,46.6578661],[12.6672511,46.6574802],[12.6677107,46.6576663],[12.6684895,46.6576279],[12.66869,46.6574238],[12.6694933,46.6572631],[12.6706424,46.6573992],[12.6714539,46.6573048],[12.673407,46.6575527],[12.6749085,46.6573508],[12.6757497,46.6575968],[12.6765657,46.6571866],[12.6775065,46.6570788],[12.6784755,46.6565247],[12.6799771,46.6566354],[12.682047,46.6559094],[12.6839985,46.6562542],[12.684521,46.6562164],[12.6854065,46.6564508],[12.685417,46.6566815],[12.6856137,46.6568286],[12.6864467,46.6570072],[12.6906419,46.656976],[12.6914977,46.6646658],[12.689256,46.6717026],[12.687824,46.6730088],[12.6890402,46.6730439],[12.690099,46.6748627],[12.6837366,46.6800316],[12.685232,46.6800553],[12.6860797,46.680703],[12.6871252,46.6809229],[12.6877508,46.6805465],[12.6869482,46.6822239],[12.6857422,46.6835641],[12.6860129,46.6848498],[12.6866978,46.6862125],[12.6875572,46.6869314],[12.6885998,46.6870846],[12.6888169,46.6870319],[12.6888121,46.68679],[12.6921436,46.6887906],[12.6923559,46.6890634],[12.6925758,46.691202],[12.6927942,46.6914202],[12.6929738,46.6926456],[12.6935695,46.693122],[12.6934067,46.6954857],[12.6936464,46.696015],[12.6935457,46.6970522],[12.6932888,46.6983463],[12.693035,46.6986724],[12.692507,46.7002434],[12.6926774,46.7012695],[12.6924995,46.7016536],[12.6917821,46.7018938],[12.6910398,46.7018686],[12.6902265,46.7022557],[12.6894296,46.7022875],[12.6894565,46.7026751],[12.6900803,46.7032474],[12.690889,46.7034232],[12.6938841,46.7028557],[12.6963268,46.7043557],[12.6977123,46.7043141],[12.6986263,46.7038775],[12.7009318,46.7044435],[12.7015884,46.7044546],[12.7028352,46.7041518],[12.7041211,46.70459],[12.705387,46.7053416],[12.7065943,46.7051591],[12.708374,46.7051887],[12.7098554,46.7045353],[12.7110886,46.7050357],[12.7119147,46.7044872],[12.712379,46.7038813],[12.7127487,46.7037358],[12.7136486,46.703617],[12.7143202,46.7040152],[12.7147165,46.7040175],[12.7163299,46.7032346],[12.7178125,46.703141],[12.7186778,46.7026147],[12.7191289,46.7025254],[12.7203769,46.7026387],[12.7215275,46.7029518],[12.7213299,46.7035924],[12.7209834,46.7038557],[12.7184982,46.7071941],[12.7172351,46.7083687],[12.7162069,46.7087882],[12.7158739,46.7092226],[12.7146699,46.7100837],[12.7142481,46.7107086],[12.7140862,46.7114064],[12.712957,46.7122582],[12.7097491,46.7133125],[12.7094525,46.713576],[12.7093271,46.7140869],[12.7095649,46.7144771],[12.7091231,46.7150518],[12.7095887,46.7156069],[12.7102686,46.7169834],[12.7100306,46.718574],[12.7100894,46.7199223],[12.710726,46.720781],[12.7108041,46.7215107],[12.7114109,46.7219793],[12.7113475,46.7223439],[12.7118603,46.7233869],[12.7116353,46.7242216],[12.7121419,46.7247069],[12.7123587,46.7260308],[12.7128303,46.7268577],[12.7127696,46.727137],[12.7132639,46.72783],[12.7131247,46.7282706],[12.7137756,46.7289253],[12.7143656,46.7310352],[12.7133594,46.7329706],[12.712653,46.7336501],[12.7125774,46.734602],[12.7117322,46.7356583],[12.7128359,46.7367608],[12.714164,46.7372379],[12.7154919,46.7379858],[12.7161356,46.7387735],[12.7167863,46.7391235],[12.7183307,46.7406112],[12.7198121,46.7413766],[12.7233391,46.7423421],[12.7231785,46.7426036],[12.7233643,46.7428784],[12.7249674,46.7434517],[12.7309071,46.7434924],[12.7349564,46.7413091],[12.7384268,46.7410277],[12.7401902,46.742363],[12.7482068,46.7474538],[12.7527288,46.7472898],[12.7571455,46.7502855],[12.7580633,46.7501811],[12.7607074,46.7503119],[12.7664827,46.7495303],[12.777029,46.7520989],[12.7871276,46.7521907],[12.7887255,46.7536194],[12.79103,46.7564517],[12.7941459,46.754563],[12.7961224,46.7554819],[12.7987942,46.7549536],[12.8005228,46.7563884],[12.8016311,46.7566815],[12.8058196,46.7566662],[12.8075551,46.7561575],[12.8099206,46.7562871],[12.8126277,46.7553202],[12.8137557,46.7489586],[12.8167759,46.7501424],[12.8223478,46.7499909],[12.8262772,46.7518527],[12.8285495,46.7504943],[12.8292603,46.749323],[12.8331726,46.7482832],[12.834705,46.7490147],[12.8412353,46.7493396],[12.8568487,46.7601732],[12.8599502,46.7606258],[12.8667996,46.7606216],[12.8726862,46.7620495],[12.876999,46.762693],[12.8787449,46.7634546],[12.8798709,46.7640923],[12.8798433,46.764287],[12.8805004,46.7644187],[12.8813602,46.764972],[12.8827996,46.7666181],[12.8853116,46.7683],[12.8985558,46.775835],[12.8993908,46.7768509],[12.9104554,46.7722808],[12.9117622,46.7714118],[12.9138491,46.7688905],[12.9163467,46.7670673],[12.9212903,46.7652175],[12.9229525,46.7649532],[12.926902,46.7649866],[12.9285678,46.7648005],[12.9314328,46.7640461],[12.9407055,46.7684772],[12.9425137,46.7689845],[12.9432862,46.7690231],[12.9438871,46.7692541],[12.944228,46.7697587],[12.9447886,46.7695035],[12.9457931,46.7708477],[12.9446706,46.7714932],[12.9455799,46.7722997],[12.9466535,46.7726942],[12.9467329,46.7734316],[12.9463489,46.7744602],[12.9460241,46.7748436],[12.9468232,46.7765889],[12.9503308,46.7791011],[12.9511929,46.7803444],[12.9517597,46.7805345],[12.953295,46.7821838],[12.9539716,46.7824518],[12.9549755,46.7819562],[12.9553414,46.7819708],[12.9556872,46.7820483],[12.9561845,46.7825676],[12.9573283,46.78239],[12.9580993,46.7827288],[12.9581718,46.7831387],[12.9595762,46.7832673],[12.9606088,46.7838716],[12.960643,46.7840408],[12.9629606,46.7853026],[12.9639342,46.7853338],[12.9640619,46.7855202],[12.9638846,46.7856633],[12.9657882,46.7876995],[12.9660031,46.789557],[12.9650949,46.7910868],[12.9646861,46.7914701],[12.9651023,46.7934372],[12.964769,46.7966217],[12.9634931,46.7986522],[12.9624416,46.7992475],[12.9587579,46.7997879],[12.956405,46.7998812],[12.9529573,46.8010533],[12.9511308,46.8023962],[12.9462561,46.8046243],[12.9445677,46.8049162],[12.9437913,46.8055744],[12.9432936,46.8056175],[12.9388733,46.80833],[12.9362998,46.8093312],[12.9341158,46.8111913],[12.9317188,46.8121359],[12.9302018,46.8123613],[12.926317,46.8140724],[12.9244364,46.8143025],[12.9188399,46.8188684],[12.9172681,46.8195292],[12.9140838,46.8213531],[12.9077961,46.8223121],[12.9071211,46.8226764],[12.9054713,46.8226332],[12.8978787,46.8245005],[12.8956044,46.8258101],[12.8923501,46.8289706],[12.8920177,46.8297239],[12.8938551,46.8321595],[12.8939353,46.8327829],[12.8921336,46.8341742],[12.8893269,46.8373251],[12.8880332,46.8384265],[12.8877299,46.8384133],[12.8874122,46.8389225],[12.8878215,46.8398468],[12.8869263,46.8412126],[12.886482,46.8425068],[12.8815387,46.8435377],[12.879905,46.8441836],[12.8766159,46.844475],[12.873424,46.8460832],[12.8723813,46.8479296],[12.8717802,46.8485048],[12.8714685,46.8485348],[12.8712795,46.8488283],[12.8680407,46.8498814],[12.8612366,46.8532168],[12.8604312,46.8534525],[12.8523188,46.8570838],[12.8497155,46.858799],[12.8438295,46.859676],[12.8411643,46.8609827],[12.8412504,46.8621718],[12.8411187,46.8624407],[12.8412105,46.8627659],[12.8416668,46.8631396],[12.8422239,46.8645345],[12.8427345,46.8667117],[12.8428778,46.869277],[12.8427671,46.8700251],[12.843634,46.8733599],[12.8433418,46.8748139],[12.843448,46.8757449],[12.8430046,46.8766585],[12.8427206,46.8778626],[12.8421939,46.878832],[12.8419504,46.8798516],[12.8421364,46.8808871],[12.8420073,46.8824916],[12.8421014,46.8831346],[12.8418988,46.8840965],[12.8419997,46.8846644],[12.8413484,46.8870498],[12.8415005,46.8874153],[12.8412609,46.8898617],[12.8419196,46.8929817],[12.8398756,46.8928877],[12.8379059,46.8946339],[12.8366587,46.8953395],[12.8361911,46.8961919],[12.8355881,46.8968217],[12.8319906,46.8997964],[12.8317617,46.9008321],[12.8320706,46.9026828],[12.8323939,46.9031991],[12.8361033,46.9080185],[12.8384308,46.9099714],[12.8377626,46.9114913],[12.8370038,46.9119021],[12.8370622,46.9124933],[12.8309584,46.9151761],[12.8252527,46.9169952],[12.8225126,46.9170282],[12.8218329,46.9168211],[12.82002,46.9207794],[12.8172704,46.9205019],[12.811956,46.9228832],[12.808466,46.9226045],[12.8024121,46.922546],[12.7988286,46.9235678],[12.7893171,46.9288356],[12.7829487,46.931895],[12.7841731,46.9369335],[12.7864143,46.9395651],[12.7801784,46.9400772],[12.7776086,46.9421847],[12.7726492,46.9442092],[12.7696499,46.9447865],[12.7688368,46.9465511],[12.7666335,46.9477869],[12.7624827,46.9510622],[12.7607151,46.953413],[12.7595772,46.9566137],[12.7505508,46.9566631],[12.7445794,46.960525],[12.743975,46.9674622],[12.7421665,46.968591],[12.7410903,46.9689912],[12.7417991,46.9729285],[12.7389751,46.9787884],[12.7363405,46.9828716],[12.7338206,46.9848715],[12.7320914,46.9865921],[12.7294371,46.9888686],[12.7273974,46.991705],[12.7259091,46.9923704],[12.7246429,46.9957888],[12.7293844,46.9974973],[12.7317791,46.9988721],[12.7335609,47.0010951],[12.736239,47.0026776],[12.7374578,47.0038501],[12.7375751,47.0057802],[12.7358628,47.0076275],[12.7361811,47.0104507],[12.7357774,47.0130009],[12.7387146,47.0140592],[12.7403695,47.0144038],[12.7422789,47.014542],[12.7445507,47.0182853],[12.7456189,47.0187548],[12.7465156,47.0199809],[12.7478289,47.0210565],[12.7548889,47.0248646],[12.7541414,47.026328],[12.7544035,47.026724],[12.7561326,47.0335174],[12.7596626,47.0349115],[12.7608049,47.0351644],[12.7664667,47.0371712],[12.7686734,47.0392975],[12.7722815,47.0401529],[12.7659316,47.0444309],[12.7606936,47.0445374],[12.757823,47.0458263],[12.7546397,47.0454896],[12.7539419,47.0448055],[12.7537491,47.0443083],[12.753434,47.044015],[12.751335,47.0431691],[12.7500384,47.0429498],[12.7491053,47.0430695],[12.748165,47.0427298],[12.7473866,47.0429603],[12.7461224,47.042366],[12.7449049,47.0424003],[12.7438921,47.0418999],[12.7432287,47.0419824],[12.7424265,47.0417531],[12.7414333,47.0419963],[12.7386392,47.0422572],[12.7348394,47.0416795],[12.7336,47.0416611],[12.7307983,47.0423847],[12.7280339,47.0424752],[12.7225315,47.0432774],[12.7170631,47.0434904],[12.7167985,47.0437938],[12.7164113,47.0438985],[12.7163653,47.0441623],[12.7145849,47.0447087],[12.7139676,47.0450949],[12.7127865,47.0464463],[12.7122135,47.0466711],[12.7118963,47.0471368],[12.7114781,47.0473887],[12.711117,47.0481719],[12.7105218,47.048436],[12.7101385,47.0497384],[12.7012909,47.0705836],[12.7007227,47.0709366],[12.7000285,47.07171],[12.6998275,47.0728238],[12.6986657,47.0734943],[12.6974219,47.0738636],[12.6960127,47.0737248],[12.6956946,47.0739192],[12.6949712,47.0739422],[12.6944896,47.0741346],[12.6925087,47.0752226],[12.6921424,47.0756077],[12.6921408,47.0760787],[12.6893035,47.07718],[12.6875896,47.0783602],[12.6860255,47.079902],[12.6858983,47.0802746],[12.6860503,47.0808827],[12.6859748,47.0816291],[12.6856996,47.0818975],[12.683725,47.0831891],[12.6826379,47.0831164],[12.6816362,47.0834921],[12.680861,47.084048],[12.6792335,47.0858075],[12.679303,47.0864652],[12.6795066,47.0868318],[12.6798618,47.0870418],[12.678739,47.0872787],[12.6778189,47.0877648],[12.6773503,47.0881572],[12.6773088,47.0887509],[12.6765098,47.0893384],[12.676411,47.0896162],[12.6743661,47.0909509],[12.6708929,47.0909285],[12.6685681,47.0914378],[12.664973,47.0934417],[12.6641562,47.0943287],[12.6620531,47.0953831],[12.6613738,47.0961949],[12.659661,47.0976889],[12.6568369,47.0995206],[12.6543749,47.1002419],[12.6514087,47.1002216],[12.6471687,47.1020972],[12.6452842,47.1022785],[12.6450367,47.1025864],[12.643658,47.1034435],[12.6418683,47.10363],[12.6414487,47.1044503],[12.6394836,47.1051933],[12.6385365,47.1059117],[12.6382278,47.1068078],[12.636317,47.1082579],[12.6356255,47.1092567],[12.6335918,47.1109068],[12.6325273,47.1115671],[12.6313615,47.1119611],[12.6306686,47.1130432],[12.6292509,47.1145624],[12.6288826,47.1155882],[12.6255366,47.1170781],[12.6224935,47.1191198],[12.620176,47.1194538],[12.6190152,47.1203193],[12.616591,47.1214693],[12.6138083,47.1214635],[12.6108634,47.122567],[12.6078417,47.1232146],[12.6037872,47.1236154],[12.5973939,47.125259],[12.594991,47.125349],[12.5922297,47.1248757],[12.5875469,47.1320638],[12.5870661,47.1321629],[12.5860598,47.1319126],[12.5788603,47.1317827],[12.5741827,47.133751],[12.5663644,47.1360258],[12.5621323,47.1346003],[12.559966,47.1334362],[12.552788,47.1276097],[12.5472191,47.1288239],[12.5451506,47.128876],[12.5440724,47.1297143],[12.5279254,47.1376395],[12.5257269,47.1456296],[12.5215652,47.1506218],[12.5120568,47.1515821],[12.4981582,47.1564518],[12.4914712,47.1564009],[12.4835197,47.157844],[12.4817108,47.1513943],[12.4655646,47.1443567],[12.4509495,47.1436979],[12.4346377,47.1504929],[12.4345042,47.1503308],[12.429098,47.1482882],[12.4242639,47.1437812],[12.4234439,47.143658],[12.4226907,47.1432883],[12.4178089,47.1423331],[12.412908,47.1434375],[12.4118899,47.1442561],[12.4068068,47.1470312],[12.3995162,47.1528157],[12.3632609,47.1413935],[12.3586876,47.1167753],[12.3456207,47.1092705],[12.3387281,47.1083006],[12.3313645,47.1080677],[12.3253881,47.1074379],[12.320993,47.1056879],[12.3131168,47.1028943],[12.3104321,47.1004779],[12.3086363,47.0931414],[12.2837771,47.0925558],[12.2741136,47.0836713],[12.2614091,47.0727075],[12.240755,47.0691709],[12.240304,47.0681309],[12.2392225,47.0674552],[12.238851,47.0664443],[12.2368843,47.0652493],[12.2354235,47.0651725],[12.232744,47.0644893],[12.2321524,47.0640051],[12.2293932,47.0629679],[12.2285325,47.062075],[12.2271415,47.0614918],[12.2261484,47.0608307],[12.2240706,47.0606995],[12.2224853,47.060332],[12.2206869,47.0595215],[12.2192824,47.0594109],[12.216569,47.0586865],[12.2166901,47.0582093],[12.2164279,47.0570117],[12.2166234,47.0563574],[12.2157275,47.0556587],[12.2155008,47.0552305],[12.215816,47.0549766],[12.2157033,47.0546092],[12.2158977,47.053311],[12.2157267,47.052933],[12.2159849,47.052362],[12.2162336,47.0523733],[12.2172859,47.0508518],[12.2165366,47.0499864],[12.2169854,47.0486107],[12.2167821,47.048294],[12.2169815,47.0478493],[12.2166096,47.0470584],[12.2161557,47.0465866],[12.216441,47.0461933],[12.216682,47.0450895],[12.2161446,47.0449459],[12.214508,47.0438451],[12.2135731,47.0426693],[12.2124921,47.0421756],[12.2124268,47.041669],[12.2126572,47.0407554],[12.2125204,47.0405208],[12.2129318,47.0397104],[12.2122903,47.0389842],[12.2118153,47.0387102],[12.211828,47.0381886],[12.2116544,47.0380638],[12.2120402,47.0375169],[12.2119129,47.0372544],[12.2113806,47.0363118],[12.2107999,47.0357107],[12.2107896,47.0354552],[12.2092548,47.0346544],[12.2096125,47.0333029],[12.2095752,47.0329004],[12.2084818,47.0316249],[12.207697,47.0315924],[12.207715,47.0313118],[12.2072044,47.0308577],[12.2072021,47.0301932],[12.2069206,47.0295506],[12.2049253,47.0283057],[12.2049542,47.0271632],[12.2047269,47.026883],[12.2042995,47.0267988],[12.2024566,47.0270404],[12.2016939,47.0273232],[12.2005065,47.0272279],[12.1993217,47.0269038],[12.1979159,47.026881],[12.1967779,47.0270571],[12.1956617,47.0268382],[12.1937644,47.0268458],[12.190184,47.0261118],[12.1891435,47.0255945],[12.1855144,47.0252936],[12.183107,47.0252755],[12.1818175,47.0249306],[12.1806329,47.0254659],[12.1802389,47.0254999],[12.1795952,47.0252521],[12.1780348,47.0237674],[12.1773115,47.023493],[12.1764665,47.0233767],[12.173707,47.0237074],[12.1714793,47.0230299],[12.1696693,47.0219625],[12.1690256,47.0217388],[12.1678872,47.0208946],[12.1663775,47.0203977],[12.166473,47.0200665],[12.1661087,47.019663],[12.1650266,47.0190156],[12.1643736,47.0188983],[12.1634778,47.0193415],[12.1612697,47.0199516],[12.159527,47.0213749],[12.1580722,47.0221659],[12.1563926,47.0227006],[12.1555007,47.0226597],[12.1543117,47.0231546],[12.1533404,47.0238532],[12.1505425,47.0238513],[12.1493048,47.024126],[12.1489108,47.0244351],[12.1474215,47.0249027],[12.1467234,47.0243128],[12.1451421,47.0236265],[12.1441799,47.0229869],[12.1429051,47.0226549],[12.1418903,47.0221365],[12.1412132,47.0210237],[12.1402669,47.0200642],[12.1401621,47.0195276],[12.1394621,47.0188074],[12.1370064,47.0178907],[12.1343298,47.0171619],[12.1320678,47.0160662],[12.1311065,47.0160238],[12.1309419,47.0155018],[12.1300361,47.0146005],[12.1280481,47.0141815],[12.1268987,47.013243],[12.1260651,47.0131049],[12.1260047,47.0128351],[12.1256403,47.0125959],[12.1256476,47.0121627],[12.1246455,47.0118187],[12.1245068,47.0114661],[12.1246383,47.0111258],[12.1238556,47.0108995],[12.1239964,47.0104014],[12.1233209,47.0086714],[12.1231678,47.0084346],[12.1222526,47.0079725],[12.1214139,47.0071032],[12.1211839,47.0060669]]]]}}